<?xml version="1.0" encoding="UTF-8"?>
<conversation id="CHT_ARZ_20130510.0001" medium="CHT" donated="true">
  <messages>
    <message id="m0000" time="2013-05-10 12:04:19 UTC" participant="139206">
      <body>nanaaaaaaa</body>
    </message>
    <message id="m0001" time="2013-05-10 12:04:25 UTC" participant="139206">
      <body>el dnia btshtyuuu</body>
    </message>
    <message id="m0002" time="2013-05-10 12:04:27 UTC" participant="139206">
      <body/>
    </message>
    <message id="m0003" time="2013-05-10 12:04:33 UTC" participant="139206">
      <body>ed3oooo</body>
    </message>
    <message id="m0004" time="2013-05-10 12:07:37 UTC" participant="139319">
      <body>Ririii</body>
    </message>
    <message id="m0005" time="2013-05-10 12:07:40 UTC" participant="139319">
      <body>7dr habibtyy</body>
    </message>
    <message id="m0006" time="2013-05-10 12:07:46 UTC" participant="139319">
      <body>Ed3eeely :)))</body>
    </message>
    <message id="m0007" time="2013-05-10 12:23:18 UTC" participant="139206">
      <body/>
    </message>
  </messages>
</conversation>
