<?xml version="1.0" encoding="UTF-8"?>
<conversation id="CHT_ARZ_20121129.0000" medium="CHT" donated="true">
  <messages>
    <message id="m0000" time="2012-11-29 17:19:24 UTC" participant="138112">
      <body>Youssef</body>
    </message>
    <message id="m0001" time="2012-11-29 17:29:19 UTC" participant="138330">
      <body>Yaraa :D</body>
    </message>
    <message id="m0002" time="2012-11-29 17:29:24 UTC" participant="138330">
      <body>3mlaa eh !</body>
    </message>
    <message id="m0003" time="2012-11-29 17:29:47 UTC" participant="138112">
      <body>Ana kwayesa:D enta 3amel eh??</body>
    </message>
    <message id="m0004" time="2012-11-29 17:29:57 UTC" participant="138330">
      <body>2naa el7 kwies</body>
    </message>
    <message id="m0005" time="2012-11-29 17:30:02 UTC" participant="138330">
      <body>Da5la sat</body>
    </message>
    <message id="m0006" time="2012-11-29 17:30:15 UTC" participant="138112">
      <body>La2 enta da5el!</body>
    </message>
    <message id="m0007" time="2012-11-29 17:30:19 UTC" participant="138112">
      <body>?</body>
    </message>
    <message id="m0008" time="2012-11-29 17:30:47 UTC" participant="138112">
      <body>Enta ro7t el madrasa 5ales this week?</body>
    </message>
    <message id="m0009" time="2012-11-29 17:30:51 UTC" participant="138330">
      <body>Yes bas sat2</body>
    </message>
    <message id="m0010" time="2012-11-29 17:30:58 UTC" participant="138330">
      <body>No Monday bas</body>
    </message>
    <message id="m0011" time="2012-11-29 17:31:19 UTC" participant="138112">
      <body>Ana 3ayza ad5ol el sat 2 bas me7taga droos physics</body>
    </message>
    <message id="m0012" time="2012-11-29 17:31:25 UTC" participant="138112">
      <body>A5od feen?</body>
    </message>
    <message id="m0013" time="2012-11-29 17:31:54 UTC" participant="138330">
      <body>2na ba5od ma3 w7ed esmo Ashraf Aziz</body>
    </message>
    <message id="m0014" time="2012-11-29 17:32:02 UTC" participant="138112">
      <body>Feen?</body>
    </message>
    <message id="m0015" time="2012-11-29 17:32:25 UTC" participant="138330">
      <body>Byeegy beet</body>
    </message>
    <message id="m0016" time="2012-11-29 17:33:24 UTC" participant="138112">
      <body>Hat nemreto keda</body>
    </message>
    <message id="m0017" time="2012-11-29 17:33:56 UTC" participant="138330">
      <body>Ok Hwa aslun basically byedy math</body>
    </message>
    <message id="m0018" time="2012-11-29 17:34:21 UTC" participant="138112">
      <body>W el physics?</body>
    </message>
    <message id="m0019" time="2012-11-29 17:34:35 UTC" participant="138330">
      <body>Both</body>
    </message>
    <message id="m0021" time="2012-11-29 17:35:09 UTC" participant="138112">
      <body>W Ana gayba nemretak men Mostafa bey2oli enak hat3mel el physics project lwa7dak?</body>
    </message>
    <message id="m0023" time="2012-11-29 17:35:58 UTC" participant="138330">
      <body>Ahh lsa ha3mlo ba3d sat</body>
    </message>
    <message id="m0024" time="2012-11-29 17:37:23 UTC" participant="138112">
      <body>Ana da5alt 3la Facebook w shoft d</body>
    </message>
    <message id="m0025" time="2012-11-29 17:37:30 UTC" participant="138112">
      <body>&lt;media omitted&gt;</body>
    </message>
    <message id="m0026" time="2012-11-29 17:37:42 UTC" participant="138112">
      <body>W Ana msh fahma 7aga w ma7adsh 2ali 7aga</body>
    </message>
    <message id="m0027" time="2012-11-29 17:38:53 UTC" participant="138330">
      <body>La malleesh d3wa b dah msh enty m3ana</body>
    </message>
    <message id="m0028" time="2012-11-29 17:39:04 UTC" participant="138330">
      <body>Malkeesh*</body>
    </message>
    <message id="m0029" time="2012-11-29 17:39:22 UTC" participant="138112">
      <body>M3ako meen?</body>
    </message>
    <message id="m0030" time="2012-11-29 17:39:30 UTC" participant="138112">
      <body>Ana msh fahma 7aga 5ales haha</body>
    </message>
    <message id="m0031" time="2012-11-29 17:39:42 UTC" participant="138330">
      <body>Enty f 2ny project</body>
    </message>
    <message id="m0032" time="2012-11-29 17:40:02 UTC" participant="138112">
      <body>Mana ba2olak msh 3arfa 7aga 5ales</body>
    </message>
    <message id="m0033" time="2012-11-29 17:40:05 UTC" participant="138112">
      <body>Project eh aslan</body>
    </message>
    <message id="m0034" time="2012-11-29 17:40:50 UTC" participant="138330">
      <body>Tyb fih two groups group kbeer hy3ml car w e7na hn3ml musical tesla coil</body>
    </message>
    <message id="m0035" time="2012-11-29 17:41:06 UTC" participant="138330">
      <body>Lw 3yzaa tefhamy el project bta3na</body>
    </message>
    <message id="m0036" time="2012-11-29 17:41:34 UTC" participant="138330">
      <body>5oshy 3ala YouTube w type pirates of the Caribbean tesla coil</body>
    </message>
    <message id="m0037" time="2012-11-29 17:41:57 UTC" participant="138330">
      <body>Enty 3rfa soundtrack bta3et pirates of the Caribbean sa7</body>
    </message>
    <message id="m0038" time="2012-11-29 17:42:07 UTC" participant="138112">
      <body>Ahhh</body>
    </message>
    <message id="m0039" time="2012-11-29 17:42:29 UTC" participant="138330">
      <body>Hatfhamy lama tetfrgy 3al video</body>
    </message>
    <message id="m0041" time="2012-11-29 17:43:04 UTC" participant="138112">
      <body>Hatfarag and ill call you 3ashan a3raf afham</body>
    </message>
    <message id="m0042" time="2012-11-29 17:43:14 UTC" participant="138330">
      <body>Tyb 5las</body>
    </message>
    <message id="m0043" time="2012-11-29 18:17:37 UTC" participant="138112">
      <body>Bt3mel eh??</body>
    </message>
    <message id="m0044" time="2012-11-29 18:46:07 UTC" participant="138330">
      <body>Bzaker 7ga t2rf</body>
    </message>
    <message id="m0046" time="2012-11-29 18:48:15 UTC" participant="138112">
      <body>Batzaker ehh? 
Ana a3da m3a 5ali watching YouTube videos 3la el tesla coil benefham haha</body>
    </message>
    <message id="m0047" time="2012-11-29 18:48:42 UTC" participant="138330">
      <body>Hahahahahahaha</body>
    </message>
    <message id="m0048" time="2012-11-29 18:48:47 UTC" participant="138330">
      <body>Bzakr sat</body>
    </message>
    <message id="m0049" time="2012-11-29 18:48:51 UTC" participant="138330">
      <body>Ba7el</body>
    </message>
    <message id="m0050" time="2012-11-29 19:07:43 UTC" participant="138112">
      <body>Tab zaker shwaya w eb2a eb3atli</body>
    </message>
    <message id="m0051" time="2012-11-29 19:20:19 UTC" participant="138330">
      <body>Ok</body>
    </message>
    <message id="m0052" time="2012-11-30 01:27:16 UTC" participant="138112">
      <body>Ya Youssef kol da bet7el:D</body>
    </message>
    <message id="m0053" time="2012-11-30 12:40:47 UTC" participant="138330">
      <body>M3lsh ya Yara 23adt 2zaker l7ad Manemt :D</body>
    </message>
    <message id="m0054" time="2012-11-30 13:05:20 UTC" participant="138112">
      <body>Mashy ya Youssef haha</body>
    </message>
    <message id="m0055" time="2012-11-30 13:05:51 UTC" participant="138330">
      <body>3amlaa eh :</body>
    </message>
    <message id="m0056" time="2012-11-30 13:05:54 UTC" participant="138330">
      <body>:D</body>
    </message>
    <message id="m0057" time="2012-11-30 13:06:23 UTC" participant="138112">
      <body>Ana kwayesa el7 enta 3amel eh!</body>
    </message>
    <message id="m0058" time="2012-11-30 13:06:28 UTC" participant="138112">
      <body>Enta lesa sa7y?</body>
    </message>
    <message id="m0059" time="2012-11-30 13:07:03 UTC" participant="138330">
      <body>La2 s7eet 2abl sala be shwya</body>
    </message>
    <message id="m0060" time="2012-11-30 13:07:18 UTC" participant="138112">
      <body>Salet?</body>
    </message>
    <message id="m0061" time="2012-11-30 13:07:28 UTC" participant="138330">
      <body>Aslun by2oloo en emt7an bokra shaklo etla3'aa</body>
    </message>
    <message id="m0062" time="2012-11-30 13:07:31 UTC" participant="138330">
      <body>Ahh el7</body>
    </message>
    <message id="m0063" time="2012-11-30 13:08:25 UTC" participant="138112">
      <body>Ahhh Ana seme3t keda bardo bas meen el bey2ol keda</body>
    </message>
    <message id="m0064" time="2012-11-30 13:09:17 UTC" participant="138330">
      <body>Msh 3rf 2naa msh 3yzo yt2gel b2a</body>
    </message>
    <message id="m0065" time="2012-11-30 13:09:58 UTC" participant="138330">
      <body>3yz 25las w 2ngez mmken yb2a 25er sat 2d5oloo wala 7aga</body>
    </message>
    <message id="m0066" time="2012-11-30 13:11:56 UTC" participant="138112">
      <body>Aslan msh bethaya2li et2agel</body>
    </message>
    <message id="m0067" time="2012-11-30 13:12:10 UTC" participant="138330">
      <body>Yareet</body>
    </message>
    <message id="m0068" time="2012-11-30 13:12:29 UTC" participant="138330">
      <body>Wnty bt3my eh</body>
    </message>
    <message id="m0069" time="2012-11-30 13:12:41 UTC" participant="138330">
      <body>Bt3mly*</body>
    </message>
    <message id="m0070" time="2012-11-30 13:13:18 UTC" participant="138112">
      <body>Wala ay 7aga se7et badry awy w kalt w delwa2ty a3da 3la el laptop</body>
    </message>
    <message id="m0071" time="2012-11-30 13:13:22 UTC" participant="138112">
      <body>Enta bt3mel eh</body>
    </message>
    <message id="m0072" time="2012-11-30 13:13:56 UTC" participant="138330">
      <body>Lsa rage3 men sala men shwya mry7 kda w h2oom 2kamel mozakra tany</body>
    </message>
    <message id="m0073" time="2012-11-30 13:14:36 UTC" participant="138112">
      <body>El mafrood matzakersh wla te7el el yom el abl el exam 3alatool :D</body>
    </message>
    <message id="m0074" time="2012-11-30 13:16:03 UTC" participant="138330">
      <body>Dah f sat 1 Kalam dah bas sat 2 3ady 3ashan b7faz 2s2la w rules w kdaa</body>
    </message>
    <message id="m0075" time="2012-11-30 13:16:11 UTC" participant="138330">
      <body>:D</body>
    </message>
    <message id="m0076" time="2012-11-30 13:34:41 UTC" participant="138112">
      <body>Enta da5el physics w math? Wla physics bas</body>
    </message>
    <message id="m0078" time="2012-11-30 18:33:54 UTC" participant="138112">
      <body>Howa lazem na5od math 2?</body>
    </message>
    <message id="m0079" time="2012-11-30 19:14:09 UTC" participant="138330">
      <body>Lala 2na el d5alt bas</body>
    </message>
  </messages>
</conversation>
