<?xml version="1.0" encoding="UTF-8"?>
<conversation id="CHT_ARZ_20121103.0000" medium="CHT" donated="true">
  <messages>
    <message id="m0000" participant="138314" time="2012-11-03 20:30:06 UTC">
      <body>Yara hatro7y sandboarding?</body>
    </message>
    <message id="m0001" participant="138112" time="2012-11-03 21:59:43 UTC">
      <body>Ahhhh isa</body>
    </message>
    <message id="m0002" participant="138314" time="2012-11-03 22:11:47 UTC">
      <body>Gebty el tickets?</body>
    </message>
    <message id="m0003" participant="138112" time="2012-11-03 22:57:17 UTC">
      <body>La2 less</body>
    </message>
    <message id="m0004" participant="138112" time="2012-11-03 22:57:23 UTC">
      <body>Enty gebteeha?</body>
    </message>
    <message id="m0005" participant="138314" time="2012-11-03 23:26:21 UTC">
      <body>Lesa</body>
    </message>
    <message id="m0006" participant="138314" time="2012-11-03 23:26:28 UTC">
      <body>Ama tegebeha 2olele kda</body>
    </message>
  </messages>
</conversation>
