<?xml version="1.0" encoding="UTF-8"?>
<conversation id="CHT_ARZ_20130517.0000" medium="CHT" donated="true">
  <messages>
    <message id="m0000" time="2013-05-17 17:25:17 UTC" participant="139370">
      <body>Rimoooooo</body>
    </message>
    <message id="m0002" time="2013-05-17 17:25:44 UTC" participant="139370">
      <body>Enti feinnnn?</body>
    </message>
    <message id="m0003" time="2013-05-17 17:25:53 UTC" participant="139370">
      <body>Say Nady</body>
    </message>
    <message id="m0004" time="2013-05-17 17:27:47 UTC" participant="139360">
      <body>uesssss</body>
    </message>
    <message id="m0005" time="2013-05-17 17:28:37 UTC" participant="139370">
      <body>Tb yalla 3ayza ashufek</body>
    </message>
    <message id="m0006" time="2013-05-17 17:28:44 UTC" participant="139370">
      <body>Ana bazaker fil ka3a</body>
    </message>
    <message id="m0007" time="2013-05-17 17:28:52 UTC" participant="139360">
      <body>oki hagylk kaman hwaya</body>
    </message>
    <message id="m0008" time="2013-05-17 17:28:59 UTC" participant="139360">
      <body>akhls heta dii ok</body>
    </message>
    <message id="m0009" time="2013-05-17 17:30:46 UTC" participant="139370">
      <body>Yaaay ok mestaneyaki Ana 3ayza akol dessert </body>
    </message>
    <message id="m0010" time="2013-05-17 17:30:52 UTC" participant="139370">
      <body>Now rakezzi</body>
    </message>
    <message id="m0012" time="2013-05-18 06:54:19 UTC" participant="139370">
      <body>It's ok enti kewayessa?</body>
    </message>
    <message id="m0016" time="2013-05-19 00:11:15 UTC" participant="139360">
      <body>soso ?!</body>
    </message>
    <message id="m0017" time="2013-05-19 06:12:09 UTC" participant="139370">
      <body>Rimooooo</body>
    </message>
    <message id="m0022" time="2013-05-19 12:08:08 UTC" participant="139360">
      <body>ots okii habibii</body>
    </message>
  </messages>
</conversation>
