<?xml version="1.0" encoding="UTF-8"?>
<conversation id="CHT_ARZ_20121202.0002" medium="CHT" donated="true">
  <messages>
    <message id="m0000" time="2012-12-02 14:02:22 UTC" participant="139554">
      <body>Enty hena ???</body>
    </message>
    <message id="m0001" time="2012-12-02 14:02:34 UTC" participant="139554">
      <body>Ma3a mahmoud walla le wa7dek</body>
    </message>
    <message id="m0002" time="2012-12-02 14:03:12 UTC" participant="139554">
      <body>W tegily eh bas msh kefaya enty b etnin delw2ty :))</body>
    </message>
    <message id="m0003" time="2012-12-02 14:03:15 UTC" participant="139275">
      <body>hena w lewa7dy</body>
    </message>
    <message id="m0004" time="2012-12-02 14:03:33 UTC" participant="139275">
      <body>3shan aro7 le dr regli :)</body>
    </message>
    <message id="m0005" time="2012-12-02 14:03:42 UTC" participant="139554">
      <body>:(</body>
    </message>
    <message id="m0006" time="2012-12-02 14:03:49 UTC" participant="139554">
      <body>تعبت ؟</body>
    </message>
    <message id="m0007" time="2012-12-02 14:06:12 UTC" participant="139275">
      <body>el7ala sa3ba ya bnt el3am</body>
    </message>
    <message id="m0008" time="2012-12-02 14:11:12 UTC" participant="139275">
      <body>btwrm w tal3li feha zy 7asaseya</body>
    </message>
    <message id="m0009" time="2012-12-02 14:14:09 UTC" participant="139554">
      <body>شافاكي الله و عافاكي</body>
    </message>
    <message id="m0010" time="2012-12-02 14:14:25 UTC" participant="139554">
      <body>طب حاولي تشتري شراب واسع شوية</body>
    </message>
    <message id="m0011" time="2012-12-02 14:14:26 UTC" participant="139554">
      <body>يلم الموضوع</body>
    </message>
  </messages>
</conversation>
