<?xml version="1.0" encoding="UTF-8"?>
<conversation id="CHT_ARZ_20130430.0007" medium="CHT" donated="true">
  <messages>
    <message id="m0000" time="2013-04-30 08:45:00 UTC" participant="139230">
      <body>saba7 el kheir</body>
    </message>
    <message id="m0001" time="2013-04-30 08:45:00 UTC" participant="139230">
      <body>ana 3ansdi ta7aleel elnaharda fa 7ageey met2akhar</body>
    </message>
    <message id="m0002" time="2013-04-30 08:46:00 UTC" participant="139876">
      <body>Ok belsalama</body>
    </message>
  </messages>
</conversation>
