<?xml version="1.0" encoding="UTF-8"?>
<conversation id="CHT_ARZ_20130425.0008" medium="CHT" donated="true">
  <messages>
    <message id="m0000" time="2013-04-25 12:43:56 UTC" participant="139586">
      <body>Babyyyyyy</body>
    </message>
    <message id="m0001" time="2013-04-25 12:43:56 UTC" participant="139586">
      <body>Tsitsiiiiiii</body>
    </message>
    <message id="m0002" time="2013-04-25 12:45:54 UTC" participant="139134">
      <body>heuuu</body>
    </message>
    <message id="m0003" time="2013-04-25 12:46:29 UTC" participant="139586">
      <body>Heuuu ehh :D</body>
    </message>
    <message id="m0004" time="2013-04-25 12:50:33 UTC" participant="139134">
      <body>hhy +</body>
    </message>
    <message id="m0006" time="2013-04-26 12:16:40 UTC" participant="139586">
      <body>Wahashtiniiiii</body>
    </message>
    <message id="m0007" time="2013-04-26 12:31:19 UTC" participant="139134">
      <body>wenty kaman ya mostfzaaa</body>
    </message>
    <message id="m0008" time="2013-04-26 12:32:38 UTC" participant="139586">
      <body>Walahyy ana maba2tsh bashouf 7ad</body>
    </message>
    <message id="m0009" time="2013-04-26 12:32:47 UTC" participant="139586">
      <body>Wa7shanii awiii</body>
    </message>
    <message id="m0010" time="2013-04-26 12:32:53 UTC" participant="139586">
      <body>We olt a2olek eni mesafra isa</body>
    </message>
    <message id="m0011" time="2013-04-26 12:34:20 UTC" participant="139134">
      <body>ya salaamm</body>
    </message>
    <message id="m0012" time="2013-04-26 12:34:34 UTC" participant="139586">
      <body>Lesaa msh delwa2tyy</body>
    </message>
    <message id="m0013" time="2013-04-26 12:34:41 UTC" participant="139586">
      <body>Nxt week isa</body>
    </message>
    <message id="m0014" time="2013-04-26 12:35:01 UTC" participant="139134">
      <body>alahh ryhaa fin ?!</body>
    </message>
    <message id="m0015" time="2013-04-26 12:35:08 UTC" participant="139134">
      <body>aiza ashufk b4 it</body>
    </message>
    <message id="m0016" time="2013-04-26 12:35:30 UTC" participant="139586">
      <body>Amrica isa</body>
    </message>
    <message id="m0017" time="2013-04-26 12:35:54 UTC" participant="139586">
      <body>Anaa kaman 3ayza ashoufek</body>
    </message>
    <message id="m0018" time="2013-04-26 12:37:03 UTC" participant="139134">
      <body>ei da cuttee</body>
    </message>
    <message id="m0019" time="2013-04-26 12:37:04 UTC" participant="139134">
      <body>nsaaa</body>
    </message>
    <message id="m0020" time="2013-04-26 12:37:17 UTC" participant="139134">
      <body>hat3mli eih hnak ? fos7a ?</body>
    </message>
    <message id="m0021" time="2013-04-26 12:37:26 UTC" participant="139134">
      <body>hatrg3i emta ?</body>
    </message>
    <message id="m0022" time="2013-04-26 12:37:51 UTC" participant="139586">
      <body>Baba 3ando mo2tamar henak</body>
    </message>
    <message id="m0023" time="2013-04-26 12:38:01 UTC" participant="139586">
      <body>Wana tal3a ma3a atfasa7</body>
    </message>
    <message id="m0024" time="2013-04-26 12:38:07 UTC" participant="139586">
      <body>Ha3od 10 days isa</body>
    </message>
    <message id="m0025" time="2013-04-26 12:38:13 UTC" participant="139586">
      <body>Msh 3ayza 7aga</body>
    </message>
    <message id="m0026" time="2013-04-26 12:38:41 UTC" participant="139134">
      <body>y</body>
    </message>
    <message id="m0027" time="2013-04-26 12:38:46 UTC" participant="139134">
      <body>yayyyy*</body>
    </message>
    <message id="m0028" time="2013-04-26 12:38:52 UTC" participant="139134">
      <body>wesh </body>
    </message>
    <message id="m0029" time="2013-04-26 12:38:55 UTC" participant="139134">
      <body>hahahaha</body>
    </message>
    <message id="m0030" time="2013-04-26 12:39:01 UTC" participant="139134">
      <body>di amrika shikabika hahhaa</body>
    </message>
    <message id="m0031" time="2013-04-26 12:39:15 UTC" participant="139134">
      <body>mmkn ab2adiki flus ashan tgibli mmkn ?!</body>
    </message>
    <message id="m0032" time="2013-04-26 12:39:23 UTC" participant="139586">
      <body>Hahahhahaha</body>
    </message>
    <message id="m0033" time="2013-04-26 12:39:23 UTC" participant="139586">
      <body>Day3aaa</body>
    </message>
    <message id="m0034" time="2013-04-26 12:39:24 UTC" participant="139586">
      <body>El dala3 kolo henak :D</body>
    </message>
    <message id="m0035" time="2013-04-26 12:40:02 UTC" participant="139134">
      <body>aywaa plzz :(((</body>
    </message>
    <message id="m0036" time="2013-04-26 12:40:07 UTC" participant="139586">
      <body>Okk suure</body>
    </message>
    <message id="m0038" time="2013-04-26 12:40:54 UTC" participant="139134">
      <body>wuuuhuuuuuu</body>
    </message>
    <message id="m0039" time="2013-04-26 12:41:17 UTC" participant="139586">
      <body>Hahahahaha</body>
    </message>
    <message id="m0040" time="2013-04-26 12:41:21 UTC" participant="139134">
      <body>hwa mainly hakon ayza bikinies w dress w sandals aw ja ket jeans </body>
    </message>
    <message id="m0041" time="2013-04-26 12:43:29 UTC" participant="139586">
      <body>Ehh yammaa keswet el seif :p</body>
    </message>
    <message id="m0042" time="2013-04-26 12:49:43 UTC" participant="139134">
      <body>hahahhahahahahhahahah</body>
    </message>
    <message id="m0043" time="2013-04-26 12:49:56 UTC" participant="139134">
      <body>safla</body>
    </message>
    <message id="m0044" time="2013-04-26 12:59:55 UTC" participant="139586">
      <body>Hahhahhahagaaa</body>
    </message>
    <message id="m0045" time="2013-04-26 14:21:54 UTC" participant="139134">
      <body>tb hashufk enta</body>
    </message>
    <message id="m0046" time="2013-04-26 14:22:02 UTC" participant="139134">
      <body>wala hatzelini zy kol mara</body>
    </message>
    <message id="m0047" time="2013-04-26 14:27:06 UTC" participant="139586">
      <body>Walahy abdan</body>
    </message>
    <message id="m0048" time="2013-04-26 14:27:12 UTC" participant="139586">
      <body>Shoufii mmkn had isa</body>
    </message>
    <message id="m0049" time="2013-04-26 14:27:22 UTC" participant="139134">
      <body>tyb mwaf2a</body>
    </message>
    <message id="m0050" time="2013-04-26 14:27:32 UTC" participant="139586">
      <body>Okk etafa2na</body>
    </message>
    <message id="m0051" time="2013-04-26 14:33:53 UTC" participant="139134">
      <body>w zfta ek tnia aiza ashufha</body>
    </message>
    <message id="m0052" time="2013-04-26 14:34:12 UTC" participant="139586">
      <body>Hazabat ma3aha</body>
    </message>
    <message id="m0053" time="2013-04-26 14:34:15 UTC" participant="139586">
      <body>Hashofha</body>
    </message>
    <message id="m0054" time="2013-04-26 14:43:54 UTC" participant="139134">
      <body>ok</body>
    </message>
  </messages>
</conversation>
