<?xml version="1.0" encoding="UTF-8"?>
<conversation id="CHT_ARZ_20130405.0000" medium="CHT" donated="true">
  <messages>
    <message id="m0000" time="2013-04-05 21:44:26 UTC" participant="138328">
      <body>Ray7a bukra ?</body>
    </message>
    <message id="m0002" time="2013-04-05 21:46:26 UTC" participant="138328">
      <body>Noo fakes harou7 monday</body>
    </message>
    <message id="m0003" time="2013-04-05 21:46:33 UTC" participant="138328">
      <body>Men ray7 aslun bukra</body>
    </message>
    <message id="m0005" time="2013-04-05 21:57:18 UTC" participant="138328">
      <body>Umm</body>
    </message>
    <message id="m0006" time="2013-04-05 21:57:47 UTC" participant="138328">
      <body>Tayb matrou7i men youm el 2tnen</body>
    </message>
    <message id="m0007" time="2013-04-05 21:58:04 UTC" participant="138112">
      <body>Kfaya attendance b2/</body>
    </message>
    <message id="m0008" time="2013-04-05 21:58:09 UTC" participant="138112">
      <body>*b2a</body>
    </message>
    <message id="m0009" time="2013-04-05 21:58:24 UTC" participant="138328">
      <body>Ah ehna hntfsh5 fel attendence</body>
    </message>
    <message id="m0010" time="2013-04-05 22:41:33 UTC" participant="138112">
      <body>Ahh kfaya hahaha</body>
    </message>
    <message id="m0011" time="2013-04-05 22:42:01 UTC" participant="138328">
      <body>AhahahHhh</body>
    </message>
    <message id="m0012" time="2013-04-06 16:41:57 UTC" participant="138328">
      <body>Tnzlii 2dayy ?</body>
    </message>
    <message id="m0013" time="2013-04-06 18:20:29 UTC" participant="138112">
      <body>Law ento htnzlo</body>
    </message>
    <message id="m0014" time="2013-04-06 18:25:48 UTC" participant="138328">
      <body>Yes hbebee ana nzla m3 amr wa michael wa edward</body>
    </message>
    <message id="m0015" time="2013-04-06 18:26:30 UTC" participant="138328">
      <body>Wa youssef</body>
    </message>
    <message id="m0016" time="2013-04-06 18:35:15 UTC" participant="138112">
      <body>Tyb hashoof w a2olek</body>
    </message>
    <message id="m0018" time="2013-04-06 18:35:30 UTC" participant="138328">
      <body>Hn3od f oasis aslun</body>
    </message>
    <message id="m0019" time="2013-04-06 18:36:11 UTC" participant="138112">
      <body>Tyb mashy</body>
    </message>
    <message id="m0022" time="2013-04-06 18:38:12 UTC" participant="138328">
      <body>5likii helwaa wa t3aliii</body>
    </message>
    <message id="m0023" time="2013-04-06 18:39:08 UTC" participant="138112">
      <body>7ader walahi hashoof</body>
    </message>
    <message id="m0024" time="2013-04-06 18:39:14 UTC" participant="138112">
      <body>Enti feen delwa2ti?</body>
    </message>
    <message id="m0026" time="2013-04-06 18:39:18 UTC" participant="138112">
      <body>Hatrohi ezay</body>
    </message>
    <message id="m0027" time="2013-04-06 18:40:12 UTC" participant="138328">
      <body>Mshia men city stars nw ray7en Masr el gdeda m3 2o5ty h3od m3aha then 3ala 7 30 harou7lhom</body>
    </message>
    <message id="m0028" time="2013-04-07 00:50:56 UTC" participant="138328">
      <body>Enty fel bet sa7 ?</body>
    </message>
    <message id="m0029" time="2013-04-07 00:51:07 UTC" participant="138112">
      <body>Ah</body>
    </message>
    <message id="m0030" time="2013-04-07 00:51:16 UTC" participant="138328">
      <body>Tyb</body>
    </message>
    <message id="m0031" time="2013-04-07 00:51:20 UTC" participant="138112">
      <body>F haga?</body>
    </message>
    <message id="m0032" time="2013-04-07 00:51:30 UTC" participant="138328">
      <body>No btmn 3aliki</body>
    </message>
    <message id="m0033" time="2013-04-07 00:51:36 UTC" participant="138328">
      <body>Aftkrtkk bara</body>
    </message>
    <message id="m0034" time="2013-04-07 00:51:57 UTC" participant="138112">
      <body>La2 Ana fel bet</body>
    </message>
    <message id="m0035" time="2013-04-07 00:52:07 UTC" participant="138328">
      <body>Tybb el7</body>
    </message>
    <message id="m0036" time="2013-04-07 10:43:40 UTC" participant="138328">
      <body>Yara</body>
    </message>
    <message id="m0037" time="2013-04-07 11:11:24 UTC" participant="138112">
      <body>Ezayek ya habibi</body>
    </message>
    <message id="m0038" time="2013-04-07 11:11:39 UTC" participant="138328">
      <body>El7 hbebe</body>
    </message>
    <message id="m0039" time="2013-04-07 11:11:39 UTC" participant="138328">
      <body>Wenty</body>
    </message>
    <message id="m0040" time="2013-04-07 11:12:34 UTC" participant="138112">
      <body>Ana mfshou5a</body>
    </message>
    <message id="m0041" time="2013-04-07 11:12:49 UTC" participant="138112">
      <body>Men kol haga</body>
    </message>
    <message id="m0042" time="2013-04-07 11:12:50 UTC" participant="138328">
      <body>Ana manmtsh men embre7</body>
    </message>
    <message id="m0043" time="2013-04-07 11:13:07 UTC" participant="138112">
      <body>Wala Ana, Ana sahya men 6 el sobh</body>
    </message>
    <message id="m0044" time="2013-04-07 11:13:08 UTC" participant="138328">
      <body>Manmtsh lma i close my eyes msh b3rf anamm bb2a 5ayfa</body>
    </message>
    <message id="m0045" time="2013-04-07 11:13:25 UTC" participant="138328">
      <body>Ana manmtsh aslun men embre7 hasa 2ni 5ayfa awe ya yara</body>
    </message>
    <message id="m0046" time="2013-04-07 11:13:49 UTC" participant="138328">
      <body>Enty 3rfty 2n el 3aza enhrda b3d salat el dohr f masged rab3a</body>
    </message>
    <message id="m0047" time="2013-04-07 11:14:04 UTC" participant="138112">
      <body>Eda la2 m7adsh 2ali</body>
    </message>
    <message id="m0048" time="2013-04-07 11:14:08 UTC" participant="138112">
      <body>3aza meen?</body>
    </message>
    <message id="m0049" time="2013-04-07 11:14:13 UTC" participant="138328">
      <body>Ana shoft el maktob</body>
    </message>
    <message id="m0050" time="2013-04-07 11:14:19 UTC" participant="138328">
      <body>&lt;media omitted&gt;</body>
    </message>
    <message id="m0051" time="2013-04-07 11:14:20 UTC" participant="138112">
      <body>Feen?</body>
    </message>
    <message id="m0052" time="2013-04-07 11:14:22 UTC" participant="138328">
      <body>3aza omar</body>
    </message>
    <message id="m0053" time="2013-04-07 11:14:27 UTC" participant="138328">
      <body>F madynt nasr</body>
    </message>
    <message id="m0054" time="2013-04-07 11:15:07 UTC" participant="138112">
      <body>Ana haroo7</body>
    </message>
    <message id="m0055" time="2013-04-07 11:15:18 UTC" participant="138328">
      <body>Wanaa kman</body>
    </message>
    <message id="m0056" time="2013-04-07 11:15:24 UTC" participant="138112">
      <body>Tab enti feen?</body>
    </message>
    <message id="m0057" time="2013-04-07 11:15:25 UTC" participant="138328">
      <body>Lazemmm nrou7 aslun</body>
    </message>
    <message id="m0058" time="2013-04-07 11:15:33 UTC" participant="138328">
      <body>Ana fel beit</body>
    </message>
    <message id="m0059" time="2013-04-07 11:15:43 UTC" participant="138328">
      <body>Hwa el salaa btb2a el sa3a kam bta3t el dohr</body>
    </message>
    <message id="m0060" time="2013-04-07 11:15:48 UTC" participant="138112">
      <body>Howa enahara da sa7?</body>
    </message>
    <message id="m0061" time="2013-04-07 11:15:57 UTC" participant="138328">
      <body>Ahh maktob keda</body>
    </message>
    <message id="m0062" time="2013-04-07 11:16:12 UTC" participant="138328">
      <body>3awzen nt2ked</body>
    </message>
    <message id="m0063" time="2013-04-07 11:17:30 UTC" participant="138112">
      <body>Ah Ana has2al 7ad</body>
    </message>
    <message id="m0064" time="2013-04-07 11:18:34 UTC" participant="138328">
      <body>Hwa lw keda yb2a el 3aza kman sa3a</body>
    </message>
    <message id="m0065" time="2013-04-07 11:18:48 UTC" participant="138328">
      <body>Wa homa aslun bydfnoh dlw2ty</body>
    </message>
    <message id="m0066" time="2013-04-07 11:19:30 UTC" participant="138112">
      <body>Ah Youssef 2ali keda</body>
    </message>
    <message id="m0067" time="2013-04-07 11:19:47 UTC" participant="138112">
      <body>W bakalem Edward mesh beyrod</body>
    </message>
    <message id="m0068" time="2013-04-07 11:20:06 UTC" participant="138328">
      <body>Ma mah hyrodo homa fel dafn nw akiid</body>
    </message>
    <message id="m0069" time="2013-04-07 11:20:20 UTC" participant="138328">
      <body>Homa 2alo hydfnoh el sa3a 11</body>
    </message>
    <message id="m0070" time="2013-04-07 11:20:32 UTC" participant="138112">
      <body>El dohr beyazen 12</body>
    </message>
    <message id="m0071" time="2013-04-07 11:20:39 UTC" participant="138112">
      <body>Htnzli now tayeb?</body>
    </message>
    <message id="m0072" time="2013-04-07 11:20:52 UTC" participant="138328">
      <body>Mahna lazem nt2ked el awel</body>
    </message>
    <message id="m0073" time="2013-04-07 11:21:06 UTC" participant="138328">
      <body>Youssef 2lek el 3aza b3d salat el dohr ?</body>
    </message>
    <message id="m0074" time="2013-04-07 11:21:42 UTC" participant="138112">
      <body>La2 ma2alish</body>
    </message>
    <message id="m0075" time="2013-04-07 11:21:56 UTC" participant="138328">
      <body>Ana hasa 2n fih hga 5alatt</body>
    </message>
    <message id="m0076" time="2013-04-07 11:22:01 UTC" participant="138328">
      <body>Mazonsh el 3aza nw</body>
    </message>
    <message id="m0077" time="2013-04-07 11:22:04 UTC" participant="138328">
      <body>W8 keda</body>
    </message>
    <message id="m0078" time="2013-04-07 11:24:42 UTC" participant="138112">
      <body>Tayeb</body>
    </message>
    <message id="m0079" time="2013-04-07 11:25:05 UTC" participant="138328">
      <body>Ana s2lt khaled wa farah mahdish rad 3alia</body>
    </message>
    <message id="m0080" time="2013-04-07 11:25:38 UTC" participant="138328">
      <body>Yaraa</body>
    </message>
    <message id="m0081" time="2013-04-07 11:25:44 UTC" participant="138328">
      <body>Mah el 3azaa</body>
    </message>
    <message id="m0082" time="2013-04-07 11:25:52 UTC" participant="138328">
      <body>Dih el gnaza</body>
    </message>
    <message id="m0083" time="2013-04-07 11:27:20 UTC" participant="138112">
      <body>Ah lesa Mario ayeli</body>
    </message>
    <message id="m0084" time="2013-04-07 11:28:10 UTC" participant="138328">
      <body>3awzen n3rf el 3aza emtaa</body>
    </message>
    <message id="m0085" time="2013-04-07 11:28:20 UTC" participant="138328">
      <body>Lazem nrou7</body>
    </message>
    <message id="m0086" time="2013-04-07 11:32:01 UTC" participant="138112">
      <body>Law d el ganaza yaani lesa madafanhoosh</body>
    </message>
    <message id="m0087" time="2013-04-07 11:32:23 UTC" participant="138328">
      <body>Ah akiid lesa</body>
    </message>
    <message id="m0088" time="2013-04-07 11:32:36 UTC" participant="138328">
      <body>Bas kolhm tl2ihom henak</body>
    </message>
    <message id="m0089" time="2013-04-07 11:33:00 UTC" participant="138112">
      <body>Lesa haysalo 3leh</body>
    </message>
    <message id="m0090" time="2013-04-07 11:33:19 UTC" participant="138328">
      <body>Ana ba2t 5ayfa aweee</body>
    </message>
    <message id="m0091" time="2013-04-07 11:33:31 UTC" participant="138328">
      <body>Anaa l5yt dlw2ty msh msd2a</body>
    </message>
    <message id="m0092" time="2013-04-07 11:35:53 UTC" participant="138112">
      <body>Allah yer7amhom</body>
    </message>
    <message id="m0093" time="2013-04-07 11:36:14 UTC" participant="138112">
      <body>Enti shofti el Omar kan bey7oto 3la Instagram?</body>
    </message>
    <message id="m0094" time="2013-04-07 11:36:22 UTC" participant="138328">
      <body>Ahhh :s</body>
    </message>
    <message id="m0095" time="2013-04-07 11:36:37 UTC" participant="138328">
      <body>Ana msh msd2a leh kan byso2 kedaa bgdd</body>
    </message>
    <message id="m0096" time="2013-04-07 11:37:10 UTC" participant="138112">
      <body>Dol kano beysabeto el sor3a w y3odo 3la el windows</body>
    </message>
    <message id="m0097" time="2013-04-07 11:37:17 UTC" participant="138112">
      <body>W kan beyemshi 3la 200</body>
    </message>
    <message id="m0098" time="2013-04-07 11:37:40 UTC" participant="138328">
      <body>Ahhh :s ana ma3rfsh leh bgd by3mlo kedaaaa kanooo :s rabenaa yrhmhomm bgdd</body>
    </message>
    <message id="m0099" time="2013-04-07 11:37:48 UTC" participant="138112">
      <body>Rabena yesabar ahl kol wa7ed feehom</body>
    </message>
    <message id="m0100" time="2013-04-07 11:38:02 UTC" participant="138328">
      <body>Ana embre7 lma 3rft we7na bara ana makontsh msd2a</body>
    </message>
    <message id="m0101" time="2013-04-07 11:38:18 UTC" participant="138328">
      <body>Wlahi l5yt dlw2ty msh msd2a</body>
    </message>
    <message id="m0102" time="2013-04-07 11:40:28 UTC" participant="138112">
      <body>Ana lama Youssef 2ali w afal Ana kont banahar</body>
    </message>
    <message id="m0103" time="2013-04-07 11:40:41 UTC" participant="138112">
      <body>Ya 3eni 3la abo Gad</body>
    </message>
    <message id="m0104" time="2013-04-07 11:40:42 UTC" participant="138112">
      <body>Begad</body>
    </message>
    <message id="m0105" time="2013-04-07 11:41:19 UTC" participant="138328">
      <body>Ahh bgddd rabenaa ykon f 3onoo</body>
    </message>
    <message id="m0106" time="2013-04-07 11:41:22 UTC" participant="138328">
      <body>Wa ysbarooo</body>
    </message>
    <message id="m0107" time="2013-04-07 11:42:08 UTC" participant="138112">
      <body>Amen</body>
    </message>
    <message id="m0108" time="2013-04-07 11:42:40 UTC" participant="138328">
      <body>Hbebe mmken lw 3rfty ai hga t2olili</body>
    </message>
    <message id="m0109" time="2013-04-07 11:42:57 UTC" participant="138112">
      <body>Hader akeed</body>
    </message>
    <message id="m0110" time="2013-04-07 11:43:05 UTC" participant="138328">
      <body>:*</body>
    </message>
    <message id="m0111" time="2013-04-07 11:45:02 UTC" participant="138112">
      <body>:*</body>
    </message>
    <message id="m0112" time="2013-04-07 11:49:46 UTC" participant="138112">
      <body>Enti fel bet?</body>
    </message>
    <message id="m0113" time="2013-04-07 11:57:36 UTC" participant="138328">
      <body>Ahh</body>
    </message>
    <message id="m0114" time="2013-04-07 11:59:08 UTC" participant="138112">
      <body>Tayeb</body>
    </message>
    <message id="m0115" time="2013-04-07 11:59:42 UTC" participant="138328">
      <body>Youssef by2ol 3aza gad wa bassel ta2reban enhrda</body>
    </message>
    <message id="m0116" time="2013-04-07 12:03:04 UTC" participant="138112">
      <body>Tayeb ya ret y3rafo w y2ololna</body>
    </message>
    <message id="m0117" time="2013-04-07 12:03:22 UTC" participant="138328">
      <body>Ahhh yarettt</body>
    </message>
    <message id="m0118" time="2013-04-07 13:55:41 UTC" participant="138328">
      <body>Hbebe 3rfty ai hga</body>
    </message>
    <message id="m0119" time="2013-04-07 13:59:00 UTC" participant="138112">
      <body>La2 lesa</body>
    </message>
    <message id="m0120" time="2013-04-07 14:00:59 UTC" participant="138328">
      <body>3aza omar bukra f game3 wara gnena mall</body>
    </message>
    <message id="m0121" time="2013-04-07 14:01:42 UTC" participant="138112">
      <body>Emta</body>
    </message>
    <message id="m0122" time="2013-04-07 14:01:55 UTC" participant="138328">
      <body>Bukra</body>
    </message>
    <message id="m0123" time="2013-04-07 14:02:03 UTC" participant="138328">
      <body>Bas 3awzen n3rf el sa3a kam</body>
    </message>
    <message id="m0124" time="2013-04-07 14:02:15 UTC" participant="138112">
      <body>Ah e3rafi</body>
    </message>
    <message id="m0125" time="2013-04-07 14:02:27 UTC" participant="138112">
      <body>W Bassel bardo w gag</body>
    </message>
    <message id="m0126" time="2013-04-07 14:02:31 UTC" participant="138112">
      <body>*gad</body>
    </message>
    <message id="m0127" time="2013-04-07 14:03:50 UTC" participant="138328">
      <body>Omar zay ma 2oltlk hyb2a bukra el 3esha</body>
    </message>
    <message id="m0128" time="2013-04-07 14:03:56 UTC" participant="138328">
      <body>El 3esha dah el sa3a kan</body>
    </message>
    <message id="m0129" time="2013-04-07 14:04:39 UTC" participant="138112">
      <body>7:40</body>
    </message>
    <message id="m0130" time="2013-04-07 14:05:10 UTC" participant="138328">
      <body>Taybb hnlha2 y3ni n5las mdrsa wa nrou7</body>
    </message>
    <message id="m0131" time="2013-04-07 14:05:20 UTC" participant="138328">
      <body>Knt fkra el dohr</body>
    </message>
    <message id="m0132" time="2013-04-07 14:05:37 UTC" participant="138112">
      <body>El 3esha belel ah nl7a2</body>
    </message>
    <message id="m0133" time="2013-04-07 14:06:14 UTC" participant="138328">
      <body>Hatrou7i bukra mdrsa tayb ?</body>
    </message>
    <message id="m0134" time="2013-04-07 14:07:12 UTC" participant="138112">
      <body>Law edert</body>
    </message>
    <message id="m0135" time="2013-04-07 14:07:30 UTC" participant="138112">
      <body>Ana delwa2ti msh adra</body>
    </message>
    <message id="m0136" time="2013-04-07 14:07:38 UTC" participant="138112">
      <body>5ales</body>
    </message>
    <message id="m0137" time="2013-04-07 14:07:54 UTC" participant="138328">
      <body>Wla ana hasa msh h2dr arou7</body>
    </message>
    <message id="m0138" time="2013-04-07 14:08:04 UTC" participant="138328">
      <body>Bas nshof 3ala belel b2a hn3ml eih</body>
    </message>
    <message id="m0139" time="2013-04-07 14:13:56 UTC" participant="138112">
      <body>Inshallah</body>
    </message>
    <message id="m0140" time="2013-04-07 14:14:16 UTC" participant="138112">
      <body>Begad rabena yesabar ahaleehom</body>
    </message>
    <message id="m0141" time="2013-04-07 14:14:25 UTC" participant="138112">
      <body>Mafish mosiba Akbar men keda</body>
    </message>
    <message id="m0142" time="2013-04-07 14:14:54 UTC" participant="138328">
      <body>Ahhh bgddd el mooot dah rabnaa yrhmna wa yb3do 3anaa</body>
    </message>
    <message id="m0143" time="2013-04-07 14:56:00 UTC" participant="138328">
      <body>Tigiii nrou7 l ramy wa saed ??</body>
    </message>
    <message id="m0144" time="2013-04-07 15:01:11 UTC" participant="138112">
      <body>Homa feen</body>
    </message>
    <message id="m0145" time="2013-04-07 15:01:42 UTC" participant="138328">
      <body>5las nrou7 bukraa</body>
    </message>
    <message id="m0146" time="2013-04-07 15:01:47 UTC" participant="138328">
      <body>Enhrda msh haynfa3</body>
    </message>
    <message id="m0147" time="2013-04-07 15:01:55 UTC" participant="138328">
      <body>3lshan ahlo wa keda hyb2a zhma kman</body>
    </message>
    <message id="m0148" time="2013-04-07 15:07:14 UTC" participant="138112">
      <body>Mashy, nrou7 abl el 3aza bta3 Omar</body>
    </message>
    <message id="m0149" time="2013-04-07 15:07:35 UTC" participant="138328">
      <body>Mashiii</body>
    </message>
    <message id="m0150" time="2013-04-07 16:01:55 UTC" participant="138328">
      <body>Yaraaa</body>
    </message>
    <message id="m0152" time="2013-04-07 16:03:36 UTC" participant="138328">
      <body>E7na bukraa at 4 30 nrou7 el zyaraa l rami</body>
    </message>
    <message id="m0153" time="2013-04-07 16:03:57 UTC" participant="138328">
      <body>Wa then nrou7 b3dha el 3aza</body>
    </message>
    <message id="m0154" time="2013-04-07 16:04:08 UTC" participant="138112">
      <body>Mashy okay</body>
    </message>
    <message id="m0155" time="2013-04-07 16:04:19 UTC" participant="138112">
      <body>Hatrohi madrasa</body>
    </message>
    <message id="m0156" time="2013-04-07 16:07:03 UTC" participant="138328">
      <body>Lw hatrou7i harou7 youssef by2oli t3alii</body>
    </message>
    <message id="m0157" time="2013-04-07 16:07:59 UTC" participant="138112">
      <body>Ana msh 3ayza a3ayat odam 7ad</body>
    </message>
    <message id="m0158" time="2013-04-07 16:08:29 UTC" participant="138328">
      <body>Ya3ni msh hatrou7ii</body>
    </message>
    <message id="m0159" time="2013-04-07 16:09:11 UTC" participant="138328">
      <body>?</body>
    </message>
    <message id="m0160" time="2013-04-07 16:09:17 UTC" participant="138112">
      <body>La2</body>
    </message>
    <message id="m0161" time="2013-04-07 16:09:46 UTC" participant="138328">
      <body>Tayb hatrou7i sure el 3aza</body>
    </message>
    <message id="m0162" time="2013-04-07 16:10:06 UTC" participant="138328">
      <body>Lw htrou7i skool wa 5yrty ra2yk tell me</body>
    </message>
    <message id="m0163" time="2013-04-07 16:14:24 UTC" participant="138112">
      <body>Ah da gamb beti 3la tool</body>
    </message>
    <message id="m0164" time="2013-04-07 16:14:40 UTC" participant="138112">
      <body>W leh ramy</body>
    </message>
    <message id="m0165" time="2013-04-07 16:14:41 UTC" participant="138328">
      <body>Ahhh</body>
    </message>
    <message id="m0166" time="2013-04-07 16:14:46 UTC" participant="138112">
      <body>Hanrouh</body>
    </message>
    <message id="m0167" time="2013-04-07 16:15:02 UTC" participant="138328">
      <body>Ana nfsi arou7loo awe</body>
    </message>
    <message id="m0168" time="2013-04-07 16:15:11 UTC" participant="138112">
      <body>Law harou7 bokra school ha2olek</body>
    </message>
    <message id="m0169" time="2013-04-07 16:15:18 UTC" participant="138112">
      <body>Nrohlo</body>
    </message>
    <message id="m0170" time="2013-04-07 16:15:24 UTC" participant="138328">
      <body>Oki bas matnsish</body>
    </message>
    <message id="m0171" time="2013-04-07 16:16:21 UTC" participant="138112">
      <body>Hader akeed</body>
    </message>
    <message id="m0172" time="2013-04-07 16:54:24 UTC" participant="138328">
      <body>Yaraaa</body>
    </message>
    <message id="m0173" time="2013-04-07 16:54:27 UTC" participant="138328">
      <body>By2oloo</body>
    </message>
    <message id="m0174" time="2013-04-07 16:54:39 UTC" participant="138328">
      <body>2n 3aza bassel f game3 abo bakr f sheraton</body>
    </message>
    <message id="m0175" time="2013-04-07 16:54:55 UTC" participant="138112">
      <body>Emta??</body>
    </message>
    <message id="m0176" time="2013-04-07 16:55:25 UTC" participant="138328">
      <body>B3d salat el maghreb</body>
    </message>
    <message id="m0177" time="2013-04-07 16:55:49 UTC" participant="138112">
      <body>Enaharda??</body>
    </message>
    <message id="m0178" time="2013-04-07 16:56:39 UTC" participant="138328">
      <body>By2olooo</body>
    </message>
    <message id="m0179" time="2013-04-07 16:57:01 UTC" participant="138112">
      <body>Meen tayeb el 2alek</body>
    </message>
    <message id="m0180" time="2013-04-07 16:57:20 UTC" participant="138328">
      <body>Shoft 3alaa twitter</body>
    </message>
    <message id="m0181" time="2013-04-07 16:58:17 UTC" participant="138112">
      <body>Tayeb Ana has2al Mario, howa beyeb2a 3ardf</body>
    </message>
    <message id="m0183" time="2013-04-07 16:58:42 UTC" participant="138328">
      <body>Mah diih w8</body>
    </message>
    <message id="m0184" time="2013-04-07 16:58:58 UTC" participant="138112">
      <body>عزاء "باسل سعيد" بعد المغرب في مسجد أبوبكر الصديق في شيراتون .</body>
    </message>
    <message id="m0185" time="2013-04-07 17:04:32 UTC" participant="138112">
      <body>Tayeb law 7ad akedlek oleeli</body>
    </message>
    <message id="m0186" time="2013-04-07 17:04:46 UTC" participant="138328">
      <body>Ana bs2al aryboo aho</body>
    </message>
    <message id="m0188" time="2013-04-07 17:05:13 UTC" participant="138328">
      <body>Bukra</body>
    </message>
    <message id="m0189" time="2013-04-07 17:05:19 UTC" participant="138328">
      <body>Hwaa koloo bukraa</body>
    </message>
    <message id="m0190" time="2013-04-07 17:05:27 UTC" participant="138328">
      <body>Hwa e7na ezay hnrou7 el 2tnen</body>
    </message>
    <message id="m0191" time="2013-04-07 17:06:39 UTC" participant="138328">
      <body>Yaraa enty 3arfa 2n bukra el 3aza bta3 el 2tnenn f nafs el wa2t</body>
    </message>
    <message id="m0192" time="2013-04-07 17:06:41 UTC" participant="138112">
      <body>Eda..msh 3arfa</body>
    </message>
    <message id="m0193" time="2013-04-07 17:07:04 UTC" participant="138328">
      <body>Hwa 2ryboo 2lii kedaa :s kalem baba bassel wa hwa el 2lo</body>
    </message>
    <message id="m0194" time="2013-04-07 17:08:34 UTC" participant="138112">
      <body>Ehna lazem nrooh el etneen</body>
    </message>
    <message id="m0195" time="2013-04-07 17:08:48 UTC" participant="138328">
      <body>Lazemmmmm</body>
    </message>
    <message id="m0196" time="2013-04-07 17:09:03 UTC" participant="138112">
      <body>Nrooh bta3 Sheraton ba3d  keda el gamb el madrasa</body>
    </message>
    <message id="m0197" time="2013-04-07 17:09:12 UTC" participant="138112">
      <body>Hanel7a2 isa</body>
    </message>
    <message id="m0198" time="2013-04-07 17:09:31 UTC" participant="138112">
      <body>El 3aza by3od l7ad el 3esha</body>
    </message>
    <message id="m0199" time="2013-04-07 17:09:37 UTC" participant="138328">
      <body>Yarubbb</body>
    </message>
    <message id="m0200" time="2013-04-07 23:50:49 UTC" participant="138112">
      <body>Myrna hanrouh le ramy</body>
    </message>
    <message id="m0201" time="2013-04-08 06:31:02 UTC" participant="138328">
      <body>Nrou7looo bas ahlo hyrdo ?</body>
    </message>
    <message id="m0202" time="2013-04-08 10:55:27 UTC" participant="138112">
      <body>Ah</body>
    </message>
    <message id="m0203" time="2013-04-08 11:05:52 UTC" participant="138328">
      <body>Hnrou7lo when ?</body>
    </message>
    <message id="m0204" time="2013-04-08 11:20:55 UTC" participant="138112">
      <body>Howa m3ado 4:30 bas enti ta3leeli 2:30 keda</body>
    </message>
    <message id="m0205" time="2013-04-08 11:22:39 UTC" participant="138328">
      <body>Yara by2olk ahlo msh 3awzen bnat</body>
    </message>
    <message id="m0206" time="2013-04-08 11:22:46 UTC" participant="138328">
      <body>Tayb astni kda</body>
    </message>
    <message id="m0208" time="2013-04-08 11:23:39 UTC" participant="138328">
      <body>Tayb haa</body>
    </message>
    <message id="m0209" time="2013-04-08 11:23:48 UTC" participant="138328">
      <body>By2olk msh 3awzen bnat</body>
    </message>
    <message id="m0210" time="2013-04-08 11:24:00 UTC" participant="138112">
      <body>Msh el alek keda? Mat2olish Youssef</body>
    </message>
    <message id="m0211" time="2013-04-08 11:24:14 UTC" participant="138112">
      <body>Meen*</body>
    </message>
    <message id="m0213" time="2013-04-08 11:24:29 UTC" participant="138112">
      <body>Meen</body>
    </message>
    <message id="m0214" time="2013-04-08 11:24:30 UTC" participant="138328">
      <body>El 2li jeda posy</body>
    </message>
    <message id="m0215" time="2013-04-08 11:24:33 UTC" participant="138328">
      <body>Salma el 2ltlha</body>
    </message>
    <message id="m0216" time="2013-04-08 11:24:40 UTC" participant="138328">
      <body>Tayb nt2ked ezay</body>
    </message>
    <message id="m0217" time="2013-04-08 11:24:45 UTC" participant="138328">
      <body>Ana hamoot wa arou7lo</body>
    </message>
    <message id="m0218" time="2013-04-08 11:25:10 UTC" participant="138112">
      <body>Howa eh ahlo msh 3ayzeen welad</body>
    </message>
    <message id="m0219" time="2013-04-08 11:25:28 UTC" participant="138112">
      <body>Howa aslan m7tag blood</body>
    </message>
    <message id="m0220" time="2013-04-08 11:25:38 UTC" participant="138328">
      <body>Hwa salma 2ltlha by2olo msh 3awzen bnat</body>
    </message>
    <message id="m0221" time="2013-04-08 11:25:46 UTC" participant="138328">
      <body>Blood ana adilo ana o</body>
    </message>
    <message id="m0222" time="2013-04-08 11:25:52 UTC" participant="138112">
      <body>Eda begad?</body>
    </message>
    <message id="m0223" time="2013-04-08 11:25:58 UTC" participant="138328">
      <body>Ahh</body>
    </message>
    <message id="m0224" time="2013-04-08 11:26:03 UTC" participant="138112">
      <body>Dol 7ateen f kol 7eta eno ma7tag blood</body>
    </message>
    <message id="m0225" time="2013-04-08 11:26:08 UTC" participant="138112">
      <body>&lt;media omitted&gt;</body>
    </message>
    <message id="m0228" time="2013-04-08 11:26:34 UTC" participant="138328">
      <body>We7na henak le lesa mhtag hdilo</body>
    </message>
    <message id="m0229" time="2013-04-08 11:26:42 UTC" participant="138112">
      <body>5las okay</body>
    </message>
    <message id="m0230" time="2013-04-08 11:27:06 UTC" participant="138112">
      <body>3amatan Ana w Edward el mafrood hanrooh el Korba n3od henak l7ad el m3ad bta3o</body>
    </message>
    <message id="m0231" time="2013-04-08 11:27:08 UTC" participant="138328">
      <body>Yara blash nrou7 msh 3awzen bnatt</body>
    </message>
    <message id="m0232" time="2013-04-08 11:27:14 UTC" participant="138328">
      <body>Youssef 2lii</body>
    </message>
    <message id="m0233" time="2013-04-08 11:27:23 UTC" participant="138328">
      <body>Bgd ?</body>
    </message>
    <message id="m0234" time="2013-04-08 11:27:23 UTC" participant="138112">
      <body>F ento t3ali badri henak w neb2a nrooh</body>
    </message>
    <message id="m0235" time="2013-04-08 11:27:29 UTC" participant="138112">
      <body>*enti</body>
    </message>
    <message id="m0236" time="2013-04-08 11:27:34 UTC" participant="138112">
      <body>M3a Edward</body>
    </message>
    <message id="m0237" time="2013-04-08 11:27:35 UTC" participant="138328">
      <body>Tayb agilk when</body>
    </message>
    <message id="m0238" time="2013-04-08 11:27:50 UTC" participant="138112">
      <body>T3ali 2 aw 2:30</body>
    </message>
    <message id="m0239" time="2013-04-08 11:28:05 UTC" participant="138328">
      <body>Hgiljo 3al korba</body>
    </message>
    <message id="m0240" time="2013-04-08 11:28:06 UTC" participant="138112">
      <body>Ahh</body>
    </message>
    <message id="m0242" time="2013-04-08 11:28:21 UTC" participant="138112">
      <body>Hab2a a2olek a3deen feen bezabt</body>
    </message>
    <message id="m0244" time="2013-04-08 11:29:38 UTC" participant="138328">
      <body>Hagilko</body>
    </message>
    <message id="m0245" time="2013-04-08 11:29:45 UTC" participant="138328">
      <body>Ana bardo mah adra a3od fel bet</body>
    </message>
    <message id="m0246" time="2013-04-08 11:29:53 UTC" participant="138112">
      <body>5las eshta, wala ay 7ad feena</body>
    </message>
    <message id="m0247" time="2013-04-08 11:30:23 UTC" participant="138328">
      <body>Enty htlbsi eswed f eswed</body>
    </message>
    <message id="m0248" time="2013-04-08 11:30:27 UTC" participant="138112">
      <body>Ah</body>
    </message>
    <message id="m0249" time="2013-04-08 11:30:28 UTC" participant="138328">
      <body>Ana msh 3arfa albes eih</body>
    </message>
    <message id="m0252" time="2013-04-08 11:31:49 UTC" participant="138328">
      <body>T3alo nrou7 na2na2a</body>
    </message>
    <message id="m0253" time="2013-04-08 11:32:07 UTC" participant="138112">
      <body>Okay mashy</body>
    </message>
    <message id="m0255" time="2013-04-08 11:32:33 UTC" participant="138328">
      <body>Ana shkli harou7 abliko</body>
    </message>
    <message id="m0256" time="2013-04-08 11:32:40 UTC" participant="138328">
      <body>Ana hamot aktr men keda fel bet</body>
    </message>
    <message id="m0257" time="2013-04-08 11:32:42 UTC" participant="138112">
      <body>El sa3a kam?</body>
    </message>
    <message id="m0258" time="2013-04-08 11:32:49 UTC" participant="138112">
      <body>Ana momken ageelek badri</body>
    </message>
    <message id="m0259" time="2013-04-08 11:32:53 UTC" participant="138328">
      <body>3ala 1 30 maslan</body>
    </message>
    <message id="m0260" time="2013-04-08 11:32:57 UTC" participant="138112">
      <body>Howa Edward el hayes7a meta5ar</body>
    </message>
    <message id="m0261" time="2013-04-08 11:33:06 UTC" participant="138112">
      <body>Okay Ana momken ageelek 1:30</body>
    </message>
    <message id="m0262" time="2013-04-08 11:33:17 UTC" participant="138328">
      <body>5las eshtaa</body>
    </message>
    <message id="m0263" time="2013-04-08 12:23:27 UTC" participant="138328">
      <body>Ha anzel emta</body>
    </message>
    <message id="m0264" time="2013-04-08 12:23:33 UTC" participant="138328">
      <body>22ol lel ragel ygili when</body>
    </message>
    <message id="m0265" time="2013-04-08 12:25:17 UTC" participant="138112">
      <body>Ana fel tari2</body>
    </message>
    <message id="m0266" time="2013-04-08 12:25:33 UTC" participant="138328">
      <body>Ahlfi</body>
    </message>
    <message id="m0267" time="2013-04-08 12:25:39 UTC" participant="138328">
      <body>Ya3ni albes wa anzel ?</body>
    </message>
    <message id="m0268" time="2013-04-08 12:25:58 UTC" participant="138112">
      <body>W Edward kaman</body>
    </message>
    <message id="m0269" time="2013-04-08 22:01:15 UTC" participant="138328">
      <body>Yaraaa</body>
    </message>
    <message id="m0270" time="2013-04-08 22:01:20 UTC" participant="138328">
      <body>Shofty el group</body>
    </message>
    <message id="m0271" time="2013-04-08 22:11:54 UTC" participant="138112">
      <body>Eda yaani manrohsh</body>
    </message>
    <message id="m0272" time="2013-04-08 22:12:40 UTC" participant="138328">
      <body>Shklna msh hanrou7</body>
    </message>
    <message id="m0273" time="2013-04-08 22:14:17 UTC" participant="138328">
      <body>T3ali nshof men ray7</body>
    </message>
    <message id="m0275" time="2013-04-08 22:14:52 UTC" participant="138328">
      <body>Ha hatro7i ?</body>
    </message>
    <message id="m0276" time="2013-04-08 22:15:22 UTC" participant="138112">
      <body>Youssef bey2oli aroo7</body>
    </message>
    <message id="m0277" time="2013-04-08 22:15:35 UTC" participant="138112">
      <body>W Ana keda keda bab2a a3da fel bet lwahdi</body>
    </message>
    <message id="m0278" time="2013-04-08 22:15:35 UTC" participant="138328">
      <body>Ah wnaa kmann</body>
    </message>
    <message id="m0279" time="2013-04-08 22:15:57 UTC" participant="138328">
      <body>Tigi nrou7?</body>
    </message>
    <message id="m0280" time="2013-04-08 22:16:29 UTC" participant="138328">
      <body>Hn3od fel bet zh2nen fsh5</body>
    </message>
    <message id="m0281" time="2013-04-08 22:16:38 UTC" participant="138112">
      <body>Ah</body>
    </message>
    <message id="m0282" time="2013-04-08 22:16:54 UTC" participant="138328">
      <body>5las hnrou7</body>
    </message>
    <message id="m0283" time="2013-04-08 22:17:02 UTC" participant="138112">
      <body>okay mashy</body>
    </message>
    <message id="m0284" time="2013-04-08 22:17:12 UTC" participant="138112">
      <body>W law 3'ayart ra2ye ha2olak today</body>
    </message>
    <message id="m0285" time="2013-04-08 22:17:38 UTC" participant="138328">
      <body>Mashi wana lma has7a hashofha</body>
    </message>
    <message id="m0286" time="2013-04-08 22:17:52 UTC" participant="138328">
      <body>Bas bgd t3ali nrou7 hram</body>
    </message>
    <message id="m0287" time="2013-04-08 22:18:42 UTC" participant="138112">
      <body>Ah Ana ra2ye keda bardo</body>
    </message>
    <message id="m0288" time="2013-04-08 22:19:03 UTC" participant="138328">
      <body>5las atf2na wa lw 5yrty ra2yk matnsish t2olili</body>
    </message>
    <message id="m0290" time="2013-04-08 22:26:17 UTC" participant="138112">
      <body>Howa leh bey3'ayar ra2yo -__-</body>
    </message>
    <message id="m0291" time="2013-04-08 22:26:42 UTC" participant="138328">
      <body>Amrrr ?</body>
    </message>
    <message id="m0292" time="2013-04-08 22:27:03 UTC" participant="138328">
      <body>Shklna kolna hnfkes shklkl mahdish hyrou7</body>
    </message>
    <message id="m0293" time="2013-04-08 22:27:11 UTC" participant="138112">
      <body>Ahh</body>
    </message>
    <message id="m0294" time="2013-04-08 22:27:42 UTC" participant="138328">
      <body>3wzenn n3rf bgd hn3ml eih keda amr wa noch wa cathrien fkso</body>
    </message>
    <message id="m0295" time="2013-04-08 22:28:25 UTC" participant="138112">
      <body>Tyb eb2i oleeli enti ht3mli eh</body>
    </message>
    <message id="m0296" time="2013-04-08 22:28:43 UTC" participant="138328">
      <body>Lw htrou7o harou7</body>
    </message>
    <message id="m0297" time="2013-04-08 22:29:04 UTC" participant="138328">
      <body>Shyfa amr by3ml eih</body>
    </message>
    <message id="m0298" time="2013-04-08 22:29:06 UTC" participant="138328">
      <body>Haha</body>
    </message>
    <message id="m0299" time="2013-04-08 22:29:42 UTC" participant="138112">
      <body>Magnoon hahaha</body>
    </message>
    <message id="m0300" time="2013-04-08 22:29:54 UTC" participant="138112">
      <body>Keda wla Amr wla rochi wla cathy rayheen</body>
    </message>
    <message id="m0301" time="2013-04-08 22:29:55 UTC" participant="138328">
      <body>Ah wlahii</body>
    </message>
    <message id="m0303" time="2013-04-08 22:30:11 UTC" participant="138328">
      <body>Shklna hn3od e7na kmn</body>
    </message>
    <message id="m0304" time="2013-04-08 22:36:47 UTC" participant="138328">
      <body>Ana haroi7</body>
    </message>
    <message id="m0305" time="2013-04-08 22:36:54 UTC" participant="138328">
      <body>Hram hysloo 3alihom</body>
    </message>
    <message id="m0306" time="2013-04-08 22:37:28 UTC" participant="138112">
      <body>Ana kaman</body>
    </message>
    <message id="m0307" time="2013-04-08 22:37:46 UTC" participant="138328">
      <body>Mashi hbebe ana wenty nrou7</body>
    </message>
    <message id="m0308" time="2013-04-08 22:37:53 UTC" participant="138328">
      <body>Aslun mah hydolna ai hga</body>
    </message>
    <message id="m0309" time="2013-04-08 22:38:04 UTC" participant="138328">
      <body>Bas fhma nrou7 tlma hysloo y3ni</body>
    </message>
    <message id="m0310" time="2013-04-08 22:38:12 UTC" participant="138112">
      <body>Ahh sa7</body>
    </message>
    <message id="m0311" time="2013-04-08 22:38:18 UTC" participant="138112">
      <body>W Edward w joe rayheen</body>
    </message>
    <message id="m0312" time="2013-04-08 22:38:34 UTC" participant="138328">
      <body>Yaraa mat5yrish ra2yk 3lshan ana bs7a bdri fsh5 wa bnzel skool</body>
    </message>
    <message id="m0313" time="2013-04-08 22:40:57 UTC" participant="138112">
      <body>La2 msh ha3'ayar ra2ye</body>
    </message>
    <message id="m0314" time="2013-04-08 22:52:01 UTC" participant="138328">
      <body>Ana amr wa rochane byfsh5oni dehk</body>
    </message>
    <message id="m0315" time="2013-04-08 22:52:18 UTC" participant="138112">
      <body>Hahahaha ah</body>
    </message>
    <message id="m0317" time="2013-04-08 22:52:56 UTC" participant="138328">
      <body>T3ali bukra akid hyrw7ona badri a5dk nshish f porto aswan</body>
    </message>
    <message id="m0318" time="2013-04-08 22:52:58 UTC" participant="138328">
      <body>Ahahahahaha</body>
    </message>
    <message id="m0320" time="2013-04-08 22:53:38 UTC" participant="138112">
      <body/>
    </message>
    <message id="m0322" time="2013-04-08 22:59:47 UTC" participant="138328">
      <body>Yara dul hylbso black bukra</body>
    </message>
    <message id="m0323" time="2013-04-08 22:59:53 UTC" participant="138328">
      <body>Enty htlbsi hga black ?</body>
    </message>
    <message id="m0324" time="2013-04-08 23:00:37 UTC" participant="138112">
      <body>Msh arfa</body>
    </message>
    <message id="m0325" time="2013-04-08 23:01:03 UTC" participant="138328">
      <body>Ana hlbes lebs skool</body>
    </message>
    <message id="m0326" time="2013-04-08 23:01:09 UTC" participant="138328">
      <body>Enty z3lty menhomm ?</body>
    </message>
    <message id="m0327" time="2013-04-08 23:01:12 UTC" participant="138112">
      <body>Ana kaman</body>
    </message>
    <message id="m0328" time="2013-04-08 23:01:15 UTC" participant="138112">
      <body>La2 hahaha</body>
    </message>
    <message id="m0329" time="2013-04-08 23:01:21 UTC" participant="138328">
      <body>Ahahahaha</body>
    </message>
    <message id="m0330" time="2013-04-08 23:01:23 UTC" participant="138112">
      <body>Bas dawsha fsh5</body>
    </message>
    <message id="m0331" time="2013-04-08 23:01:25 UTC" participant="138112">
      <body>Hahaha</body>
    </message>
    <message id="m0332" time="2013-04-08 23:01:48 UTC" participant="138328">
      <body>Ahahahahah :D</body>
    </message>
    <message id="m0333" time="2013-04-08 23:02:01 UTC" participant="138328">
      <body>Ana aheb 22olk 2nna hntfsh5 bukra</body>
    </message>
    <message id="m0335" time="2013-04-08 23:02:28 UTC" participant="138328">
      <body>Men el prayer el hy3mlhalhom wa keda</body>
    </message>
    <message id="m0336" time="2013-04-08 23:02:51 UTC" participant="138112">
      <body>Momken</body>
    </message>
    <message id="m0337" time="2013-04-08 23:03:15 UTC" participant="138328">
      <body>Ana shkli hnam b2a</body>
    </message>
    <message id="m0341" time="2013-04-08 23:04:55 UTC" participant="138112">
      <body/>
    </message>
    <message id="m0342" time="2013-04-09 20:29:08 UTC" participant="138328">
      <body>Hbebeee</body>
    </message>
    <message id="m0343" time="2013-04-09 20:29:08 UTC" participant="138328">
      <body>Sa7ia ?</body>
    </message>
    <message id="m0344" time="2013-04-09 20:35:42 UTC" participant="138328">
      <body>Yaraaaaa</body>
    </message>
    <message id="m0345" time="2013-04-09 20:53:21 UTC" participant="138328">
      <body>Youssef 2li 2n shwaia wa htftahi mobikkk</body>
    </message>
    <message id="m0346" time="2013-04-09 22:13:37 UTC" participant="138112">
      <body>Ah ezayek</body>
    </message>
    <message id="m0348" time="2013-04-10 00:07:08 UTC" participant="138328">
      <body>Wenty</body>
    </message>
    <message id="m0350" time="2013-04-10 00:11:03 UTC" participant="138112">
      <body>Msh 7asadteeni w oltele shaklek far7ana awy w ha2olek leh ba3deen Ana b2a enaharda etfash5t ka2aba</body>
    </message>
    <message id="m0351" time="2013-04-10 00:11:41 UTC" participant="138328">
      <body>L2a ana makntshhh 22sod anaa kan asdi 3lshan youmna mwgouda jnt bttri2</body>
    </message>
    <message id="m0353" time="2013-04-10 00:14:38 UTC" participant="138112">
      <body>Ah Ana kwayesa el7</body>
    </message>
    <message id="m0356" time="2013-04-10 00:16:43 UTC" participant="138112">
      <body>Bt3mle eh</body>
    </message>
    <message id="m0357" time="2013-04-10 00:19:28 UTC" participant="138328">
      <body>Wla hgaa hbebe</body>
    </message>
    <message id="m0358" time="2013-04-10 00:19:30 UTC" participant="138328">
      <body>Wenty</body>
    </message>
    <message id="m0359" time="2013-04-10 00:20:06 UTC" participant="138112">
      <body>Ana a3da bzaker Arabic</body>
    </message>
    <message id="m0360" time="2013-04-10 00:21:47 UTC" participant="138328">
      <body>Eda bgdd</body>
    </message>
    <message id="m0361" time="2013-04-10 00:21:52 UTC" participant="138328">
      <body>Tayb bravooo 3alikii</body>
    </message>
    <message id="m0362" time="2013-04-10 01:31:37 UTC" participant="138112">
      <body>Helw el color</body>
    </message>
    <message id="m0363" time="2013-04-10 01:32:10 UTC" participant="138112">
      <body>&lt;media omitted&gt;</body>
    </message>
    <message id="m0364" time="2013-04-10 01:33:01 UTC" participant="138328">
      <body>Ahhhhh aweeee</body>
    </message>
    <message id="m0365" time="2013-04-10 01:33:09 UTC" participant="138328">
      <body>Grey helw awee</body>
    </message>
    <message id="m0367" time="2013-04-10 09:33:17 UTC" participant="138112">
      <body>3amla ehhh</body>
    </message>
    <message id="m0370" time="2013-04-10 09:36:29 UTC" participant="138112">
      <body>Kwayesa el7</body>
    </message>
    <message id="m0371" time="2013-04-10 09:36:36 UTC" participant="138112">
      <body>Hateegi le ramy</body>
    </message>
    <message id="m0373" time="2013-04-10 09:36:58 UTC" participant="138328">
      <body>Ana f sheraton</body>
    </message>
    <message id="m0374" time="2013-04-10 09:37:06 UTC" participant="138112">
      <body>Okay hashoofek henak</body>
    </message>
    <message id="m0375" time="2013-04-10 09:37:12 UTC" participant="138328">
      <body>Youssef hy5odni m3ah</body>
    </message>
    <message id="m0376" time="2013-04-10 09:37:32 UTC" participant="138112">
      <body>Yeb2a hashoofek ba3d shwaya :D</body>
    </message>
    <message id="m0377" time="2013-04-10 09:42:39 UTC" participant="138328">
      <body>Ahhh</body>
    </message>
    <message id="m0378" time="2013-04-10 10:28:48 UTC" participant="138112">
      <body>Ento feen</body>
    </message>
    <message id="m0379" time="2013-04-10 19:18:49 UTC" participant="138328">
      <body>Btnyliii eih</body>
    </message>
    <message id="m0380" time="2013-04-10 19:33:37 UTC" participant="138112">
      <body>Lesa m5alasa dars, you!?</body>
    </message>
    <message id="m0381" time="2013-04-10 19:35:45 UTC" participant="138328">
      <body>Wanaa kmann</body>
    </message>
    <message id="m0382" time="2013-04-10 19:36:11 UTC" participant="138328">
      <body>5lst men nos sa3a</body>
    </message>
    <message id="m0383" time="2013-04-10 19:38:54 UTC" participant="138112">
      <body>Msh darsek 4?</body>
    </message>
    <message id="m0384" time="2013-04-10 19:39:20 UTC" participant="138328">
      <body>L2 gali 5 30 3o2bal ma rwa7t aslun</body>
    </message>
    <message id="m0386" time="2013-04-11 12:59:20 UTC" participant="138328">
      <body>Yaraaa</body>
    </message>
    <message id="m0387" time="2013-04-11 13:53:54 UTC" participant="138112">
      <body>Myrnaaa</body>
    </message>
    <message id="m0388" time="2013-04-11 13:54:18 UTC" participant="138328">
      <body>Hbebe enty 5las htnzli m3ana sa7</body>
    </message>
    <message id="m0389" time="2013-04-11 13:54:35 UTC" participant="138112">
      <body>Ah ta2ribqn</body>
    </message>
    <message id="m0390" time="2013-04-11 13:54:39 UTC" participant="138112">
      <body>*ta2ribqn</body>
    </message>
    <message id="m0391" time="2013-04-11 13:54:44 UTC" participant="138112">
      <body>*ta2riban</body>
    </message>
    <message id="m0392" time="2013-04-11 13:54:51 UTC" participant="138328">
      <body>Cathrien ht3di 3aliki ?</body>
    </message>
    <message id="m0393" time="2013-04-11 13:55:01 UTC" participant="138112">
      <body>Msh arfa lesa</body>
    </message>
    <message id="m0394" time="2013-04-11 13:55:18 UTC" participant="138328">
      <body>Tayb shofi wa tell me</body>
    </message>
    <message id="m0395" time="2013-04-11 13:55:26 UTC" participant="138112">
      <body>7ader</body>
    </message>
    <message id="m0396" time="2013-04-11 13:55:50 UTC" participant="138328">
      <body>Yara wa htnzli 3mtan :D 3lshan tb2i 3mla hsabk bas</body>
    </message>
    <message id="m0397" time="2013-04-11 13:56:42 UTC" participant="138112">
      <body>Eh?</body>
    </message>
    <message id="m0398" time="2013-04-11 13:59:49 UTC" participant="138328">
      <body>Eih eih :D</body>
    </message>
    <message id="m0399" time="2013-04-11 13:59:56 UTC" participant="138328">
      <body>Ya3ni htigi msh htfksi</body>
    </message>
    <message id="m0401" time="2013-04-11 14:00:17 UTC" participant="138112">
      <body>Ah Ana ektana3t 5alas ene agee</body>
    </message>
    <message id="m0402" time="2013-04-11 14:00:26 UTC" participant="138328">
      <body>Bravoo hbebee</body>
    </message>
    <message id="m0403" time="2013-04-11 14:00:27 UTC" participant="138112">
      <body>Bas lesa ha2ool le mami b2a haha</body>
    </message>
    <message id="m0404" time="2013-04-11 14:00:38 UTC" participant="138328">
      <body>Msh ht2olk hga</body>
    </message>
    <message id="m0405" time="2013-04-11 14:01:02 UTC" participant="138112">
      <body>Ah isa</body>
    </message>
    <message id="m0406" time="2013-04-11 14:01:12 UTC" participant="138112">
      <body>Ela law 3andena plans</body>
    </message>
    <message id="m0407" time="2013-04-11 14:01:19 UTC" participant="138112">
      <body>Yaani haygelna 7ad</body>
    </message>
    <message id="m0408" time="2013-04-11 14:01:23 UTC" participant="138112">
      <body>Wla haga</body>
    </message>
    <message id="m0409" time="2013-04-11 14:01:35 UTC" participant="138328">
      <body>Noo msh hyglko :D</body>
    </message>
    <message id="m0410" time="2013-04-11 14:01:41 UTC" participant="138112">
      <body>HAHAHAHAHA</body>
    </message>
    <message id="m0411" time="2013-04-11 14:01:49 UTC" participant="138112">
      <body>Mashi</body>
    </message>
    <message id="m0412" time="2013-04-11 14:01:52 UTC" participant="138328">
      <body>Hahahahahah :D</body>
    </message>
    <message id="m0413" time="2013-04-11 14:02:21 UTC" participant="138112">
      <body>Msh 3arfa kont h3ml eh men 3'erek rabena ye5aliki leya</body>
    </message>
    <message id="m0415" time="2013-04-11 14:02:27 UTC" participant="138112">
      <body/>
    </message>
    <message id="m0417" time="2013-04-11 14:02:52 UTC" participant="138328">
      <body/>
    </message>
    <message id="m0419" time="2013-04-11 14:03:25 UTC" participant="138328">
      <body>Yara mami bt2oli ana nfsi ashof yara :D</body>
    </message>
    <message id="m0420" time="2013-04-11 14:03:35 UTC" participant="138328">
      <body>B2olha dnt wrry hagbhalk :D</body>
    </message>
    <message id="m0421" time="2013-04-11 14:03:38 UTC" participant="138112">
      <body>Edaaaa Ana 3ayza ashofha Ana kaman hahaha</body>
    </message>
    <message id="m0422" time="2013-04-11 14:03:57 UTC" participant="138328">
      <body>Ana 3arfa ento hathboo b3d awee</body>
    </message>
    <message id="m0424" time="2013-04-11 14:05:25 UTC" participant="138112">
      <body>2olelha Yara d to7faaaaa</body>
    </message>
    <message id="m0425" time="2013-04-11 14:05:31 UTC" participant="138112">
      <body>W betmoot feya</body>
    </message>
    <message id="m0426" time="2013-04-11 14:06:02 UTC" participant="138328">
      <body>Hyaaa juliee 2ltlhaaa kol hgaaaa helwaa ahahahahahaha :D enty msh fhma tul el wa2t klam 3aliki enty wa youssef</body>
    </message>
    <message id="m0427" time="2013-04-11 14:09:19 UTC" participant="138112">
      <body>Hahahaha 2ooli walahi</body>
    </message>
    <message id="m0428" time="2013-04-11 14:09:40 UTC" participant="138328">
      <body>Ah wlahiii</body>
    </message>
    <message id="m0429" time="2013-04-11 14:09:54 UTC" participant="138328">
      <body>Dah entyy wa youssef habtkoooo awee</body>
    </message>
    <message id="m0430" time="2013-04-11 14:10:22 UTC" participant="138112">
      <body>Hahaha la2 lazem agelko b2a</body>
    </message>
    <message id="m0431" time="2013-04-11 14:10:51 UTC" participant="138328">
      <body>Ahhhhhh lazemmm</body>
    </message>
    <message id="m0432" time="2013-04-11 14:54:09 UTC" participant="138112">
      <body/>
    </message>
    <message id="m0433" time="2013-04-11 14:54:50 UTC" participant="138328">
      <body>Ana zh2ana fsh5</body>
    </message>
    <message id="m0435" time="2013-04-11 14:55:07 UTC" participant="138328">
      <body>Tayb n3ml eih</body>
    </message>
    <message id="m0436" time="2013-04-11 14:55:14 UTC" participant="138112">
      <body>Ana kont batbo5</body>
    </message>
    <message id="m0438" time="2013-04-11 14:55:40 UTC" participant="138328">
      <body>Allllah</body>
    </message>
    <message id="m0439" time="2013-04-11 14:55:43 UTC" participant="138328">
      <body>3mlty eih</body>
    </message>
    <message id="m0442" time="2013-04-11 14:56:17 UTC" participant="138328">
      <body>Allllahhh</body>
    </message>
    <message id="m0443" time="2013-04-11 14:56:21 UTC" participant="138328">
      <body>Eda ana 3awzaaaaa</body>
    </message>
    <message id="m0444" time="2013-04-11 14:58:52 UTC" participant="138112">
      <body>Bas enti sayma ya 3eni hahaha</body>
    </message>
    <message id="m0445" time="2013-04-11 14:59:11 UTC" participant="138112">
      <body>5odi gamb keda enti w Edward w kolo el hagat beta3etko</body>
    </message>
    <message id="m0446" time="2013-04-11 15:01:23 UTC" participant="138328">
      <body>Ahahahaha :D kalbaa</body>
    </message>
    <message id="m0447" time="2013-04-11 15:01:56 UTC" participant="138112">
      <body>Hahahaha</body>
    </message>
    <message id="m0448" time="2013-04-11 15:02:02 UTC" participant="138112">
      <body>:*</body>
    </message>
    <message id="m0449" time="2013-04-11 15:02:53 UTC" participant="138328">
      <body/>
    </message>
    <message id="m0451" time="2013-04-11 17:16:34 UTC" participant="138328">
      <body>Yaraa trou7i pool party fel tagmou3</body>
    </message>
    <message id="m0452" time="2013-04-11 17:16:40 UTC" participant="138328">
      <body>B 250</body>
    </message>
    <message id="m0453" time="2013-04-11 17:16:45 UTC" participant="138328">
      <body>Tab3 samni</body>
    </message>
    <message id="m0454" time="2013-04-11 17:18:27 UTC" participant="138112">
      <body>Eb2i oleeli 3aleha lama ashoofek</body>
    </message>
    <message id="m0455" time="2013-04-11 17:18:49 UTC" participant="138328">
      <body>Mahna lazem ndf3 2day</body>
    </message>
    <message id="m0456" time="2013-04-11 17:19:36 UTC" participant="138112">
      <body>Pool party bta3t meen w feen aslan w emta</body>
    </message>
    <message id="m0457" time="2013-04-11 17:19:42 UTC" participant="138112">
      <body>W meen rayeh</body>
    </message>
    <message id="m0458" time="2013-04-11 17:19:48 UTC" participant="138328">
      <body>Sabt</body>
    </message>
    <message id="m0459" time="2013-04-11 17:20:06 UTC" participant="138328">
      <body>Fel tagmou3</body>
    </message>
    <message id="m0460" time="2013-04-11 17:20:13 UTC" participant="138328">
      <body>Taba3 samni</body>
    </message>
    <message id="m0461" time="2013-04-11 17:20:22 UTC" participant="138328">
      <body>Wel ray7 amt wa edward wa samni</body>
    </message>
    <message id="m0462" time="2013-04-11 17:20:25 UTC" participant="138328">
      <body>Wana</body>
    </message>
    <message id="m0463" time="2013-04-11 17:21:24 UTC" participant="138112">
      <body>Yaani eh tba3 samny? 7ad sa7eb samny yaani</body>
    </message>
    <message id="m0464" time="2013-04-11 17:21:38 UTC" participant="138328">
      <body>Wla a3rff ahahahahahhah</body>
    </message>
    <message id="m0465" time="2013-04-11 17:21:59 UTC" participant="138112">
      <body>Hahaha Akeed wa7ed sa7bo</body>
    </message>
    <message id="m0466" time="2013-04-11 17:22:12 UTC" participant="138328">
      <body>Tayb enty eih nzamkk</body>
    </message>
    <message id="m0467" time="2013-04-11 17:22:18 UTC" participant="138328">
      <body>Yalla nrou7</body>
    </message>
    <message id="m0468" time="2013-04-11 17:23:00 UTC" participant="138112">
      <body>La2 msh haro7 bet 7ad ma3rafhoosh w kaman pool party</body>
    </message>
    <message id="m0469" time="2013-04-11 17:25:25 UTC" participant="138328">
      <body>Mah bet</body>
    </message>
    <message id="m0470" time="2013-04-11 17:25:28 UTC" participant="138328">
      <body>Dih hfka</body>
    </message>
    <message id="m0471" time="2013-04-11 17:26:43 UTC" participant="138328">
      <body>Ana h2ol l mami f dusit ahahahahhaha</body>
    </message>
    <message id="m0472" time="2013-04-11 17:26:54 UTC" participant="138112">
      <body>Fakes ya Myrna</body>
    </message>
    <message id="m0473" time="2013-04-11 17:27:07 UTC" participant="138328">
      <body>Ana bfkar arou7</body>
    </message>
    <message id="m0474" time="2013-04-11 17:27:09 UTC" participant="138112">
      <body>Matrohish bet 7ad mat3rafihoosh</body>
    </message>
    <message id="m0475" time="2013-04-11 17:27:18 UTC" participant="138112">
      <body>W kaman hateb2i labsa swim quit</body>
    </message>
    <message id="m0477" time="2013-04-11 17:27:28 UTC" participant="138328">
      <body>Yabnty dih hfla wa b felos akid htb2a ndefa</body>
    </message>
    <message id="m0478" time="2013-04-11 17:27:30 UTC" participant="138112">
      <body>A5af 3aleki</body>
    </message>
    <message id="m0479" time="2013-04-11 17:27:34 UTC" participant="138328">
      <body>Mah hnb2a lwhdna y3ni</body>
    </message>
    <message id="m0480" time="2013-04-11 17:27:42 UTC" participant="138112">
      <body>Bas hatb2a f beet</body>
    </message>
    <message id="m0482" time="2013-04-11 17:27:49 UTC" participant="138328">
      <body>Yara hyatie dih hfla msh bet d3araa</body>
    </message>
    <message id="m0484" time="2013-04-11 17:28:23 UTC" participant="138328">
      <body>Astni ns2al edward</body>
    </message>
    <message id="m0485" time="2013-04-11 17:28:51 UTC" participant="138112">
      <body>Hahahahahaha</body>
    </message>
    <message id="m0487" time="2013-04-11 17:31:16 UTC" participant="138328">
      <body>Edward by2oli ana lesa maklmtoah</body>
    </message>
    <message id="m0488" time="2013-04-11 17:31:37 UTC" participant="138112">
      <body>Hahaha samny magnoon</body>
    </message>
    <message id="m0489" time="2013-04-11 17:31:49 UTC" participant="138328">
      <body>Leeh ahahahahaah</body>
    </message>
    <message id="m0492" time="2013-04-11 17:32:01 UTC" participant="138112">
      <body>Keda hahaha</body>
    </message>
    <message id="m0493" time="2013-04-11 17:32:12 UTC" participant="138328">
      <body>Tayb yara matfkri :D</body>
    </message>
    <message id="m0494" time="2013-04-11 17:32:21 UTC" participant="138328">
      <body>Hntbst wlahi</body>
    </message>
    <message id="m0495" time="2013-04-11 17:32:30 UTC" participant="138112">
      <body>Tyb heya sob7 wla belel</body>
    </message>
    <message id="m0496" time="2013-04-11 17:32:40 UTC" participant="138328">
      <body>Sob7</body>
    </message>
    <message id="m0497" time="2013-04-11 17:32:49 UTC" participant="138328">
      <body>Akid mah pool party belel :D</body>
    </message>
    <message id="m0498" time="2013-04-11 17:32:53 UTC" participant="138328">
      <body>Dih men el sa3a 2</body>
    </message>
    <message id="m0499" time="2013-04-11 17:32:56 UTC" participant="138328">
      <body>L 9</body>
    </message>
    <message id="m0500" time="2013-04-11 17:32:59 UTC" participant="138328">
      <body>5yfa men eih</body>
    </message>
    <message id="m0501" time="2013-04-11 17:33:01 UTC" participant="138112">
      <body>3adi 3adi</body>
    </message>
    <message id="m0502" time="2013-04-11 17:33:10 UTC" participant="138112">
      <body>F pool parties at night</body>
    </message>
    <message id="m0503" time="2013-04-11 17:33:18 UTC" participant="138112">
      <body>Msh 5ayfa men haga :p hahaha</body>
    </message>
    <message id="m0504" time="2013-04-11 17:33:26 UTC" participant="138328">
      <body>Aiwa bas dih el sob7</body>
    </message>
    <message id="m0505" time="2013-04-11 17:33:31 UTC" participant="138328">
      <body>Wa hnb2a m3 b3d</body>
    </message>
    <message id="m0506" time="2013-04-11 17:33:39 UTC" participant="138112">
      <body>Hanezha2</body>
    </message>
    <message id="m0507" time="2013-04-11 17:33:44 UTC" participant="138112">
      <body>Msh moktane3a</body>
    </message>
    <message id="m0508" time="2013-04-11 17:34:04 UTC" participant="138328">
      <body>You crazy hnzha2 men eih :F</body>
    </message>
    <message id="m0510" time="2013-04-11 17:34:49 UTC" participant="138328">
      <body>Tayb astni edward yklim samni yfham wa yfhmna</body>
    </message>
    <message id="m0513" time="2013-04-11 17:51:37 UTC" participant="138328">
      <body>Hya f clubhouse</body>
    </message>
    <message id="m0514" time="2013-04-11 17:51:41 UTC" participant="138328">
      <body>Mah f bet had</body>
    </message>
    <message id="m0515" time="2013-04-11 17:52:03 UTC" participant="138328">
      <body>El 3mlha owner bta3 tamari</body>
    </message>
    <message id="m0517" time="2013-04-11 19:36:58 UTC" participant="138112">
      <body>&lt;vCard omitted&gt;</body>
    </message>
    <message id="m0518" time="2013-04-11 19:37:03 UTC" participant="138112">
      <body>F eh b2a</body>
    </message>
    <message id="m0521" time="2013-04-11 19:43:35 UTC" participant="138328">
      <body>Tell me wento nazlen</body>
    </message>
    <message id="m0524" time="2013-04-11 20:02:50 UTC" participant="138112">
      <body>Nazleen</body>
    </message>
    <message id="m0525" time="2013-04-11 20:03:48 UTC" participant="138328">
      <body>Tayb bosi lw wento fel tari2 5ateb julie kan gih ha5lih ywslni</body>
    </message>
    <message id="m0526" time="2013-04-11 20:03:58 UTC" participant="138328">
      <body>Ya3ni h2olk le gih fhma</body>
    </message>
    <message id="m0527" time="2013-04-11 20:04:08 UTC" participant="138328">
      <body>Htkono ento lesa f awel el tari2 fhmti hga</body>
    </message>
    <message id="m0528" time="2013-04-11 20:04:50 UTC" participant="138112">
      <body>La2 wala haga</body>
    </message>
    <message id="m0529" time="2013-04-11 20:05:07 UTC" participant="138328">
      <body>Klminii ya yara</body>
    </message>
    <message id="m0530" time="2013-04-12 00:18:15 UTC" participant="138112">
      <body>Myrna Ana lesa 7alan da5la el bet....</body>
    </message>
    <message id="m0531" time="2013-04-12 10:49:00 UTC" participant="138328">
      <body>Yaraaaa</body>
    </message>
    <message id="m0532" time="2013-04-12 10:49:05 UTC" participant="138328">
      <body>Matigii korba</body>
    </message>
    <message id="m0533" time="2013-04-12 12:06:29 UTC" participant="138112">
      <body>Msh ha3raf</body>
    </message>
    <message id="m0534" time="2013-04-12 12:07:16 UTC" participant="138112">
      <body>Ana da5la el bet yesterday 12:20 mami aletli mafish 5roug ba2et el weekend w baaden Ana aslan ahli gayenli enaharda</body>
    </message>
    <message id="m0535" time="2013-04-12 12:47:24 UTC" participant="138328">
      <body>Mashii hbebe</body>
    </message>
    <message id="m0536" time="2013-04-12 21:13:25 UTC" participant="138112">
      <body>Myrna rohti el 3azza? O5to 3mla eh</body>
    </message>
    <message id="m0537" time="2013-04-12 21:13:28 UTC" participant="138112">
      <body>Shofteeha</body>
    </message>
    <message id="m0538" time="2013-04-12 21:24:52 UTC" participant="138328">
      <body>Ah hbebe i wentttt</body>
    </message>
    <message id="m0539" time="2013-04-12 21:24:54 UTC" participant="138328">
      <body>Ahh :((</body>
    </message>
    <message id="m0540" time="2013-04-12 21:25:18 UTC" participant="138112">
      <body>Tab 3mla ezay</body>
    </message>
    <message id="m0541" time="2013-04-12 21:33:11 UTC" participant="138328">
      <body>Hya bosi 5aryba she is smiling</body>
    </message>
    <message id="m0542" time="2013-04-12 21:33:17 UTC" participant="138328">
      <body>Wa a3dt ttklim m3ana</body>
    </message>
    <message id="m0544" time="2013-04-12 21:51:55 UTC" participant="138328">
      <body>Yesss bgdd s3bt 3alia awe</body>
    </message>
    <message id="m0545" time="2013-04-12 21:53:40 UTC" participant="138112">
      <body>Rabena msh beyensa 7ad</body>
    </message>
    <message id="m0546" time="2013-04-12 21:54:59 UTC" participant="138328">
      <body>Ahh bgddd rabena ysbhrhaaa yarub</body>
    </message>
    <message id="m0547" time="2013-04-12 21:56:21 UTC" participant="138112">
      <body>:(</body>
    </message>
    <message id="m0548" time="2013-04-12 21:58:30 UTC" participant="138328">
      <body>Ana albi wag3ni 3aliha</body>
    </message>
    <message id="m0549" time="2013-04-12 22:00:56 UTC" participant="138112">
      <body>Rabena msh beyensa 7ad walahi, heya tala2e kolo wa2ef gambaha</body>
    </message>
    <message id="m0550" time="2013-04-12 22:01:03 UTC" participant="138112">
      <body>W walahi rabena bey3awad</body>
    </message>
    <message id="m0551" time="2013-04-12 22:48:47 UTC" participant="138328">
      <body>Ahhhh yarubbb kol ahlha yo2fooo gambhaa</body>
    </message>
    <message id="m0552" time="2013-04-12 22:50:21 UTC" participant="138112">
      <body>Isa</body>
    </message>
    <message id="m0553" time="2013-04-12 22:55:15 UTC" participant="138328">
      <body>Enty 3mlty eih 2day</body>
    </message>
    <message id="m0554" time="2013-04-12 22:55:54 UTC" participant="138112">
      <body>Wala haga ahli b2alhom hena men 3 w Zehe2t menhom 5las haha</body>
    </message>
    <message id="m0556" time="2013-04-12 22:56:57 UTC" participant="138328">
      <body>Ro7t oasis m3 edward el sob7 then 3ala 5 keda gih youssef wa amr ro7na el 3aza</body>
    </message>
    <message id="m0557" time="2013-04-12 22:57:14 UTC" participant="138328">
      <body>Then ro7t m3 julie sheraton wa lesa mrwa7a</body>
    </message>
    <message id="m0558" time="2013-04-12 22:57:37 UTC" participant="138112">
      <body>Hatnami ma2toola enaharda</body>
    </message>
    <message id="m0559" time="2013-04-12 22:57:51 UTC" participant="138112">
      <body>Enti lesa sahya :p</body>
    </message>
    <message id="m0560" time="2013-04-12 22:58:18 UTC" participant="138328">
      <body>Ahahahahaha :D</body>
    </message>
    <message id="m0561" time="2013-04-12 22:59:13 UTC" participant="138112">
      <body>Bt3mli ehhh</body>
    </message>
    <message id="m0562" time="2013-04-12 22:59:17 UTC" participant="138112">
      <body>Feen and</body>
    </message>
    <message id="m0563" time="2013-04-12 22:59:21 UTC" participant="138112">
      <body>*amr</body>
    </message>
    <message id="m0564" time="2013-04-12 22:59:26 UTC" participant="138112">
      <body>Taali neday2o</body>
    </message>
    <message id="m0565" time="2013-04-12 22:59:37 UTC" participant="138112">
      <body>Nera5em asdi haha</body>
    </message>
    <message id="m0566" time="2013-04-12 23:00:26 UTC" participant="138328">
      <body>Ahahahahahaha yalla</body>
    </message>
    <message id="m0567" time="2013-04-12 23:00:34 UTC" participant="138112">
      <body>Taali netkalem 3la mobilo</body>
    </message>
    <message id="m0568" time="2013-04-12 23:00:37 UTC" participant="138112">
      <body>Fahma asdi?</body>
    </message>
    <message id="m0569" time="2013-04-12 23:00:46 UTC" participant="138112">
      <body>Yaani Ana ab3atlo a2olo 3amel eh</body>
    </message>
    <message id="m0570" time="2013-04-12 23:00:56 UTC" participant="138112">
      <body>Enti teb3ateelo trodi 3laya Ana</body>
    </message>
    <message id="m0571" time="2013-04-12 23:01:10 UTC" participant="138112">
      <body>W nefagar mobilo</body>
    </message>
    <message id="m0572" time="2013-04-12 23:02:41 UTC" participant="138328">
      <body>Mashi</body>
    </message>
    <message id="m0573" time="2013-04-12 23:03:49 UTC" participant="138112">
      <body>El hat2oliholo oleeli 3aleh</body>
    </message>
    <message id="m0574" time="2013-04-12 23:03:57 UTC" participant="138112">
      <body>Enti el awel hahaha</body>
    </message>
    <message id="m0575" time="2013-04-12 23:04:19 UTC" participant="138328">
      <body>Mashii h2olo 3amel eih</body>
    </message>
    <message id="m0576" time="2013-04-12 23:04:49 UTC" participant="138112">
      <body>Ba3ati</body>
    </message>
    <message id="m0578" time="2013-04-12 23:05:14 UTC" participant="138112">
      <body>Kwayesa el7</body>
    </message>
    <message id="m0580" time="2013-04-12 23:05:45 UTC" participant="138328">
      <body>Enta fen ya babe</body>
    </message>
    <message id="m0581" time="2013-04-12 23:06:05 UTC" participant="138112">
      <body>Fel bet</body>
    </message>
    <message id="m0582" time="2013-04-12 23:06:49 UTC" participant="138112">
      <body>Howa enti olteelo keda wla betes2alini begad</body>
    </message>
    <message id="m0583" time="2013-04-12 23:07:14 UTC" participant="138328">
      <body>Nooo 2oltlo keda</body>
    </message>
    <message id="m0584" time="2013-04-12 23:07:35 UTC" participant="138112">
      <body>Olt "fel bet"</body>
    </message>
    <message id="m0585" time="2013-04-12 23:08:07 UTC" participant="138328">
      <body>Ana mastniaa wl klam ywsloo bas :D</body>
    </message>
    <message id="m0586" time="2013-04-12 23:08:11 UTC" participant="138328">
      <body>Ahahahhahaha</body>
    </message>
    <message id="m0587" time="2013-04-12 23:08:24 UTC" participant="138328">
      <body>T3ali nr5em 3ala had tani</body>
    </message>
    <message id="m0588" time="2013-04-12 23:09:34 UTC" participant="138112">
      <body>Rad!!!</body>
    </message>
    <message id="m0589" time="2013-04-12 23:09:36 UTC" participant="138112">
      <body>Hahaha</body>
    </message>
    <message id="m0590" time="2013-04-12 23:09:42 UTC" participant="138112">
      <body>Nera5em 3la Youssef</body>
    </message>
    <message id="m0591" time="2013-04-12 23:10:10 UTC" participant="138112">
      <body>Hahahaha</body>
    </message>
    <message id="m0592" time="2013-04-12 23:10:38 UTC" participant="138328">
      <body>Ahhahahahaha mashi</body>
    </message>
    <message id="m0593" time="2013-04-12 23:11:07 UTC" participant="138112">
      <body>3amla eh</body>
    </message>
    <message id="m0594" time="2013-04-12 23:11:59 UTC" participant="138328">
      <body>Matigi nr5em b hga tania</body>
    </message>
    <message id="m0595" time="2013-04-12 23:12:14 UTC" participant="138112">
      <body>Eh haha</body>
    </message>
    <message id="m0596" time="2013-04-12 23:13:12 UTC" participant="138328">
      <body>Ya3ni n3ml ai hga</body>
    </message>
    <message id="m0597" time="2013-04-12 23:13:24 UTC" participant="138112">
      <body>Youssef ta2riban nam aslan</body>
    </message>
    <message id="m0598" time="2013-04-12 23:13:25 UTC" participant="138112">
      <body>Haga</body>
    </message>
    <message id="m0599" time="2013-04-12 23:13:33 UTC" participant="138328">
      <body>Ahahahahahhaha</body>
    </message>
    <message id="m0600" time="2013-04-12 23:13:36 UTC" participant="138112">
      <body>Nera5em 3la Amr ezay</body>
    </message>
    <message id="m0601" time="2013-04-12 23:14:25 UTC" participant="138328">
      <body>Ai hgaa :D</body>
    </message>
    <message id="m0602" time="2013-04-12 23:16:22 UTC" participant="138112">
      <body>Yala neshta3'alo 3al group</body>
    </message>
    <message id="m0604" time="2013-04-12 23:21:55 UTC" participant="138112">
      <body>Ha2telek</body>
    </message>
    <message id="m0605" time="2013-04-13 07:00:28 UTC" participant="138328">
      <body>Ahahahahahahahaha</body>
    </message>
    <message id="m0606" time="2013-04-13 07:00:34 UTC" participant="138328">
      <body>Ana nmt</body>
    </message>
  </messages>
</conversation>
