<?xml version="1.0" encoding="UTF-8"?>
<conversation id="CHT_ARZ_20130226.0002" medium="CHT" donated="true">
  <messages>
    <message id="m0000" time="2013-02-26 10:59:00 UTC" participant="139376">
      <body>صباح الخييييير</body>
    </message>
    <message id="m0001" time="2013-02-26 11:00:00 UTC" participant="139548">
      <body>صباح النور</body>
    </message>
    <message id="m0002" time="2013-02-26 11:00:00 UTC" participant="139376">
      <body>ايه الاخبار!</body>
    </message>
    <message id="m0003" time="2013-02-26 11:01:00 UTC" participant="139548">
      <body>ازيك يا جميل</body>
    </message>
    <message id="m0004" time="2013-02-26 11:01:00 UTC" participant="139376">
      <body>الحمد لله</body>
    </message>
    <message id="m0005" time="2013-02-26 11:01:00 UTC" participant="139548">
      <body>الحمدلله</body>
    </message>
    <message id="m0006" time="2013-02-26 11:01:00 UTC" participant="139376">
      <body>ماشي الحال</body>
    </message>
    <message id="m0007" time="2013-02-26 11:01:00 UTC" participant="139548">
      <body>انتي قولتي جايه يوم اه ان شاء الله</body>
    </message>
    <message id="m0008" time="2013-02-26 11:02:00 UTC" participant="139376">
      <body>20-3</body>
    </message>
    <message id="m0009" time="2013-02-26 11:03:00 UTC" participant="139548">
      <body>اه طاب هانت مع إن الايام اللي قبل الاجازه تلاقيها بتبقى بطيئه</body>
    </message>
    <message id="m0010" time="2013-02-26 11:03:00 UTC" participant="139548">
      <body>علي بيمتحن ولا لسه؟</body>
    </message>
    <message id="m0011" time="2013-02-26 11:04:00 UTC" participant="139376">
      <body>يوم السبت ان شاء الله بداية امتحانات</body>
    </message>
    <message id="m0012" time="2013-02-26 11:05:00 UTC" participant="139548">
      <body>ربنا معاه ومعاكي</body>
    </message>
    <message id="m0013" time="2013-02-26 11:05:00 UTC" participant="139376">
      <body>الله يخليكي</body>
    </message>
  </messages>
</conversation>
