<?xml version="1.0" encoding="UTF-8"?>
<conversation id="CHT_ARZ_20130213.0000" medium="CHT" donated="true">
  <messages>
    <message id="m0000" participant="138112" time="2013-02-13 22:24:27 UTC">
      <body>Myrna kan 3andek art today?</body>
    </message>
    <message id="m0002" participant="138328" time="2013-02-13 22:59:30 UTC">
      <body>Enty gayaa bukra ?</body>
    </message>
    <message id="m0003" participant="138112" time="2013-02-13 23:02:54 UTC">
      <body>Ah gaya</body>
    </message>
    <message id="m0004" participant="138112" time="2013-02-13 23:03:00 UTC">
      <body>5ati el homework?</body>
    </message>
    <message id="m0005" participant="138328" time="2013-02-13 23:03:11 UTC">
      <body>Ahh bta3 el art :s</body>
    </message>
    <message id="m0006" participant="138112" time="2013-02-13 23:03:15 UTC">
      <body>Ah da</body>
    </message>
    <message id="m0007" participant="138112" time="2013-02-13 23:03:27 UTC">
      <body>&lt;media omitted&gt;</body>
    </message>
    <message id="m0009" participant="138112" time="2013-02-13 23:03:58 UTC">
      <body>3amalti? Wareeni</body>
    </message>
    <message id="m0010" participant="138328" time="2013-02-13 23:04:24 UTC">
      <body>No ma3mltoshhh</body>
    </message>
    <message id="m0011" participant="138328" time="2013-02-13 23:04:28 UTC">
      <body>Ana 3mlt bta3 el class bas</body>
    </message>
    <message id="m0012" participant="138328" time="2013-02-13 23:05:22 UTC">
      <body>El hw dah l next wednesday</body>
    </message>
    <message id="m0013" participant="138328" time="2013-02-13 23:05:40 UTC">
      <body>&lt;media omitted&gt;</body>
    </message>
    <message id="m0014" participant="138112" time="2013-02-13 23:06:17 UTC">
      <body>Mshhhh arfa b2a</body>
    </message>
    <message id="m0015" participant="138112" time="2013-02-13 23:06:24 UTC">
      <body>Enti gaya bokra</body>
    </message>
    <message id="m0018" participant="138328" time="2013-02-13 23:08:59 UTC">
      <body>:*</body>
    </message>
  </messages>
</conversation>
