<?xml version="1.0" encoding="UTF-8"?>
<conversation id="CHT_ARZ_20130316.0005" medium="CHT" donated="true">
  <messages>
    <message id="m0000" time="2013-03-16 18:23:28 UTC" participant="151284">
      <body>فستانك باين إنه حلو يا أمنيه</body>
    </message>
    <message id="m0001" time="2013-03-16 18:23:36 UTC" participant="151284">
      <body>ماشاء الله</body>
    </message>
    <message id="m0002" time="2013-03-16 18:35:02 UTC" participant="139275">
      <body>ده من ذوقك ربنا يخليكي</body>
    </message>
  </messages>
</conversation>

