<?xml version="1.0" encoding="UTF-8"?>
<conversation id="CHT_ARZ_20130410.0001" medium="CHT" donated="true">
  <messages>
    <message id="m0000" participant="138112" time="2013-04-10 20:00:37 UTC">
      <body>Ready</body>
    </message>
    <message id="m0001" participant="138329" time="2013-04-10 20:00:51 UTC">
      <body>akeeeeeddddddddd</body>
    </message>
    <message id="m0002" participant="138329" time="2013-04-10 20:00:54 UTC">
      <body>yaraab yeksabo</body>
    </message>
    <message id="m0003" participant="138329" time="2013-04-10 20:01:55 UTC">
      <body>wenty?</body>
    </message>
    <message id="m0004" participant="138112" time="2013-04-10 20:03:10 UTC">
      <body>Akkkkkkeeeed</body>
    </message>
    <message id="m0005" participant="138329" time="2013-04-10 20:04:27 UTC">
      <body>bet3mli.eh</body>
    </message>
    <message id="m0006" participant="138329" time="2013-04-10 20:04:47 UTC">
      <body>ana da5lt oty w afalt 3alia 3ashan ma7desh y3sabny bara</body>
    </message>
    <message id="m0007" participant="138112" time="2013-04-10 20:04:52 UTC">
      <body>Wala haga a3da</body>
    </message>
    <message id="m0008" participant="138112" time="2013-04-10 20:05:04 UTC">
      <body>Meen el bey3asabak</body>
    </message>
    <message id="m0009" participant="138329" time="2013-04-10 20:12:00 UTC">
      <body>adam w baba realmadrid</body>
    </message>
    <message id="m0010" participant="138112" time="2013-04-10 20:13:36 UTC">
      <body>Hahahahahhaha</body>
    </message>
    <message id="m0011" participant="138329" time="2013-04-10 20:16:13 UTC">
      <body>hahaha</body>
    </message>
    <message id="m0012" participant="138329" time="2013-04-10 20:32:03 UTC">
      <body>bet3mli eh ?</body>
    </message>
    <message id="m0013" participant="138112" time="2013-04-10 21:00:39 UTC">
      <body>Wala haga a3da</body>
    </message>
    <message id="m0015" participant="138329" time="2013-04-10 21:20:07 UTC">
      <body>batafarag</body>
    </message>
    <message id="m0016" participant="138112" time="2013-04-10 21:25:36 UTC">
      <body/>
    </message>
    <message id="m0017" participant="138329" time="2013-04-10 21:25:50 UTC">
      <body>el match helw!!</body>
    </message>
    <message id="m0018" participant="138112" time="2013-04-10 21:26:23 UTC">
      <body>Mat2oresh</body>
    </message>
    <message id="m0019" participant="138329" time="2013-04-10 21:26:53 UTC">
      <body>hhhaha</body>
    </message>
    <message id="m0020" participant="138329" time="2013-04-10 21:26:57 UTC">
      <body>mashi</body>
    </message>
    <message id="m0021" participant="138329" time="2013-04-10 22:12:48 UTC">
      <body>nanananaanananananannana</body>
    </message>
    <message id="m0022" participant="138112" time="2013-04-10 22:12:52 UTC">
      <body>HAHAHAHAHA</body>
    </message>
    <message id="m0023" participant="138329" time="2013-04-10 22:13:22 UTC">
      <body/>
    </message>
    <message id="m0024" participant="138112" time="2013-04-10 22:16:22 UTC">
      <body/>
    </message>
    <message id="m0025" participant="138329" time="2013-04-10 22:36:04 UTC">
      <body>mabrouuk</body>
    </message>
    <message id="m0026" participant="138112" time="2013-04-10 22:39:17 UTC">
      <body>Mabrouk enta :)</body>
    </message>
    <message id="m0027" participant="138329" time="2013-04-10 22:40:11 UTC">
      <body>:*:*</body>
    </message>
    <message id="m0028" participant="138112" time="2013-04-10 23:26:24 UTC">
      <body>:***</body>
    </message>
    <message id="m0029" participant="138329" time="2013-04-10 23:27:05 UTC">
      <body>bet3mli eh</body>
    </message>
    <message id="m0030" participant="138112" time="2013-04-10 23:28:53 UTC">
      <body>Batfarag 3la movie</body>
    </message>
    <message id="m0031" participant="138112" time="2013-04-10 23:28:54 UTC">
      <body>You</body>
    </message>
    <message id="m0032" participant="138329" time="2013-04-10 23:30:34 UTC">
      <body>wla haga</body>
    </message>
    <message id="m0035" participant="138112" time="2013-04-10 23:38:37 UTC">
      <body>Bta3 Angelina Jolie</body>
    </message>
    <message id="m0036" participant="138329" time="2013-04-10 23:48:13 UTC">
      <body>tyb kwayes</body>
    </message>
    <message id="m0037" participant="138329" time="2013-04-10 23:48:17 UTC">
      <body>3ala eh da</body>
    </message>
    <message id="m0039" participant="138112" time="2013-04-10 23:50:51 UTC">
      <body>5eles</body>
    </message>
    <message id="m0040" participant="138329" time="2013-04-11 00:03:24 UTC">
      <body>tyb eshta</body>
    </message>
  </messages>
</conversation>
