<?xml version="1.0" encoding="UTF-8"?>
<conversation id="CHT_ARZ_20121102.0003" medium="CHT" donated="true">
  <messages>
    <message id="m0000" participant="138112" time="2012-11-02 12:55:44 UTC">
      <body>Mostafa</body>
    </message>
    <message id="m0002" participant="138112" time="2012-11-02 12:56:22 UTC">
      <body>&lt;media omitted&gt;</body>
    </message>
    <message id="m0003" participant="138329" time="2012-11-02 12:57:19 UTC">
      <body>Tyb brb 3shan say2</body>
    </message>
    <message id="m0005" participant="138112" time="2012-11-02 12:57:28 UTC">
      <body>Yala!</body>
    </message>
    <message id="m0008" participant="138329" time="2012-11-02 13:15:34 UTC">
      <body>I think hatb2a A shofy kda sa7 ?</body>
    </message>
    <message id="m0009" participant="138112" time="2012-11-02 13:18:05 UTC">
      <body>Sa7, heya A, 7aletha ezay??</body>
    </message>
    <message id="m0010" participant="138329" time="2012-11-02 13:23:09 UTC">
      <body>Sawany hab3atlek ezay</body>
    </message>
    <message id="m0012" participant="138329" time="2012-11-02 13:50:48 UTC">
      <body>Kont bakol</body>
    </message>
    <message id="m0013" participant="138329" time="2012-11-02 13:50:56 UTC">
      <body>M3lsh</body>
    </message>
    <message id="m0015" participant="138329" time="2012-11-02 13:51:41 UTC">
      <body>Law mafhmtsh mene l steps oleli</body>
    </message>
    <message id="m0017" participant="138329" time="2012-11-02 13:52:57 UTC">
      <body>Fehmteha ??</body>
    </message>
    <message id="m0018" participant="138112" time="2012-11-02 13:54:08 UTC">
      <body>Magetlish 7aga</body>
    </message>
    <message id="m0019" participant="138329" time="2012-11-02 13:54:45 UTC">
      <body>:/</body>
    </message>
    <message id="m0020" participant="138329" time="2012-11-02 13:54:54 UTC">
      <body>B3atha wallhi</body>
    </message>
    <message id="m0021" participant="138112" time="2012-11-02 13:54:59 UTC">
      <body>Tani tayeb</body>
    </message>
    <message id="m0022" participant="138329" time="2012-11-02 13:57:41 UTC">
      <body>Queued upload y3ani eih ? :D</body>
    </message>
    <message id="m0023" participant="138329" time="2012-11-02 13:57:46 UTC">
      <body>&lt;media omitted&gt;</body>
    </message>
    <message id="m0024" participant="138112" time="2012-11-02 14:05:10 UTC">
      <body>Msh fahma</body>
    </message>
    <message id="m0025" participant="138329" time="2012-11-02 14:06:40 UTC">
      <body>Hahahha by2oli queued upload !! Mesh 3rf y3ani eih</body>
    </message>
    <message id="m0026" participant="138112" time="2012-11-02 14:10:02 UTC">
      <body>FHMT!!!</body>
    </message>
    <message id="m0027" participant="138112" time="2012-11-02 14:10:49 UTC">
      <body>Ya lahwy Ana 3'abeya awy hahaha</body>
    </message>
    <message id="m0028" participant="138329" time="2012-11-02 14:12:34 UTC">
      <body>Hhahahhaa y3ani eih b2a :D</body>
    </message>
    <message id="m0029" participant="138112" time="2012-11-02 14:22:34 UTC">
      <body>Enta gayb kam fel sat???</body>
    </message>
    <message id="m0031" participant="138329" time="2012-11-02 14:27:00 UTC">
      <body>620 , Reading 340:$ Writing 450.</body>
    </message>
    <message id="m0033" participant="138112" time="2012-11-02 14:36:45 UTC">
      <body>Reading we7sha awy haha</body>
    </message>
    <message id="m0034" participant="138112" time="2012-11-02 14:36:55 UTC">
      <body>Hatroo7 revision today?</body>
    </message>
    <message id="m0035" participant="138112" time="2012-11-02 14:37:03 UTC">
      <body>Enta aslan da5el bokra</body>
    </message>
    <message id="m0036" participant="138329" time="2012-11-02 14:38:32 UTC">
      <body>L2 ana sat. 2 isa bokra</body>
    </message>
    <message id="m0037" participant="138329" time="2012-11-02 14:38:48 UTC">
      <body>Mana reading zeh2t mesh b3ala feh</body>
    </message>
    <message id="m0038" participant="138112" time="2012-11-02 14:39:35 UTC">
      <body>Ana el opposite menak haha</body>
    </message>
    <message id="m0039" participant="138112" time="2012-11-02 14:39:45 UTC">
      <body>Da5el what subjects bokra</body>
    </message>
    <message id="m0042" participant="138112" time="2012-11-02 14:40:23 UTC">
      <body>Rabena m3ak</body>
    </message>
    <message id="m0043" participant="138112" time="2012-11-02 14:40:25 UTC">
      <body>Haha</body>
    </message>
    <message id="m0044" participant="138329" time="2012-11-02 14:40:32 UTC">
      <body>Ana yabnty a5at m3 kol el modarsen 3shan 23la fel reading , w mab3lash</body>
    </message>
    <message id="m0045" participant="138329" time="2012-11-02 14:40:35 UTC">
      <body>Ahh isa :D</body>
    </message>
    <message id="m0046" participant="138329" time="2012-11-02 14:41:04 UTC">
      <body>Hahaha ana 3yz ageeb 600 bas physics aslan zero score 450 haga kda</body>
    </message>
    <message id="m0047" participant="138112" time="2012-11-02 14:41:56 UTC">
      <body>Bas enta zaki ya3ny f mat5afsh!!</body>
    </message>
    <message id="m0048" participant="138329" time="2012-11-02 14:44:46 UTC">
      <body>Isa ;;)</body>
    </message>
    <message id="m0049" participant="138112" time="2012-11-02 14:46:15 UTC">
      <body>Ana t3bt men el mozakra bas 3ayza azaker!!</body>
    </message>
    <message id="m0050" participant="138112" time="2012-11-02 14:46:20 UTC">
      <body>Haha</body>
    </message>
    <message id="m0051" participant="138329" time="2012-11-02 14:46:51 UTC">
      <body>Haha tyb yala asebek tezakry shwaya</body>
    </message>
    <message id="m0052" participant="138112" time="2012-11-02 14:47:03 UTC">
      <body>Wenta kaman! Yala!</body>
    </message>
    <message id="m0053" participant="138329" time="2012-11-02 14:48:16 UTC">
      <body>Mashy yala tyt</body>
    </message>
    <message id="m0054" participant="138112" time="2012-11-02 22:18:38 UTC">
      <body>T3bt men el mozakra :D</body>
    </message>
    <message id="m0055" participant="138329" time="2012-11-03 05:08:21 UTC">
      <body>Mesh aktar meni</body>
    </message>
    <message id="m0056" participant="138329" time="2012-11-03 05:08:29 UTC">
      <body>Ana zakrt kter awii</body>
    </message>
    <message id="m0057" participant="138329" time="2012-11-03 05:08:38 UTC">
      <body>Awel mara 23melha</body>
    </message>
    <message id="m0058" participant="138112" time="2012-11-03 05:36:18 UTC">
      <body>Ya lahwy!!! Ye5rebetak</body>
    </message>
    <message id="m0059" participant="138329" time="2012-11-03 06:15:36 UTC">
      <body>Hahaha</body>
    </message>
    <message id="m0060" participant="138112" time="2012-11-03 06:15:57 UTC">
      <body>Tab good morning 7ata haha</body>
    </message>
    <message id="m0061" participant="138329" time="2012-11-03 06:22:03 UTC">
      <body>Ahahhaha ana mesh shayf odamy aslan haha :D enty hatemt7ny feen</body>
    </message>
    <message id="m0063" participant="138112" time="2012-11-03 06:22:32 UTC">
      <body>Wla Ana ta3bana awy</body>
    </message>
    <message id="m0064" participant="138112" time="2012-11-03 06:22:42 UTC">
      <body>At st Fatima</body>
    </message>
    <message id="m0065" participant="138112" time="2012-11-03 06:22:49 UTC">
      <body>Enta feen??</body>
    </message>
    <message id="m0066" participant="138329" time="2012-11-03 06:23:50 UTC">
      <body>Ana St Peter el gamb bety :D</body>
    </message>
    <message id="m0067" participant="138329" time="2012-11-03 06:24:00 UTC">
      <body>Mafesh makan fe st fatima</body>
    </message>
    <message id="m0068" participant="138112" time="2012-11-03 06:24:20 UTC">
      <body>A7san bardo haha</body>
    </message>
    <message id="m0069" participant="138329" time="2012-11-03 06:24:40 UTC">
      <body>Hahaha</body>
    </message>
    <message id="m0070" participant="138112" time="2012-11-03 06:24:42 UTC">
      <body>Mostafa Ana ta3bana awyyyyy</body>
    </message>
    <message id="m0071" participant="138112" time="2012-11-03 06:24:56 UTC">
      <body>Nayma 2!!!</body>
    </message>
    <message id="m0072" participant="138329" time="2012-11-03 06:24:58 UTC">
      <body>Enty nemty el sa3a kam ?</body>
    </message>
    <message id="m0073" participant="138112" time="2012-11-03 06:25:26 UTC">
      <body>W 2ele2t kda 3la 5:30</body>
    </message>
    <message id="m0074" participant="138329" time="2012-11-03 06:25:58 UTC">
      <body>:O</body>
    </message>
    <message id="m0075" participant="138329" time="2012-11-03 06:26:03 UTC">
      <body>Enty betst3abty</body>
    </message>
    <message id="m0076" participant="138329" time="2012-11-03 06:26:13 UTC">
      <body>Lea nemty met25ar</body>
    </message>
    <message id="m0077" participant="138112" time="2012-11-03 06:31:51 UTC">
      <body>Makontsh 3arfa anam 5alessss</body>
    </message>
    <message id="m0078" participant="138112" time="2012-11-03 06:32:13 UTC">
      <body>Bas 3ady eshta Ana ba5od medicine keda ye5aleeni arakez</body>
    </message>
    <message id="m0079" participant="138329" time="2012-11-03 06:55:03 UTC">
      <body>Tyb kwayes (Y)</body>
    </message>
    <message id="m0082" participant="138329" time="2012-11-03 13:57:39 UTC">
      <body>Hat3mli eih enhrda</body>
    </message>
    <message id="m0083" participant="138112" time="2012-11-03 14:11:50 UTC">
      <body>Ha5rog n3a Yomna, enta hate3ml eh?</body>
    </message>
    <message id="m0084" participant="138329" time="2012-11-03 14:12:17 UTC">
      <body>Lesa m3rfsh bas hanzel</body>
    </message>
    <message id="m0085" participant="138112" time="2012-11-03 14:12:25 UTC">
      <body>Feen!</body>
    </message>
    <message id="m0086" participant="138329" time="2012-11-03 14:12:56 UTC">
      <body>Lesa m3rfsh bas korba i</body>
    </message>
    <message id="m0087" participant="138112" time="2012-11-03 14:13:34 UTC">
      <body>Korba??</body>
    </message>
    <message id="m0088" participant="138329" time="2012-11-03 14:14:18 UTC">
      <body>Ahh makan kda :D</body>
    </message>
    <message id="m0089" participant="138112" time="2012-11-03 14:15:53 UTC">
      <body>Makan beyet3ml fi eh!!</body>
    </message>
    <message id="m0090" participant="138329" time="2012-11-03 14:16:36 UTC">
      <body>Hahahha eb2y es2ali youmna :D</body>
    </message>
    <message id="m0091" participant="138112" time="2012-11-03 14:18:03 UTC">
      <body>Ana ma3aha delwa2ty haha</body>
    </message>
    <message id="m0092" participant="138329" time="2012-11-03 14:18:47 UTC">
      <body>Ahahah w hya mesh 3rfa feeen el korba :d</body>
    </message>
    <message id="m0093" participant="138112" time="2012-11-03 14:20:09 UTC">
      <body>3arfa haha</body>
    </message>
    <message id="m0094" participant="138112" time="2012-11-03 14:20:17 UTC">
      <body>Hato5rog m3a meen?</body>
    </message>
    <message id="m0095" participant="138329" time="2012-11-03 14:20:35 UTC">
      <body>Ana w tawakol w alfy w kda</body>
    </message>
    <message id="m0096" participant="138329" time="2012-11-03 14:20:41 UTC">
      <body>Bas lesa mesh mot2kdeen</body>
    </message>
    <message id="m0097" participant="138329" time="2012-11-03 14:20:44 UTC">
      <body>Hahahahah w hatro7o feen ?</body>
    </message>
    <message id="m0098" participant="138112" time="2012-11-03 14:21:48 UTC">
      <body>Eshta matshayesh :p</body>
    </message>
    <message id="m0099" participant="138112" time="2012-11-03 14:22:08 UTC">
      <body>W hanroo7 Sheraton</body>
    </message>
    <message id="m0100" participant="138329" time="2012-11-03 14:22:54 UTC">
      <body>Hat3melo eih fe sherton</body>
    </message>
    <message id="m0101" participant="138329" time="2012-11-03 14:22:59 UTC">
      <body>W ento w meen ??</body>
    </message>
    <message id="m0102" participant="138112" time="2012-11-03 14:33:16 UTC">
      <body>No5rog!</body>
    </message>
    <message id="m0103" participant="138112" time="2012-11-03 14:33:25 UTC">
      <body>Ana w Yomna w bent Tanya keda</body>
    </message>
    <message id="m0104" participant="138329" time="2012-11-03 14:37:03 UTC">
      <body>Ahhhh enjoy b2a ;)</body>
    </message>
    <message id="m0105" participant="138112" time="2012-11-03 15:14:55 UTC">
      <body>Hahaha :* :*</body>
    </message>
  </messages>
</conversation>
