<?xml version="1.0" encoding="UTF-8"?>
<conversation id="CHT_ARZ_20121108.0000" medium="CHT" donated="true">
  <messages>
    <message id="m0000" participant="138311" time="2012-11-08 16:07:41 UTC">
      <body>Yara</body>
    </message>
    <message id="m0001" participant="138311" time="2012-11-08 16:07:48 UTC">
      <body>Esraa 5ala3t</body>
    </message>
    <message id="m0002" participant="138112" time="2012-11-08 16:08:29 UTC">
      <body>Ezay???</body>
    </message>
    <message id="m0003" participant="138311" time="2012-11-08 16:09:14 UTC">
      <body>7asalahom moshkela 2day w hma be3azelo...7ga fl sha5an kda ...fa babaha busy w msh hay2dar ye5argha</body>
    </message>
    <message id="m0004" participant="138112" time="2012-11-08 16:09:39 UTC">
      <body>:(((((</body>
    </message>
    <message id="m0005" participant="138311" time="2012-11-08 16:10:11 UTC">
      <body>Ana kan nfsi 2a5rog bs msh. 3arfa b2a</body>
    </message>
    <message id="m0006" participant="138112" time="2012-11-08 16:10:20 UTC">
      <body>Yom el 7ad?</body>
    </message>
    <message id="m0007" participant="138311" time="2012-11-08 16:10:51 UTC">
      <body>3ayza to5rogi el 7ad ?</body>
    </message>
    <message id="m0008" participant="138112" time="2012-11-08 16:11:48 UTC">
      <body>Ahhh shoofi el 7ad</body>
    </message>
    <message id="m0009" participant="138311" time="2012-11-08 16:12:18 UTC">
      <body>5alas eshta</body>
    </message>
  </messages>
</conversation>
