<?xml version="1.0" encoding="UTF-8"?>
<conversation id="CHT_ARZ_20121203.0001" medium="CHT" donated="true">
  <messages>
    <message id="m0002" participant="138326" time="2012-12-03 21:36:56 UTC">
      <body>3amla eh</body>
    </message>
    <message id="m0004" participant="138112" time="2012-12-03 21:39:46 UTC">
      <body>3andi soda3 </body>
    </message>
    <message id="m0005" participant="138326" time="2012-12-03 21:40:50 UTC">
      <body>Alf salama 3aleky</body>
    </message>
    <message id="m0006" participant="138326" time="2012-12-03 21:40:58 UTC">
      <body>Khody panadol</body>
    </message>
    <message id="m0007" participant="138326" time="2012-12-03 21:41:53 UTC">
      <body>Enty leeh menafadaly haa</body>
    </message>
    <message id="m0008" participant="138112" time="2012-12-03 21:42:05 UTC">
      <body>Mana ha5od dawa delwa2ty</body>
    </message>
    <message id="m0009" participant="138112" time="2012-12-03 21:42:11 UTC">
      <body>Enta 3amel eh</body>
    </message>
    <message id="m0010" participant="138112" time="2012-12-03 21:42:16 UTC">
      <body>La2 walahi 5ales</body>
    </message>
    <message id="m0011" participant="138112" time="2012-12-03 21:42:29 UTC">
      <body>Ana Kont afla el whatsapp aslan</body>
    </message>
    <message id="m0012" participant="138112" time="2012-12-03 21:42:36 UTC">
      <body>Lesa fat7a delwa2ty</body>
    </message>
    <message id="m0013" participant="138326" time="2012-12-03 21:42:56 UTC">
      <body>Kont kalemtek men youmen maradetesh 3alaya</body>
    </message>
    <message id="m0014" participant="138326" time="2012-12-03 21:44:16 UTC">
      <body>enty 2aflah elnahrda Bas</body>
    </message>
    <message id="m0015" participant="138112" time="2012-12-03 21:50:00 UTC">
      <body>La2 b2ali 2 days</body>
    </message>
    <message id="m0017" participant="138326" time="2012-12-03 21:50:26 UTC">
      <body>Kalemtek 3al what's app</body>
    </message>
    <message id="m0018" participant="138326" time="2012-12-03 21:50:35 UTC">
      <body>Konty 2aflah leeh</body>
    </message>
    <message id="m0019" participant="138326" time="2012-12-03 21:50:51 UTC">
      <body>Enty kwayesa ?</body>
    </message>
    <message id="m0020" participant="138112" time="2012-12-03 21:59:43 UTC">
      <body>Msh 3ayza akalem 7ad</body>
    </message>
    <message id="m0021" participant="138326" time="2012-12-03 22:00:30 UTC">
      <body>Malek bagad</body>
    </message>
    <message id="m0022" participant="138112" time="2012-12-03 22:01:16 UTC">
      <body>Oltelak, msh 3ayza akalem 7ad</body>
    </message>
    <message id="m0023" participant="138326" time="2012-12-03 22:02:02 UTC">
      <body>Mashy</body>
    </message>
    <message id="m0024" participant="138326" time="2012-12-03 22:02:26 UTC">
      <body>Ana bas batamen law fee 7aga meday2aky ?</body>
    </message>
    <message id="m0025" participant="138112" time="2012-12-03 22:07:47 UTC">
      <body>Ana kwayesa ya Ahmed mate2la2sh 3alaya</body>
    </message>
    <message id="m0026" participant="138326" time="2012-12-03 22:08:23 UTC">
      <body>Walahy feky 7aga I'm sure</body>
    </message>
    <message id="m0029" participant="138112" time="2012-12-03 22:12:06 UTC">
      <body>Ana bas makontsh 3ayzs akalem 7ad 3aref lma teb2a 3ayez fatra keda teb2a l nafsak</body>
    </message>
    <message id="m0030" participant="138326" time="2012-12-03 22:12:39 UTC">
      <body>Ah 3aref Bas da lama betkony betfakary fee 7agat keteir</body>
    </message>
    <message id="m0031" participant="138112" time="2012-12-03 22:26:58 UTC">
      <body>Msh bafakar f 7aga bas 3ayza ab2a lwa7di shwaya</body>
    </message>
    <message id="m0032" participant="138112" time="2012-12-03 22:27:48 UTC">
      <body>W lesa msh 3ayza akalem 7ad bas el nas begad ebtadet tez3al meni lama shoftohom today fel madrasa</body>
    </message>
    <message id="m0033" participant="138112" time="2012-12-03 22:27:58 UTC">
      <body>F 3ashan keda fata7t</body>
    </message>
    <message id="m0034" participant="138326" time="2012-12-03 22:29:33 UTC">
      <body>Ana kont 3aiz atamen 3aleky Bas</body>
    </message>
    <message id="m0036" participant="138326" time="2012-12-03 23:01:06 UTC">
      <body>Tayeb elhamdulelah :)</body>
    </message>
    <message id="m0037" participant="138112" time="2012-12-04 00:43:29 UTC">
      <body>Bt3mel eh</body>
    </message>
    <message id="m0038" participant="138326" time="2012-12-04 00:44:20 UTC">
      <body>Bal3ab ps</body>
    </message>
    <message id="m0039" participant="138112" time="2012-12-04 00:44:27 UTC">
      <body>Mmm</body>
    </message>
    <message id="m0040" participant="138326" time="2012-12-04 00:44:30 UTC">
      <body>Enty ?</body>
    </message>
    <message id="m0041" participant="138112" time="2012-12-04 00:44:40 UTC">
      <body>Wala 7aga a3da fel serir</body>
    </message>
    <message id="m0042" participant="138326" time="2012-12-04 00:45:19 UTC">
      <body>Rayha elmadrasa bokra ?</body>
    </message>
    <message id="m0043" participant="138112" time="2012-12-04 00:45:54 UTC">
      <body>La2</body>
    </message>
    <message id="m0044" participant="138326" time="2012-12-04 00:46:02 UTC">
      <body>Leeh</body>
    </message>
    <message id="m0045" participant="138112" time="2012-12-04 00:46:07 UTC">
      <body>Keda</body>
    </message>
    <message id="m0046" participant="138326" time="2012-12-04 00:46:28 UTC">
      <body>Betfakary fei eh tayeb</body>
    </message>
    <message id="m0047" participant="138112" time="2012-12-04 00:48:59 UTC">
      <body>Wla ay 7aga</body>
    </message>
    <message id="m0048" participant="138112" time="2012-12-04 00:49:17 UTC">
      <body>3omri mashoft 7ad beykoon sad men 3'er sabab</body>
    </message>
    <message id="m0049" participant="138112" time="2012-12-04 00:49:20 UTC">
      <body>3'er nafsi</body>
    </message>
    <message id="m0050" participant="138112" time="2012-12-04 00:49:26 UTC">
      <body>Da marad wla eh</body>
    </message>
    <message id="m0051" participant="138112" time="2012-12-04 00:49:33 UTC">
      <body>Wla el period arabet</body>
    </message>
    <message id="m0052" participant="138112" time="2012-12-04 00:49:38 UTC">
      <body>Akeed</body>
    </message>
    <message id="m0053" participant="138326" time="2012-12-04 00:49:53 UTC">
      <body>Momken 3ashan el period</body>
    </message>
    <message id="m0055" participant="138326" time="2012-12-04 00:50:27 UTC">
      <body>2olely A3melek eh w tekony mabsouta</body>
    </message>
    <message id="m0056" participant="138112" time="2012-12-04 00:50:50 UTC">
      <body>Wla 7aga msh 3ayza 7aga Ana mesh 3arfa Ana aslan leh sad</body>
    </message>
    <message id="m0057" participant="138112" time="2012-12-04 00:51:16 UTC">
      <body>Bas 7asa eni 3ayza ab2a lwa7di w makalemsh 7ad bas f nafs el wa2t I feel lonely</body>
    </message>
    <message id="m0058" participant="138326" time="2012-12-04 00:52:04 UTC">
      <body>Enty lazem te3mely 7aga gededa</body>
    </message>
    <message id="m0059" participant="138326" time="2012-12-04 00:52:30 UTC">
      <body>W te3'ayart shwaya</body>
    </message>
    <message id="m0060" participant="138326" time="2012-12-04 00:55:52 UTC">
      <body>Ta3'yeer</body>
    </message>
    <message id="m0062" participant="138326" time="2012-12-04 01:02:27 UTC">
      <body>Enty helwa awii walahy ya yara</body>
    </message>
    <message id="m0064" participant="138112" time="2012-12-04 01:21:39 UTC">
      <body>3omr ma kanet 7aga bel shakl</body>
    </message>
    <message id="m0065" participant="138112" time="2012-12-04 01:21:59 UTC">
      <body>Msh 3arfa</body>
    </message>
    <message id="m0066" participant="138112" time="2012-12-04 01:22:02 UTC">
      <body>Ana hanam</body>
    </message>
    <message id="m0067" participant="138326" time="2012-12-04 01:22:08 UTC">
      <body>Mesh asdy 3ala shaklek</body>
    </message>
    <message id="m0068" participant="138326" time="2012-12-04 01:22:17 UTC">
      <body>Enty kolek helwa walahy</body>
    </message>
    <message id="m0069" participant="138326" time="2012-12-04 01:23:48 UTC">
      <body>Ana asdy personality helwa</body>
    </message>
    <message id="m0070" participant="138326" time="2012-12-04 01:24:00 UTC">
      <body>W akeed ur so beautiful</body>
    </message>
    <message id="m0071" participant="138112" time="2012-12-04 01:24:40 UTC">
      <body>Malhash da3wa bardo</body>
    </message>
    <message id="m0072" participant="138112" time="2012-12-04 01:25:45 UTC">
      <body>Ahmed Ana hanam</body>
    </message>
    <message id="m0073" participant="138326" time="2012-12-04 01:26:02 UTC">
      <body>Mesh Nafe3 ya3ny :D</body>
    </message>
    <message id="m0075" participant="138112" time="2012-12-04 01:26:18 UTC">
      <body>La2 walahi haha bas msh adra 5alas akalem 7ad</body>
    </message>
  </messages>
</conversation>
