<?xml version="1.0" encoding="UTF-8"?>
<conversation id="CHT_ARZ_20130401.0005" medium="CHT" donated="true">
  <messages>
    <message id="m0000" time="2013-04-01 13:27:53 UTC" participant="139508">
      <body>lazzzmmm atklm ma3akii</body>
    </message>
    <message id="m0001" time="2013-04-01 14:34:07 UTC" participant="139540">
      <body>Kalemeeeeeni kman sa3a kda ya rimozzzz</body>
    </message>
    <message id="m0003" time="2013-04-02 10:09:54 UTC" participant="139540">
      <body>Rimeee</body>
    </message>
    <message id="m0005" time="2013-04-02 10:10:03 UTC" participant="139540">
      <body>Am sry</body>
    </message>
    <message id="m0006" time="2013-04-02 10:10:04 UTC" participant="139540">
      <body>:(</body>
    </message>
    <message id="m0007" time="2013-04-02 10:40:59 UTC" participant="139508">
      <body>its oki habibi Akid mwahhhhh</body>
    </message>
    <message id="m0009" time="2013-04-02 10:50:41 UTC" participant="139540">
      <body>Mwahhhh</body>
    </message>
  </messages>
</conversation>
