<?xml version="1.0" encoding="UTF-8"?>
<conversation id="CHT_ARZ_20130102.0005" medium="CHT" donated="true">
  <messages>
    <message id="m0000" time="2013-01-02 01:51:10 UTC" participant="139559">
      <body>3rft dlwa2ty w b3den hwa benzel b 2smoo</body>
    </message>
    <message id="m0001" time="2013-01-02 01:51:17 UTC" participant="139559">
      <body>:D</body>
    </message>
    <message id="m0002" time="2013-01-02 09:36:22 UTC" participant="139275">
      <body>bzabt keda ya 7'lty ana brdo 2olt keda :D</body>
    </message>
  </messages>
</conversation>
