<?xml version="1.0" encoding="UTF-8"?>
<conversation id="CHT_ARZ_20120526.0001" medium="CHT" donated="true">
  <messages>
    <message id="m0000" time="2012-05-26 09:20:03 UTC" participant="139275">
      <body>saba7 el nor ya 2amry :))</body>
    </message>
    <message id="m0001" time="2012-05-26 09:20:26 UTC" participant="139564">
      <body>3amla eh 7abebty</body>
    </message>
    <message id="m0002" time="2012-05-26 09:21:24 UTC" participant="139275">
      <body>wa7shteny :))</body>
    </message>
    <message id="m0003" time="2012-05-26 09:21:44 UTC" participant="139564">
      <body>Wenty aktaaaar bgd</body>
    </message>
    <message id="m0004" time="2012-05-26 09:21:53 UTC" participant="139275">
      <body>embre7 blel eftkrtk w 7aset enk b wa7shany aws</body>
    </message>
    <message id="m0005" time="2012-05-26 09:21:53 UTC" participant="139564">
      <body></body>
    </message>
    <message id="m0006" time="2012-05-26 09:22:05 UTC" participant="139275">
      <body>Walla gat enty 3rfty?</body>
    </message>
    <message id="m0007" time="2012-05-26 09:25:13 UTC" participant="139275">
      <body>kont lisa 72olek ya rab ye3zmony :)</body>
    </message>
    <message id="m0008" time="2012-05-26 10:19:52 UTC" participant="139564">
      <body>Mony</body>
    </message>
    <message id="m0009" time="2012-05-26 10:20:01 UTC" participant="139564">
      <body>Saba7 el 5eeer </body>
    </message>
    <message id="m0010" time="2012-05-26 10:25:48 UTC" participant="139564">
      <body>walahy mama lssa bts2lny embare7</body>
    </message>
    <message id="m0011" time="2012-05-26 10:26:36 UTC" participant="139564">
      <body>aked hayzbto yom 4 a visit</body>
    </message>
    <message id="m0012" time="2012-05-26 10:26:53 UTC" participant="139564">
      <body>3wza ab2a ashufek youmeha</body>
    </message>
    <message id="m0013" time="2012-05-26 10:26:55 UTC" participant="139564">
      <body>Isa :)</body>
    </message>
    <message id="m0015" time="2012-05-26 13:37:00 UTC" participant="139564">
      <body>Omnia el7a2eny</body>
    </message>
    <message id="m0016" time="2012-05-26 13:38:03 UTC" participant="139564">
      <body>3awez yklmny tany w ysebly forsa afkr l yom el 5ameeees</body>
    </message>
    <message id="m0017" time="2012-05-26 15:17:02 UTC" participant="139275">
      <body>nada m3lsh</body>
    </message>
    <message id="m0018" time="2012-05-26 15:17:05 UTC" participant="139275">
      <body>ana nazlt</body>
    </message>
    <message id="m0020" time="2012-05-26 15:17:16 UTC" participant="139275">
      <body>laaa myklmkesh plz</body>
    </message>
    <message id="m0022" time="2012-05-26 16:21:39 UTC" participant="139564">
      <body>5alas etklm</body>
    </message>
    <message id="m0023" time="2012-05-26 16:21:58 UTC" participant="139564">
      <body>Ana f lecture nw haklmk b3d ma5allas isa</body>
    </message>
    <message id="m0024" time="2012-05-26 22:15:11 UTC" participant="139564">
      <body>Ana waslt</body>
    </message>
  </messages>
</conversation>
