<?xml version="1.0" encoding="UTF-8"?>
<conversation id="CHT_ARZ_20130402.0003" medium="CHT" donated="true">
  <messages>
    <message id="m0000" time="2013-04-02 12:14:00 UTC" participant="139547">
      <body>&lt;Media omitted&gt;</body>
    </message>
    <message id="m0001" time="2013-04-02 12:14:00 UTC" participant="139547">
      <body>انتى نسيتينى</body>
    </message>
    <message id="m0002" time="2013-04-02 12:14:00 UTC" participant="139547">
      <body></body>
    </message>
    <message id="m0003" time="2013-04-02 12:16:00 UTC" participant="139547">
      <body></body>
    </message>
    <message id="m0004" time="2013-04-02 12:30:00 UTC" participant="139376">
      <body>انا اقدر برضه</body>
    </message>
    <message id="m0005" time="2013-04-02 12:30:00 UTC" participant="139376">
      <body></body>
    </message>
    <message id="m0006" time="2013-04-02 12:41:00 UTC" participant="139376">
      <body>بس يحيي كان مبهدلنا شوية  </body>
    </message>
    <message id="m0007" time="2013-04-02 12:43:00 UTC" participant="139547">
      <body>الحب بهدله </body>
    </message>
    <message id="m0008" time="2013-04-02 12:43:00 UTC" participant="139547">
      <body></body>
    </message>
    <message id="m0009" time="2013-04-02 12:43:00 UTC" participant="139376">
      <body>هي هي هي</body>
    </message>
    <message id="m0010" time="2013-04-02 12:43:00 UTC" participant="139376">
      <body>اخبارك ايه؟!</body>
    </message>
    <message id="m0011" time="2013-04-02 12:43:00 UTC" participant="139547">
      <body>كبر حبه</body>
    </message>
    <message id="m0012" time="2013-04-02 12:44:00 UTC" participant="139547">
      <body>انا وعمار بنحب فى بعضينا</body>
    </message>
    <message id="m0013" time="2013-04-02 12:44:00 UTC" participant="139547">
      <body>مأطعين بعض</body>
    </message>
    <message id="m0014" time="2013-04-02 12:44:00 UTC" participant="139547">
      <body></body>
    </message>
    <message id="m0015" time="2013-04-02 12:44:00 UTC" participant="139376">
      <body>ده انا في طنطا دلوقتي علشان كده عارفة اكلمك</body>
    </message>
    <message id="m0016" time="2013-04-02 12:44:00 UTC" participant="139376">
      <body>كبر ماشاء الله</body>
    </message>
    <message id="m0017" time="2013-04-02 12:44:00 UTC" participant="139547">
      <body>ماشاء الله</body>
    </message>
    <message id="m0018" time="2013-04-02 12:44:00 UTC" participant="139547">
      <body>ربنا يحفظه</body>
    </message>
    <message id="m0019" time="2013-04-02 12:45:00 UTC" participant="139376">
      <body>يارب</body>
    </message>
    <message id="m0020" time="2013-04-02 13:29:00 UTC" participant="139376">
      <body>&lt;Media omitted&gt;</body>
    </message>
  </messages>
</conversation>
