<?xml version="1.0" encoding="UTF-8"?>
<conversation id="CHT_ARZ_20130312.0001" medium="CHT" donated="true">
  <messages>
    <message id="m0000" participant="138112" time="2013-03-12 22:33:43 UTC">
      <body>Presentation el physics emta</body>
    </message>
    <message id="m0001" participant="138325" time="2013-03-13 01:51:04 UTC">
      <body>mesh 3araf</body>
    </message>
    <message id="m0002" participant="138112" time="2013-03-13 12:16:44 UTC">
      <body>&lt;media omitted&gt;</body>
    </message>
    <message id="m0003" participant="138325" time="2013-03-13 15:13:53 UTC">
      <body>ana shoftek anty wa mammtek</body>
    </message>
    <message id="m0004" participant="138112" time="2013-03-13 17:12:38 UTC">
      <body>Mana 3arfa.</body>
    </message>
    <message id="m0005" participant="138112" time="2013-03-13 17:12:52 UTC">
      <body>El set el bt3mli el dress sakna herbal</body>
    </message>
    <message id="m0006" participant="138112" time="2013-03-13 17:12:58 UTC">
      <body>*henak</body>
    </message>
    <message id="m0007" participant="138112" time="2013-03-13 17:13:18 UTC">
      <body>W mami shafetko w aletli men el beyeshrabo sagayar dol</body>
    </message>
    <message id="m0008" participant="138325" time="2013-03-13 18:02:42 UTC">
      <body>ana makontash bashrab</body>
    </message>
    <message id="m0009" participant="138325" time="2013-03-13 18:02:46 UTC">
      <body/>
    </message>
    <message id="m0010" participant="138112" time="2013-03-13 18:10:25 UTC">
      <body>La2 5at meno el segara</body>
    </message>
    <message id="m0011" participant="138325" time="2013-03-13 18:10:53 UTC">
      <body>la2 ana el adato</body>
    </message>
    <message id="m0012" participant="138325" time="2013-03-13 18:10:55 UTC">
      <body/>
    </message>
    <message id="m0013" participant="138325" time="2013-03-13 18:10:58 UTC">
      <body>haahaa</body>
    </message>
    <message id="m0014" participant="138112" time="2013-03-13 18:11:14 UTC">
      <body>Omi shafetak</body>
    </message>
    <message id="m0015" participant="138112" time="2013-03-13 18:11:25 UTC">
      <body>W aletli da el rayes</body>
    </message>
    <message id="m0016" participant="138112" time="2013-03-13 18:11:34 UTC">
      <body>W meen el wara da</body>
    </message>
    <message id="m0017" participant="138325" time="2013-03-13 18:11:42 UTC">
      <body>a el fadaya7 deh</body>
    </message>
    <message id="m0018" participant="138112" time="2013-03-13 18:14:17 UTC">
      <body>Bezabt</body>
    </message>
    <message id="m0019" participant="138325" time="2013-03-13 18:15:02 UTC">
      <body>haha</body>
    </message>
    <message id="m0020" participant="138112" time="2013-03-13 21:52:28 UTC">
      <body>Bt3ml eh</body>
    </message>
    <message id="m0021" participant="138325" time="2013-03-13 22:15:09 UTC">
      <body>batmasha bal3rbya</body>
    </message>
  </messages>
</conversation>
