<?xml version="1.0" encoding="UTF-8"?>
<conversation id="CHT_ARZ_20130301.0000" medium="CHT" donated="true">
  <messages>
    <message id="m0000" participant="138317" time="2013-03-01 15:56:12 UTC">
      <body>Yaraaa</body>
    </message>
    <message id="m0001" participant="138317" time="2013-03-01 15:56:16 UTC">
      <body>Saba7 el5earr</body>
    </message>
    <message id="m0002" participant="138317" time="2013-03-01 15:56:18 UTC">
      <body>3amlla eh?</body>
    </message>
    <message id="m0004" participant="138112" time="2013-03-01 16:32:44 UTC">
      <body>Ana Kwayesa, enti 3amla ehhh</body>
    </message>
    <message id="m0005" participant="138317" time="2013-03-01 16:37:40 UTC">
      <body>Gdd el77</body>
    </message>
    <message id="m0006" participant="138317" time="2013-03-01 16:37:49 UTC">
      <body>Hatroo7o emta oasis?</body>
    </message>
    <message id="m0007" participant="138112" time="2013-03-01 16:38:17 UTC">
      <body>6 w nos isa keda</body>
    </message>
    <message id="m0008" participant="138317" time="2013-03-01 16:38:35 UTC">
      <body>Same here isA :*</body>
    </message>
    <message id="m0009" participant="138112" time="2013-03-01 16:45:12 UTC">
      <body>Okay :*</body>
    </message>
    <message id="m0010" participant="138112" time="2013-03-01 17:28:03 UTC">
      <body>Hana 5alooha 7 3ashan el denya za7ma awyyyy</body>
    </message>
    <message id="m0011" participant="138317" time="2013-03-01 17:28:36 UTC">
      <body>Ento nzlto wala eh?</body>
    </message>
    <message id="m0012" participant="138112" time="2013-03-01 17:47:42 UTC">
      <body>Lesa</body>
    </message>
    <message id="m0013" participant="138112" time="2013-03-01 17:48:03 UTC">
      <body>Mestaneya mami bet5alas akl w hatnzl twasalna</body>
    </message>
    <message id="m0014" participant="138112" time="2013-03-01 18:00:07 UTC">
      <body>2ooli le Lina</body>
    </message>
    <message id="m0015" participant="138317" time="2013-03-01 18:05:52 UTC">
      <body>7aderr</body>
    </message>
  </messages>
</conversation>
