<?xml version="1.0" encoding="UTF-8"?>
<conversation id="CHT_ARZ_20121130.0000" medium="CHT" donated="true">
  <messages>
    <message id="m0000" participant="138112" time="2012-11-30 02:07:14 UTC">
      <body>Kalemy 5odary</body>
    </message>
    <message id="m0001" participant="138323" time="2012-11-30 02:07:51 UTC">
      <body>3ala eh</body>
    </message>
    <message id="m0002" participant="138323" time="2012-11-30 02:08:09 UTC">
      <body>Enty klmtiih ezay</body>
    </message>
    <message id="m0003" participant="138112" time="2012-11-30 02:38:18 UTC">
      <body>Wala 7aga 5alas</body>
    </message>
    <message id="m0004" participant="138112" time="2012-11-30 02:38:24 UTC">
      <body>3la Facebook</body>
    </message>
    <message id="m0005" participant="138323" time="2012-11-30 09:43:37 UTC">
      <body>Yara</body>
    </message>
    <message id="m0006" participant="138112" time="2012-11-30 11:41:44 UTC">
      <body>Na3am!</body>
    </message>
    <message id="m0007" participant="138323" time="2012-11-30 11:42:33 UTC">
      <body>Ht3mli eh elnharda</body>
    </message>
    <message id="m0008" participant="138112" time="2012-11-30 11:42:45 UTC">
      <body>Wala 7aga</body>
    </message>
    <message id="m0009" participant="138323" time="2012-11-30 11:46:06 UTC">
      <body>Ttro7i breaking dawn</body>
    </message>
    <message id="m0010" participant="138112" time="2012-11-30 11:50:18 UTC">
      <body>Tab hashoof m3a omi</body>
    </message>
    <message id="m0011" participant="138323" time="2012-11-30 11:51:19 UTC">
      <body>Tyb</body>
    </message>
    <message id="m0012" participant="138323" time="2012-11-30 23:31:35 UTC">
      <body>Ya bent :o</body>
    </message>
    <message id="m0013" participant="138112" time="2012-11-30 23:39:34 UTC">
      <body>Ya bent!</body>
    </message>
    <message id="m0014" participant="138323" time="2012-11-30 23:40:39 UTC">
      <body>Fenek mbtkalmish wla bt3barini</body>
    </message>
    <message id="m0015" participant="138112" time="2012-12-01 00:39:17 UTC">
      <body>Sorry Ana aslan enaharda welad 5ali gom 3andi</body>
    </message>
    <message id="m0016" participant="138323" time="2012-12-01 00:46:41 UTC">
      <body>Hmm, e7kili 3amalto eh</body>
    </message>
    <message id="m0017" participant="138112" time="2012-12-01 01:00:04 UTC">
      <body>Wla ay 7aga haha</body>
    </message>
    <message id="m0018" participant="138112" time="2012-12-01 01:00:09 UTC">
      <body>Kalna kebda</body>
    </message>
    <message id="m0019" participant="138323" time="2012-12-01 01:03:15 UTC">
      <body>Hahahaha :D</body>
    </message>
  </messages>
</conversation>
