<?xml version="1.0" encoding="UTF-8"?>
<conversation id="CHT_ARZ_20130202.0001" medium="CHT" donated="true">
  <messages>
    <message id="m0000" time="2013-02-02 17:36:00 UTC" participant="139376">
      <body>قولي لعبد الرحمن الحاجة الحلوة بتاعته عندي</body>
    </message>
    <message id="m0001" time="2013-02-02 17:36:00 UTC" participant="139376">
      <body>الرجاله هي الي كسلت تاخدها من عندي</body>
    </message>
    <message id="m0002" time="2013-02-02 17:37:00 UTC" participant="139376">
      <body>محدش يعرف يعتمد عليهم </body>
    </message>
    <message id="m0003" time="2013-02-02 17:37:00 UTC" participant="139376">
      <body>قوليليه احسن يفتكرني ضحكت عليه</body>
    </message>
    <message id="m0004" time="2013-02-02 17:37:00 UTC" participant="139546">
      <body>حاضر يا بنتي</body>
    </message>
    <message id="m0005" time="2013-02-02 17:38:00 UTC" participant="139546">
      <body>بس أكيد نسي لأنه مقالش حاجه عنها</body>
    </message>
    <message id="m0006" time="2013-02-02 17:38:00 UTC" participant="139376">
      <body>والله</body>
    </message>
    <message id="m0007" time="2013-02-02 17:38:00 UTC" participant="139546">
      <body>طبيعي الرجاله محدش يعتمد عليهم</body>
    </message>
    <message id="m0008" time="2013-02-02 17:38:00 UTC" participant="139376">
      <body>طب كويس</body>
    </message>
    <message id="m0009" time="2013-02-02 17:38:00 UTC" participant="139376">
      <body>لنا خفت يكون عملك صداع بالحاجة الحلوة بتاعته </body>
    </message>
    <message id="m0010" time="2013-02-02 17:39:00 UTC" participant="139546">
      <body>لا هو الخروج نفسه كان كفاية خلاه مبسوط جدا</body>
    </message>
    <message id="m0011" time="2013-02-02 17:39:00 UTC" participant="139376">
      <body>والله اتبسط؟؟</body>
    </message>
    <message id="m0012" time="2013-02-02 17:40:00 UTC" participant="139546">
      <body>جدا</body>
    </message>
    <message id="m0013" time="2013-02-02 17:40:00 UTC" participant="139376">
      <body>اصله كانوا عايزين يركبوا لعب تانية وانا مرضيتش </body>
    </message>
    <message id="m0014" time="2013-02-02 17:41:00 UTC" participant="139546">
      <body>ولو فضلتي تركبيهم ؤلا حيبطلوا</body>
    </message>
    <message id="m0015" time="2013-02-02 17:41:00 UTC" participant="139546">
      <body>لازم كدة تقولي خلاص كفاية</body>
    </message>
    <message id="m0016" time="2013-02-02 17:41:00 UTC" participant="139376">
      <body>ما أنا قلت انا كده مش حخلص</body>
    </message>
    <message id="m0017" time="2013-02-02 17:42:00 UTC" participant="139546">
      <body>إيوة طبعا</body>
    </message>
  </messages>
</conversation>
