<?xml version="1.0" encoding="UTF-8"?>
<conversation id="CHT_ARZ_20130413.0001" medium="CHT" donated="true">
  <messages>
    <message id="m0000" participant="138327" time="2013-04-13 12:29:19 UTC">
      <body>Enty fl madrassaa</body>
    </message>
    <message id="m0002" participant="138327" time="2013-04-13 12:58:40 UTC">
      <body>:(</body>
    </message>
    <message id="m0003" participant="138327" time="2013-04-13 12:58:45 UTC">
      <body>Hate3rafy tenzeli</body>
    </message>
    <message id="m0004" participant="138112" time="2013-04-13 13:22:56 UTC">
      <body>La2 :(</body>
    </message>
  </messages>
</conversation>
