<?xml version="1.0" encoding="UTF-8"?>
<conversation id="CHT_ARZ_20121231.0002" medium="CHT" donated="true">
  <messages>
    <message id="m0002" participant="138328" time="2012-12-31 17:46:20 UTC">
      <body>:*</body>
    </message>
    <message id="m0004" participant="138328" time="2012-12-31 18:10:36 UTC">
      <body>:* :*</body>
    </message>
    <message id="m0005" participant="138112" time="2012-12-31 18:11:46 UTC">
      <body>Hat3mli eh enaharda</body>
    </message>
    <message id="m0007" participant="138328" time="2012-12-31 18:12:05 UTC">
      <body>Wenty</body>
    </message>
    <message id="m0008" participant="138112" time="2012-12-31 23:59:08 UTC">
      <body>Ana kaman :)</body>
    </message>
  </messages>
</conversation>
