<?xml version="1.0" encoding="UTF-8"?>
<conversation id="CHT_ARZ_20120421.0004" medium="CHT" donated="true">
  <messages>
    <message id="m0000" time="2012-04-21 21:20:13 UTC" participant="139566">
      <body>Shaza btgeb f sertk </body>
    </message>
    <message id="m0001" time="2012-04-21 21:20:44 UTC" participant="139566">
      <body>Bhzr 7ram 2olt a5wfk </body>
    </message>
    <message id="m0002" time="2012-04-21 21:20:55 UTC" participant="139275">
      <body>w eh elgdid?! ma da eltb3e</body>
    </message>
    <message id="m0003" time="2012-04-21 21:21:02 UTC" participant="139566">
      <body>Hehehhehehee</body>
    </message>
    <message id="m0004" time="2012-04-21 21:21:09 UTC" participant="139275">
      <body>ezayek ya rimaa?</body>
    </message>
    <message id="m0005" time="2012-04-21 21:21:54 UTC" participant="139566">
      <body>Tmam el 7amdolelah , 7elwa el swra ely 3 el b7r de </body>
    </message>
    <message id="m0006" time="2012-04-21 21:22:12 UTC" participant="139275">
      <body>shofthea 3an eslam?</body>
    </message>
    <message id="m0007" time="2012-04-21 21:22:27 UTC" participant="139275">
      <body>wala 3and Mahmoud :D</body>
    </message>
    <message id="m0008" time="2012-04-21 21:22:30 UTC" participant="139566">
      <body>La2 shoft 2 pix bs</body>
    </message>
    <message id="m0009" time="2012-04-21 21:22:59 UTC" participant="139566">
      <body>Msh 3arfa homa swrten tl3o kda </body>
    </message>
    <message id="m0010" time="2012-04-21 21:23:15 UTC" participant="139275">
      <body>&lt;media omitted&gt;</body>
    </message>
    <message id="m0011" time="2012-04-21 21:23:29 UTC" participant="139275">
      <body>&lt;media omitted&gt;</body>
    </message>
    <message id="m0012" time="2012-04-21 21:23:34 UTC" participant="139566">
      <body>‎ 3aizen n3ml l shaza diet bta5od nos elswra lw7dha w e7na el 3 el nos el tany</body>
    </message>
    <message id="m0013" time="2012-04-21 21:23:43 UTC" participant="139275">
      <body>&lt;media omitted&gt;</body>
    </message>
    <message id="m0014" time="2012-04-21 21:23:57 UTC" participant="139275">
      <body>ya sater ya rab :D</body>
    </message>
    <message id="m0015" time="2012-04-21 21:24:11 UTC" participant="139566">
      <body>Ya gaaaaameeeeed ya princess enta </body>
    </message>
    <message id="m0016" time="2012-04-21 21:24:27 UTC" participant="139275">
      <body>3agboki bgd?</body>
    </message>
    <message id="m0017" time="2012-04-21 21:25:19 UTC" participant="139566">
      <body>La2 sho3'l momslen da ya bet</body>
    </message>
    <message id="m0018" time="2012-04-21 21:25:30 UTC" participant="139566">
      <body>Bs ely lw7dk a7la </body>
    </message>
    <message id="m0019" time="2012-04-21 21:25:37 UTC" participant="139275">
      <body>:D</body>
    </message>
    <message id="m0020" time="2012-04-21 21:26:14 UTC" participant="139566">
      <body>Gamden gdan bgd</body>
    </message>
    <message id="m0021" time="2012-04-21 21:26:24 UTC" participant="139566">
      <body>5osartk f el adb</body>
    </message>
    <message id="m0022" time="2012-04-21 21:26:29 UTC" participant="139275">
      <body>allah yogbor be7'atrek ya she7'a</body>
    </message>
    <message id="m0024" time="2012-04-21 21:26:55 UTC" participant="139275">
      <body>hehehehheeee leh ya ablty da ana el en7raf kolo</body>
    </message>
    <message id="m0025" time="2012-04-21 21:27:44 UTC" participant="139566">
      <body>La2 bs bardo kan zman el swra de 3aliha likat wlad eh </body>
    </message>
    <message id="m0026" time="2012-04-21 21:27:48 UTC" participant="139275">
      <body>&lt;media omitted&gt;</body>
    </message>
    <message id="m0027" time="2012-04-21 21:28:17 UTC" participant="139275">
      <body>hehehehhe ahh w ana kan 3andy mo3faben wallhy bs rl zaman</body>
    </message>
    <message id="m0028" time="2012-04-21 21:28:58 UTC" participant="139275">
      <body>sa7e7 eh akhbar amira? bt7ot sower m3 Ehab ba2a wala bt7'af mn el 7asd :D</body>
    </message>
    <message id="m0029" time="2012-04-21 21:29:07 UTC" participant="139566">
      <body>Yala b2a zeka 3n ayamk ely fatet</body>
    </message>
    <message id="m0030" time="2012-04-21 21:30:14 UTC" participant="139566">
      <body>Ensy b2a amira eh wlahy 5sraaan hoa f el mokarna de</body>
    </message>
    <message id="m0031" time="2012-04-21 21:30:59 UTC" participant="139275">
      <body>:D ya bet wallhy bhayes m3aki eftkrtha lma ba2olek kan leya mo3gaben</body>
    </message>
    <message id="m0032" time="2012-04-21 21:31:39 UTC" participant="139275">
      <body>elbent amora ya3ny ana mesh ba7s ene aksbha fe 7aga 3ady</body>
    </message>
    <message id="m0033" time="2012-04-21 21:32:05 UTC" participant="139275">
      <body>w kaman ana asln mesh za3lana 3ala 7aga howa bs kan 3eshra :F</body>
    </message>
    <message id="m0034" time="2012-04-21 21:32:08 UTC" participant="139275">
      <body>:D</body>
    </message>
    <message id="m0035" time="2012-04-21 21:32:25 UTC" participant="139275">
      <body>maktbosh el ketab :D</body>
    </message>
    <message id="m0036" time="2012-04-21 21:32:53 UTC" participant="139566">
      <body>Msh 3arfa msh btetl3ly kter </body>
    </message>
    <message id="m0037" time="2012-04-21 21:33:08 UTC" participant="139275">
      <body>:D</body>
    </message>
    <message id="m0038" time="2012-04-21 21:33:13 UTC" participant="139275">
      <body>btzakry?</body>
    </message>
    <message id="m0039" time="2012-04-21 21:34:54 UTC" participant="139566">
      <body>Da3watk b2a</body>
    </message>
    <message id="m0040" time="2012-04-21 21:35:04 UTC" participant="139275">
      <body>ya 3ene :(</body>
    </message>
    <message id="m0041" time="2012-04-21 21:35:12 UTC" participant="139275">
      <body>rabna m3aki ya 7abebtu</body>
    </message>
    <message id="m0042" time="2012-04-21 21:35:41 UTC" participant="139566">
      <body>Wa7shtony wlahy</body>
    </message>
    <message id="m0043" time="2012-04-21 21:36:09 UTC" participant="139275">
      <body>men dol ya bet :F</body>
    </message>
    <message id="m0044" time="2012-04-21 21:37:09 UTC" participant="139566">
      <body>Enty w mai </body>
    </message>
    <message id="m0045" time="2012-04-21 21:37:17 UTC" participant="139566">
      <body>3la tol kda shaka fia</body>
    </message>
    <message id="m0046" time="2012-04-21 21:37:21 UTC" participant="139566">
      <body>Ah m7tasa wlahyyy</body>
    </message>
    <message id="m0047" time="2012-04-21 21:37:28 UTC" participant="139275">
      <body>moia. hena asln</body>
    </message>
    <message id="m0048" time="2012-04-21 21:37:41 UTC" participant="139275">
      <body>mashya b3d bokra is</body>
    </message>
    <message id="m0049" time="2012-04-21 21:37:49 UTC" participant="139566">
      <body>3aaaa tyb a3dy akml el sahra</body>
    </message>
    <message id="m0050" time="2012-04-21 21:38:08 UTC" participant="139275">
      <body>heheheh 3amr hena :D</body>
    </message>
    <message id="m0051" time="2012-04-21 21:38:26 UTC" participant="139275">
      <body>ba2olek ma tege n3ml 7aga bokra isa</body>
    </message>
    <message id="m0052" time="2012-04-21 21:38:31 UTC" participant="139275">
      <body>wala busy ?</body>
    </message>
    <message id="m0053" time="2012-04-21 21:41:15 UTC" participant="139275">
      <body>mai 7tzbt w a2olek</body>
    </message>
    <message id="m0054" time="2012-04-21 21:41:26 UTC" participant="139566">
      <body>El sa3a kam ?</body>
    </message>
    <message id="m0055" time="2012-04-21 21:41:39 UTC" participant="139275">
      <body>bt2olek heya most3eda bs 3ayza 7'roga gamda gedn</body>
    </message>
    <message id="m0056" time="2012-04-21 21:41:52 UTC" participant="139275">
      <body>w 3'er e3tyadeyaa</body>
    </message>
    <message id="m0057" time="2012-04-21 21:42:44 UTC" participant="139566">
      <body>Eshta sob7 wla lyl 3shan afkr w azbt</body>
    </message>
    <message id="m0058" time="2012-04-21 21:43:08 UTC" participant="139275">
      <body>lel 3shan 3andily sho3'l :$</body>
    </message>
    <message id="m0059" time="2012-04-21 21:46:29 UTC" participant="139566">
      <body>Tma 7afkr w a2olk</body>
    </message>
    <message id="m0060" time="2012-04-21 21:47:40 UTC" participant="139566">
      <body>W 7a2ol lel bet shaza el t5ena ana m3aha now</body>
    </message>
    <message id="m0061" time="2012-04-21 21:47:54 UTC" participant="139275">
      <body>bgd m3aha?</body>
    </message>
    <message id="m0062" time="2012-04-21 21:48:07 UTC" participant="139275">
      <body>ento fen l7d now ya ....</body>
    </message>
    <message id="m0063" time="2012-04-21 21:48:10 UTC" participant="139275">
      <body>??</body>
    </message>
    <message id="m0064" time="2012-04-21 21:51:47 UTC" participant="139566">
      <body>Today 3ed meladha el mt25r</body>
    </message>
    <message id="m0066" time="2012-04-21 21:52:25 UTC" participant="139566">
      <body>7akml lma aro7 3shan 7aso2 now</body>
    </message>
    <message id="m0067" time="2012-04-22 14:04:26 UTC" participant="139566">
      <body>A3o3a</body>
    </message>
    <message id="m0068" time="2012-04-22 14:05:23 UTC" participant="139566">
      <body>7at3mlo 7aga today ? If yes tell me as soon as u know 3shan ana 7atl3 3aliko mn 7ta w 7aro7 b3dko 7ta</body>
    </message>
    <message id="m0069" time="2012-04-22 14:05:52 UTC" participant="139566">
      <body>Ana bfkr momkn nro7 msr7 el slam aw kramants nl3b</body>
    </message>
    <message id="m0070" time="2012-04-22 17:18:58 UTC" participant="139275">
      <body>rel :d</body>
    </message>
    <message id="m0071" time="2012-04-22 17:19:09 UTC" participant="139566">
      <body>N3m</body>
    </message>
    <message id="m0072" time="2012-04-22 17:19:47 UTC" participant="139275">
      <body>mfesh wireless flsho3'l :D</body>
    </message>
    <message id="m0073" time="2012-04-22 17:23:18 UTC" participant="139566">
      <body>W maktba w 7rkat</body>
    </message>
    <message id="m0074" time="2012-04-22 17:23:34 UTC" participant="139566">
      <body>Shofy moia waslt l eh w 2olely</body>
    </message>
    <message id="m0075" time="2012-04-22 17:23:55 UTC" participant="139275">
      <body>bt2oli mstnya shaza</body>
    </message>
    <message id="m0076" time="2012-04-22 17:27:19 UTC" participant="139566">
      <body>Aha yb2a msh 7anwsal l 7aga </body>
    </message>
    <message id="m0077" time="2012-04-22 17:27:38 UTC" participant="139566">
      <body>Yala gtg 3shan bzakr lw waslto l 7aga send</body>
    </message>
  </messages>
</conversation>
