<?xml version="1.0" encoding="UTF-8"?>
<conversation id="CHT_ARZ_20121231.0005" medium="CHT" donated="true">
  <messages>
    <message id="m0000" time="2012-12-31 23:08:34 UTC" participant="139275">
      <body>el mahrgaaaan games gednnnn</body>
    </message>
    <message id="m0001" time="2012-12-31 23:08:45 UTC" participant="139275">
      <body/>
    </message>
    <message id="m0002" time="2012-12-31 23:08:54 UTC" participant="139275">
      <body/>
    </message>
    <message id="m0003" time="2012-12-31 23:09:32 UTC" participant="139566">
      <body>Hehehhee shokran gomhory </body>
    </message>
    <message id="m0004" time="2012-12-31 23:09:56 UTC" participant="139275">
      <body>enta 7ad shatooooor</body>
    </message>
    <message id="m0005" time="2012-12-31 23:10:30 UTC" participant="139566">
      <body>Shokran shokran ba7bko </body>
    </message>
    <message id="m0006" time="2012-12-31 23:11:01 UTC" participant="139275">
      <body>3ayzen asamy lel nono plz ya o7'tyyy</body>
    </message>
    <message id="m0007" time="2012-12-31 23:11:20 UTC" participant="139566">
      <body>Isa a3ml wa7a l ze2red  nsha3'lha f el sbo3 </body>
    </message>
    <message id="m0008" time="2012-12-31 23:11:23 UTC" participant="139566">
      <body>2aser</body>
    </message>
    <message id="m0009" time="2012-12-31 23:11:42 UTC" participant="139275">
      <body>mmmm w da yetnt2 ezay :D</body>
    </message>
    <message id="m0010" time="2012-12-31 23:12:08 UTC" participant="139566">
      <body>Ah enty m3yoba sa7e7 </body>
    </message>
    <message id="m0011" time="2012-12-31 23:12:24 UTC" participant="139275">
      <body/>
    </message>
    <message id="m0012" time="2012-12-31 23:13:38 UTC" participant="139566">
      <body>Tyb 7afkr f asamy r free</body>
    </message>
    <message id="m0013" time="2012-12-31 23:15:08 UTC" participant="139275">
      <body/>
    </message>
  </messages>
</conversation>
