<?xml version="1.0" encoding="UTF-8"?>
<conversation id="CHT_ARZ_20120423.0000" medium="CHT" donated="true">
  <messages>
    <message id="m0000" time="2012-04-23 03:00:10 UTC" participant="149434">
      <body>Nani</body>
    </message>
    <message id="m0002" time="2012-04-23 03:13:37 UTC" participant="139275">
      <body>enty feeen?</body>
    </message>
    <message id="m0005" time="2012-04-23 03:15:39 UTC" participant="139275">
      <body>fe wireless?</body>
    </message>
    <message id="m0006" time="2012-04-23 03:15:42 UTC" participant="149434">
      <body>Heya moia feen</body>
    </message>
    <message id="m0007" time="2012-04-23 03:15:48 UTC" participant="139275">
      <body>hena hoo</body>
    </message>
    <message id="m0009" time="2012-04-23 03:16:05 UTC" participant="149434">
      <body>Magatsh leej</body>
    </message>
    <message id="m0010" time="2012-04-23 03:16:07 UTC" participant="149434">
      <body>Leeh</body>
    </message>
    <message id="m0011" time="2012-04-23 03:16:28 UTC" participant="139275">
      <body>m3rfsh</body>
    </message>
    <message id="m0013" time="2012-04-23 03:18:00 UTC" participant="149434">
      <body>Tab heya m3ndhash  bta3 men ely bntkalem 3aleh da?</body>
    </message>
    <message id="m0014" time="2012-04-23 03:18:16 UTC" participant="139275">
      <body>3andha ahoo</body>
    </message>
    <message id="m0016" time="2012-04-23 03:21:00 UTC" participant="149434">
      <body>7'aleha to send me ay 7aga</body>
    </message>
    <message id="m0017" time="2012-04-23 03:21:11 UTC" participant="139275">
      <body>b3ttlk aho</body>
    </message>
  </messages>
</conversation>

