<?xml version="1.0" encoding="UTF-8"?>
<conversation id="CHT_ARZ_20130129.0000" medium="CHT" donated="true">
  <messages>
    <message id="m0000" participant="138112" time="2013-01-29 22:10:37 UTC">
      <body>Tayeb es2ali</body>
    </message>
    <message id="m0001" participant="138314" time="2013-01-29 22:34:53 UTC">
      <body>Ma3lsh ya yara el osbo3 dah bnzbaly kan damar asln :D Sorry :D</body>
    </message>
    <message id="m0002" participant="138314" time="2013-01-30 12:07:36 UTC">
      <body>3amla eh ba2a?</body>
    </message>
    <message id="m0003" participant="138112" time="2013-01-30 15:45:33 UTC">
      <body>Ana Kwayesa w enty 3amla eh?</body>
    </message>
    <message id="m0004" participant="138314" time="2013-01-30 16:33:45 UTC">
      <body>Tamam</body>
    </message>
  </messages>
</conversation>
