<?xml version="1.0" encoding="UTF-8"?>
<conversation id="CHT_ARZ_20120814.0003" medium="CHT" donated="true">
  <messages>
    <message id="m0000" time="2012-08-14 20:06:14 UTC" participant="139275">
      <body>walla so2al wala gwab ya 2lbk</body>
    </message>
    <message id="m0001" time="2012-08-14 20:16:21 UTC" participant="139566">
      <body>Bs msh 3ozr bardo </body>
    </message>
    <message id="m0002" time="2012-08-14 20:16:32 UTC" participant="139275">
      <body>llaa laa wala yhmk</body>
    </message>
    <message id="m0003" time="2012-08-14 20:17:02 UTC" participant="139275">
      <body>ana 3arfa kaman Ramdan wa2to mesh msa3ed</body>
    </message>
    <message id="m0004" time="2012-08-14 20:17:11 UTC" participant="139566">
      <body>W b3den ana 2olt 3arosa b2a f ma3'lssh 3aliki  tla2eny tal3alk kda </body>
    </message>
    <message id="m0005" time="2012-08-14 20:17:32 UTC" participant="139275">
      <body>bs ya 3abita</body>
    </message>
    <message id="m0006" time="2012-08-14 20:17:43 UTC" participant="139275">
      <body>ra7t 3alya</body>
    </message>
    <message id="m0007" time="2012-08-14 20:17:43 UTC" participant="139566">
      <body>W ana 3arfa ma7mod romansy w bysa7rk 3la do2 el shmo3 </body>
    </message>
    <message id="m0008" time="2012-08-14 20:17:47 UTC" participant="139566">
      <body>Hehehhehe</body>
    </message>
    <message id="m0009" time="2012-08-14 20:17:58 UTC" participant="139275">
      <body>aweeeee aweeee</body>
    </message>
    <message id="m0010" time="2012-08-14 20:18:04 UTC" participant="139566">
      <body>Ya lhwyy ra7t 3aliki mn now </body>
    </message>
    <message id="m0011" time="2012-08-14 20:18:22 UTC" participant="139275">
      <body>ahhh tab3an</body>
    </message>
    <message id="m0012" time="2012-08-14 20:36:26 UTC" participant="139275">
      <body>heheee</body>
    </message>
    <message id="m0013" time="2012-08-14 20:36:54 UTC" participant="139275">
      <body>da howa basli b2rf w 2ali thnx 3ala eh</body>
    </message>
    <message id="m0014" time="2012-08-14 21:20:22 UTC" participant="139566">
      <body>Asfa wlahy </body>
    </message>
    <message id="m0015" time="2012-08-14 21:21:25 UTC" participant="139566">
      <body>W gaia f baly wlahy el yomen ely fato bs el kahrba de 3amlaly wash 3la tol el mobile fasl w el donia ml5bta</body>
    </message>
    <message id="m0016" time="2012-08-14 21:23:55 UTC" participant="139566">
      <body>Y3ni nb2 ndwr l ma7mod 3la 3arosa</body>
    </message>
    <message id="m0017" time="2012-08-14 21:24:55 UTC" participant="139566">
      <body>Da ana shoftk katba thx 3la el face book 2olt el 7amdolelah rada yd5l barbie el bet </body>
    </message>
    <message id="m0018" time="2012-08-14 22:01:58 UTC" participant="139566">
      <body>Loooool </body>
    </message>
  </messages>
</conversation>
