<?xml version="1.0" encoding="UTF-8"?>
<conversation id="CHT_ARZ_20120624.0000" medium="CHT" donated="true">
  <messages>
    <message id="m0000" time="2012-06-24 20:11:17 UTC" participant="139275">
      <body>سارة</body>
    </message>
    <message id="m0001" time="2012-06-24 20:11:25 UTC" participant="139275">
      <body>انتي هنا؟</body>
    </message>
    <message id="m0002" time="2012-06-24 20:12:23 UTC" participant="139275">
      <body>أنا كنت عايزة اعزمك على فرحي إن شاء الله الخميس الي جاي</body>
    </message>
    <message id="m0003" time="2012-06-24 20:13:09 UTC" participant="139275">
      <body>معلش انا اتاخرت جدا في أني اعزمك انا واقعة على دماغي اصلاا</body>
    </message>
    <message id="m0004" time="2012-06-24 21:33:20 UTC" participant="139554">
      <body>Ana maksoufa atesel khayfa la tkoune nayma</body>
    </message>
    <message id="m0005" time="2012-06-24 21:33:49 UTC" participant="139275">
      <body>7abeby ana sa7ya etklmy tb3an</body>
    </message>
    <message id="m0006" time="2012-06-24 22:37:04 UTC" participant="139554">
      <body>7abeeeeeebty alf alf mabrouk, wallahe ente msh 3arfa fara7teny add eh w kont me7taga el far7a de</body>
    </message>
  </messages>
</conversation>
