<?xml version="1.0" encoding="UTF-8"?>
<conversation id="CHT_ARZ_20130424.0002" medium="CHT" donated="true">
  <messages>
    <message id="m0001" time="2013-04-24 20:16:54 UTC" participant="139134">
      <body>hmm</body>
    </message>
    <message id="m0002" time="2013-04-24 20:17:03 UTC" participant="139134">
      <body>eskndria agd3 nas</body>
    </message>
    <message id="m0003" time="2013-04-24 20:17:07 UTC" participant="139134">
      <body>w shat edkndria</body>
    </message>
    <message id="m0004" time="2013-04-24 20:17:27 UTC" participant="139134">
      <body>w ya eskandarani</body>
    </message>
    <message id="m0005" time="2013-04-24 20:18:16 UTC" participant="139588">
      <body>Eh kaman</body>
    </message>
    <message id="m0006" time="2013-04-24 20:18:32 UTC" participant="139134">
      <body>msh arfa wait</body>
    </message>
  </messages>
</conversation>
