<?xml version="1.0" encoding="UTF-8"?>
<conversation id="CHT_ARZ_20130323.0000" medium="CHT" donated="true">
  <messages>
    <message id="m0000" participant="138112" time="2013-03-23 21:23:03 UTC">
      <body>Feenak ya saye3</body>
    </message>
    <message id="m0001" participant="138318" time="2013-03-23 21:23:35 UTC">
      <body>Fel so5na</body>
    </message>
    <message id="m0002" participant="138318" time="2013-03-23 21:24:04 UTC">
      <body/>
    </message>
    <message id="m0003" participant="138318" time="2013-03-23 21:26:49 UTC">
      <body>Wenty</body>
    </message>
    <message id="m0004" participant="138112" time="2013-03-23 22:10:28 UTC">
      <body>Leh!</body>
    </message>
    <message id="m0005" participant="138112" time="2013-03-23 22:10:34 UTC">
      <body>M3a meen</body>
    </message>
    <message id="m0006" participant="138318" time="2013-03-23 22:15:20 UTC">
      <body>S3eed w ramy 3ady kona zh2anen</body>
    </message>
    <message id="m0007" participant="138112" time="2013-03-23 22:15:52 UTC">
      <body>Magnoon walahi</body>
    </message>
    <message id="m0008" participant="138318" time="2013-03-23 22:16:16 UTC">
      <body>Ahahahahhhaah</body>
    </message>
    <message id="m0009" participant="138318" time="2013-03-23 22:16:21 UTC">
      <body>Enty 3mlty eh enhrda</body>
    </message>
    <message id="m0010" participant="138112" time="2013-03-23 22:18:28 UTC">
      <body>Wala haga</body>
    </message>
    <message id="m0011" participant="138112" time="2013-03-23 22:18:31 UTC">
      <body>Roht el madrasa</body>
    </message>
    <message id="m0012" participant="138112" time="2013-03-23 22:18:36 UTC">
      <body>W rege3t nemt</body>
    </message>
    <message id="m0013" participant="138112" time="2013-03-23 22:18:46 UTC">
      <body>W sehet</body>
    </message>
    <message id="m0014" participant="138112" time="2013-03-23 22:19:02 UTC">
      <body>W 5aragt m3a Hana</body>
    </message>
    <message id="m0015" participant="138112" time="2013-03-23 22:19:13 UTC">
      <body>W reg3a aho el bet</body>
    </message>
    <message id="m0016" participant="138318" time="2013-03-23 22:19:34 UTC">
      <body>7amdellah 3ala l salma</body>
    </message>
    <message id="m0017" participant="138112" time="2013-03-23 22:19:51 UTC">
      <body>Hahaha hatemshi enta men 3andek</body>
    </message>
    <message id="m0018" participant="138112" time="2013-03-23 22:20:01 UTC">
      <body>Bt3mlo eh aslan delwa2ty</body>
    </message>
    <message id="m0019" participant="138318" time="2013-03-23 22:20:24 UTC">
      <body>23aden 3ala l ba7r w bentfrg 3ala film</body>
    </message>
    <message id="m0020" participant="138318" time="2013-03-23 22:20:33 UTC">
      <body>W odmna l ba7r</body>
    </message>
    <message id="m0021" participant="138318" time="2013-03-23 22:20:42 UTC">
      <body>Bkra aw enhrda belel</body>
    </message>
    <message id="m0022" participant="138112" time="2013-03-23 22:21:25 UTC">
      <body>W hatbato feen</body>
    </message>
    <message id="m0023" participant="138318" time="2013-03-23 22:22:18 UTC">
      <body>Lesa mesh 3ref</body>
    </message>
    <message id="m0024" participant="138318" time="2013-03-23 22:22:28 UTC">
      <body>Bas shkly habat fel 3rbya</body>
    </message>
    <message id="m0025" participant="138112" time="2013-03-23 22:22:41 UTC">
      <body>Eh el habal da</body>
    </message>
    <message id="m0026" participant="138112" time="2013-03-23 22:22:46 UTC">
      <body>Emsho delwa2ty</body>
    </message>
    <message id="m0027" participant="138318" time="2013-03-23 22:23:22 UTC">
      <body>L2 fakes</body>
    </message>
    <message id="m0028" participant="138112" time="2013-03-23 22:33:16 UTC">
      <body>Leh</body>
    </message>
    <message id="m0029" participant="138318" time="2013-03-23 22:34:07 UTC">
      <body>Asl harg3 cairo a3ml eh</body>
    </message>
    <message id="m0030" participant="138112" time="2013-03-23 22:51:19 UTC">
      <body>Terawah betak ya habibi</body>
    </message>
    <message id="m0031" participant="138318" time="2013-03-23 22:53:32 UTC">
      <body>Mahwa shwaya keda w hanrw7</body>
    </message>
    <message id="m0032" participant="138112" time="2013-03-24 08:56:48 UTC">
      <body>Wesley el bet</body>
    </message>
    <message id="m0033" participant="138318" time="2013-03-24 14:29:28 UTC">
      <body>Ah elhmdullelah</body>
    </message>
  </messages>
</conversation>
