<?xml version="1.0" encoding="UTF-8"?>
<conversation id="CHT_ARZ_20130426.0000" medium="CHT" donated="true">
  <messages>
    <message id="m0000" participant="138319" time="2013-04-26 14:23:44 UTC">
      <body>Yara</body>
    </message>
    <message id="m0001" participant="138112" time="2013-04-26 15:04:35 UTC">
      <body>Andrew</body>
    </message>
    <message id="m0002" participant="138319" time="2013-04-26 18:09:20 UTC">
      <body>3amla eh</body>
    </message>
    <message id="m0003" participant="138319" time="2013-04-26 18:09:31 UTC">
      <body>M3lsh kont naym</body>
    </message>
    <message id="m0005" participant="138112" time="2013-04-26 18:10:32 UTC">
      <body>Ana kwayesa el7</body>
    </message>
    <message id="m0006" participant="138112" time="2013-04-26 18:10:35 UTC">
      <body>Enta 3amel eh</body>
    </message>
    <message id="m0007" participant="138319" time="2013-04-26 18:12:16 UTC">
      <body>Ana kolo 7lww</body>
    </message>
    <message id="m0008" participant="138112" time="2013-04-26 18:12:30 UTC">
      <body>Kol da nom hahaha</body>
    </message>
    <message id="m0009" participant="138319" time="2013-04-26 18:13:27 UTC">
      <body>La2 mana s7eet badry today ro7t el kanisa wa 3amlt 7agat kda b3d kda rg3t nmt</body>
    </message>
    <message id="m0010" participant="138319" time="2013-04-26 18:13:40 UTC">
      <body>Omal kalmtk ezay el sob7 ya3ni</body>
    </message>
    <message id="m0011" participant="138112" time="2013-04-26 18:14:27 UTC">
      <body>Ahhh sa7</body>
    </message>
    <message id="m0012" participant="138112" time="2013-04-26 18:14:30 UTC">
      <body>Nseet</body>
    </message>
    <message id="m0013" participant="138319" time="2013-04-26 18:14:37 UTC">
      <body>:D</body>
    </message>
    <message id="m0014" participant="138112" time="2013-04-26 18:18:09 UTC">
      <body>Bt3ml ehhhh</body>
    </message>
    <message id="m0016" participant="138319" time="2013-04-26 18:18:24 UTC">
      <body>Wanty</body>
    </message>
    <message id="m0017" participant="138112" time="2013-04-26 18:18:45 UTC">
      <body>2omt wala lesa</body>
    </message>
    <message id="m0018" participant="138112" time="2013-04-26 18:18:55 UTC">
      <body>Ana a3da watching tv m3a deyoof 3andena</body>
    </message>
    <message id="m0019" participant="138319" time="2013-04-26 18:19:19 UTC">
      <body>Hahahahahaha ah 2omt</body>
    </message>
    <message id="m0020" participant="138112" time="2013-04-26 18:24:49 UTC">
      <body>Ht3ml eh today</body>
    </message>
    <message id="m0021" participant="138319" time="2013-04-26 18:28:25 UTC">
      <body>Fady mafish 7aga 23mlha</body>
    </message>
    <message id="m0022" participant="138319" time="2013-04-26 18:36:35 UTC">
      <body>Wanty</body>
    </message>
    <message id="m0023" participant="138112" time="2013-04-26 18:37:00 UTC">
      <body>Wala Ana medabesa fel bet 3ashan 3andena deyouf</body>
    </message>
    <message id="m0024" participant="138319" time="2013-04-26 18:37:32 UTC">
      <body>:D</body>
    </message>
    <message id="m0025" participant="138112" time="2013-04-26 18:46:12 UTC">
      <body>:(((</body>
    </message>
    <message id="m0026" participant="138112" time="2013-04-26 18:46:26 UTC">
      <body>Bokra gam3a sa7</body>
    </message>
    <message id="m0027" participant="138319" time="2013-04-26 19:06:17 UTC">
      <body>Yes</body>
    </message>
    <message id="m0028" participant="138112" time="2013-04-26 19:24:01 UTC">
      <body>Akeed medaye2</body>
    </message>
    <message id="m0029" participant="138319" time="2013-04-26 19:42:01 UTC">
      <body>Haday2 mn eh</body>
    </message>
    <message id="m0030" participant="138112" time="2013-04-26 19:42:53 UTC">
      <body>Ba3d ma kont me2anta5 fel bet haterga3 lel mozakra wel sho3'l</body>
    </message>
    <message id="m0031" participant="138319" time="2013-04-26 19:43:33 UTC">
      <body>Anty 3abita ya yara :D el esbo3en el gayen dol akter agazat asln</body>
    </message>
    <message id="m0032" participant="138112" time="2013-04-26 19:46:24 UTC">
      <body>Eshm3na</body>
    </message>
    <message id="m0033" participant="138319" time="2013-04-26 19:46:51 UTC">
      <body>Easter ya yara</body>
    </message>
    <message id="m0034" participant="138112" time="2013-04-26 19:47:33 UTC">
      <body>Ahhhh sa7</body>
    </message>
    <message id="m0035" participant="138112" time="2013-04-26 19:47:42 UTC">
      <body>Hat3ml eh lel Easter</body>
    </message>
    <message id="m0036" participant="138319" time="2013-04-26 23:38:12 UTC">
      <body>Msafer el so5na</body>
    </message>
    <message id="m0038" participant="138112" time="2013-04-26 23:46:24 UTC">
      <body>M3a meen</body>
    </message>
    <message id="m0039" participant="138319" time="2013-04-26 23:53:50 UTC">
      <body>M3 ahly</body>
    </message>
  </messages>
</conversation>
