<?xml version="1.0" encoding="UTF-8"?>
<conversation id="CHT_ARZ_20130504.0005" medium="CHT" donated="true">
  <messages>
    <message id="m0000" time="2013-05-04 19:57:00 UTC" participant="139547">
      <body>&lt;Media omitted&gt;</body>
    </message>
    <message id="m0001" time="2013-05-04 19:57:00 UTC" participant="139547">
      <body>ازيك يا طنط</body>
    </message>
    <message id="m0002" time="2013-05-04 19:57:00 UTC" participant="139547">
      <body>مش انتى صاحبتى</body>
    </message>
    <message id="m0003" time="2013-05-04 19:57:00 UTC" participant="139547">
      <body/>
    </message>
    <message id="m0004" time="2013-05-04 19:58:00 UTC" participant="139376">
      <body>وانا أطول ابقى صاحبتك!! </body>
    </message>
    <message id="m0005" time="2013-05-04 19:59:00 UTC" participant="139376">
      <body>هو أنا قد المقام برضه</body>
    </message>
    <message id="m0006" time="2013-05-04 20:00:00 UTC" participant="139376">
      <body>حبيبي ايو ضحكة جنان</body>
    </message>
    <message id="m0007" time="2013-05-04 20:00:00 UTC" participant="139547">
      <body></body>
    </message>
    <message id="m0008" time="2013-05-04 20:00:00 UTC" participant="139547">
      <body>ازيك يا موها</body>
    </message>
    <message id="m0009" time="2013-05-04 20:01:00 UTC" participant="139376">
      <body>الحمد لله والله</body>
    </message>
    <message id="m0010" time="2013-05-04 20:01:00 UTC" participant="139376">
      <body>انتم أخباركم ايه؟؟</body>
    </message>
    <message id="m0011" time="2013-05-05 09:59:00 UTC" participant="139547">
      <body>رجعناااا</body>
    </message>
    <message id="m0012" time="2013-05-05 09:59:00 UTC" participant="139547">
      <body>و مخدناش حاجه</body>
    </message>
    <message id="m0013" time="2013-05-05 09:59:00 UTC" participant="139547">
      <body></body>
    </message>
    <message id="m0014" time="2013-05-05 09:59:00 UTC" participant="139376">
      <body>ليييه؟؟</body>
    </message>
    <message id="m0015" time="2013-05-05 09:59:00 UTC" participant="139547">
      <body>ادونا معاد الاسبوع الجاى</body>
    </message>
    <message id="m0016" time="2013-05-05 09:59:00 UTC" participant="139376">
      <body>حمد الله على السلامة الاول</body>
    </message>
    <message id="m0017" time="2013-05-05 09:59:00 UTC" participant="139547">
      <body>الله يسلمك</body>
    </message>
    <message id="m0018" time="2013-05-05 09:59:00 UTC" participant="139376">
      <body>يالا ليه نصيب يقعد اسبوع رايق  </body>
    </message>
    <message id="m0019" time="2013-05-05 09:59:00 UTC" participant="139547">
      <body>اصله ورايا بشارعين مكتب الصحه</body>
    </message>
    <message id="m0020" time="2013-05-05 09:59:00 UTC" participant="139547">
      <body>فمتاخرناش</body>
    </message>
    <message id="m0021" time="2013-05-05 10:00:00 UTC" participant="139376">
      <body>كويس</body>
    </message>
    <message id="m0022" time="2013-05-05 10:00:00 UTC" participant="139547">
      <body>بالضبط</body>
    </message>
    <message id="m0023" time="2013-05-05 10:00:00 UTC" participant="139547">
      <body>كنت حامله هم رجوعه معكنن</body>
    </message>
    <message id="m0024" time="2013-05-05 10:00:00 UTC" participant="139547">
      <body>له نصيب</body>
    </message>
    <message id="m0025" time="2013-05-05 10:00:00 UTC" participant="139547">
      <body>يكمل نوم</body>
    </message>
    <message id="m0026" time="2013-05-05 10:00:00 UTC" participant="139547">
      <body></body>
    </message>
    <message id="m0027" time="2013-05-05 10:00:00 UTC" participant="139376">
      <body>وليكي كمان نصيب </body>
    </message>
    <message id="m0028" time="2013-05-05 10:00:00 UTC" participant="139547">
      <body></body>
    </message>
    <message id="m0029" time="2013-05-05 10:01:00 UTC" participant="139547">
      <body>هو رخم</body>
    </message>
    <message id="m0030" time="2013-05-05 10:01:00 UTC" participant="139547">
      <body>صح</body>
    </message>
    <message id="m0031" time="2013-05-05 10:01:00 UTC" participant="139547">
      <body>؟</body>
    </message>
    <message id="m0032" time="2013-05-05 10:01:00 UTC" participant="139376">
      <body>مممممم</body>
    </message>
    <message id="m0033" time="2013-05-05 10:01:00 UTC" participant="139547">
      <body>ده كان سؤال</body>
    </message>
    <message id="m0034" time="2013-05-05 10:01:00 UTC" participant="139376">
      <body>حقيقة انا مش فاكرة بتاع الشهر التاني ولا الرابع الي رخم</body>
    </message>
    <message id="m0035" time="2013-05-05 10:01:00 UTC" participant="139547">
      <body></body>
    </message>
    <message id="m0036" time="2013-05-05 10:02:00 UTC" participant="139376">
      <body>هو اهم حاجة كمادات المية الدافية</body>
    </message>
    <message id="m0037" time="2013-05-05 10:02:00 UTC" participant="139376">
      <body>في ناس بتقولك لا ملحاش لازمة</body>
    </message>
    <message id="m0038" time="2013-05-05 10:02:00 UTC" participant="139547">
      <body>انا برضو مش فاكره هسال فاطمه</body>
    </message>
    <message id="m0039" time="2013-05-05 10:02:00 UTC" participant="139547">
      <body>لانى فاكره ان فى واحد منهم بيرجعوا يسخنوا</body>
    </message>
    <message id="m0040" time="2013-05-05 10:03:00 UTC" participant="139547">
      <body>و يبؤا مترييفن اوى</body>
    </message>
    <message id="m0041" time="2013-05-05 10:03:00 UTC" participant="139547">
      <body>ولازم متابعه</body>
    </message>
    <message id="m0042" time="2013-05-05 10:03:00 UTC" participant="139547">
      <body>و كمادات</body>
    </message>
    <message id="m0043" time="2013-05-05 10:03:00 UTC" participant="139376">
      <body>بس انا فاكرة حسين في تطعيم كان تعبان اوي والكمادات دي ريحته</body>
    </message>
    <message id="m0044" time="2013-05-05 10:03:00 UTC" participant="139547">
      <body>بجاد و حبيبه</body>
    </message>
    <message id="m0045" time="2013-05-05 10:03:00 UTC" participant="139376">
      <body>وطبعا دوا السخونية</body>
    </message>
    <message id="m0046" time="2013-05-05 10:03:00 UTC" participant="139547">
      <body>كانوا كده</body>
    </message>
    <message id="m0047" time="2013-05-05 10:03:00 UTC" participant="139547">
      <body>ربنا يسهل</body>
    </message>
    <message id="m0048" time="2013-05-05 10:03:00 UTC" participant="139376">
      <body>يا حبايبي</body>
    </message>
    <message id="m0049" time="2013-05-05 10:04:00 UTC" participant="139376">
      <body>وفاطمة عاملة ايه؟؟</body>
    </message>
    <message id="m0050" time="2013-05-05 10:04:00 UTC" participant="139547">
      <body>الحمد لله</body>
    </message>
    <message id="m0051" time="2013-05-05 10:04:00 UTC" participant="139547">
      <body>ماشى الحال</body>
    </message>
    <message id="m0052" time="2013-05-05 10:04:00 UTC" participant="139547">
      <body>افشت عالسعوديه</body>
    </message>
    <message id="m0053" time="2013-05-05 10:04:00 UTC" participant="139547">
      <body>خلاص</body>
    </message>
    <message id="m0054" time="2013-05-05 10:04:00 UTC" participant="139547">
      <body></body>
    </message>
    <message id="m0055" time="2013-05-05 10:04:00 UTC" participant="139376">
      <body>شايفاها بقالها كام استاتيس كده مش طايقة السعودية</body>
    </message>
    <message id="m0056" time="2013-05-05 10:04:00 UTC" participant="139376">
      <body></body>
    </message>
    <message id="m0057" time="2013-05-05 10:04:00 UTC" participant="139547">
      <body>مخنوقه</body>
    </message>
    <message id="m0058" time="2013-05-05 10:04:00 UTC" participant="139376">
      <body>ايوة انا اخدت بالي برضه</body>
    </message>
    <message id="m0059" time="2013-05-05 10:04:00 UTC" participant="139547">
      <body>و بيحاولوا يشوفوا اى عقد تانى</body>
    </message>
    <message id="m0060" time="2013-05-05 10:05:00 UTC" participant="139376">
      <body>في بلد تانية يعني؟؟</body>
    </message>
    <message id="m0061" time="2013-05-05 10:05:00 UTC" participant="139547">
      <body>اه مش فارق معاها</body>
    </message>
    <message id="m0062" time="2013-05-05 10:05:00 UTC" participant="139547">
      <body>وانا قعدت اقلها متسيبينيش حرام عليكى</body>
    </message>
    <message id="m0063" time="2013-05-05 10:05:00 UTC" participant="139376">
      <body>هي بقالها كام سنه هنا؟؟</body>
    </message>
    <message id="m0064" time="2013-05-05 10:05:00 UTC" participant="139547">
      <body>انا رضيت اقابل مازن</body>
    </message>
    <message id="m0065" time="2013-05-05 10:06:00 UTC" participant="139547">
      <body>عشان انتى فالسعوديه</body>
    </message>
    <message id="m0066" time="2013-05-05 10:06:00 UTC" participant="139376">
      <body></body>
    </message>
    <message id="m0067" time="2013-05-05 10:06:00 UTC" participant="139547">
      <body>4</body>
    </message>
    <message id="m0068" time="2013-05-05 10:06:00 UTC" participant="139547">
      <body></body>
    </message>
    <message id="m0069" time="2013-05-05 10:06:00 UTC" participant="139376">
      <body>طب وايه الي خانقها كده من السعودية مرة واحدة؟؟</body>
    </message>
    <message id="m0070" time="2013-05-05 10:06:00 UTC" participant="139547">
      <body>اصل جوزها</body>
    </message>
    <message id="m0071" time="2013-05-05 10:06:00 UTC" participant="139547">
      <body>خريج علوم</body>
    </message>
    <message id="m0072" time="2013-05-05 10:07:00 UTC" participant="139547">
      <body>و بيشتغل فى جريده</body>
    </message>
    <message id="m0073" time="2013-05-05 10:07:00 UTC" participant="139547">
      <body>دعايه و اعلان</body>
    </message>
    <message id="m0074" time="2013-05-05 10:07:00 UTC" participant="139547">
      <body></body>
    </message>
    <message id="m0075" time="2013-05-05 10:07:00 UTC" participant="139547">
      <body>لبخ</body>
    </message>
    <message id="m0076" time="2013-05-05 10:07:00 UTC" participant="139376">
      <body></body>
    </message>
    <message id="m0077" time="2013-05-05 10:07:00 UTC" participant="139547">
      <body>فمع الظروف المنيله</body>
    </message>
    <message id="m0078" time="2013-05-05 10:07:00 UTC" participant="139547">
      <body>دى</body>
    </message>
    <message id="m0079" time="2013-05-05 10:07:00 UTC" participant="139547">
      <body>السعودى اكل عليهم البونس السنوى</body>
    </message>
    <message id="m0080" time="2013-05-05 10:07:00 UTC" participant="139547">
      <body>و حقوقهم</body>
    </message>
    <message id="m0082" time="2013-05-05 10:08:00 UTC" participant="139547">
      <body>هو و ناس كتير</body>
    </message>
    <message id="m0083" time="2013-05-05 10:08:00 UTC" participant="139547">
      <body>و غير بنود فالعقد</body>
    </message>
    <message id="m0084" time="2013-05-05 10:08:00 UTC" participant="139547">
      <body>فهو اتخانق معاه و قرفان</body>
    </message>
    <message id="m0085" time="2013-05-05 10:08:00 UTC" participant="139547">
      <body>و بيدور على شغل</body>
    </message>
    <message id="m0086" time="2013-05-05 10:08:00 UTC" participant="139547">
      <body>كيميائي</body>
    </message>
    <message id="m0087" time="2013-05-05 10:08:00 UTC" participant="139547">
      <body>فى مجاله</body>
    </message>
    <message id="m0088" time="2013-05-05 10:08:00 UTC" participant="139376">
      <body>ربنا يوفقه يارب</body>
    </message>
    <message id="m0089" time="2013-05-05 10:08:00 UTC" participant="139547">
      <body>فصعب مش بالسهل</body>
    </message>
    <message id="m0090" time="2013-05-05 10:09:00 UTC" participant="139376">
      <body>ده قرف</body>
    </message>
    <message id="m0091" time="2013-05-05 10:09:00 UTC" participant="139376">
      <body>طبعا صعب</body>
    </message>
    <message id="m0092" time="2013-05-05 10:09:00 UTC" participant="139547">
      <body>و فاطمه طبعا</body>
    </message>
    <message id="m0093" time="2013-05-05 10:09:00 UTC" participant="139547">
      <body>مكتئبه</body>
    </message>
    <message id="m0094" time="2013-05-05 10:09:00 UTC" participant="139376">
      <body>طبعا</body>
    </message>
    <message id="m0095" time="2013-05-05 10:09:00 UTC" participant="139547">
      <body>مهياش عارفه هيعملوا ايه</body>
    </message>
    <message id="m0096" time="2013-05-05 10:09:00 UTC" participant="139547">
      <body>عشان المدارس</body>
    </message>
    <message id="m0097" time="2013-05-05 10:09:00 UTC" participant="139547">
      <body>و العيال</body>
    </message>
    <message id="m0098" time="2013-05-05 10:09:00 UTC" participant="139547">
      <body>خايفه تروح عليهم سنه</body>
    </message>
    <message id="m0099" time="2013-05-05 10:10:00 UTC" participant="139547">
      <body>لانه لو مجددش مع الجريده و سبهم فعلا السنه الجديده</body>
    </message>
    <message id="m0100" time="2013-05-05 10:10:00 UTC" participant="139547">
      <body>هى اازم هتنزل</body>
    </message>
    <message id="m0101" time="2013-05-05 10:10:00 UTC" participant="139376">
      <body/>
    </message>
    <message id="m0102" time="2013-05-05 10:10:00 UTC" participant="139547">
      <body>و متعرفش تيجى غير لما يخلص ورقه</body>
    </message>
    <message id="m0103" time="2013-05-05 10:10:00 UTC" participant="139547">
      <body>فوجع قلب</body>
    </message>
    <message id="m0104" time="2013-05-05 10:10:00 UTC" participant="139547">
      <body>ربنا يقضى حاجتهم</body>
    </message>
    <message id="m0105" time="2013-05-05 10:11:00 UTC" participant="139547">
      <body>و ييسرهلهم</body>
    </message>
    <message id="m0106" time="2013-05-05 10:11:00 UTC" participant="139376">
      <body>يارب</body>
    </message>
    <message id="m0107" time="2013-05-05 10:11:00 UTC" participant="139376">
      <body>حدعلها ان شاء الله ان ربنا يسهلهم الحال</body>
    </message>
    <message id="m0108" time="2013-05-05 10:11:00 UTC" participant="139547">
      <body>الله يكرمك</body>
    </message>
    <message id="m0109" time="2013-05-05 10:11:00 UTC" participant="139547">
      <body>امين يا رب</body>
    </message>
    <message id="m0110" time="2013-05-05 10:12:00 UTC" participant="139376">
      <body>بالهنا والشفا</body>
    </message>
    <message id="m0111" time="2013-05-05 10:12:00 UTC" participant="139547">
      <body>الله يهنيكى</body>
    </message>
    <message id="m0112" time="2013-05-05 10:12:00 UTC" participant="139376">
      <body>بحب الناس الي ليها مزاج في الاكل</body>
    </message>
    <message id="m0113" time="2013-05-05 10:12:00 UTC" participant="139547">
      <body>تعالة افطرى معايا</body>
    </message>
    <message id="m0114" time="2013-05-05 10:12:00 UTC" participant="139547">
      <body>جبنه و بطيخ</body>
    </message>
    <message id="m0115" time="2013-05-05 10:12:00 UTC" participant="139547">
      <body></body>
    </message>
    <message id="m0116" time="2013-05-05 10:12:00 UTC" participant="139376">
      <body></body>
    </message>
    <message id="m0117" time="2013-05-05 10:13:00 UTC" participant="139547">
      <body>ياااه</body>
    </message>
    <message id="m0118" time="2013-05-05 10:13:00 UTC" participant="139376">
      <body>للاسف انا مش كده بس بحب الناس الي كده</body>
    </message>
    <message id="m0119" time="2013-05-05 10:13:00 UTC" participant="139547">
      <body>دنتى هتموتى فيا</body>
    </message>
    <message id="m0120" time="2013-05-05 10:13:00 UTC" participant="139547">
      <body></body>
    </message>
    <message id="m0121" time="2013-05-05 10:13:00 UTC" participant="139376">
      <body>بيعوضوا النقص الي فيا  </body>
    </message>
    <message id="m0122" time="2013-05-05 10:13:00 UTC" participant="139547">
      <body>انا بحب الاكل</body>
    </message>
    <message id="m0123" time="2013-05-05 10:13:00 UTC" participant="139547">
      <body></body>
    </message>
    <message id="m0124" time="2013-05-05 10:13:00 UTC" participant="139547">
      <body>مش الحاجات العاديه</body>
    </message>
    <message id="m0125" time="2013-05-05 10:14:00 UTC" participant="139547">
      <body>رز و مكرونه و خضار</body>
    </message>
    <message id="m0126" time="2013-05-05 10:14:00 UTC" participant="139376">
      <body>ايوة فعلا لما شوفت صورك على الانسترجام اتأكد انك مزجانجية</body>
    </message>
    <message id="m0127" time="2013-05-05 10:14:00 UTC" participant="139547">
      <body>لا</body>
    </message>
    <message id="m0128" time="2013-05-05 10:14:00 UTC" participant="139547">
      <body>بعتبر ده</body>
    </message>
    <message id="m0129" time="2013-05-05 10:14:00 UTC" participant="139547">
      <body>سلق كده</body>
    </message>
    <message id="m0130" time="2013-05-05 10:14:00 UTC" participant="139547">
      <body>اى كلام</body>
    </message>
    <message id="m0131" time="2013-05-05 10:14:00 UTC" participant="139376">
      <body></body>
    </message>
    <message id="m0132" time="2013-05-05 10:14:00 UTC" participant="139376">
      <body>انا اصلا مش بحب الاكل</body>
    </message>
    <message id="m0133" time="2013-05-05 10:14:00 UTC" participant="139547">
      <body>يعنى لازم اكل محشى</body>
    </message>
    <message id="m0134" time="2013-05-05 10:14:00 UTC" participant="139376">
      <body>باكل تقضيه واجب  </body>
    </message>
    <message id="m0135" time="2013-05-05 10:14:00 UTC" participant="139547">
      <body>كل اسبوع</body>
    </message>
    <message id="m0136" time="2013-05-05 10:15:00 UTC" participant="139376">
      <body></body>
    </message>
    <message id="m0137" time="2013-05-05 10:15:00 UTC" participant="139547">
      <body>عارفه النوع ده</body>
    </message>
    <message id="m0138" time="2013-05-05 10:15:00 UTC" participant="139547">
      <body>تعالى اغيرك</body>
    </message>
    <message id="m0139" time="2013-05-05 10:15:00 UTC" participant="139547">
      <body></body>
    </message>
    <message id="m0140" time="2013-05-05 10:15:00 UTC" participant="139376">
      <body>ياريت والله</body>
    </message>
    <message id="m0141" time="2013-05-05 10:15:00 UTC" participant="139376">
      <body>علشان ده منعكش على الولاد  </body>
    </message>
    <message id="m0142" time="2013-05-05 10:15:00 UTC" participant="139376">
      <body>منعكس</body>
    </message>
    <message id="m0143" time="2013-05-05 10:16:00 UTC" participant="139547">
      <body>ممم</body>
    </message>
    <message id="m0144" time="2013-05-05 10:16:00 UTC" participant="139547">
      <body></body>
    </message>
    <message id="m0145" time="2013-05-05 10:16:00 UTC" participant="139547">
      <body>غلطانه</body>
    </message>
    <message id="m0146" time="2013-05-05 10:16:00 UTC" participant="139547">
      <body></body>
    </message>
    <message id="m0147" time="2013-05-05 10:16:00 UTC" participant="139547">
      <body>بس هو مفيش وسط</body>
    </message>
    <message id="m0148" time="2013-05-05 10:16:00 UTC" participant="139376">
      <body>مخي بيقف مش بعرف أكلهم ايه!</body>
    </message>
    <message id="m0149" time="2013-05-05 10:17:00 UTC" participant="139547">
      <body>انا بحس انى اوفر</body>
    </message>
    <message id="m0150" time="2013-05-05 10:17:00 UTC" participant="139547">
      <body>باكل بزياده</body>
    </message>
    <message id="m0151" time="2013-05-05 10:17:00 UTC" participant="139547">
      <body>محدش بيعمل كده</body>
    </message>
    <message id="m0152" time="2013-05-05 10:17:00 UTC" participant="139547">
      <body>مش الكم</body>
    </message>
    <message id="m0153" time="2013-05-05 10:17:00 UTC" participant="139547">
      <body>النوعيه</body>
    </message>
    <message id="m0154" time="2013-05-05 10:17:00 UTC" participant="139547">
      <body>يعنى مش حته جبنه و عيش و شاى بلبن</body>
    </message>
    <message id="m0155" time="2013-05-05 10:17:00 UTC" participant="139376">
      <body>بصي بدل الحمد لله وزنك كويس دوسي ولا يهمك</body>
    </message>
    <message id="m0156" time="2013-05-05 10:17:00 UTC" participant="139547">
      <body>و دمتم</body>
    </message>
    <message id="m0157" time="2013-05-05 10:17:00 UTC" participant="139547">
      <body>لا</body>
    </message>
    <message id="m0158" time="2013-05-05 10:17:00 UTC" participant="139376">
      <body>هي هي هي</body>
    </message>
    <message id="m0159" time="2013-05-05 10:17:00 UTC" participant="139547">
      <body>قشطه و مربه</body>
    </message>
    <message id="m0160" time="2013-05-05 10:17:00 UTC" participant="139376">
      <body>انا لسه فاطرة كده</body>
    </message>
    <message id="m0161" time="2013-05-05 10:18:00 UTC" participant="139547">
      <body>و كورن فليكس بالعسل و متقطع عليه فاكههه</body>
    </message>
    <message id="m0162" time="2013-05-05 10:18:00 UTC" participant="139547">
      <body>اوووفر</body>
    </message>
    <message id="m0163" time="2013-05-05 10:18:00 UTC" participant="139547">
      <body></body>
    </message>
    <message id="m0164" time="2013-05-05 10:18:00 UTC" participant="139376">
      <body></body>
    </message>
    <message id="m0165" time="2013-05-05 10:18:00 UTC" participant="139376">
      <body>بالهنا والشفا</body>
    </message>
    <message id="m0166" time="2013-05-05 10:18:00 UTC" participant="139547">
      <body>بس هقلك</body>
    </message>
    <message id="m0167" time="2013-05-05 10:18:00 UTC" participant="139547">
      <body>ده غصب عنى</body>
    </message>
    <message id="m0168" time="2013-05-05 10:19:00 UTC" participant="139376">
      <body>طب طابخة ايه النهاردة بقى؟!</body>
    </message>
    <message id="m0169" time="2013-05-05 10:19:00 UTC" participant="139547">
      <body>ماما هى اللى عودتنا كده</body>
    </message>
    <message id="m0170" time="2013-05-05 10:19:00 UTC" participant="139547">
      <body>لان اى حد كان يجلنا</body>
    </message>
    <message id="m0171" time="2013-05-05 10:19:00 UTC" participant="139376">
      <body>جدعة والله</body>
    </message>
    <message id="m0172" time="2013-05-05 10:19:00 UTC" participant="139547">
      <body>كان يستغرب</body>
    </message>
    <message id="m0173" time="2013-05-05 10:19:00 UTC" participant="139547">
      <body>و يعلق</body>
    </message>
    <message id="m0174" time="2013-05-05 10:19:00 UTC" participant="139547">
      <body>على اكلنا</body>
    </message>
    <message id="m0175" time="2013-05-05 10:19:00 UTC" participant="139376">
      <body>يعني فاطمة زيك كده؟؟</body>
    </message>
    <message id="m0176" time="2013-05-05 10:19:00 UTC" participant="139547">
      <body>حتى ماما كانت تروح السوق</body>
    </message>
    <message id="m0177" time="2013-05-05 10:19:00 UTC" participant="139547">
      <body>اهههه</body>
    </message>
    <message id="m0178" time="2013-05-05 10:19:00 UTC" participant="139547">
      <body>اكتر كمااان</body>
    </message>
    <message id="m0179" time="2013-05-05 10:19:00 UTC" participant="139547">
      <body></body>
    </message>
    <message id="m0180" time="2013-05-05 10:20:00 UTC" participant="139547">
      <body>و اخواتى الولاد</body>
    </message>
    <message id="m0181" time="2013-05-05 10:20:00 UTC" participant="139547">
      <body>مرات اخويا</body>
    </message>
    <message id="m0182" time="2013-05-05 10:20:00 UTC" participant="139376">
      <body>برافو والله</body>
    </message>
    <message id="m0183" time="2013-05-05 10:20:00 UTC" participant="139547">
      <body>محمد</body>
    </message>
    <message id="m0184" time="2013-05-05 10:20:00 UTC" participant="139547">
      <body>ايه</body>
    </message>
    <message id="m0185" time="2013-05-05 10:20:00 UTC" participant="139547">
      <body>هى بنت خالتى اصلا</body>
    </message>
    <message id="m0186" time="2013-05-05 10:20:00 UTC" participant="139376">
      <body>انا عايزى اتعلم منكم علشان خاطر الولاد والله</body>
    </message>
    <message id="m0187" time="2013-05-05 10:20:00 UTC" participant="139547">
      <body>تقله اوفى عليك منين كل ده انااا</body>
    </message>
    <message id="m0188" time="2013-05-05 10:20:00 UTC" participant="139547">
      <body></body>
    </message>
    <message id="m0189" time="2013-05-05 10:20:00 UTC" participant="139376">
      <body>انا خلاص مافيش مني رجا  </body>
    </message>
    <message id="m0190" time="2013-05-05 10:20:00 UTC" participant="139376">
      <body></body>
    </message>
    <message id="m0191" time="2013-05-05 10:21:00 UTC" participant="139376">
      <body>ماشاء الله</body>
    </message>
    <message id="m0192" time="2013-05-05 10:21:00 UTC" participant="139547">
      <body>المهم</body>
    </message>
    <message id="m0193" time="2013-05-05 10:21:00 UTC" participant="139547">
      <body>صاحبه ماما راحت معاها مره</body>
    </message>
    <message id="m0194" time="2013-05-05 10:21:00 UTC" participant="139547">
      <body>فماما عماله تجيب حاجات</body>
    </message>
    <message id="m0195" time="2013-05-05 10:21:00 UTC" participant="139547">
      <body>و تقول محمد عاوز كذه</body>
    </message>
    <message id="m0196" time="2013-05-05 10:22:00 UTC" participant="139547">
      <body>و هبه بتحب كذا و و</body>
    </message>
    <message id="m0197" time="2013-05-05 10:22:00 UTC" participant="139547">
      <body></body>
    </message>
    <message id="m0198" time="2013-05-05 10:23:00 UTC" participant="139376">
      <body></body>
    </message>
    <message id="m0199" time="2013-05-05 10:23:00 UTC" participant="139376">
      <body>ماشاء الله</body>
    </message>
    <message id="m0200" time="2013-05-05 10:23:00 UTC" participant="139376">
      <body>ربنا يا بنتي يديم عليكم نعمة والله</body>
    </message>
    <message id="m0201" time="2013-05-05 10:23:00 UTC" participant="139376">
      <body>الحمد لله</body>
    </message>
    <message id="m0202" time="2013-05-05 10:24:00 UTC" participant="139547">
      <body>فصاحبتها قالتلها اللى هيتجوز عيالك</body>
    </message>
    <message id="m0203" time="2013-05-05 10:25:00 UTC" participant="139547">
      <body>هياكلهم منين</body>
    </message>
    <message id="m0204" time="2013-05-05 10:25:00 UTC" participant="139547">
      <body>من يومهاى</body>
    </message>
    <message id="m0205" time="2013-05-05 10:25:00 UTC" participant="139547">
      <body>مخدتهاش معاها تانى</body>
    </message>
    <message id="m0206" time="2013-05-05 10:25:00 UTC" participant="139547">
      <body></body>
    </message>
    <message id="m0207" time="2013-05-05 10:25:00 UTC" participant="139376">
      <body>طبعا</body>
    </message>
    <message id="m0208" time="2013-05-05 10:25:00 UTC" participant="139547">
      <body>طنط منى</body>
    </message>
    <message id="m0209" time="2013-05-05 10:25:00 UTC" participant="139547">
      <body>لما جاتلى</body>
    </message>
    <message id="m0210" time="2013-05-05 10:25:00 UTC" participant="139376">
      <body></body>
    </message>
    <message id="m0211" time="2013-05-05 10:25:00 UTC" participant="139547">
      <body>ففيوم</body>
    </message>
    <message id="m0212" time="2013-05-05 10:25:00 UTC" participant="139376">
      <body>مالها</body>
    </message>
    <message id="m0213" time="2013-05-05 10:25:00 UTC" participant="139547">
      <body>بتقلى</body>
    </message>
    <message id="m0214" time="2013-05-05 10:26:00 UTC" participant="139547">
      <body>ها نعمل اكل ايه انهارده</body>
    </message>
    <message id="m0215" time="2013-05-05 10:26:00 UTC" participant="139547">
      <body>فبقلها ممكن مكرونه بشاميل و كفته و مسقعه</body>
    </message>
    <message id="m0216" time="2013-05-05 10:26:00 UTC" participant="139547">
      <body>قالتلى ليه حفله</body>
    </message>
    <message id="m0217" time="2013-05-05 10:26:00 UTC" participant="139547">
      <body></body>
    </message>
    <message id="m0218" time="2013-05-05 10:26:00 UTC" participant="139376">
      <body></body>
    </message>
    <message id="m0219" time="2013-05-05 10:26:00 UTC" participant="139547">
      <body>قلتلها دى كده وجبه</body>
    </message>
    <message id="m0220" time="2013-05-05 10:26:00 UTC" participant="139547">
      <body>يا طنط</body>
    </message>
    <message id="m0221" time="2013-05-05 10:26:00 UTC" participant="139376">
      <body>ايوه فعلا دي عندنا كده عزومة  </body>
    </message>
    <message id="m0222" time="2013-05-05 10:27:00 UTC" participant="139547">
      <body>احنا المسقعه عندنا</body>
    </message>
    <message id="m0223" time="2013-05-05 10:27:00 UTC" participant="139547">
      <body>فاتح شهيه</body>
    </message>
    <message id="m0224" time="2013-05-05 10:27:00 UTC" participant="139376">
      <body></body>
    </message>
    <message id="m0225" time="2013-05-05 10:27:00 UTC" participant="139547">
      <body>جمب الاكل</body>
    </message>
    <message id="m0226" time="2013-05-05 10:27:00 UTC" participant="139376">
      <body>ماشاء الله</body>
    </message>
    <message id="m0227" time="2013-05-05 10:27:00 UTC" participant="139547">
      <body></body>
    </message>
    <message id="m0228" time="2013-05-05 10:27:00 UTC" participant="139376">
      <body>مخلل يعني </body>
    </message>
    <message id="m0229" time="2013-05-05 10:27:00 UTC" participant="139547">
      <body>اه والله</body>
    </message>
    <message id="m0230" time="2013-05-05 10:27:00 UTC" participant="139376">
      <body></body>
    </message>
    <message id="m0231" time="2013-05-05 10:28:00 UTC" participant="139376">
      <body>احنا عيلة مسمومة  </body>
    </message>
    <message id="m0232" time="2013-05-05 10:28:00 UTC" participant="139547">
      <body>هو تعود مش اكتر</body>
    </message>
    <message id="m0233" time="2013-05-05 10:28:00 UTC" participant="139376">
      <body>فعلا</body>
    </message>
    <message id="m0234" time="2013-05-05 10:28:00 UTC" participant="139547">
      <body></body>
    </message>
    <message id="m0235" time="2013-05-05 10:28:00 UTC" participant="139547">
      <body>ابعتيلى</body>
    </message>
    <message id="m0236" time="2013-05-05 10:28:00 UTC" participant="139547">
      <body>على و حسين</body>
    </message>
    <message id="m0237" time="2013-05-05 10:28:00 UTC" participant="139376">
      <body>ربنا يدمها نعمة  </body>
    </message>
    <message id="m0238" time="2013-05-05 10:28:00 UTC" participant="139547">
      <body></body>
    </message>
    <message id="m0239" time="2013-05-05 10:29:00 UTC" participant="139376">
      <body>ياريت والله</body>
    </message>
    <message id="m0240" time="2013-05-05 10:29:00 UTC" participant="139376">
      <body>متتخيلش انا بحس بالذنب بسببهم أد ايه</body>
    </message>
    <message id="m0241" time="2013-05-05 10:29:00 UTC" participant="139547">
      <body>معلش واحده واحده</body>
    </message>
    <message id="m0242" time="2013-05-05 10:29:00 UTC" participant="139376">
      <body>علشان انا مليش في الاكل فمش بعرف خالص أكلهم ايه  </body>
    </message>
    <message id="m0243" time="2013-05-05 10:29:00 UTC" participant="139547">
      <body>فنلهم فالاكل</body>
    </message>
    <message id="m0244" time="2013-05-05 10:30:00 UTC" participant="139547">
      <body>اعمللهم فطارهم بتوست و جبنه و رومى مدخن طبقات</body>
    </message>
    <message id="m0245" time="2013-05-05 10:30:00 UTC" participant="139547">
      <body>و عليه زتون و طماطم</body>
    </message>
    <message id="m0246" time="2013-05-05 10:30:00 UTC" participant="139547">
      <body>اشكال</body>
    </message>
    <message id="m0247" time="2013-05-05 10:30:00 UTC" participant="139547">
      <body>تلفت نظرهم</body>
    </message>
    <message id="m0248" time="2013-05-05 10:30:00 UTC" participant="139376">
      <body>اه عجبني اوي الي انتي عاملاها  </body>
    </message>
    <message id="m0249" time="2013-05-05 10:31:00 UTC" participant="139547">
      <body>انا بعمل لنغسى مده</body>
    </message>
    <message id="m0250" time="2013-05-05 10:31:00 UTC" participant="139547">
      <body>كده</body>
    </message>
    <message id="m0251" time="2013-05-05 10:31:00 UTC" participant="139376">
      <body>اتبسط الصراحة ان في حد بيعمل كده في الحقيقة</body>
    </message>
    <message id="m0252" time="2013-05-05 10:31:00 UTC" participant="139547">
      <body>فما بالك بالاطفال</body>
    </message>
    <message id="m0253" time="2013-05-05 10:31:00 UTC" participant="139547">
      <body>افتحى نفسهم</body>
    </message>
    <message id="m0254" time="2013-05-05 10:31:00 UTC" participant="139376">
      <body>لا انا حته جبنة في لقمة واقلب  </body>
    </message>
    <message id="m0255" time="2013-05-05 10:31:00 UTC" participant="139547">
      <body>بجاد لعلمك</body>
    </message>
    <message id="m0256" time="2013-05-05 10:31:00 UTC" participant="139547">
      <body>كان طالع فالاول زى ابوه</body>
    </message>
    <message id="m0257" time="2013-05-05 10:32:00 UTC" participant="139547">
      <body>مسموووم خالص بقه</body>
    </message>
    <message id="m0258" time="2013-05-05 10:32:00 UTC" participant="139547">
      <body>ملوش فاى اكل</body>
    </message>
    <message id="m0259" time="2013-05-05 10:32:00 UTC" participant="139547">
      <body>نهائي</body>
    </message>
    <message id="m0260" time="2013-05-05 10:32:00 UTC" participant="139547">
      <body>و مسلوع</body>
    </message>
    <message id="m0261" time="2013-05-05 10:32:00 UTC" participant="139547">
      <body></body>
    </message>
    <message id="m0262" time="2013-05-05 10:32:00 UTC" participant="139547">
      <body>نزل اجازه</body>
    </message>
    <message id="m0263" time="2013-05-05 10:32:00 UTC" participant="139547">
      <body>بقه</body>
    </message>
    <message id="m0264" time="2013-05-05 10:32:00 UTC" participant="139547">
      <body>مصر</body>
    </message>
    <message id="m0265" time="2013-05-05 10:32:00 UTC" participant="139547">
      <body>وسطنا</body>
    </message>
    <message id="m0266" time="2013-05-05 10:32:00 UTC" participant="139376">
      <body></body>
    </message>
    <message id="m0267" time="2013-05-05 10:32:00 UTC" participant="139547">
      <body>بقه هو يطلب من فاطمه</body>
    </message>
    <message id="m0268" time="2013-05-05 10:32:00 UTC" participant="139547">
      <body>اعمليلى جبنه رومى سايحه</body>
    </message>
    <message id="m0269" time="2013-05-05 10:33:00 UTC" participant="139547">
      <body>و زتونه</body>
    </message>
    <message id="m0270" time="2013-05-05 10:33:00 UTC" participant="139547">
      <body>و شوكو بوبس</body>
    </message>
    <message id="m0271" time="2013-05-05 10:33:00 UTC" participant="139547">
      <body>و لما يروح الهايبر</body>
    </message>
    <message id="m0272" time="2013-05-05 10:33:00 UTC" participant="139547">
      <body>يقل لباباه</body>
    </message>
    <message id="m0273" time="2013-05-05 10:33:00 UTC" participant="139547">
      <body>جبلى ديك رومى</body>
    </message>
    <message id="m0274" time="2013-05-05 10:33:00 UTC" participant="139547">
      <body></body>
    </message>
    <message id="m0275" time="2013-05-05 10:34:00 UTC" participant="139376">
      <body></body>
    </message>
    <message id="m0276" time="2013-05-05 10:34:00 UTC" participant="139376">
      <body>ماشاء الله</body>
    </message>
    <message id="m0277" time="2013-05-05 10:34:00 UTC" participant="139376">
      <body>عقبال ولادي يارب</body>
    </message>
    <message id="m0278" time="2013-05-05 10:34:00 UTC" participant="139547">
      <body>انشالله</body>
    </message>
    <message id="m0279" time="2013-05-05 10:34:00 UTC" participant="139547">
      <body>يا رب</body>
    </message>
    <message id="m0280" time="2013-05-05 10:35:00 UTC" participant="139547">
      <body></body>
    </message>
    <message id="m0281" time="2013-05-05 10:35:00 UTC" participant="139547">
      <body>اللمه بتاكل</body>
    </message>
    <message id="m0282" time="2013-05-05 10:35:00 UTC" participant="139547">
      <body>دى معلومه صحيحه</body>
    </message>
    <message id="m0283" time="2013-05-05 10:35:00 UTC" participant="139376">
      <body>فين بقه اللمة دي ؟؟ </body>
    </message>
    <message id="m0284" time="2013-05-05 10:35:00 UTC" participant="139547">
      <body>قعديهم وسط ناس اكيله</body>
    </message>
    <message id="m0285" time="2013-05-05 10:35:00 UTC" participant="139376">
      <body>الحمد لله</body>
    </message>
    <message id="m0286" time="2013-05-05 10:35:00 UTC" participant="139547">
      <body>هياكلوا</body>
    </message>
    <message id="m0287" time="2013-05-05 10:35:00 UTC" participant="139547">
      <body>مصر بقه</body>
    </message>
    <message id="m0288" time="2013-05-05 10:35:00 UTC" participant="139376">
      <body>معندبش ناس انا</body>
    </message>
    <message id="m0289" time="2013-05-05 10:35:00 UTC" participant="139547">
      <body></body>
    </message>
    <message id="m0290" time="2013-05-05 10:35:00 UTC" participant="139376">
      <body>بقولك كلنا عيله مسمومة    </body>
    </message>
    <message id="m0291" time="2013-05-05 10:35:00 UTC" participant="139547">
      <body>ماهى دى من ضرايب عيشتنا</body>
    </message>
    <message id="m0292" time="2013-05-05 10:35:00 UTC" participant="139547">
      <body>برضو</body>
    </message>
    <message id="m0293" time="2013-05-05 10:36:00 UTC" participant="139547">
      <body>هاتوهم عيلتنا</body>
    </message>
    <message id="m0294" time="2013-05-05 10:36:00 UTC" participant="139376">
      <body>ماشي</body>
    </message>
    <message id="m0295" time="2013-05-05 10:36:00 UTC" participant="139547">
      <body>و يا سلاام بقه</body>
    </message>
    <message id="m0296" time="2013-05-05 10:36:00 UTC" participant="139376">
      <body>قد الكلمة </body>
    </message>
    <message id="m0297" time="2013-05-05 10:36:00 UTC" participant="139547">
      <body>لمه فبيت العيله</body>
    </message>
    <message id="m0298" time="2013-05-05 10:36:00 UTC" participant="139547">
      <body>فالقاهره</body>
    </message>
    <message id="m0299" time="2013-05-05 10:36:00 UTC" participant="139547">
      <body>عند خالتى حنان</body>
    </message>
    <message id="m0300" time="2013-05-05 10:36:00 UTC" participant="139376">
      <body>خلاص انا اجوز ولادي من بنات عليتكم</body>
    </message>
    <message id="m0301" time="2013-05-05 10:37:00 UTC" participant="139547">
      <body>حنان دى عدت كل المقاييس</body>
    </message>
    <message id="m0302" time="2013-05-05 10:37:00 UTC" participant="139376">
      <body>علي لحبيبة</body>
    </message>
    <message id="m0303" time="2013-05-05 10:37:00 UTC" participant="139547">
      <body>مبنعملش حاجه غير الاكل</body>
    </message>
    <message id="m0304" time="2013-05-05 10:37:00 UTC" participant="139376">
      <body>وحسين لبنت اخوكي  </body>
    </message>
    <message id="m0305" time="2013-05-05 10:37:00 UTC" participant="139547">
      <body>عندهت</body>
    </message>
    <message id="m0306" time="2013-05-05 10:37:00 UTC" participant="139547">
      <body>ا</body>
    </message>
    <message id="m0307" time="2013-05-05 10:37:00 UTC" participant="139547">
      <body>ههه</body>
    </message>
    <message id="m0308" time="2013-05-05 10:37:00 UTC" participant="139376">
      <body>ماشاء الله</body>
    </message>
    <message id="m0309" time="2013-05-05 10:37:00 UTC" participant="139376">
      <body>احنا لما بنتلم برضه في عيد او شم نسيم بناكل كتير برضه</body>
    </message>
    <message id="m0310" time="2013-05-05 10:38:00 UTC" participant="139376">
      <body>بس دي ايام معدودة في السنة  </body>
    </message>
    <message id="m0311" time="2013-05-05 10:38:00 UTC" participant="139547">
      <body>معلش</body>
    </message>
    <message id="m0312" time="2013-05-05 10:39:00 UTC" participant="139547">
      <body>ربنا يهونها</body>
    </message>
    <message id="m0313" time="2013-05-05 10:39:00 UTC" participant="139547">
      <body>علينا</body>
    </message>
    <message id="m0314" time="2013-05-05 10:39:00 UTC" participant="139547">
      <body>و يكتبلنا ايام اكتر</body>
    </message>
    <message id="m0315" time="2013-05-05 10:39:00 UTC" participant="139547">
      <body>وسط اللمه الحلوه</body>
    </message>
    <message id="m0316" time="2013-05-05 10:39:00 UTC" participant="139547">
      <body></body>
    </message>
    <message id="m0317" time="2013-05-05 10:43:00 UTC" participant="139376">
      <body>يارب بجد</body>
    </message>
    <message id="m0318" time="2013-05-05 10:44:00 UTC" participant="139376">
      <body></body>
    </message>
    <message id="m0321" time="2013-05-05 22:40:00 UTC" participant="139376">
      <body>ربنا يشفي الجميع و يعفينا كلنا يارب</body>
    </message>
    <message id="m0322" time="2013-05-05 22:40:00 UTC" participant="139547">
      <body>ربنا يسلم</body>
    </message>
    <message id="m0323" time="2013-05-05 22:41:00 UTC" participant="139376">
      <body>يارب ان شاء الله</body>
    </message>
    <message id="m0324" time="2013-05-06 11:46:00 UTC" participant="139376">
      <body>انا فطرت فول بالبيض</body>
    </message>
    <message id="m0325" time="2013-05-06 11:46:00 UTC" participant="139376">
      <body>كويس الفطار ده؟؟ </body>
    </message>
    <message id="m0326" time="2013-05-06 12:24:00 UTC" participant="139547">
      <body>ههه</body>
    </message>
    <message id="m0327" time="2013-05-06 12:24:00 UTC" participant="139547">
      <body>شغال</body>
    </message>
    <message id="m0328" time="2013-05-06 12:24:00 UTC" participant="139547">
      <body>جربى بيض بالعجوه نكست تايم</body>
    </message>
    <message id="m0329" time="2013-05-06 12:24:00 UTC" participant="139547">
      <body></body>
    </message>
    <message id="m0331" time="2013-05-06 13:36:00 UTC" participant="139376">
      <body>البيض بالعجوة ده بيتحطله ملح وفلفل عادي؟</body>
    </message>
    <message id="m0333" time="2013-05-06 13:36:00 UTC" participant="139547">
      <body>لا قرفه</body>
    </message>
    <message id="m0334" time="2013-05-06 13:36:00 UTC" participant="139376">
      <body>انا مبهزرش</body>
    </message>
    <message id="m0335" time="2013-05-06 13:37:00 UTC" participant="139547">
      <body>انا بتكلم جد</body>
    </message>
    <message id="m0336" time="2013-05-06 13:37:00 UTC" participant="139547">
      <body>ولا انا بهزر</body>
    </message>
    <message id="m0337" time="2013-05-06 13:37:00 UTC" participant="139376">
      <body>انا فعلا مش عارفة  </body>
    </message>
    <message id="m0338" time="2013-05-06 13:37:00 UTC" participant="139376">
      <body></body>
    </message>
    <message id="m0339" time="2013-05-06 13:37:00 UTC" participant="139376">
      <body>اوك</body>
    </message>
    <message id="m0340" time="2013-05-06 13:37:00 UTC" participant="139376">
      <body>اجرب</body>
    </message>
    <message id="m0341" time="2013-05-06 13:37:00 UTC" participant="139376">
      <body>طب قولي الطريقة بقه بالمرة  </body>
    </message>
    <message id="m0342" time="2013-05-06 13:38:00 UTC" participant="139547">
      <body>ولا حاجه يا ستى بتفكى العجوه عالنار</body>
    </message>
    <message id="m0343" time="2013-05-06 13:38:00 UTC" participant="139547">
      <body>بحبه زيت صغيرين اوى</body>
    </message>
    <message id="m0344" time="2013-05-06 13:38:00 UTC" participant="139547">
      <body>بالشوكه</body>
    </message>
    <message id="m0345" time="2013-05-06 13:38:00 UTC" participant="139547">
      <body>و رشه</body>
    </message>
    <message id="m0346" time="2013-05-06 13:38:00 UTC" participant="139547">
      <body>قرفه</body>
    </message>
    <message id="m0347" time="2013-05-06 13:39:00 UTC" participant="139547">
      <body>و اكسرى عليهم بيضتين</body>
    </message>
    <message id="m0348" time="2013-05-06 13:39:00 UTC" participant="139547">
      <body>و تقلبى</body>
    </message>
    <message id="m0349" time="2013-05-06 13:39:00 UTC" participant="139547">
      <body>بس كده</body>
    </message>
    <message id="m0351" time="2013-05-06 13:39:00 UTC" participant="139547">
      <body>و لو بسمنه بلدى بقه</body>
    </message>
    <message id="m0352" time="2013-05-06 13:39:00 UTC" participant="139547">
      <body>يسلاااام</body>
    </message>
    <message id="m0353" time="2013-05-06 13:39:00 UTC" participant="139547">
      <body>بدل الزيت</body>
    </message>
    <message id="m0354" time="2013-05-06 13:39:00 UTC" participant="139376">
      <body></body>
    </message>
    <message id="m0355" time="2013-05-06 13:39:00 UTC" participant="139547">
      <body></body>
    </message>
    <message id="m0356" time="2013-05-06 13:40:00 UTC" participant="139547">
      <body>عملتى طب مكرونه نجرسكو</body>
    </message>
    <message id="m0357" time="2013-05-06 13:40:00 UTC" participant="139547">
      <body>قبل كده</body>
    </message>
    <message id="m0358" time="2013-05-06 13:41:00 UTC" participant="139547">
      <body>بفراخ</body>
    </message>
    <message id="m0359" time="2013-05-06 13:41:00 UTC" participant="139547">
      <body>و فلفل و زيتون و كده</body>
    </message>
    <message id="m0360" time="2013-05-06 13:41:00 UTC" participant="139376">
      <body>اه</body>
    </message>
    <message id="m0361" time="2013-05-06 13:41:00 UTC" participant="139547">
      <body>طب كويس</body>
    </message>
    <message id="m0362" time="2013-05-06 13:41:00 UTC" participant="139547">
      <body>عشانها شبه البيتزا</body>
    </message>
    <message id="m0363" time="2013-05-06 13:41:00 UTC" participant="139376">
      <body>بس محمد مش بيحب الزتون في الاكل</body>
    </message>
    <message id="m0364" time="2013-05-06 13:41:00 UTC" participant="139547">
      <body>و قيمتها الغذائيه عاليه</body>
    </message>
    <message id="m0365" time="2013-05-06 13:41:00 UTC" participant="139547">
      <body>للولاد</body>
    </message>
    <message id="m0366" time="2013-05-06 13:41:00 UTC" participant="139547">
      <body>فيها فراخ و خضار</body>
    </message>
    <message id="m0367" time="2013-05-06 13:41:00 UTC" participant="139376">
      <body>بس اعرف طريقتك برضه</body>
    </message>
    <message id="m0368" time="2013-05-06 13:41:00 UTC" participant="139547">
      <body>و الجبنه السايحه</body>
    </message>
    <message id="m0369" time="2013-05-06 13:41:00 UTC" participant="139376">
      <body>زيادة الخير خخيرين</body>
    </message>
    <message id="m0370" time="2013-05-06 13:42:00 UTC" participant="139547">
      <body>تعملهم شغل</body>
    </message>
    <message id="m0371" time="2013-05-06 13:42:00 UTC" participant="139547">
      <body></body>
    </message>
    <message id="m0372" time="2013-05-06 13:42:00 UTC" participant="139547">
      <body>بصى</body>
    </message>
    <message id="m0373" time="2013-05-06 13:42:00 UTC" participant="139547">
      <body>صدور فراخ</body>
    </message>
    <message id="m0374" time="2013-05-06 13:42:00 UTC" participant="139547">
      <body>بقطعهالا</body>
    </message>
    <message id="m0375" time="2013-05-06 13:42:00 UTC" participant="139547">
      <body>مكعبات</body>
    </message>
    <message id="m0376" time="2013-05-06 13:42:00 UTC" participant="139547">
      <body>و اتبلها</body>
    </message>
    <message id="m0377" time="2013-05-06 13:43:00 UTC" participant="139547">
      <body>بعصير بصل و ملح و فلفل</body>
    </message>
    <message id="m0378" time="2013-05-06 13:43:00 UTC" participant="139547">
      <body>ونقطه خل</body>
    </message>
    <message id="m0379" time="2013-05-06 13:43:00 UTC" participant="139547">
      <body>اسبهم فالتتبيله شويه</body>
    </message>
    <message id="m0380" time="2013-05-06 13:43:00 UTC" participant="139547">
      <body>وبعدين شويه زيت زيتون فطاسه</body>
    </message>
    <message id="m0381" time="2013-05-06 13:43:00 UTC" participant="139547">
      <body>حاجه بسيطه</body>
    </message>
    <message id="m0382" time="2013-05-06 13:44:00 UTC" participant="139547">
      <body>و اشوح الفراخ</body>
    </message>
    <message id="m0383" time="2013-05-06 13:44:00 UTC" participant="139547">
      <body>و اهدى النار و اغطى عليها</body>
    </message>
    <message id="m0384" time="2013-05-06 13:44:00 UTC" participant="139547">
      <body>عشان تسوى نفسها</body>
    </message>
    <message id="m0385" time="2013-05-06 13:44:00 UTC" participant="139376">
      <body>كويس</body>
    </message>
    <message id="m0386" time="2013-05-06 13:44:00 UTC" participant="139547">
      <body>و اكون مقطعه فلفل رومى و طماطم من غير قشر و زيتون</body>
    </message>
    <message id="m0387" time="2013-05-06 13:45:00 UTC" participant="139547">
      <body>مكرونه مسلوقه</body>
    </message>
    <message id="m0388" time="2013-05-06 13:45:00 UTC" participant="139547">
      <body>صوص بشاميل خفيف</body>
    </message>
    <message id="m0389" time="2013-05-06 13:45:00 UTC" participant="139547">
      <body>اللى هو معلقه سمنه و معلقتين دقيق</body>
    </message>
    <message id="m0390" time="2013-05-06 13:45:00 UTC" participant="139547">
      <body>اول ميصفروا عالنار</body>
    </message>
    <message id="m0391" time="2013-05-06 13:46:00 UTC" participant="139547">
      <body>اضيف اللبن دافى حبه حبه</body>
    </message>
    <message id="m0392" time="2013-05-06 13:46:00 UTC" participant="139547">
      <body>و اضرب بالمضرب</body>
    </message>
    <message id="m0393" time="2013-05-06 13:46:00 UTC" participant="139547">
      <body>و رشه ملح و فلفل</body>
    </message>
    <message id="m0394" time="2013-05-06 13:47:00 UTC" participant="139547">
      <body>احط البشاميل عالمكرونه و اقلبها</body>
    </message>
    <message id="m0395" time="2013-05-06 13:47:00 UTC" participant="139547">
      <body>بس مش كله اسيب شويه</body>
    </message>
    <message id="m0396" time="2013-05-06 13:47:00 UTC" participant="139547">
      <body>للوش</body>
    </message>
    <message id="m0397" time="2013-05-06 13:47:00 UTC" participant="139547">
      <body>احط نص كميه المكونه فالقالب</body>
    </message>
    <message id="m0398" time="2013-05-06 13:47:00 UTC" participant="139547">
      <body>و ارش بقه الفلفل و الطامط و الزيتون و الفراخ</body>
    </message>
    <message id="m0399" time="2013-05-06 13:48:00 UTC" participant="139547">
      <body>و احط فوقهم بتقى المكرونه</body>
    </message>
    <message id="m0400" time="2013-05-06 13:48:00 UTC" participant="139547">
      <body>و اصب باقى الصوص</body>
    </message>
    <message id="m0401" time="2013-05-06 13:48:00 UTC" participant="139547">
      <body>و جبنه رومى مبشوره و موتزريلا</body>
    </message>
    <message id="m0402" time="2013-05-06 13:48:00 UTC" participant="139547">
      <body>و فالفرن</body>
    </message>
    <message id="m0403" time="2013-05-06 13:48:00 UTC" participant="139547">
      <body>و بالهنا و الشفا</body>
    </message>
    <message id="m0404" time="2013-05-06 13:49:00 UTC" participant="139547">
      <body></body>
    </message>
    <message id="m0405" time="2013-05-06 13:49:00 UTC" participant="139376">
      <body>الله يهنيكي</body>
    </message>
    <message id="m0406" time="2013-05-06 13:50:00 UTC" participant="139376">
      <body>انا بعملها زيك بس مبحطش طماطم</body>
    </message>
    <message id="m0407" time="2013-05-06 13:50:00 UTC" participant="139376">
      <body>اجرب الطماطم</body>
    </message>
    <message id="m0408" time="2013-05-06 13:50:00 UTC" participant="139547">
      <body>انا مكنتش بحط برضو</body>
    </message>
    <message id="m0409" time="2013-05-06 13:50:00 UTC" participant="139547">
      <body>بس اخر مره حطيت كانت حلوه</body>
    </message>
    <message id="m0410" time="2013-05-06 13:51:00 UTC" participant="139547">
      <body>قلت زى البيتزا</body>
    </message>
    <message id="m0411" time="2013-05-06 13:51:00 UTC" participant="139376">
      <body>وبعدين انتي مش بتشوحي الفلفل والزتون مع الفراخ؟؟ بتحطيهم كده عادي!</body>
    </message>
    <message id="m0412" time="2013-05-06 13:51:00 UTC" participant="139547">
      <body>اه بحطهم عادى</body>
    </message>
    <message id="m0413" time="2013-05-06 13:51:00 UTC" participant="139376">
      <body>ممممم</body>
    </message>
    <message id="m0414" time="2013-05-06 13:51:00 UTC" participant="139547">
      <body>كفايه عليهمةالحبه اللى فالفرن</body>
    </message>
    <message id="m0415" time="2013-05-06 13:51:00 UTC" participant="139376">
      <body>طب ماشي اجرب كده كمان</body>
    </message>
    <message id="m0416" time="2013-05-06 13:51:00 UTC" participant="139376">
      <body>انا بحط مشروم كمان</body>
    </message>
    <message id="m0417" time="2013-05-06 13:51:00 UTC" participant="139547">
      <body>عشان ميتهروش</body>
    </message>
    <message id="m0418" time="2013-05-06 13:51:00 UTC" participant="139547">
      <body>و فايدتهم</body>
    </message>
    <message id="m0419" time="2013-05-06 13:52:00 UTC" participant="139547">
      <body>مترحش</body>
    </message>
    <message id="m0420" time="2013-05-06 13:52:00 UTC" participant="139547">
      <body>كتر تسويه الخضار</body>
    </message>
    <message id="m0421" time="2013-05-06 13:52:00 UTC" participant="139547">
      <body>تضيع قيمته</body>
    </message>
    <message id="m0422" time="2013-05-06 13:52:00 UTC" participant="139376">
      <body>اه فعلا</body>
    </message>
    <message id="m0423" time="2013-05-06 13:52:00 UTC" participant="139547">
      <body>و ينشف</body>
    </message>
    <message id="m0424" time="2013-05-06 13:58:00 UTC" participant="139376">
      <body>بكرة بقه ان شاء الله</body>
    </message>
    <message id="m0425" time="2013-05-06 13:58:00 UTC" participant="139376">
      <body>وصفة اليوم من ام عمار  </body>
    </message>
    <message id="m0426" time="2013-05-06 13:59:00 UTC" participant="139376">
      <body>المسقعة بطريقتها </body>
    </message>
    <message id="m0427" time="2013-05-06 13:59:00 UTC" participant="139376">
      <body>اصل اهل التجربة بيقولك ايه</body>
    </message>
    <message id="m0428" time="2013-05-06 13:59:00 UTC" participant="139376">
      <body>عايز تبقى ناجح صاحب ناس ناجحين</body>
    </message>
    <message id="m0429" time="2013-05-06 13:59:00 UTC" participant="139547">
      <body></body>
    </message>
    <message id="m0430" time="2013-05-06 13:59:00 UTC" participant="139376">
      <body>عايز تكون متفائل صاحب ناس متفائلين</body>
    </message>
    <message id="m0431" time="2013-05-06 14:00:00 UTC" participant="139547">
      <body>يا ستى انا سنه اولى</body>
    </message>
    <message id="m0432" time="2013-05-06 14:00:00 UTC" participant="139547">
      <body>ده اجتهاد مش اكتر</body>
    </message>
    <message id="m0433" time="2013-05-06 14:00:00 UTC" participant="139376">
      <body>عايز تكون بتاكل صاحب ناس بتعرف تاكل</body>
    </message>
    <message id="m0434" time="2013-05-06 14:00:00 UTC" participant="139376">
      <body></body>
    </message>
    <message id="m0435" time="2013-05-06 14:00:00 UTC" participant="139547">
      <body>بحاول ابقه ناجحه</body>
    </message>
    <message id="m0436" time="2013-05-06 14:00:00 UTC" participant="139547">
      <body>ههه</body>
    </message>
    <message id="m0437" time="2013-05-06 14:00:00 UTC" participant="139376">
      <body>الموضوع مش بالجواز على فكرة</body>
    </message>
    <message id="m0438" time="2013-05-06 14:00:00 UTC" participant="139547">
      <body></body>
    </message>
    <message id="m0439" time="2013-05-06 14:01:00 UTC" participant="139547">
      <body>بس الاعتماد عالنفس</body>
    </message>
    <message id="m0440" time="2013-05-06 14:01:00 UTC" participant="139376">
      <body>في ناس بقالها اكتر من عشرين سنه متجوزين وفاشله في المطبخ</body>
    </message>
    <message id="m0441" time="2013-05-06 14:01:00 UTC" participant="139547">
      <body>و انى اقوم بالشئ من اوله لاخره</body>
    </message>
    <message id="m0442" time="2013-05-06 14:01:00 UTC" participant="139547">
      <body>عندى اختلف</body>
    </message>
    <message id="m0443" time="2013-05-06 14:01:00 UTC" participant="139376">
      <body>انا مش فاشله في المطبخ والطبيخ</body>
    </message>
    <message id="m0444" time="2013-05-06 14:01:00 UTC" participant="139547">
      <body>عشان امى كانت بتعمل كل حاجه</body>
    </message>
    <message id="m0445" time="2013-05-06 14:01:00 UTC" participant="139547">
      <body>و بتحشرنا معاها</body>
    </message>
    <message id="m0446" time="2013-05-06 14:02:00 UTC" participant="139547">
      <body>نتعلم</body>
    </message>
    <message id="m0447" time="2013-05-06 14:02:00 UTC" participant="139376">
      <body>ما هو ده الفرق بقه</body>
    </message>
    <message id="m0448" time="2013-05-06 14:02:00 UTC" participant="139547">
      <body>بس كنا معتمدين عليها</body>
    </message>
    <message id="m0449" time="2013-05-06 14:02:00 UTC" participant="139547">
      <body>برضو</body>
    </message>
    <message id="m0450" time="2013-05-06 14:02:00 UTC" participant="139376">
      <body>احنا كنا متدلعين</body>
    </message>
    <message id="m0451" time="2013-05-06 14:02:00 UTC" participant="139547">
      <body>لكن دلوقتى منى لنفسى</body>
    </message>
    <message id="m0452" time="2013-05-06 14:02:00 UTC" participant="139376">
      <body>مش بندخل المطبخ خالص</body>
    </message>
    <message id="m0453" time="2013-05-06 14:02:00 UTC" participant="139547">
      <body>بس اتمنى اكون زيها</body>
    </message>
    <message id="m0454" time="2013-05-06 14:02:00 UTC" participant="139376">
      <body>ان شاء الله تكون زيها بدل عندك استعداد</body>
    </message>
    <message id="m0455" time="2013-05-06 14:03:00 UTC" participant="139547">
      <body>جدتى هى الاساس فكل ده</body>
    </message>
    <message id="m0456" time="2013-05-06 14:03:00 UTC" participant="139376">
      <body>الله يرحمها</body>
    </message>
    <message id="m0457" time="2013-05-06 14:03:00 UTC" participant="139547">
      <body>عارفه والله يا مها</body>
    </message>
    <message id="m0458" time="2013-05-06 14:03:00 UTC" participant="139547">
      <body>انا اساس وقفتى و حب انى اتعلم و ابقه شاطره اوى</body>
    </message>
    <message id="m0459" time="2013-05-06 14:03:00 UTC" participant="139547">
      <body>فالمطبخ</body>
    </message>
    <message id="m0460" time="2013-05-06 14:03:00 UTC" participant="139547">
      <body>بنيه ان تيته تكون مبسوطه منى</body>
    </message>
    <message id="m0461" time="2013-05-06 14:03:00 UTC" participant="139547">
      <body>الله يرحمها</body>
    </message>
    <message id="m0462" time="2013-05-06 14:04:00 UTC" participant="139547">
      <body>عشان مكنتش تحب الخيابه</body>
    </message>
    <message id="m0463" time="2013-05-06 14:04:00 UTC" participant="139376">
      <body></body>
    </message>
    <message id="m0464" time="2013-05-06 14:04:00 UTC" participant="139547">
      <body>و تقول لازم نتعلم نعمل كل حاجه</body>
    </message>
    <message id="m0465" time="2013-05-06 14:04:00 UTC" participant="139376">
      <body>عيني دمعت والله</body>
    </message>
    <message id="m0466" time="2013-05-06 14:04:00 UTC" participant="139376">
      <body>ربنا يرحمها يارب</body>
    </message>
    <message id="m0467" time="2013-05-06 14:04:00 UTC" participant="139547">
      <body>وانا  ..</body>
    </message>
    <message id="m0468" time="2013-05-06 14:04:00 UTC" participant="139547">
      <body>الله يرحمها</body>
    </message>
    <message id="m0469" time="2013-05-06 14:05:00 UTC" participant="139376">
      <body>يفرحها بيكم مكان ما هي موجودة</body>
    </message>
    <message id="m0470" time="2013-05-06 14:05:00 UTC" participant="139547">
      <body>كنا بنموت فيها</body>
    </message>
    <message id="m0471" time="2013-05-06 14:05:00 UTC" participant="139547">
      <body>بنعشق التراب اللى بتمشى عليه</body>
    </message>
    <message id="m0472" time="2013-05-06 14:05:00 UTC" participant="139547">
      <body>بمعنى الكلمه</body>
    </message>
    <message id="m0473" time="2013-05-06 14:05:00 UTC" participant="139547">
      <body>ابويا بيبكى عليها</body>
    </message>
    <message id="m0474" time="2013-05-06 14:05:00 UTC" participant="139547">
      <body>لحد دلوقتى</body>
    </message>
    <message id="m0475" time="2013-05-06 14:05:00 UTC" participant="139547">
      <body>مجرد منقول اسمها</body>
    </message>
    <message id="m0476" time="2013-05-06 14:06:00 UTC" participant="139547">
      <body>اكتر مبكى على امه</body>
    </message>
    <message id="m0477" time="2013-05-06 14:06:00 UTC" participant="139547">
      <body>و اجواز خالاتى نفس الحال</body>
    </message>
    <message id="m0478" time="2013-05-06 14:06:00 UTC" participant="139547">
      <body>كانت طيبه طيبه مالجنه كده</body>
    </message>
    <message id="m0479" time="2013-05-06 14:06:00 UTC" participant="139547">
      <body>مكنتش دنيويه ابدا</body>
    </message>
    <message id="m0480" time="2013-05-06 14:06:00 UTC" participant="139547">
      <body>نسمه كده</body>
    </message>
    <message id="m0481" time="2013-05-06 14:06:00 UTC" participant="139547">
      <body>..</body>
    </message>
    <message id="m0482" time="2013-05-06 14:07:00 UTC" participant="139376">
      <body></body>
    </message>
    <message id="m0483" time="2013-05-06 14:07:00 UTC" participant="139547">
      <body>الله يرحم موتانا</body>
    </message>
    <message id="m0484" time="2013-05-06 14:07:00 UTC" participant="139376">
      <body>امين يارب</body>
    </message>
    <message id="m0485" time="2013-05-06 14:07:00 UTC" participant="139547">
      <body>و يجعلهم فاحسن مكان</body>
    </message>
    <message id="m0486" time="2013-05-06 14:07:00 UTC" participant="139376">
      <body>يارب يارب</body>
    </message>
    <message id="m0487" time="2013-05-06 14:07:00 UTC" participant="139547">
      <body>و يجمعنا بيهم فالجنه</body>
    </message>
    <message id="m0488" time="2013-05-06 14:07:00 UTC" participant="139547">
      <body>انشالله</body>
    </message>
    <message id="m0489" time="2013-05-06 14:07:00 UTC" participant="139376">
      <body>يارب</body>
    </message>
    <message id="m0490" time="2013-05-06 14:07:00 UTC" participant="139547">
      <body></body>
    </message>
    <message id="m0491" time="2013-05-06 14:07:00 UTC" participant="139547">
      <body>روقى بقه</body>
    </message>
    <message id="m0492" time="2013-05-06 14:08:00 UTC" participant="139376">
      <body></body>
    </message>
    <message id="m0493" time="2013-05-06 14:08:00 UTC" participant="139376">
      <body>روقي انتي</body>
    </message>
    <message id="m0494" time="2013-05-06 14:08:00 UTC" participant="139547">
      <body>يلا روحى اعملى الاكل</body>
    </message>
    <message id="m0496" time="2013-05-06 14:08:00 UTC" participant="139547">
      <body>انا هقوم اكمل فطيره شم النسيم</body>
    </message>
    <message id="m0497" time="2013-05-06 14:08:00 UTC" participant="139547">
      <body></body>
    </message>
    <message id="m0498" time="2013-05-06 14:08:00 UTC" participant="139376">
      <body></body>
    </message>
    <message id="m0499" time="2013-05-06 14:08:00 UTC" participant="139376">
      <body>ايه فطيرة شم النسيم دي</body>
    </message>
    <message id="m0500" time="2013-05-06 14:08:00 UTC" participant="139376">
      <body>اسمها بريوش </body>
    </message>
    <message id="m0501" time="2013-05-06 14:08:00 UTC" participant="139547">
      <body></body>
    </message>
    <message id="m0502" time="2013-05-06 14:08:00 UTC" participant="139547">
      <body>لا</body>
    </message>
    <message id="m0503" time="2013-05-06 14:08:00 UTC" participant="139547">
      <body>بتهزرى</body>
    </message>
    <message id="m0504" time="2013-05-06 14:09:00 UTC" participant="139547">
      <body>انتى لازم تقضى يومين فعليتنا</body>
    </message>
    <message id="m0505" time="2013-05-06 14:09:00 UTC" participant="139547">
      <body>البريوش الشهير</body>
    </message>
    <message id="m0506" time="2013-05-06 14:09:00 UTC" participant="139547">
      <body>بالسكر</body>
    </message>
    <message id="m0507" time="2013-05-06 14:09:00 UTC" participant="139376">
      <body>ايوة اسمه بريوش</body>
    </message>
    <message id="m0508" time="2013-05-06 14:09:00 UTC" participant="139376">
      <body>مش فطير</body>
    </message>
    <message id="m0509" time="2013-05-06 14:09:00 UTC" participant="139547">
      <body>الضفير اللى بالبيض</body>
    </message>
    <message id="m0510" time="2013-05-06 14:09:00 UTC" participant="139547">
      <body></body>
    </message>
    <message id="m0511" time="2013-05-06 14:09:00 UTC" participant="139376">
      <body>اه</body>
    </message>
    <message id="m0512" time="2013-05-06 14:09:00 UTC" participant="139547">
      <body>احنا بنقول عليه فطير</body>
    </message>
    <message id="m0513" time="2013-05-06 14:09:00 UTC" participant="139547">
      <body/>
    </message>
    <message id="m0515" time="2013-05-06 14:10:00 UTC" participant="139376">
      <body>احنا الاتنين عندنا اسمه بريوش </body>
    </message>
    <message id="m0516" time="2013-05-06 14:10:00 UTC" participant="139547">
      <body>زى بعضه</body>
    </message>
    <message id="m0517" time="2013-05-06 14:10:00 UTC" participant="139547">
      <body></body>
    </message>
    <message id="m0518" time="2013-05-06 14:10:00 UTC" participant="139376">
      <body>انا مبسوطة اوي ان لقيت حد بيحتفل بشم النسيم زينا</body>
    </message>
    <message id="m0519" time="2013-05-06 14:10:00 UTC" participant="139376">
      <body>عمري ماقبلت حد بيلون بيض  </body>
    </message>
    <message id="m0520" time="2013-05-06 14:11:00 UTC" participant="139547">
      <body>ماما سفرت مخصوص</body>
    </message>
    <message id="m0521" time="2013-05-06 14:11:00 UTC" participant="139547">
      <body>عشان يلونوا البيض سوا فالقاهره</body>
    </message>
    <message id="m0522" time="2013-05-06 14:11:00 UTC" participant="139547">
      <body></body>
    </message>
    <message id="m0523" time="2013-05-06 14:11:00 UTC" participant="139376">
      <body>طبعا</body>
    </message>
    <message id="m0524" time="2013-05-06 14:12:00 UTC" participant="139376">
      <body>ده انا اسافر من السعوحية مخضوص علشان اقضي معاهم اليوم ده</body>
    </message>
    <message id="m0525" time="2013-05-06 14:12:00 UTC" participant="139547">
      <body>اكيد</body>
    </message>
    <message id="m0526" time="2013-05-06 14:12:00 UTC" participant="139376">
      <body>انتي مش حضرتي شم النسيم معانا السنة الي فاتت؟</body>
    </message>
    <message id="m0527" time="2013-05-06 14:12:00 UTC" participant="139547">
      <body>انا اسافر كل يوم</body>
    </message>
    <message id="m0528" time="2013-05-06 14:12:00 UTC" participant="139547">
      <body></body>
    </message>
    <message id="m0529" time="2013-05-06 14:12:00 UTC" participant="139547">
      <body>عشان اقضى معاهم كللل يوم</body>
    </message>
    <message id="m0530" time="2013-05-06 14:12:00 UTC" participant="139376">
      <body></body>
    </message>
    <message id="m0531" time="2013-05-06 14:12:00 UTC" participant="139547">
      <body></body>
    </message>
    <message id="m0532" time="2013-05-06 14:13:00 UTC" participant="139376">
      <body>فعلا</body>
    </message>
    <message id="m0533" time="2013-05-06 14:13:00 UTC" participant="139376">
      <body>ألحمد لله</body>
    </message>
    <message id="m0534" time="2013-05-06 14:13:00 UTC" participant="139376">
      <body>يالا شوفي حالك</body>
    </message>
    <message id="m0536" time="2013-05-06 14:13:00 UTC" participant="139547">
      <body></body>
    </message>
  </messages>
</conversation>
