<?xml version="1.0" encoding="UTF-8"?>
<conversation id="CHT_ARZ_20130415.0001" medium="CHT" donated="true">
  <messages>
    <message id="m0000" participant="138325" time="2013-04-15 19:49:14 UTC">
      <body>anty mesh bats2ali lah ya gazma?</body>
    </message>
    <message id="m0001" participant="138112" time="2013-04-15 19:50:55 UTC">
      <body>Hahaha 3amel eh</body>
    </message>
    <message id="m0002" participant="138325" time="2013-04-15 19:57:45 UTC">
      <body>tmamm</body>
    </message>
    <message id="m0003" participant="138325" time="2013-04-15 19:57:57 UTC">
      <body>mabts2alesh lah</body>
    </message>
    <message id="m0004" participant="138325" time="2013-04-15 19:57:59 UTC">
      <body>?</body>
    </message>
    <message id="m0005" participant="138112" time="2013-04-15 19:58:58 UTC">
      <body>Ana f donya tanya</body>
    </message>
    <message id="m0006" participant="138112" time="2013-04-15 19:59:03 UTC">
      <body>Begad walahi</body>
    </message>
    <message id="m0007" participant="138325" time="2013-04-15 19:59:26 UTC">
      <body>hmmm mashiii ya yaraa</body>
    </message>
    <message id="m0009" participant="138325" time="2013-04-15 20:01:14 UTC">
      <body>anty 3amla a</body>
    </message>
    <message id="m0010" participant="138112" time="2013-04-15 20:01:28 UTC">
      <body>Ana kwayesa el7</body>
    </message>
    <message id="m0011" participant="138112" time="2013-04-15 20:01:33 UTC">
      <body>Enta feenak</body>
    </message>
    <message id="m0013" participant="138112" time="2013-04-15 20:30:56 UTC">
      <body>Roht today madrasa w</body>
    </message>
    <message id="m0014" participant="138325" time="2013-04-15 20:42:09 UTC">
      <body>ah</body>
    </message>
    <message id="m0015" participant="138325" time="2013-04-15 20:42:24 UTC">
      <body>anty magtesh lah</body>
    </message>
    <message id="m0016" participant="138112" time="2013-04-15 20:57:17 UTC">
      <body>Taabana msh adra</body>
    </message>
  </messages>
</conversation>
