<?xml version="1.0" encoding="UTF-8"?>
<conversation id="CHT_ARZ_20130122.0000" medium="CHT" donated="true">
  <messages>
    <message id="m0001" participant="138112" time="2013-01-22 16:00:39 UTC">
      <body>Wla yehemak</body>
    </message>
    <message id="m0002" participant="138327" time="2013-01-22 16:14:45 UTC">
      <body>:*</body>
    </message>
    <message id="m0003" participant="138327" time="2013-01-22 16:14:48 UTC">
      <body>Ana se2et :S</body>
    </message>
    <message id="m0004" participant="138112" time="2013-01-22 17:25:51 UTC">
      <body>Yomna 2aletli. F eh</body>
    </message>
    <message id="m0005" participant="138327" time="2013-01-22 17:28:51 UTC">
      <body>L madda l kont wa5edha</body>
    </message>
    <message id="m0006" participant="138112" time="2013-01-22 17:52:51 UTC">
      <body>?? El heya</body>
    </message>
    <message id="m0008" participant="138327" time="2013-01-22 17:53:50 UTC">
      <body>L nas kolha gayba D w C :S</body>
    </message>
    <message id="m0009" participant="138112" time="2013-01-22 17:58:31 UTC">
      <body>Leh Keda?</body>
    </message>
    <message id="m0010" participant="138327" time="2013-01-22 17:59:11 UTC">
      <body>Ma3rafsh :S</body>
    </message>
    <message id="m0011" participant="138112" time="2013-01-22 18:01:10 UTC">
      <body>Mamtak 3amalet feek eh</body>
    </message>
    <message id="m0012" participant="138327" time="2013-01-22 18:02:06 UTC">
      <body>Walla haga a3diin ana w heya benza3a2 f ba3d</body>
    </message>
    <message id="m0013" participant="138112" time="2013-01-22 18:45:00 UTC">
      <body>Akeed fasha5etak</body>
    </message>
    <message id="m0014" participant="138327" time="2013-01-22 18:45:10 UTC">
      <body>La2</body>
    </message>
    <message id="m0015" participant="138327" time="2013-01-22 18:45:20 UTC">
      <body>3ashan ana zakert w 3amalt l 3alia</body>
    </message>
    <message id="m0019" participant="138327" time="2013-01-22 18:46:54 UTC">
      <body>Ana a3adt 2 weeks fl beit</body>
    </message>
    <message id="m0020" participant="138327" time="2013-01-22 18:47:06 UTC">
      <body>Makonesth bashof hadd</body>
    </message>
    <message id="m0021" participant="138327" time="2013-01-22 18:47:13 UTC">
      <body>W kont a3ed bazaker :S</body>
    </message>
    <message id="m0022" participant="138112" time="2013-01-22 18:56:23 UTC">
      <body>Mamtak msh hat7awar yaani</body>
    </message>
    <message id="m0023" participant="138327" time="2013-01-22 18:59:49 UTC">
      <body>La2 ana zakert :S</body>
    </message>
    <message id="m0024" participant="138112" time="2013-01-22 19:04:19 UTC">
      <body>Ma3lesh 7asal 5er, ba3d Keda 5aleeni Ana azakerlak</body>
    </message>
    <message id="m0025" participant="138327" time="2013-01-22 19:22:01 UTC">
      <body>Hahahahaha tyb :****</body>
    </message>
    <message id="m0026" participant="138112" time="2013-01-22 21:49:23 UTC">
      <body>Bt3mel eh</body>
    </message>
    <message id="m0027" participant="138327" time="2013-01-22 21:51:23 UTC">
      <body>Bashayesh :S you ??</body>
    </message>
    <message id="m0028" participant="138112" time="2013-01-22 22:21:50 UTC">
      <body>Fel serir :(</body>
    </message>
    <message id="m0029" participant="138327" time="2013-01-22 22:22:29 UTC">
      <body>Malek za3lana leeh ? :(</body>
    </message>
    <message id="m0030" participant="138112" time="2013-01-22 22:22:48 UTC">
      <body>Msh za3lana, eshta</body>
    </message>
    <message id="m0032" participant="138327" time="2013-01-22 22:33:16 UTC">
      <body>??</body>
    </message>
    <message id="m0033" participant="138327" time="2013-01-23 12:39:03 UTC">
      <body>Ento fiiin</body>
    </message>
    <message id="m0034" participant="138112" time="2013-01-23 13:42:05 UTC">
      <body>Ento meen?</body>
    </message>
    <message id="m0035" participant="138327" time="2013-01-23 13:42:30 UTC">
      <body>Enty w yara</body>
    </message>
    <message id="m0036" participant="138327" time="2013-01-23 13:42:33 UTC">
      <body>Mesh fl skool</body>
    </message>
    <message id="m0037" participant="138112" time="2013-01-23 13:42:44 UTC">
      <body>Eh???</body>
    </message>
  </messages>
</conversation>
