<?xml version="1.0" encoding="UTF-8"?>
<conversation id="CHT_ARZ_20130314.0001" medium="CHT" donated="true">
  <messages>
    <message id="m0003" time="2013-03-14 11:20:36 UTC" participant="138319">
      <body>:*</body>
    </message>
    <message id="m0004" time="2013-03-15 05:47:55 UTC" participant="138112">
      <body>Sa7y???</body>
    </message>
    <message id="m0005" time="2013-03-15 11:28:29 UTC" participant="138319">
      <body>Laasa sa7y</body>
    </message>
    <message id="m0008" time="2013-03-15 11:59:14 UTC" participant="138112">
      <body>3amel ehh</body>
    </message>
    <message id="m0009" time="2013-03-15 12:01:13 UTC" participant="138319">
      <body>Kolo 7lw wanty</body>
    </message>
    <message id="m0010" time="2013-03-15 12:01:17 UTC" participant="138319">
      <body>?</body>
    </message>
    <message id="m0011" time="2013-03-15 12:05:44 UTC" participant="138112">
      <body>Kwayesa. 3amalt eh embare7</body>
    </message>
    <message id="m0012" time="2013-03-15 13:10:47 UTC" participant="138319">
      <body>Nzlt m3 nas so7aby</body>
    </message>
    <message id="m0013" time="2013-03-15 13:10:51 UTC" participant="138319">
      <body>Wanty</body>
    </message>
    <message id="m0014" time="2013-03-15 13:17:17 UTC" participant="138112">
      <body>M3amaltsh haga</body>
    </message>
    <message id="m0015" time="2013-03-15 13:17:28 UTC" participant="138112">
      <body>Ht3ml eh enaharda</body>
    </message>
    <message id="m0016" time="2013-03-15 13:34:27 UTC" participant="138319">
      <body>Waraya kaza 7aga kda</body>
    </message>
    <message id="m0017" time="2013-03-15 13:40:52 UTC" participant="138112">
      <body>Howa engineering el academy a7san men el guc?</body>
    </message>
    <message id="m0018" time="2013-03-15 19:13:06 UTC" participant="138319">
      <body>La2 tab3n GUC</body>
    </message>
    <message id="m0019" time="2013-03-15 22:26:31 UTC" participant="138112">
      <body>Betkalem Yomna</body>
    </message>
    <message id="m0020" time="2013-03-15 22:28:08 UTC" participant="138112">
      <body>?</body>
    </message>
    <message id="m0021" time="2013-03-15 22:39:25 UTC" participant="138319">
      <body>Hwa anty leh kol lama tklmini tnzli fya as2la :D msh fahmk</body>
    </message>
    <message id="m0022" time="2013-03-15 22:39:42 UTC" participant="138112">
      <body>Meday2ak?</body>
    </message>
    <message id="m0023" time="2013-03-15 22:40:41 UTC" participant="138319">
      <body>Aslo msh fahmk tklmini ts2lini 7aga wa b3d kda tstny shwaya wa ts2lini tany</body>
    </message>
    <message id="m0024" time="2013-03-15 22:40:51 UTC" participant="138319">
      <body>Eh ya 7abibity malak :D</body>
    </message>
    <message id="m0025" time="2013-03-15 22:41:57 UTC" participant="138112">
      <body>Hahahahaha msh asdi walahi</body>
    </message>
    <message id="m0026" time="2013-03-15 22:42:25 UTC" participant="138112">
      <body>Asl Mina 2al le Yomna enaharda en e7na nenzl fa bashoof enta aslan betkalemha wala la2</body>
    </message>
    <message id="m0027" time="2013-03-15 22:43:12 UTC" participant="138112">
      <body>W ba3deen eh el as2ela el Tanya el bas2alhalak? Questions about college? Ana bas2alak enta 3la asas enak t3raf w fahem, Ana 3'altana</body>
    </message>
    <message id="m0028" time="2013-03-15 22:43:39 UTC" participant="138319">
      <body>Hahahaha la2 seebk mn kda</body>
    </message>
    <message id="m0029" time="2013-03-15 22:43:45 UTC" participant="138319">
      <body>Bt3ml eh ?</body>
    </message>
    <message id="m0030" time="2013-03-15 22:43:50 UTC" participant="138319">
      <body>Hat3ml eh ?</body>
    </message>
    <message id="m0031" time="2013-03-15 22:43:55 UTC" participant="138319">
      <body>3amlt eh ?</body>
    </message>
    <message id="m0032" time="2013-03-15 22:44:05 UTC" participant="138319">
      <body>Hatmoot emta hahaha</body>
    </message>
    <message id="m0033" time="2013-03-15 22:44:07 UTC" participant="138319">
      <body>?</body>
    </message>
    <message id="m0034" time="2013-03-15 22:44:10 UTC" participant="138319">
      <body>Kda</body>
    </message>
    <message id="m0035" time="2013-03-15 22:44:13 UTC" participant="138319">
      <body>:D</body>
    </message>
    <message id="m0036" time="2013-03-15 22:44:44 UTC" participant="138112">
      <body>3adi, da esmo ba7awel afta7 m3ak conversation.. Law betedaye2 oli msh hz3l walahi</body>
    </message>
    <message id="m0037" time="2013-03-15 22:46:41 UTC" participant="138319">
      <body>La2 bas msh 3arf aslo bt2oli kda wa tskoty tab so :D</body>
    </message>
    <message id="m0038" time="2013-03-15 22:46:53 UTC" participant="138319">
      <body>Wa b3dan hashof setk emta</body>
    </message>
    <message id="m0039" time="2013-03-15 22:47:55 UTC" participant="138112">
      <body>5alas ba3d keda lama netkalem ha2olak ezayak w ha2af 3la keda matz3lsh</body>
    </message>
    <message id="m0040" time="2013-03-15 22:48:19 UTC" participant="138112">
      <body>W Ana aslan bas2alak betkalem Yomna 3ashan keda, 3ashan nenzl</body>
    </message>
    <message id="m0041" time="2013-03-15 22:48:55 UTC" participant="138319">
      <body>Hahaha 3aml eh wa basss hahaha</body>
    </message>
    <message id="m0042" time="2013-03-15 22:49:29 UTC" participant="138319">
      <body>I have np ano yomna tkon mwgoda bas ana msh hb2a fady 3'eer next monday</body>
    </message>
    <message id="m0043" time="2013-03-15 22:50:31 UTC" participant="138112">
      <body>Msh beteb2a fadi ay yom fel weekend? W inshallah hannzl ezay ya Andy</body>
    </message>
    <message id="m0044" time="2013-03-15 22:56:04 UTC" participant="138319">
      <body>Msh 3arf 3shan ana da5el 3ala week assgi wa quizzes</body>
    </message>
    <message id="m0045" time="2013-03-15 22:58:29 UTC" participant="138112">
      <body>Mashy</body>
    </message>
    <message id="m0046" time="2013-03-15 22:58:35 UTC" participant="138112">
      <body>Enta hateegi el prom?</body>
    </message>
    <message id="m0047" time="2013-03-15 23:35:45 UTC" participant="138319">
      <body>Msh 3arf lasa</body>
    </message>
    <message id="m0048" time="2013-03-15 23:40:44 UTC" participant="138112">
      <body>T3ala</body>
    </message>
    <message id="m0049" time="2013-03-15 23:40:47 UTC" participant="138112">
      <body>Rooh</body>
    </message>
    <message id="m0050" time="2013-03-15 23:40:59 UTC" participant="138112">
      <body>Pleaseee</body>
    </message>
    <message id="m0051" time="2013-03-16 07:19:47 UTC" participant="138319">
      <body>Msh 3arf lasa hyb2a 3ndy midterms wala la2</body>
    </message>
    <message id="m0054" time="2013-03-16 09:13:44 UTC" participant="138112">
      <body>:*</body>
    </message>
  </messages>
</conversation>
