<?xml version="1.0" encoding="UTF-8"?>
<conversation id="CHT_ARZ_20121014.0004" medium="CHT" donated="true">
  <messages>
    <message id="m0001" time="2012-10-14 13:23:24 UTC" participant="139275">
      <body>moha enty here?</body>
    </message>
    <message id="m0002" time="2012-10-14 13:23:41 UTC" participant="139275">
      <body>3amla eh?</body>
    </message>
    <message id="m0003" time="2012-10-14 13:24:00 UTC" participant="139275">
      <body>el 7amdo leallah fe cairo now :(</body>
    </message>
    <message id="m0005" time="2012-10-14 13:24:57 UTC" participant="139275">
      <body>w kalmona es7ab ma7moud lma kona 3ala bawabt cairo by2ololna 3andna fara7 el talat isa</body>
    </message>
    <message id="m0006" time="2012-10-14 13:25:15 UTC" participant="139275">
      <body>w ana m3esh ay 7aga tnf3 aro7 beha :(</body>
    </message>
    <message id="m0007" time="2012-10-14 13:25:22 UTC" participant="139275">
      <body>eday2t aweeee</body>
    </message>
    <message id="m0008" time="2012-10-14 13:26:46 UTC" participant="139275">
      <body>w mai asln fe alex</body>
    </message>
    <message id="m0009" time="2012-10-14 13:26:59 UTC" participant="139275">
      <body>7ageb 7aga simple enhrda isa</body>
    </message>
    <message id="m0010" time="2012-10-14 13:27:19 UTC" participant="139275">
      <body>aw karim goz mai 7ygebli 7aga mn dolab mai</body>
    </message>
    <message id="m0011" time="2012-10-14 13:29:36 UTC" participant="139275">
      <body>rabna yeshl</body>
    </message>
    <message id="m0012" time="2012-10-14 13:29:38 UTC" participant="139275">
      <body>bosy</body>
    </message>
    <message id="m0013" time="2012-10-14 13:29:48 UTC" participant="139275">
      <body>tika m2lsh 7aga le ma7moud</body>
    </message>
    <message id="m0014" time="2012-10-14 13:30:05 UTC" participant="139275">
      <body>2alo bs ana 7asly est7'ara 3shan lisa msltsh</body>
    </message>
    <message id="m0016" time="2012-10-14 13:30:24 UTC" participant="139561">
      <body>Ana hna aamla eh</body>
    </message>
    <message id="m0017" time="2012-10-14 13:30:28 UTC" participant="139275">
      <body>3shan kaman mzlmsh 7ad m3aya</body>
    </message>
    <message id="m0018" time="2012-10-14 13:30:45 UTC" participant="139275">
      <body>enty asln kan eh entba3k 3ano?</body>
    </message>
    <message id="m0019" time="2012-10-14 13:30:52 UTC" participant="139561">
      <body>Bgd safertyyy</body>
    </message>
    <message id="m0020" time="2012-10-14 13:33:05 UTC" participant="139561">
      <body>Eh daa tyb q ht3mlyy eh</body>
    </message>
    <message id="m0021" time="2012-10-14 13:35:23 UTC" participant="139561">
      <body>Aywaa knt h2olk 2oly l kareem</body>
    </message>
    <message id="m0022" time="2012-10-14 13:35:25 UTC" participant="139275">
      <body>khalas yeb2a kolna nsebha le rbna</body>
    </message>
    <message id="m0023" time="2012-10-14 13:35:57 UTC" participant="139275">
      <body>ana wallhy 7asa en fe ay mawdo3 lazem el tarfen yeb2o le wa7dhom khales</body>
    </message>
    <message id="m0024" time="2012-10-14 13:37:50 UTC" participant="139275">
      <body>nshof bs howa 7y2ol eh howa lisa m2lsh 7aga</body>
    </message>
    <message id="m0025" time="2012-10-14 13:38:02 UTC" participant="139275">
      <body>howa shklo rakez w mesh motsarr3</body>
    </message>
    <message id="m0026" time="2012-10-14 13:38:31 UTC" participant="139561">
      <body>Walhy y omnia ana akeed saaleet estkhara  mn el awl aslnn</body>
    </message>
    <message id="m0027" time="2012-10-14 13:38:46 UTC" participant="139275">
      <body>w kaman da 3ayez yetgwez fa howa asln by2ol le ma7moud da mawdo3 kber me7tag hedo2</body>
    </message>
    <message id="m0028" time="2012-10-14 13:39:13 UTC" participant="139561">
      <body>Hwa entbaa3 awaaly eno 3aady ana msh rfdaah w f nfs el w2t matshdetsh awi el saraahaa</body>
    </message>
    <message id="m0029" time="2012-10-14 13:39:37 UTC" participant="139561">
      <body>Bs ba2ool l nfsy awl maraa msh kfayaa khaals</body>
    </message>
    <message id="m0030" time="2012-10-14 13:40:19 UTC" participant="139561">
      <body>Hwa ek walaad kways w ana mkntesh mdy2a mnooo khalss w knt mrtaha w ana a3da msh mtnshnaa khals</body>
    </message>
    <message id="m0031" time="2012-10-14 13:40:36 UTC" participant="139561">
      <body>Bs f nfs el w2t hassa enyy 3aady</body>
    </message>
    <message id="m0032" time="2012-10-14 13:42:49 UTC" participant="139561">
      <body>Blzbttt ana msh aayza atsaraaa3 l2ny still ma3rfooosh brdoo</body>
    </message>
    <message id="m0033" time="2012-10-14 13:43:53 UTC" participant="139561">
      <body>Mama altlyy lw aayza tnzly tanyy enzlyy</body>
    </message>
    <message id="m0034" time="2012-10-14 15:24:45 UTC" participant="139561">
      <body>Ahaaa tb3nn msh saaahl w dii haga kwayssa enoo msh motsaare3</body>
    </message>
    <message id="m0035" time="2012-10-14 15:24:56 UTC" participant="139561">
      <body>W byfakaar b hdooo2</body>
    </message>
    <message id="m0036" time="2012-10-14 15:25:41 UTC" participant="139561">
      <body>Ana walaahy asln msh bfkr fl mawdoo3 khaals bgd w zay ma tegy tegy elli rbnaa 3awzooo hykoon</body>
    </message>
  </messages>
</conversation>
