<?xml version="1.0" encoding="UTF-8"?>
<conversation id="CHT_ARZ_20130429.0003" medium="CHT" donated="true">
  <messages>
    <message id="m0000" time="2013-04-29 04:03:00 UTC" participant="139275">
      <body>Eb3aty lkol el banat fel message</body>
    </message>
    <message id="m0001" time="2013-04-29 04:03:00 UTC" participant="139275">
      <body>De amana</body>
    </message>
    <message id="m0002" time="2013-04-29 04:03:00 UTC" participant="139275">
      <body></body>
    </message>
    <message id="m0003" time="2013-04-29 04:03:00 UTC" participant="139275">
      <body>Begad rabena yekremkom</body>
    </message>
    <message id="m0007" time="2013-04-29 04:32:00 UTC" participant="139573">
      <body>awln ana etbst gdaan walahyyy</body>
    </message>
    <message id="m0008" time="2013-04-29 04:32:00 UTC" participant="139573">
      <body>ma3aky wel banat</body>
    </message>
    <message id="m0009" time="2013-04-29 04:34:00 UTC" participant="139573">
      <body>sanyan</body>
    </message>
    <message id="m0010" time="2013-04-29 04:34:00 UTC" participant="139573">
      <body>aktb da fel msg 3l face???</body>
    </message>
    <message id="m0011" time="2013-04-29 05:29:00 UTC" participant="139573">
      <body></body>
    </message>
    <message id="m0012" time="2013-04-29 08:21:00 UTC" participant="139275">
      <body>آه الي كنا بنتفق فيها</body>
    </message>
    <message id="m0013" time="2013-04-29 08:21:00 UTC" participant="139275">
      <body>رسالة من العالم الآخر :)))</body>
    </message>
    <message id="m0014" time="2013-04-29 08:22:00 UTC" participant="139275">
      <body>و البوسة الي بروج دي .... ايه ده لا كدة اضعف :))</body>
    </message>
  </messages>
</conversation>
