<?xml version="1.0" encoding="UTF-8"?>
<conversation id="CHT_ARZ_20121102.0001" medium="CHT" donated="true">
  <messages>
    <message id="m0000" participant="138112" time="2012-11-02 13:18:26 UTC">
      <body>&lt;media omitted&gt;</body>
    </message>
    <message id="m0001" participant="138112" time="2012-11-02 13:19:27 UTC">
      <body>W di kaman</body>
    </message>
    <message id="m0002" participant="138112" time="2012-11-02 13:19:33 UTC">
      <body>&lt;media omitted&gt;</body>
    </message>
    <message id="m0003" participant="138112" time="2012-11-02 13:19:36 UTC">
      <body>Yala :D</body>
    </message>
    <message id="m0004" participant="138319" time="2012-11-02 13:21:02 UTC">
      <body>Hahahaha dah math dah :D</body>
    </message>
    <message id="m0005" participant="138112" time="2012-11-02 13:21:07 UTC">
      <body>Ahhhh</body>
    </message>
    <message id="m0007" participant="138112" time="2012-11-02 13:21:29 UTC">
      <body>Bas number 15 msh 3arfa haha</body>
    </message>
    <message id="m0008" participant="138319" time="2012-11-02 13:21:52 UTC">
      <body>Tab sanya kda afhamhom bas</body>
    </message>
    <message id="m0009" participant="138112" time="2012-11-02 13:24:21 UTC">
      <body>Okay</body>
    </message>
    <message id="m0010" participant="138112" time="2012-11-02 13:25:58 UTC">
      <body>16 7aletha kda</body>
    </message>
    <message id="m0011" participant="138112" time="2012-11-02 13:26:10 UTC">
      <body>&lt;media omitted&gt;</body>
    </message>
    <message id="m0012" participant="138319" time="2012-11-02 13:30:15 UTC">
      <body>Hya 15 B sa7 wala eh</body>
    </message>
    <message id="m0013" participant="138112" time="2012-11-02 13:30:50 UTC">
      <body>7ad tany 2ali A</body>
    </message>
    <message id="m0014" participant="138319" time="2012-11-02 13:31:09 UTC">
      <body>Mafish answers liha</body>
    </message>
    <message id="m0015" participant="138112" time="2012-11-02 13:33:10 UTC">
      <body>Fi explanations</body>
    </message>
    <message id="m0016" participant="138112" time="2012-11-02 13:34:06 UTC">
      <body>&lt;media omitted&gt;</body>
    </message>
    <message id="m0017" participant="138319" time="2012-11-02 13:34:12 UTC">
      <body>Tab by2ol any wa7da</body>
    </message>
    <message id="m0018" participant="138112" time="2012-11-02 13:35:02 UTC">
      <body>Read the explanation</body>
    </message>
    <message id="m0020" participant="138319" time="2012-11-02 13:38:06 UTC">
      <body>Ana el math el ana fahmo :D i cant put variables from my mind , enty 3ayza tigyby relation banhom bas bas bosy es2ly mikel a7san 3shan hwa yfham fy 7agat el SAT dy ana mafmsh fyh</body>
    </message>
    <message id="m0022" participant="138112" time="2012-11-02 13:41:27 UTC">
      <body>W Yomna msh 3arfa 7aga 5alesssss </body>
    </message>
    <message id="m0023" participant="138319" time="2012-11-02 13:46:32 UTC">
      <body>Mana shyfha B bardo bas ana msh fahm 7aga fy el math bta3ko dah :D</body>
    </message>
    <message id="m0024" participant="138112" time="2012-11-02 13:48:07 UTC">
      <body>Msh enta engineering wlaaaa eh haha</body>
    </message>
    <message id="m0025" participant="138112" time="2012-11-02 13:48:11 UTC">
      <body>:D</body>
    </message>
    <message id="m0026" participant="138319" time="2012-11-02 13:51:17 UTC">
      <body>Yabnty ah bas dah english msh math :D</body>
    </message>
    <message id="m0027" participant="138112" time="2012-11-02 13:52:13 UTC">
      <body>La2 math haha bas math for smart people only </body>
    </message>
    <message id="m0028" participant="138319" time="2012-11-02 13:52:38 UTC">
      <body>Alaak b2a :P</body>
    </message>
    <message id="m0029" participant="138112" time="2012-11-02 13:54:27 UTC">
      <body>Begad walahi :)</body>
    </message>
    <message id="m0030" participant="138319" time="2012-11-02 13:57:06 UTC">
      <body>:D</body>
    </message>
    <message id="m0031" participant="138112" time="2012-11-02 14:24:07 UTC">
      <body>&lt;media omitted&gt;</body>
    </message>
    <message id="m0032" participant="138112" time="2012-11-02 14:24:09 UTC">
      <body>Gebtaha :D</body>
    </message>
    <message id="m0033" participant="138112" time="2012-11-02 14:24:31 UTC">
      <body>Ana ba3d keda hazakerlak math </body>
    </message>
    <message id="m0034" participant="138319" time="2012-11-02 14:48:08 UTC">
      <body>Hahaha bravo :D</body>
    </message>
    <message id="m0035" participant="138112" time="2012-11-02 15:59:17 UTC">
      <body>Andrew enta msh hate3raf tenzel bokra?</body>
    </message>
  </messages>
</conversation>
