<?xml version="1.0" encoding="UTF-8"?>
<conversation id="CHT_ARZ_20130226.0001" medium="CHT" donated="true">
  <messages>
    <message id="m0000" participant="138325" time="2013-02-26 20:44:03 UTC">
      <body>Yaraa</body>
    </message>
    <message id="m0001" participant="138112" time="2013-02-26 20:44:24 UTC">
      <body>Mohamed</body>
    </message>
    <message id="m0002" participant="138325" time="2013-02-26 20:44:45 UTC">
      <body>Wa7ashtek?</body>
    </message>
    <message id="m0003" participant="138112" time="2013-02-26 20:44:49 UTC">
      <body>La2</body>
    </message>
    <message id="m0004" participant="138112" time="2013-02-26 20:44:54 UTC">
      <body>:)</body>
    </message>
    <message id="m0005" participant="138325" time="2013-02-26 20:45:07 UTC">
      <body>Ba2at kada ya3ni</body>
    </message>
    <message id="m0006" participant="138325" time="2013-02-26 20:45:09 UTC">
      <body/>
    </message>
    <message id="m0007" participant="138112" time="2013-02-26 21:46:55 UTC">
      <body>-______-</body>
    </message>
    <message id="m0009" participant="138325" time="2013-02-26 21:48:06 UTC">
      <body/>
    </message>
    <message id="m0010" participant="138325" time="2013-02-27 18:29:04 UTC">
      <body>Yaraa❤</body>
    </message>
    <message id="m0011" participant="138112" time="2013-02-27 18:29:19 UTC">
      <body>Ezayak</body>
    </message>
    <message id="m0012" participant="138325" time="2013-02-27 18:31:18 UTC">
      <body>Fan el 2alb</body>
    </message>
    <message id="m0013" participant="138325" time="2013-02-27 18:31:21 UTC">
      <body>Tmamm</body>
    </message>
    <message id="m0015" participant="138112" time="2013-02-27 18:31:29 UTC">
      <body>Ana Kwayesa</body>
    </message>
    <message id="m0016" participant="138112" time="2013-02-27 18:31:33 UTC">
      <body>Bakol</body>
    </message>
    <message id="m0017" participant="138325" time="2013-02-27 18:31:47 UTC">
      <body>Aked la2</body>
    </message>
    <message id="m0018" participant="138325" time="2013-02-27 18:31:48 UTC">
      <body/>
    </message>
    <message id="m0019" participant="138112" time="2013-02-27 18:31:56 UTC">
      <body>Akeed ah</body>
    </message>
    <message id="m0020" participant="138112" time="2013-02-27 18:32:00 UTC">
      <body>Hahahaha</body>
    </message>
    <message id="m0021" participant="138325" time="2013-02-27 18:32:20 UTC">
      <body>wa lama tatt5ani ?</body>
    </message>
    <message id="m0022" participant="138325" time="2013-02-27 18:42:33 UTC">
      <body>Yaraaaaaaa</body>
    </message>
    <message id="m0023" participant="138112" time="2013-02-27 19:17:33 UTC">
      <body>Msh bat5an</body>
    </message>
    <message id="m0024" participant="138325" time="2013-02-27 19:17:59 UTC">
      <body>Anty lasa 7alwa zay manty ?</body>
    </message>
    <message id="m0025" participant="138325" time="2013-02-27 19:18:01 UTC">
      <body/>
    </message>
    <message id="m0026" participant="138112" time="2013-02-27 19:19:22 UTC">
      <body>Eh</body>
    </message>
    <message id="m0028" participant="138112" time="2013-02-28 02:07:47 UTC">
      <body>Yes</body>
    </message>
    <message id="m0029" participant="138325" time="2013-02-28 02:08:36 UTC">
      <body>Lasa mantesh</body>
    </message>
    <message id="m0030" participant="138325" time="2013-02-28 02:08:38 UTC">
      <body>?</body>
    </message>
    <message id="m0031" participant="138112" time="2013-02-28 02:17:29 UTC">
      <body>Enta shayef eh</body>
    </message>
    <message id="m0032" participant="138325" time="2013-02-28 02:17:59 UTC">
      <body/>
    </message>
    <message id="m0033" participant="138325" time="2013-02-28 02:18:07 UTC">
      <body>Ra7a bokra?</body>
    </message>
    <message id="m0034" participant="138112" time="2013-02-28 02:18:10 UTC">
      <body>Ah</body>
    </message>
    <message id="m0035" participant="138112" time="2013-02-28 17:06:14 UTC">
      <body>Hat3mel eh enaharda</body>
    </message>
    <message id="m0036" participant="138325" time="2013-02-28 18:10:37 UTC">
      <body>Wala 7aga</body>
    </message>
    <message id="m0038" participant="138112" time="2013-02-28 18:12:09 UTC">
      <body>Msh arfa lesa</body>
    </message>
    <message id="m0039" participant="138325" time="2013-02-28 18:13:54 UTC">
      <body>7at3zmini ya3ni</body>
    </message>
    <message id="m0040" participant="138325" time="2013-02-28 18:14:00 UTC">
      <body>:D</body>
    </message>
    <message id="m0041" participant="138112" time="2013-02-28 18:30:30 UTC">
      <body>Hahahahaha msh enta f borsa3id</body>
    </message>
    <message id="m0042" participant="138325" time="2013-02-28 18:59:22 UTC">
      <body>Maro7tash</body>
    </message>
    <message id="m0043" participant="138112" time="2013-02-28 19:00:53 UTC">
      <body>Eh</body>
    </message>
    <message id="m0044" participant="138325" time="2013-02-28 19:01:20 UTC">
      <body>Masfartash</body>
    </message>
    <message id="m0045" participant="138325" time="2013-02-28 19:01:40 UTC">
      <body>Kont ta3ban elsob7</body>
    </message>
    <message id="m0046" participant="138325" time="2013-02-28 21:04:12 UTC">
      <body>Anty fan ?</body>
    </message>
    <message id="m0048" participant="138112" time="2013-02-28 21:05:02 UTC">
      <body>Taaban leh</body>
    </message>
    <message id="m0049" participant="138325" time="2013-02-28 21:05:32 UTC">
      <body>Mesh 3araf</body>
    </message>
    <message id="m0050" participant="138112" time="2013-02-28 21:05:57 UTC">
      <body>Malak</body>
    </message>
    <message id="m0051" participant="138325" time="2013-02-28 21:06:17 UTC">
      <body>Galy habot el sob7</body>
    </message>
    <message id="m0052" participant="138325" time="2013-02-28 21:06:28 UTC">
      <body>El sokar nazal mara wa7da</body>
    </message>
    <message id="m0053" participant="138112" time="2013-02-28 21:06:30 UTC">
      <body>Leh</body>
    </message>
    <message id="m0054" participant="138112" time="2013-02-28 21:06:40 UTC">
      <body>Malak eh el meday2ak</body>
    </message>
    <message id="m0055" participant="138325" time="2013-02-28 21:07:00 UTC">
      <body>Fe 7ad 2areb mama mat 2day tani</body>
    </message>
    <message id="m0056" participant="138112" time="2013-02-28 21:11:38 UTC">
      <body>Meen</body>
    </message>
    <message id="m0057" participant="138325" time="2013-02-28 21:12:38 UTC">
      <body>Abn 5alet mama</body>
    </message>
    <message id="m0058" participant="138112" time="2013-02-28 21:16:51 UTC">
      <body>:(</body>
    </message>
    <message id="m0059" participant="138112" time="2013-02-28 21:16:58 UTC">
      <body>Allah yer7amo</body>
    </message>
    <message id="m0060" participant="138325" time="2013-02-28 21:17:44 UTC">
      <body>Bat3maly a</body>
    </message>
    <message id="m0061" participant="138112" time="2013-02-28 21:18:26 UTC">
      <body>Wala haga a3da</body>
    </message>
    <message id="m0062" participant="138112" time="2013-02-28 21:18:28 UTC">
      <body>W enta</body>
    </message>
    <message id="m0064" participant="138112" time="2013-02-28 21:27:58 UTC">
      <body>3ala eh</body>
    </message>
    <message id="m0065" participant="138112" time="2013-02-28 21:28:05 UTC">
      <body>Wareeni</body>
    </message>
    <message id="m0066" participant="138325" time="2013-02-28 21:28:23 UTC">
      <body>cbc</body>
    </message>
    <message id="m0067" participant="138112" time="2013-02-28 21:28:28 UTC">
      <body>3ala eh yaani</body>
    </message>
    <message id="m0068" participant="138325" time="2013-02-28 21:28:29 UTC">
      <body>X factor</body>
    </message>
    <message id="m0069" participant="138112" time="2013-02-28 21:28:37 UTC">
      <body>Eh da Begad!</body>
    </message>
    <message id="m0070" participant="138325" time="2013-02-28 21:28:44 UTC">
      <body>Ah</body>
    </message>
    <message id="m0071" participant="138325" time="2013-02-28 21:28:53 UTC">
      <body>Bas 5ales bayan</body>
    </message>
    <message id="m0072" participant="138112" time="2013-02-28 21:29:09 UTC">
      <body>Tayebbbb</body>
    </message>
    <message id="m0073" participant="138325" time="2013-02-28 21:29:57 UTC">
      <body>Manzltesh</body>
    </message>
    <message id="m0074" participant="138325" time="2013-02-28 21:30:00 UTC">
      <body>lah ?</body>
    </message>
    <message id="m0075" participant="138112" time="2013-02-28 21:30:12 UTC">
      <body>3ashan mokta2eba</body>
    </message>
    <message id="m0076" participant="138325" time="2013-02-28 21:30:31 UTC">
      <body>Man a ?</body>
    </message>
    <message id="m0077" participant="138112" time="2013-02-28 21:30:40 UTC">
      <body>Msh arfa</body>
    </message>
    <message id="m0078" participant="138325" time="2013-02-28 21:31:23 UTC">
      <body>Madrsa ma2at 5ara awii</body>
    </message>
    <message id="m0079" participant="138325" time="2013-02-28 21:31:28 UTC">
      <body>Ba2at*</body>
    </message>
    <message id="m0080" participant="138112" time="2013-02-28 21:31:42 UTC">
      <body>Ba2et bdan</body>
    </message>
    <message id="m0081" participant="138112" time="2013-02-28 21:31:56 UTC">
      <body>:D</body>
    </message>
    <message id="m0082" participant="138325" time="2013-02-28 21:33:02 UTC">
      <body>Haha</body>
    </message>
    <message id="m0083" participant="138325" time="2013-02-28 21:33:04 UTC">
      <body/>
    </message>
    <message id="m0084" participant="138112" time="2013-02-28 21:36:17 UTC">
      <body>Hahaahha</body>
    </message>
    <message id="m0085" participant="138325" time="2013-02-28 21:47:35 UTC">
      <body>Anty a a5barek</body>
    </message>
    <message id="m0086" participant="138112" time="2013-02-28 21:50:52 UTC">
      <body>Ana Kwayesa</body>
    </message>
    <message id="m0087" participant="138112" time="2013-02-28 21:50:57 UTC">
      <body>El7</body>
    </message>
    <message id="m0088" participant="138112" time="2013-02-28 21:51:07 UTC">
      <body>Bas bakdeb</body>
    </message>
    <message id="m0089" participant="138325" time="2013-02-28 21:51:54 UTC">
      <body>Anty a el maz3lek ?</body>
    </message>
    <message id="m0090" participant="138112" time="2013-02-28 22:06:33 UTC">
      <body>Eshta wala haga</body>
    </message>
    <message id="m0091" participant="138325" time="2013-02-28 22:07:04 UTC">
      <body>La2 fe 7aga a el mady2ek</body>
    </message>
    <message id="m0092" participant="138112" time="2013-02-28 22:07:30 UTC">
      <body>Msh adra atkalem bsaraha</body>
    </message>
    <message id="m0093" participant="138325" time="2013-02-28 22:07:57 UTC">
      <body>Mashi</body>
    </message>
    <message id="m0094" participant="138112" time="2013-02-28 22:08:19 UTC">
      <body>Bt3mel eh</body>
    </message>
    <message id="m0095" participant="138325" time="2013-02-28 22:08:38 UTC">
      <body>Baklmek</body>
    </message>
    <message id="m0096" participant="138112" time="2013-02-28 22:08:56 UTC">
      <body>Eh tani hash</body>
    </message>
    <message id="m0098" participant="138112" time="2013-02-28 22:08:59 UTC">
      <body>*hahaha</body>
    </message>
    <message id="m0099" participant="138112" time="2013-02-28 22:09:03 UTC">
      <body>Bakalemak</body>
    </message>
    <message id="m0100" participant="138325" time="2013-02-28 22:09:14 UTC">
      <body>Haahaa</body>
    </message>
    <message id="m0101" participant="138325" time="2013-02-28 22:09:44 UTC">
      <body>Mesh 7at3zmini </body>
    </message>
    <message id="m0102" participant="138325" time="2013-02-28 22:10:09 UTC">
      <body>Mac aw chli's</body>
    </message>
    <message id="m0103" participant="138325" time="2013-02-28 22:10:15 UTC">
      <body/>
    </message>
    <message id="m0104" participant="138112" time="2013-02-28 22:10:25 UTC">
      <body>Hader</body>
    </message>
    <message id="m0105" participant="138112" time="2013-02-28 22:10:30 UTC">
      <body>Enta to2mor</body>
    </message>
    <message id="m0106" participant="138325" time="2013-02-28 22:10:50 UTC">
      <body>Haahaa 7abbty</body>
    </message>
    <message id="m0107" participant="138112" time="2013-02-28 22:11:51 UTC">
      <body>:*</body>
    </message>
    <message id="m0108" participant="138325" time="2013-02-28 22:12:27 UTC">
      <body>Bal rouge ?</body>
    </message>
    <message id="m0109" participant="138325" time="2013-02-28 22:12:29 UTC">
      <body/>
    </message>
    <message id="m0110" participant="138112" time="2013-02-28 22:16:21 UTC">
      <body>Katak neela</body>
    </message>
    <message id="m0111" participant="138112" time="2013-02-28 22:16:29 UTC">
      <body>3'oor yala</body>
    </message>
    <message id="m0112" participant="138325" time="2013-02-28 22:22:35 UTC">
      <body/>
    </message>
    <message id="m0113" participant="138325" time="2013-02-28 22:22:41 UTC">
      <body>Adah adah</body>
    </message>
    <message id="m0114" participant="138112" time="2013-02-28 22:27:15 UTC">
      <body>:D</body>
    </message>
    <message id="m0115" participant="138325" time="2013-02-28 22:27:40 UTC">
      <body>Za3lt</body>
    </message>
    <message id="m0116" participant="138325" time="2013-02-28 22:27:42 UTC">
      <body/>
    </message>
    <message id="m0117" participant="138112" time="2013-02-28 22:28:00 UTC">
      <body>Kwayes</body>
    </message>
    <message id="m0118" participant="138325" time="2013-02-28 22:44:26 UTC">
      <body>Ba2at kada</body>
    </message>
    <message id="m0119" participant="138112" time="2013-02-28 22:46:04 UTC">
      <body>Ah</body>
    </message>
    <message id="m0120" participant="138325" time="2013-02-28 22:46:36 UTC">
      <body>Ba2alna kater mat5na2nash</body>
    </message>
    <message id="m0121" participant="138112" time="2013-02-28 22:47:06 UTC">
      <body>Hahaha ah</body>
    </message>
    <message id="m0122" participant="138325" time="2013-02-28 22:47:35 UTC">
      <body>La2 yara 7abbty mat5na2sh ma3aha</body>
    </message>
    <message id="m0123" participant="138325" time="2013-02-28 22:47:38 UTC">
      <body/>
    </message>
    <message id="m0124" participant="138112" time="2013-02-28 22:48:00 UTC">
      <body/>
    </message>
    <message id="m0125" participant="138325" time="2013-02-28 22:48:12 UTC">
      <body>Fan el 2alb</body>
    </message>
    <message id="m0126" participant="138325" time="2013-02-28 22:48:14 UTC">
      <body/>
    </message>
    <message id="m0127" participant="138325" time="2013-03-01 01:03:32 UTC">
      <body>Namty ?</body>
    </message>
    <message id="m0128" participant="138112" time="2013-03-01 01:10:20 UTC">
      <body>Lah</body>
    </message>
    <message id="m0129" participant="138325" time="2013-03-01 01:10:55 UTC">
      <body>Bat3maly a</body>
    </message>
    <message id="m0130" participant="138112" time="2013-03-01 02:02:19 UTC">
      <body>Batfarag 3l tv</body>
    </message>
    <message id="m0131" participant="138325" time="2013-03-01 13:39:43 UTC">
      <body>Yaraa</body>
    </message>
    <message id="m0132" participant="138112" time="2013-03-01 14:52:10 UTC">
      <body>Aywa</body>
    </message>
    <message id="m0133" participant="138325" time="2013-03-01 19:06:31 UTC">
      <body>3amla a</body>
    </message>
    <message id="m0134" participant="138112" time="2013-03-01 21:26:24 UTC">
      <body>Kwayesa w enta?</body>
    </message>
    <message id="m0135" participant="138325" time="2013-03-01 23:24:38 UTC">
      <body>Tmamm el7</body>
    </message>
    <message id="m0136" participant="138325" time="2013-03-02 00:07:31 UTC">
      <body>Ra7a bokra?</body>
    </message>
    <message id="m0137" participant="138112" time="2013-03-02 00:49:50 UTC">
      <body>La2a</body>
    </message>
    <message id="m0138" participant="138325" time="2013-03-02 00:50:14 UTC">
      <body>Mamet m.mennah matett</body>
    </message>
    <message id="m0139" participant="138112" time="2013-03-02 00:50:30 UTC">
      <body>Eh!</body>
    </message>
    <message id="m0140" participant="138112" time="2013-03-02 00:50:38 UTC">
      <body>3ereft menen</body>
    </message>
    <message id="m0141" participant="138325" time="2013-03-02 00:50:48 UTC">
      <body>Face book</body>
    </message>
    <message id="m0142" participant="138112" time="2013-03-02 00:51:09 UTC">
      <body>Heya el 7ata?</body>
    </message>
    <message id="m0143" participant="138325" time="2013-03-02 00:56:42 UTC">
      <body>Ah</body>
    </message>
    <message id="m0144" participant="138325" time="2013-03-02 00:56:57 UTC">
      <body>Anty mesh 7atro7i bokra lah ?</body>
    </message>
    <message id="m0145" participant="138112" time="2013-03-02 00:57:40 UTC">
      <body>Wareeni</body>
    </message>
    <message id="m0146" participant="138112" time="2013-03-02 00:57:44 UTC">
      <body>5od screenshot</body>
    </message>
    <message id="m0147" participant="138112" time="2013-03-02 00:57:52 UTC">
      <body>Oltelak la2</body>
    </message>
    <message id="m0148" participant="138325" time="2013-03-02 00:58:19 UTC">
      <body>5oshi 3ala el fb bat3ha</body>
    </message>
    <message id="m0149" participant="138325" time="2013-03-02 00:58:26 UTC">
      <body>Matigi bokra 7aro7 law7di ya3ni</body>
    </message>
    <message id="m0150" participant="138112" time="2013-03-02 00:58:54 UTC">
      <body>Matrohsh</body>
    </message>
    <message id="m0151" participant="138112" time="2013-03-02 00:59:03 UTC">
      <body>El sabt el waheed el mafihosh physics quiz</body>
    </message>
    <message id="m0152" participant="138325" time="2013-03-02 00:59:39 UTC">
      <body>Ta3ali naro7 wa manro7sh el atnan</body>
    </message>
    <message id="m0153" participant="138112" time="2013-03-02 01:01:02 UTC">
      <body>Heya msh my friend 3la Facebook</body>
    </message>
    <message id="m0154" participant="138325" time="2013-03-02 01:02:16 UTC">
      <body>&lt;media omitted&gt;</body>
    </message>
    <message id="m0155" participant="138325" time="2013-03-02 01:06:35 UTC">
      <body>Ta3ali bokra</body>
    </message>
    <message id="m0157" participant="138325" time="2013-03-02 01:10:16 UTC">
      <body>Yala</body>
    </message>
    <message id="m0158" participant="138325" time="2013-03-02 01:10:22 UTC">
      <body/>
    </message>
    <message id="m0160" participant="138325" time="2013-03-02 01:21:06 UTC">
      <body>Bayan kada ma7dash raya7 bokra</body>
    </message>
    <message id="m0161" participant="138325" time="2013-03-02 01:21:10 UTC">
      <body/>
    </message>
    <message id="m0162" participant="138112" time="2013-03-02 01:23:55 UTC">
      <body>Hahaha</body>
    </message>
    <message id="m0163" participant="138112" time="2013-03-02 01:23:57 UTC">
      <body>Kwayes</body>
    </message>
    <message id="m0164" participant="138325" time="2013-03-02 01:24:50 UTC">
      <body>:D</body>
    </message>
    <message id="m0165" participant="138325" time="2013-03-02 01:54:14 UTC">
      <body>Bat3maly a</body>
    </message>
    <message id="m0166" participant="138112" time="2013-03-02 02:08:36 UTC">
      <body>Bamoot</body>
    </message>
    <message id="m0167" participant="138325" time="2013-03-02 02:09:06 UTC">
      <body>Ba3d el shar 3alki</body>
    </message>
    <message id="m0168" participant="138112" time="2013-03-02 02:19:43 UTC">
      <body>:(</body>
    </message>
    <message id="m0171" participant="138325" time="2013-03-02 20:52:19 UTC">
      <body>Mesh 7atfre2</body>
    </message>
    <message id="m0172" participant="138325" time="2013-03-02 20:52:21 UTC">
      <body/>
    </message>
    <message id="m0173" participant="138112" time="2013-03-02 20:52:51 UTC">
      <body>Msh baheb el smiley da</body>
    </message>
    <message id="m0174" participant="138325" time="2013-03-02 20:53:19 UTC">
      <body>Fe a ya yaraaa</body>
    </message>
    <message id="m0175" participant="138325" time="2013-03-02 20:53:29 UTC">
      <body>Kol 7aga meah 3agbaki</body>
    </message>
    <message id="m0176" participant="138112" time="2013-03-02 20:53:54 UTC">
      <body>Mesh bahebaha olt</body>
    </message>
    <message id="m0177" participant="138325" time="2013-03-02 20:54:28 UTC">
      <body>Matt3asbesh</body>
    </message>
    <message id="m0178" participant="138112" time="2013-03-02 20:58:35 UTC">
      <body>Mostafez</body>
    </message>
    <message id="m0179" participant="138325" time="2013-03-02 20:59:02 UTC">
      <body>Anty 7abbtyyy❤</body>
    </message>
    <message id="m0180" participant="138112" time="2013-03-02 20:59:17 UTC">
      <body>Eskot</body>
    </message>
    <message id="m0181" participant="138325" time="2013-03-02 21:17:10 UTC">
      <body>Ba2olek a</body>
    </message>
    <message id="m0182" participant="138325" time="2013-03-02 21:17:21 UTC">
      <body>Bokra fe ra7la?</body>
    </message>
    <message id="m0185" participant="138325" time="2013-03-02 21:21:04 UTC">
      <body>Bat3maly a</body>
    </message>
    <message id="m0186" participant="138112" time="2013-03-02 21:24:30 UTC">
      <body>Walaaa haga</body>
    </message>
    <message id="m0187" participant="138112" time="2013-03-02 22:02:53 UTC">
      <body>Bokra f rehla?</body>
    </message>
    <message id="m0188" participant="138325" time="2013-03-02 22:03:25 UTC">
      <body>Mesh 3araf</body>
    </message>
    <message id="m0189" participant="138325" time="2013-03-02 22:04:33 UTC">
      <body>No mafesh</body>
    </message>
    <message id="m0190" participant="138112" time="2013-03-02 22:04:54 UTC">
      <body>Meen el Alak keda</body>
    </message>
    <message id="m0191" participant="138325" time="2013-03-02 22:05:15 UTC">
      <body>M.raymond</body>
    </message>
    <message id="m0192" participant="138112" time="2013-03-02 22:05:27 UTC">
      <body>Sa2alto now?</body>
    </message>
    <message id="m0193" participant="138325" time="2013-03-02 22:05:34 UTC">
      <body>Ah</body>
    </message>
    <message id="m0194" participant="138112" time="2013-03-02 22:05:43 UTC">
      <body>Wareeni</body>
    </message>
    <message id="m0195" participant="138325" time="2013-03-02 22:05:55 UTC">
      <body>Awriki a</body>
    </message>
    <message id="m0196" participant="138112" time="2013-03-02 22:06:06 UTC">
      <body>Wala haga</body>
    </message>
    <message id="m0197" participant="138325" time="2013-03-02 22:51:45 UTC">
      <body>Bat3maly a</body>
    </message>
    <message id="m0198" participant="138112" time="2013-03-03 08:57:57 UTC">
      <body>Lesa sahya</body>
    </message>
    <message id="m0199" participant="138325" time="2013-03-04 00:51:46 UTC">
      <body>Yaraa</body>
    </message>
    <message id="m0200" participant="138112" time="2013-03-04 00:52:16 UTC">
      <body>Mohamed</body>
    </message>
    <message id="m0201" participant="138325" time="2013-03-04 00:52:28 UTC">
      <body>3amla a</body>
    </message>
    <message id="m0202" participant="138112" time="2013-03-04 00:52:36 UTC">
      <body>Kwayesa</body>
    </message>
    <message id="m0204" participant="138112" time="2013-03-04 00:52:42 UTC">
      <body>Lesa manemtsh leh</body>
    </message>
    <message id="m0205" participant="138325" time="2013-03-04 00:52:50 UTC">
      <body>Tmamm el7</body>
    </message>
    <message id="m0206" participant="138325" time="2013-03-04 00:52:59 UTC">
      <body>Mesh 3ayaz anam</body>
    </message>
    <message id="m0207" participant="138325" time="2013-03-04 00:53:04 UTC">
      <body>7atigi bokra ?</body>
    </message>
    <message id="m0208" participant="138112" time="2013-03-04 00:54:22 UTC">
      <body>Ah</body>
    </message>
    <message id="m0209" participant="138112" time="2013-03-04 00:54:25 UTC">
      <body>W enta</body>
    </message>
    <message id="m0210" participant="138325" time="2013-03-04 00:54:30 UTC">
      <body>Ah</body>
    </message>
    <message id="m0211" participant="138325" time="2013-03-04 00:54:37 UTC">
      <body>Wa7ashtini</body>
    </message>
    <message id="m0212" participant="138325" time="2013-03-04 00:54:40 UTC">
      <body/>
    </message>
    <message id="m0213" participant="138112" time="2013-03-04 00:54:41 UTC">
      <body>Eshtazzzz</body>
    </message>
    <message id="m0214" participant="138112" time="2013-03-04 00:54:45 UTC">
      <body>Enta kaman</body>
    </message>
    <message id="m0215" participant="138112" time="2013-03-04 00:54:52 UTC">
      <body>El face d mostafeza</body>
    </message>
    <message id="m0216" participant="138325" time="2013-03-04 00:55:11 UTC">
      <body>El 2alb wala el tani</body>
    </message>
    <message id="m0217" participant="138112" time="2013-03-04 00:55:17 UTC">
      <body>El tani</body>
    </message>
    <message id="m0218" participant="138325" time="2013-03-04 00:55:26 UTC">
      <body/>
    </message>
    <message id="m0219" participant="138325" time="2013-03-04 00:55:32 UTC">
      <body>Dah 7alw?</body>
    </message>
    <message id="m0220" participant="138112" time="2013-03-04 00:56:40 UTC">
      <body>Ahhh</body>
    </message>
    <message id="m0221" participant="138112" time="2013-03-04 00:56:43 UTC">
      <body>:)</body>
    </message>
    <message id="m0222" participant="138325" time="2013-03-04 00:57:01 UTC">
      <body>Anty el 7alwa</body>
    </message>
    <message id="m0223" participant="138112" time="2013-03-04 00:57:28 UTC">
      <body>:)</body>
    </message>
    <message id="m0224" participant="138112" time="2013-03-04 00:57:31 UTC">
      <body>:*</body>
    </message>
    <message id="m0225" participant="138325" time="2013-03-04 00:58:22 UTC">
      <body>❤</body>
    </message>
    <message id="m0226" participant="138325" time="2013-03-04 02:01:23 UTC">
      <body>Namty ?</body>
    </message>
    <message id="m0227" participant="138112" time="2013-03-04 19:11:45 UTC">
      <body>Lah</body>
    </message>
    <message id="m0228" participant="138325" time="2013-03-04 19:12:08 UTC">
      <body>Lah a?</body>
    </message>
    <message id="m0229" participant="138325" time="2013-03-04 19:12:15 UTC">
      <body>Anty za3lna mani ?</body>
    </message>
    <message id="m0230" participant="138112" time="2013-03-04 19:13:14 UTC">
      <body>La</body>
    </message>
    <message id="m0231" participant="138325" time="2013-03-04 19:13:59 UTC">
      <body>Sorry 3alashn ra5amt 3alki</body>
    </message>
    <message id="m0232" participant="138325" time="2013-03-04 19:14:05 UTC">
      <body/>
    </message>
  </messages>
</conversation>
