<?xml version="1.0" encoding="UTF-8"?>
<conversation id="CHT_ARZ_20120523.0002" medium="CHT" donated="true">
  <messages>
    <message id="m0000" time="2012-05-23 10:22:02 UTC" participant="139275">
      <body>m3lsh ya nada wallhy dma3'y mkntsh feya</body>
    </message>
    <message id="m0001" time="2012-05-23 10:22:02 UTC" participant="139275">
      <body>2oltelo fe3lan?</body>
    </message>
    <message id="m0002" time="2012-05-23 15:39:26 UTC" participant="139564">
      <body>Ah</body>
    </message>
    <message id="m0003" time="2012-05-23 15:39:27 UTC" participant="139564">
      <body>Sa7btko 3amla eh</body>
    </message>
    <message id="m0004" time="2012-05-23 15:39:51 UTC" participant="139275">
      <body>ed3elha day3a 7'alees</body>
    </message>
    <message id="m0005" time="2012-05-23 15:40:24 UTC" participant="139564">
      <body>Ya 7abebty </body>
    </message>
    <message id="m0006" time="2012-05-23 15:40:43 UTC" participant="139564">
      <body>rbna ysbrha ya rab</body>
    </message>
    <message id="m0007" time="2012-05-24 01:08:48 UTC" participant="139564">
      <body>3arfa ya omnia</body>
    </message>
    <message id="m0008" time="2012-05-24 01:08:56 UTC" participant="139564">
      <body>Kalamo etghayar</body>
    </message>
    <message id="m0009" time="2012-05-24 01:10:19 UTC" participant="139564">
      <body>Msh kan 2ayel hyod5ol interviews @ alex w if accepted we will live here ?</body>
    </message>
    <message id="m0010" time="2012-05-24 01:10:19 UTC" participant="139564">
      <body>Da kalamo wz esraa w wz me</body>
    </message>
    <message id="m0011" time="2012-05-24 01:11:09 UTC" participant="139564">
      <body>Da5al only 1 interview @alex ... W abl mayod5ol asln kan bytklm m3aya w kont balm7lo en baba mzrgn in general</body>
    </message>
    <message id="m0012" time="2012-05-24 01:11:38 UTC" participant="139564">
      <body>Oltlo ha2om asebak terakkezz el sherka dy kwysa</body>
    </message>
    <message id="m0013" time="2012-05-24 01:12:02 UTC" participant="139564">
      <body>2ally la la 3ady ana asln da5el kda ya3ny</body>
    </message>
    <message id="m0014" time="2012-05-24 01:12:06 UTC" participant="139564">
      <body>Saktt</body>
    </message>
    <message id="m0015" time="2012-05-24 01:12:35 UTC" participant="139564">
      <body>Then kan fy yom agaza ... W fy interview ... Ana w el nas nzlna ma5soos</body>
    </message>
    <message id="m0016" time="2012-05-24 01:13:06 UTC" participant="139564">
      <body>He didn't come although el company kwysa w kant 3awza Nas ,,,,</body>
    </message>
    <message id="m0017" time="2012-05-24 01:13:46 UTC" participant="139564">
      <body>Tany yom bs2alo hwa w wa7ed zemelna tany ,,, magetooosh embare7 leh ??</body>
    </message>
    <message id="m0018" time="2012-05-24 01:14:26 UTC" participant="139564">
      <body>2ally ana mesh hasta7mell a3od sana kaman f Iskendrya</body>
    </message>
    <message id="m0019" time="2012-05-24 01:14:44 UTC" participant="139564">
      <body>ana knt nawya asln aklmo monday aw tuesday</body>
    </message>
    <message id="m0020" time="2012-05-24 01:15:17 UTC" participant="139564">
      <body>Lma 2aaaaaal kda ,,w kan msafer w msh hayeegy tuesday oltlo</body>
    </message>
    <message id="m0021" time="2012-05-24 01:16:33 UTC" participant="139564">
      <body>Oltlo boss ana 3wza a2ollak eny sallet w 7assa en kda ya3ny</body>
    </message>
    <message id="m0022" time="2012-05-24 01:16:41 UTC" participant="139564">
      <body>2ally ya3ny eh</body>
    </message>
    <message id="m0023" time="2012-05-24 01:16:48 UTC" participant="139564">
      <body>Oltlo mafeesh Naseb</body>
    </message>
    <message id="m0024" time="2012-05-24 01:17:43 UTC" participant="139564">
      <body>Wnta nafsak olt msh Hatesta7mell to3od sanaten f alex ,,,, wnta Ragel !! ,,,, omal ana el bent ha3mil eih ???</body>
    </message>
    <message id="m0025" time="2012-05-24 01:18:22 UTC" participant="139564">
      <body>Haseeb ahly w so7aby w balady ely ba7baha w han2ell sho3'ly kaman ,,,</body>
    </message>
    <message id="m0026" time="2012-05-24 01:19:21 UTC" participant="139564">
      <body>2ally alex malhaash mosta2bal awe fy el sho3'l ,,,, w mahma a3dt hna aw fy cairo lazm harga3 el menofya balady</body>
    </message>
    <message id="m0027" time="2012-05-24 01:19:36 UTC" participant="139564">
      <body>OLTLO KAMAN ?</body>
    </message>
    <message id="m0028" time="2012-05-24 01:19:54 UTC" participant="139564">
      <body>tyb adeeeek oltaha ,,,,, i smiled</body>
    </message>
    <message id="m0029" time="2012-05-24 01:20:47 UTC" participant="139564">
      <body>Bs 7ass eno 3akk el denya ,,,, rg3 2ally ya3ny lw a3dt f iskendrya el moshkela hatt7all ?</body>
    </message>
    <message id="m0030" time="2012-05-24 01:22:12 UTC" participant="139564">
      <body>Oltlo la msh hatt7all ... Enta olt blsanak msh hatsta7mell w mserak trga3 bldak ,,, omal ana a3ml eeeeeh ? + en ana salleeet</body>
    </message>
    <message id="m0031" time="2012-05-24 01:22:27 UTC" participant="139564">
      <body>bs kda w 5alas el kalam ...</body>
    </message>
    <message id="m0032" time="2012-05-24 01:55:44 UTC" participant="139564">
      <body>انا مبكرهش حاجة في حياتي الا ان حد يرجع في كلامه .... خاصة ان دة جوااز مش لعب عيال</body>
    </message>
    <message id="m0033" time="2012-05-24 01:56:12 UTC" participant="139564">
      <body>الحمدلله اني مش بحبه اصلا</body>
    </message>
    <message id="m0034" time="2012-05-24 01:56:34 UTC" participant="139564">
      <body>متتصوريش استريحت اد ايه بعدها</body>
    </message>
    <message id="m0035" time="2012-05-24 01:56:57 UTC" participant="139564">
      <body>كنت بحسب اني هندم عشان بيحبني</body>
    </message>
    <message id="m0036" time="2012-05-24 01:57:14 UTC" participant="139564">
      <body>بس مندمتش خالص بعد ما رجع في كلامه</body>
    </message>
    <message id="m0037" time="2012-05-24 01:57:45 UTC" participant="139564">
      <body>طبعا انتي هتصحي تتخضي من كمية الرغي دي</body>
    </message>
    <message id="m0038" time="2012-05-24 01:57:51 UTC" participant="139564">
      <body></body>
    </message>
    <message id="m0039" time="2012-05-24 01:58:14 UTC" participant="139564">
      <body>معلش بقي استحمليني يا صحبتي </body>
    </message>
    <message id="m0040" time="2012-05-24 18:51:59 UTC" participant="139275">
      <body>الله ايه ده :))</body>
    </message>
    <message id="m0041" time="2012-05-24 18:52:13 UTC" participant="139275">
      <body>انا فرحت عشان حاجتين اصلا</body>
    </message>
    <message id="m0042" time="2012-05-24 18:52:32 UTC" participant="139275">
      <body>عشان نهيتي معاه..احسن الصراحة الحمد لله</body>
    </message>
    <message id="m0043" time="2012-05-24 18:53:24 UTC" participant="139275">
      <body>وعشان بعتيلي :)..وأنا اختك اصلا مش صاحبتك يا هانم ؛))</body>
    </message>
    <message id="m0044" time="2012-05-24 19:02:47 UTC" participant="139275">
      <body>:) اي حاجة منك حلوة</body>
    </message>
    <message id="m0045" time="2012-05-24 20:03:09 UTC" participant="139564">
      <body>اصل انا بحب كلمة صحبتي دي اوي</body>
    </message>
    <message id="m0046" time="2012-05-24 22:41:49 UTC" participant="139564">
      <body>انا مصدومة يا امنية</body>
    </message>
    <message id="m0047" time="2012-05-24 22:42:00 UTC" participant="139564">
      <body>افتحي عمرو اديب</body>
    </message>
    <message id="m0048" time="2012-05-24 22:42:10 UTC" participant="139564">
      <body></body>
    </message>
    <message id="m0049" time="2012-05-24 22:42:24 UTC" participant="139564">
      <body>شفيق الزفتتتتت و مرسي</body>
    </message>
    <message id="m0050" time="2012-05-24 22:42:33 UTC" participant="139564">
      <body>متقدمين بغباااااااااء</body>
    </message>
  </messages>
</conversation>
