<?xml version="1.0" encoding="UTF-8"?>
<conversation id="CHT_ARZ_20121225.0001" medium="CHT" donated="true">
  <messages>
    <message id="m0000" participant="138112" time="2012-12-25 22:53:17 UTC">
      <body>Mesh hanenzl bokra 5alas</body>
    </message>
    <message id="m0001" participant="138329" time="2012-12-25 22:53:37 UTC">
      <body>Tyb</body>
    </message>
    <message id="m0002" participant="138329" time="2012-12-25 22:54:41 UTC">
      <body>Hanenzel emta</body>
    </message>
    <message id="m0003" participant="138112" time="2012-12-25 23:00:56 UTC">
      <body>Msh arfa, bas Michael baba fel hospital, w Edward mesafer, w Ali mesh haye3raf yenzel f fakes</body>
    </message>
    <message id="m0004" participant="138329" time="2012-12-25 23:02:11 UTC">
      <body>Tyb eshta</body>
    </message>
  </messages>
</conversation>
