<?xml version="1.0" encoding="UTF-8"?>
<conversation id="CHT_ARZ_20130226.0000" medium="CHT" donated="true">
  <messages>
    <message id="m0000" participant="138112" time="2013-02-26 23:21:28 UTC">
      <body>Eh el a5bar</body>
    </message>
    <message id="m0001" participant="138324" time="2013-02-27 00:31:55 UTC">
      <body>Ibi</body>
    </message>
    <message id="m0002" participant="138324" time="2013-02-27 00:31:57 UTC">
      <body>Biibii*</body>
    </message>
    <message id="m0003" participant="138112" time="2013-02-27 00:32:42 UTC">
      <body>?</body>
    </message>
    <message id="m0004" participant="138112" time="2013-02-27 00:32:46 UTC">
      <body>Ehh</body>
    </message>
    <message id="m0005" participant="138324" time="2013-02-27 00:33:18 UTC">
      <body>Haysafer</body>
    </message>
    <message id="m0006" participant="138112" time="2013-02-27 00:33:42 UTC">
      <body>Etkalemti maa tayeb wala lesa</body>
    </message>
    <message id="m0007" participant="138324" time="2013-02-27 00:41:11 UTC">
      <body>Mesh adra khyfa</body>
    </message>
    <message id="m0008" participant="138112" time="2013-02-27 00:41:49 UTC">
      <body>Enta betestahble! Lesa ma2abeltehoosh tekaleme m3a??</body>
    </message>
    <message id="m0010" participant="138112" time="2013-02-27 00:43:41 UTC">
      <body>Tayeb yala what are you waiting for</body>
    </message>
    <message id="m0011" participant="138324" time="2013-02-27 00:46:02 UTC">
      <body>He's traveling ya yara</body>
    </message>
    <message id="m0012" participant="138324" time="2013-02-27 00:46:28 UTC">
      <body>W baa3at bent tetklm maaya eno he's willing to come back for me</body>
    </message>
    <message id="m0013" participant="138324" time="2013-02-27 00:46:34 UTC">
      <body>Bas hassa eno kalam</body>
    </message>
    <message id="m0014" participant="138112" time="2013-02-27 00:47:29 UTC">
      <body>You have to talk to him face to face</body>
    </message>
    <message id="m0015" participant="138112" time="2013-02-27 00:47:35 UTC">
      <body>Batali araf</body>
    </message>
    <message id="m0016" participant="138324" time="2013-02-27 00:47:56 UTC">
      <body>I will ana bas khayfa fashkh</body>
    </message>
    <message id="m0017" participant="138324" time="2013-02-27 00:48:00 UTC">
      <body>Shahr w nos mesh olayel</body>
    </message>
    <message id="m0018" participant="138112" time="2013-02-27 00:48:31 UTC">
      <body>La2 mat5afish</body>
    </message>
    <message id="m0019" participant="138324" time="2013-02-27 16:14:45 UTC">
      <body>Yara</body>
    </message>
    <message id="m0020" participant="138112" time="2013-02-27 17:04:48 UTC">
      <body>Rochane</body>
    </message>
    <message id="m0021" participant="138112" time="2013-02-27 17:13:45 UTC">
      <body>Heya d el bent el konte bet2oli 3aleha moza</body>
    </message>
    <message id="m0022" participant="138112" time="2013-02-27 17:13:54 UTC">
      <body>&lt;media omitted&gt;</body>
    </message>
    <message id="m0023" participant="138112" time="2013-02-27 17:13:56 UTC">
      <body>..hahha</body>
    </message>
    <message id="m0024" participant="138324" time="2013-02-27 17:14:42 UTC">
      <body>Edaaaa</body>
    </message>
    <message id="m0025" participant="138324" time="2013-02-27 17:14:43 UTC">
      <body>La la</body>
    </message>
    <message id="m0026" participant="138324" time="2013-02-27 17:14:46 UTC">
      <body>Mesh helwa</body>
    </message>
    <message id="m0028" participant="138324" time="2013-02-27 17:17:14 UTC">
      <body>Ahh</body>
    </message>
    <message id="m0029" participant="138112" time="2013-02-27 17:17:42 UTC">
      <body>Bt3mle eh</body>
    </message>
    <message id="m0030" participant="138112" time="2013-02-27 17:17:49 UTC">
      <body>Ente feen</body>
    </message>
    <message id="m0031" participant="138324" time="2013-02-27 17:18:17 UTC">
      <body>Merawaha</body>
    </message>
    <message id="m0032" participant="138324" time="2013-02-27 17:18:19 UTC">
      <body>Wenti</body>
    </message>
    <message id="m0033" participant="138112" time="2013-02-27 17:18:35 UTC">
      <body>Lesa sahya</body>
    </message>
    <message id="m0034" participant="138112" time="2013-02-27 17:18:46 UTC">
      <body>W kalt</body>
    </message>
    <message id="m0035" participant="138112" time="2013-02-27 17:18:51 UTC">
      <body>Rayha bokra</body>
    </message>
    <message id="m0036" participant="138324" time="2013-02-27 17:20:26 UTC">
      <body>Ah</body>
    </message>
    <message id="m0037" participant="138324" time="2013-02-27 17:20:29 UTC">
      <body>Khara</body>
    </message>
    <message id="m0038" participant="138324" time="2013-02-27 17:20:30 UTC">
      <body>Wenti</body>
    </message>
    <message id="m0039" participant="138112" time="2013-02-27 17:20:53 UTC">
      <body>Ya 3andena quiz aslan</body>
    </message>
    <message id="m0040" participant="138324" time="2013-02-27 17:21:24 UTC">
      <body>Ahh</body>
    </message>
    <message id="m0041" participant="138324" time="2013-02-27 17:21:29 UTC">
      <body>Math w stataaa</body>
    </message>
    <message id="m0042" participant="138112" time="2013-02-27 17:21:40 UTC">
      <body>Stata eh bas hahaha</body>
    </message>
    <message id="m0043" participant="138112" time="2013-02-27 17:21:49 UTC">
      <body>Hatshoofi Nadeem today</body>
    </message>
    <message id="m0044" participant="138324" time="2013-02-27 17:21:58 UTC">
      <body>Hahahahaa statistics habby now?</body>
    </message>
    <message id="m0046" participant="138112" time="2013-02-27 17:22:15 UTC">
      <body>Habby, a7eeeeee</body>
    </message>
    <message id="m0047" participant="138324" time="2013-02-27 17:22:24 UTC">
      <body>Hahahahahhaaa</body>
    </message>
    <message id="m0048" participant="138112" time="2013-02-27 17:22:27 UTC">
      <body>No ?</body>
    </message>
    <message id="m0049" participant="138112" time="2013-02-27 17:22:32 UTC">
      <body>Why nigga</body>
    </message>
    <message id="m0053" participant="138112" time="2013-02-27 17:27:52 UTC">
      <body/>
    </message>
    <message id="m0060" participant="138324" time="2013-02-27 17:28:30 UTC">
      <body>Hahahah andek we ana mesh arfa</body>
    </message>
    <message id="m0062" participant="138324" time="2013-02-27 17:28:54 UTC">
      <body>Ahh neseit</body>
    </message>
    <message id="m0063" participant="138324" time="2013-02-27 17:28:56 UTC">
      <body>Manti shemale</body>
    </message>
    <message id="m0064" participant="138112" time="2013-02-27 17:29:14 UTC">
      <body>Hahahaha ewwwww</body>
    </message>
    <message id="m0066" participant="138112" time="2013-02-27 17:29:36 UTC">
      <body>Kan nefsek enti teboseeni</body>
    </message>
    <message id="m0067" participant="138112" time="2013-02-27 17:29:48 UTC">
      <body>Truth eh bas</body>
    </message>
    <message id="m0068" participant="138112" time="2013-02-27 17:29:51 UTC">
      <body>Hahahaha</body>
    </message>
    <message id="m0069" participant="138324" time="2013-02-27 17:30:37 UTC">
      <body>Abosek e3333</body>
    </message>
    <message id="m0070" participant="138324" time="2013-02-27 17:30:40 UTC">
      <body>At2eref aslan</body>
    </message>
    <message id="m0072" participant="138112" time="2013-02-27 17:31:24 UTC">
      <body/>
    </message>
    <message id="m0073" participant="138112" time="2013-02-27 17:31:44 UTC">
      <body>3ashan Keda Nadeem mesafer Aslan</body>
    </message>
    <message id="m0074" participant="138112" time="2013-02-27 17:31:46 UTC">
      <body>Hahahahaha</body>
    </message>
    <message id="m0075" participant="138324" time="2013-02-27 17:33:24 UTC">
      <body>Hahahahahhaha athak el mafroud?</body>
    </message>
    <message id="m0078" participant="138112" time="2013-02-27 17:35:01 UTC">
      <body>Wareehani</body>
    </message>
    <message id="m0079" participant="138324" time="2013-02-27 17:37:28 UTC">
      <body>Awrihalek leih</body>
    </message>
    <message id="m0080" participant="138324" time="2013-02-27 17:37:28 UTC">
      <body>Manty mawgouda</body>
    </message>
    <message id="m0081" participant="138112" time="2013-02-27 17:38:26 UTC">
      <body>&lt;media omitted&gt;</body>
    </message>
    <message id="m0082" participant="138112" time="2013-02-27 17:38:40 UTC">
      <body>Hahahahaha</body>
    </message>
    <message id="m0083" participant="138112" time="2013-02-27 17:39:22 UTC">
      <body>&lt;media omitted&gt;</body>
    </message>
    <message id="m0084" participant="138112" time="2013-02-27 17:39:30 UTC">
      <body>Enti shabah^</body>
    </message>
    <message id="m0085" participant="138324" time="2013-02-27 17:40:00 UTC">
      <body>Hahahahahahahahahhahaa</body>
    </message>
    <message id="m0087" participant="138112" time="2013-02-27 17:40:23 UTC">
      <body>Ana nefsi f mint ice cream</body>
    </message>
    <message id="m0089" participant="138324" time="2013-02-27 17:42:37 UTC">
      <body>Hahhahahaa mashi ya beautiful</body>
    </message>
    <message id="m0091" participant="138324" time="2013-02-27 17:44:40 UTC">
      <body/>
    </message>
    <message id="m0092" participant="138112" time="2013-02-27 17:45:55 UTC">
      <body>Rawahtiiii</body>
    </message>
    <message id="m0096" participant="138112" time="2013-02-27 17:47:45 UTC">
      <body>Leh sad face</body>
    </message>
    <message id="m0097" participant="138112" time="2013-02-27 17:47:51 UTC">
      <body>Mohaza2a</body>
    </message>
    <message id="m0099" participant="138112" time="2013-02-27 17:48:07 UTC">
      <body>Ana 3ayza ice cream</body>
    </message>
    <message id="m0100" participant="138112" time="2013-02-27 17:48:12 UTC">
      <body/>
    </message>
    <message id="m0101" participant="138324" time="2013-02-27 17:48:14 UTC">
      <body>Hahahhaa</body>
    </message>
    <message id="m0102" participant="138324" time="2013-02-27 17:49:08 UTC">
      <body>Ana kamaaaan</body>
    </message>
    <message id="m0103" participant="138324" time="2013-02-27 17:49:12 UTC">
      <body>Allaah nefsi</body>
    </message>
    <message id="m0105" participant="138112" time="2013-02-27 17:50:10 UTC">
      <body>Ana batwa7am hahaha</body>
    </message>
    <message id="m0106" participant="138324" time="2013-02-27 17:52:09 UTC">
      <body>tub yala bina</body>
    </message>
    <message id="m0107" participant="138324" time="2013-02-27 17:52:11 UTC">
      <body>Ala mandarine</body>
    </message>
    <message id="m0108" participant="138112" time="2013-02-27 18:02:57 UTC">
      <body>Begad? Yala</body>
    </message>
    <message id="m0109" participant="138112" time="2013-02-27 18:03:03 UTC">
      <body>Bokra after school</body>
    </message>
    <message id="m0110" participant="138324" time="2013-02-27 18:03:20 UTC">
      <body>Saab :(</body>
    </message>
    <message id="m0111" participant="138112" time="2013-02-27 18:03:43 UTC">
      <body>Leh</body>
    </message>
    <message id="m0112" participant="138112" time="2013-02-27 18:03:54 UTC">
      <body>Mamtek Begad mesh hat5aragek</body>
    </message>
    <message id="m0113" participant="138324" time="2013-02-27 18:07:23 UTC">
      <body>Ahh</body>
    </message>
    <message id="m0114" participant="138112" time="2013-02-28 01:28:03 UTC">
      <body>Rochane</body>
    </message>
    <message id="m0116" participant="138112" time="2013-02-28 02:01:33 UTC">
      <body>Msh arfa anam</body>
    </message>
    <message id="m0117" participant="138112" time="2013-02-28 02:01:36 UTC">
      <body>Bamooooot</body>
    </message>
    <message id="m0118" participant="138324" time="2013-02-28 02:05:29 UTC">
      <body>Malekkk?????</body>
    </message>
    <message id="m0119" participant="138112" time="2013-02-28 02:07:42 UTC">
      <body>Mafish, enti leh lesa sahya?</body>
    </message>
    <message id="m0120" participant="138324" time="2013-02-28 02:08:02 UTC">
      <body>Mesh arfa anam bardo</body>
    </message>
    <message id="m0121" participant="138324" time="2013-02-28 02:08:08 UTC">
      <body>Nemt dohr keteer</body>
    </message>
    <message id="m0122" participant="138112" time="2013-02-28 02:17:14 UTC">
      <body>Ana Aslan nemt nos sa3a bas</body>
    </message>
    <message id="m0123" participant="138112" time="2013-02-28 02:17:17 UTC">
      <body>Haga 5ara</body>
    </message>
    <message id="m0124" participant="138112" time="2013-02-28 02:17:58 UTC">
      <body>Msh tay2a nafsi</body>
    </message>
    <message id="m0125" participant="138324" time="2013-02-28 02:18:07 UTC">
      <body>Betfakri fe eh tayeb?</body>
    </message>
    <message id="m0126" participant="138112" time="2013-02-28 02:25:25 UTC">
      <body>Msh arfa bardo</body>
    </message>
    <message id="m0127" participant="138112" time="2013-02-28 02:25:39 UTC">
      <body>Enti betfakari f eh</body>
    </message>
    <message id="m0128" participant="138112" time="2013-02-28 02:25:48 UTC">
      <body>W hatnami emta</body>
    </message>
    <message id="m0129" participant="138324" time="2013-02-28 02:31:48 UTC">
      <body>Ana rob3 saa be keteer w hanam</body>
    </message>
    <message id="m0130" participant="138324" time="2013-02-28 02:31:58 UTC">
      <body>Enti eli hatnami emta?</body>
    </message>
    <message id="m0131" participant="138112" time="2013-02-28 02:32:49 UTC">
      <body>Msh arfa bardo :(</body>
    </message>
    <message id="m0132" participant="138324" time="2013-02-28 03:24:50 UTC">
      <body>Hawlii</body>
    </message>
    <message id="m0133" participant="138324" time="2013-02-28 03:25:52 UTC">
      <body>Nemti?</body>
    </message>
    <message id="m0134" participant="138324" time="2013-02-28 03:58:10 UTC">
      <body>Ahsann</body>
    </message>
    <message id="m0135" participant="138112" time="2013-02-28 18:57:29 UTC">
      <body>Rochaneee</body>
    </message>
    <message id="m0136" participant="138324" time="2013-03-01 03:12:52 UTC">
      <body>Yaraaa</body>
    </message>
    <message id="m0137" participant="138324" time="2013-03-01 14:50:42 UTC">
      <body>Enti ya zefta</body>
    </message>
    <message id="m0139" participant="138324" time="2013-03-01 14:52:02 UTC">
      <body>Amalti eh embereh ya say3a</body>
    </message>
    <message id="m0140" participant="138112" time="2013-03-01 14:52:26 UTC">
      <body>5aragt m3a mami, wala haga</body>
    </message>
    <message id="m0142" participant="138112" time="2013-03-01 14:52:47 UTC">
      <body>Eshta yaani</body>
    </message>
    <message id="m0143" participant="138112" time="2013-03-01 14:52:51 UTC">
      <body>Enti 3malti h</body>
    </message>
    <message id="m0144" participant="138112" time="2013-03-01 14:52:54 UTC">
      <body>*eh</body>
    </message>
    <message id="m0145" participant="138324" time="2013-03-01 14:53:11 UTC">
      <body>Wala haga shoft nadeem bas</body>
    </message>
    <message id="m0146" participant="138112" time="2013-03-01 14:53:29 UTC">
      <body>Safer enaharda yaani</body>
    </message>
    <message id="m0147" participant="138324" time="2013-03-01 15:03:30 UTC">
      <body>Ahh</body>
    </message>
    <message id="m0148" participant="138112" time="2013-03-01 15:05:35 UTC">
      <body>Yaani safer Begad...</body>
    </message>
    <message id="m0149" participant="138324" time="2013-03-01 15:09:04 UTC">
      <body>Oultelek</body>
    </message>
    <message id="m0150" participant="138112" time="2013-03-01 15:20:34 UTC">
      <body>W rage3 emta</body>
    </message>
    <message id="m0151" participant="138324" time="2013-03-01 15:20:53 UTC">
      <body>Wala a3raf</body>
    </message>
    <message id="m0153" participant="138112" time="2013-03-02 03:05:08 UTC">
      <body>Sahya?</body>
    </message>
    <message id="m0154" participant="138324" time="2013-03-02 03:21:48 UTC">
      <body>Ah</body>
    </message>
    <message id="m0155" participant="138112" time="2013-03-02 03:22:11 UTC">
      <body>Bt3mli ehhh</body>
    </message>
    <message id="m0157" participant="138112" time="2013-03-02 03:24:13 UTC">
      <body>Wala haga zah2ana w ga3ana</body>
    </message>
    <message id="m0158" participant="138324" time="2013-03-02 04:49:59 UTC">
      <body>Ana arfana</body>
    </message>
    <message id="m0159" participant="138112" time="2013-03-02 04:50:08 UTC">
      <body>Ana aktar</body>
    </message>
    <message id="m0160" participant="138324" time="2013-03-02 04:53:15 UTC">
      <body>Manmtish :o</body>
    </message>
    <message id="m0161" participant="138112" time="2013-03-02 15:46:22 UTC">
      <body>Rohti el madrasa?</body>
    </message>
    <message id="m0162" participant="138324" time="2013-03-02 15:54:02 UTC">
      <body>La</body>
    </message>
    <message id="m0163" participant="138112" time="2013-03-02 15:54:23 UTC">
      <body>Mostafa 2ali mafish haga bokra aslan</body>
    </message>
    <message id="m0164" participant="138324" time="2013-03-02 15:54:37 UTC">
      <body>Ah seme3t</body>
    </message>
    <message id="m0165" participant="138112" time="2013-03-02 15:54:56 UTC">
      <body>Msh arfa b2aaa</body>
    </message>
    <message id="m0166" participant="138112" time="2013-03-02 15:55:03 UTC">
      <body>Ht3mli eh today</body>
    </message>
    <message id="m0167" participant="138324" time="2013-03-02 15:55:26 UTC">
      <body>Rayha and mamatou</body>
    </message>
    <message id="m0168" participant="138324" time="2013-03-02 15:55:29 UTC">
      <body>Wenti</body>
    </message>
    <message id="m0169" participant="138112" time="2013-03-02 15:55:45 UTC">
      <body>Asdi belel?</body>
    </message>
    <message id="m0170" participant="138112" time="2013-03-02 15:55:53 UTC">
      <body>Msh arfa lesa</body>
    </message>
    <message id="m0171" participant="138324" time="2013-03-02 15:56:03 UTC">
      <body>Ma belel</body>
    </message>
    <message id="m0172" participant="138112" time="2013-03-02 15:56:33 UTC">
      <body>Mashyyyy</body>
    </message>
    <message id="m0174" participant="138324" time="2013-03-02 15:56:52 UTC">
      <body>Haklmk</body>
    </message>
    <message id="m0175" participant="138324" time="2013-03-02 15:57:01 UTC">
      <body>Baad shwya ashn msh ty2aki</body>
    </message>
    <message id="m0176" participant="138112" time="2013-03-02 15:57:11 UTC">
      <body>3amalt ehh haha</body>
    </message>
    <message id="m0177" participant="138112" time="2013-03-02 15:57:17 UTC">
      <body>Hahaha ok kaleemni</body>
    </message>
    <message id="m0178" participant="138324" time="2013-03-02 16:20:26 UTC">
      <body/>
    </message>
    <message id="m0179" participant="138112" time="2013-03-02 16:20:42 UTC">
      <body/>
    </message>
    <message id="m0180" participant="138324" time="2013-03-02 16:20:57 UTC">
      <body>Hablaa bas bahebek</body>
    </message>
    <message id="m0181" participant="138112" time="2013-03-02 16:21:10 UTC">
      <body>Magnoona bas ba3sha2ek</body>
    </message>
    <message id="m0183" participant="138324" time="2013-03-02 16:22:53 UTC">
      <body/>
    </message>
    <message id="m0184" participant="138112" time="2013-03-02 21:09:19 UTC">
      <body>Mebawaz shakl el dress?</body>
    </message>
    <message id="m0185" participant="138112" time="2013-03-02 21:10:32 UTC">
      <body>&lt;media omitted&gt;</body>
    </message>
    <message id="m0186" participant="138324" time="2013-03-02 21:20:20 UTC">
      <body>Helwww</body>
    </message>
    <message id="m0187" participant="138112" time="2013-03-02 21:20:34 UTC">
      <body>Mebawaz shakl el dress...</body>
    </message>
    <message id="m0188" participant="138112" time="2013-03-02 21:20:38 UTC">
      <body>Msh arfa a3mel eh</body>
    </message>
    <message id="m0189" participant="138324" time="2013-03-02 21:21:11 UTC">
      <body>Leh ma2flosh fe ba3do ahsan?</body>
    </message>
    <message id="m0190" participant="138112" time="2013-03-02 21:21:27 UTC">
      <body>Eh?</body>
    </message>
    <message id="m0191" participant="138324" time="2013-03-02 21:22:09 UTC">
      <body>Yaani badal el tol da</body>
    </message>
    <message id="m0192" participant="138112" time="2013-03-02 21:22:21 UTC">
      <body>Howa el neckline beta3to keda msh ha3raf a2felha 3la ba3daha</body>
    </message>
    <message id="m0193" participant="138324" time="2013-03-02 21:22:23 UTC">
      <body>Kan afal el dress f ba3do</body>
    </message>
    <message id="m0194" participant="138112" time="2013-03-02 21:24:21 UTC">
      <body>Msh haynf3</body>
    </message>
    <message id="m0195" participant="138324" time="2013-03-02 21:26:52 UTC">
      <body>Tub hat3meli eh</body>
    </message>
    <message id="m0196" participant="138112" time="2013-03-02 21:29:06 UTC">
      <body>Msh arfa</body>
    </message>
    <message id="m0197" participant="138112" time="2013-03-02 21:29:15 UTC">
      <body>Habos online for ideas</body>
    </message>
    <message id="m0198" participant="138324" time="2013-03-02 21:30:06 UTC">
      <body>Mashi</body>
    </message>
  </messages>
</conversation>
