<?xml version="1.0" encoding="UTF-8"?>
<conversation id="CHT_ARZ_20130508.0001" medium="CHT" donated="true">
  <messages>
    <message id="m0000" time="2013-05-08 15:25:00 UTC" participant="139376">
      <body>هوبا حبيبتي  </body>
    </message>
    <message id="m0001" time="2013-05-08 15:25:00 UTC" participant="139376">
      <body>متعيطيش</body>
    </message>
    <message id="m0002" time="2013-05-08 15:26:00 UTC" participant="139376">
      <body>معلش والله هي ايام بتعدي بينا مش بنكون طايقين نفسنا ولا الي حوالينا</body>
    </message>
    <message id="m0003" time="2013-05-08 15:26:00 UTC" participant="139376">
      <body>يولع البيت ولا يهمك</body>
    </message>
    <message id="m0004" time="2013-05-08 23:49:00 UTC" participant="139376">
      <body>أزيك يا لوزة؟؟</body>
    </message>
    <message id="m0005" time="2013-05-08 23:49:00 UTC" participant="139376">
      <body>أخبار الغزالة ايه دلوقتي ؟</body>
    </message>
    <message id="m0006" time="2013-05-09 09:01:00 UTC" participant="139547">
      <body/>
    </message>
    <message id="m0007" time="2013-05-09 09:01:00 UTC" participant="139547">
      <body>صباح الخير</body>
    </message>
    <message id="m0008" time="2013-05-09 09:01:00 UTC" participant="139547">
      <body></body>
    </message>
    <message id="m0009" time="2013-05-09 09:01:00 UTC" participant="139376">
      <body>صباح الفل</body>
    </message>
    <message id="m0010" time="2013-05-09 09:01:00 UTC" participant="139547">
      <body>ممكن اكون اى شئ الا الغزاله</body>
    </message>
    <message id="m0011" time="2013-05-09 09:02:00 UTC" participant="139376">
      <body></body>
    </message>
    <message id="m0012" time="2013-05-09 09:02:00 UTC" participant="139547">
      <body>الغزاله بتيجى فالدماغ</body>
    </message>
    <message id="m0013" time="2013-05-09 09:02:00 UTC" participant="139547">
      <body>بس</body>
    </message>
    <message id="m0014" time="2013-05-09 09:02:00 UTC" participant="139547">
      <body></body>
    </message>
    <message id="m0015" time="2013-05-09 09:02:00 UTC" participant="139376">
      <body></body>
    </message>
    <message id="m0016" time="2013-05-09 09:02:00 UTC" participant="139547">
      <body>بس امبارح جتلى الحاله فعلا</body>
    </message>
    <message id="m0017" time="2013-05-09 09:02:00 UTC" participant="139547">
      <body>كنت على اخرى</body>
    </message>
    <message id="m0018" time="2013-05-09 09:03:00 UTC" participant="139376">
      <body>ما أنا قصدي غزالة دماغك الي قاعدة تنطط دي عاملة ايخ</body>
    </message>
    <message id="m0019" time="2013-05-09 09:03:00 UTC" participant="139547">
      <body>بس الحمد لله</body>
    </message>
    <message id="m0020" time="2013-05-09 09:03:00 UTC" participant="139547">
      <body>يوم و عدا</body>
    </message>
    <message id="m0021" time="2013-05-09 09:03:00 UTC" participant="139376">
      <body>الحالة الي كانت عندك امبارح دي</body>
    </message>
    <message id="m0022" time="2013-05-09 09:03:00 UTC" participant="139376">
      <body>كانت لسه عندي اول امبارح</body>
    </message>
    <message id="m0023" time="2013-05-09 09:03:00 UTC" participant="139376">
      <body></body>
    </message>
    <message id="m0024" time="2013-05-09 09:04:00 UTC" participant="139376">
      <body>مكنتش طايقة نفسي ولا البيت ولا الولاد</body>
    </message>
    <message id="m0025" time="2013-05-09 09:04:00 UTC" participant="139547">
      <body>عارفه فى ظروف زى دى</body>
    </message>
    <message id="m0026" time="2013-05-09 09:04:00 UTC" participant="139547">
      <body>لما تجيلنا الحاله</body>
    </message>
    <message id="m0027" time="2013-05-09 09:04:00 UTC" participant="139547">
      <body>ابسط حقوقنا</body>
    </message>
    <message id="m0028" time="2013-05-09 09:05:00 UTC" participant="139547">
      <body>ان انزل اتمشى شويه</body>
    </message>
    <message id="m0029" time="2013-05-09 09:05:00 UTC" participant="139547">
      <body>لوحدى مثلا</body>
    </message>
    <message id="m0030" time="2013-05-09 09:05:00 UTC" participant="139547">
      <body>اروح لماما</body>
    </message>
    <message id="m0031" time="2013-05-09 09:05:00 UTC" participant="139547">
      <body>خالتى</body>
    </message>
    <message id="m0032" time="2013-05-09 09:05:00 UTC" participant="139547">
      <body>صاحبتى</body>
    </message>
    <message id="m0033" time="2013-05-09 09:05:00 UTC" participant="139547">
      <body>اقرر اسيب كل شئ</body>
    </message>
    <message id="m0034" time="2013-05-09 09:05:00 UTC" participant="139547">
      <body>وافضى دماغى</body>
    </message>
    <message id="m0035" time="2013-05-09 09:05:00 UTC" participant="139547">
      <body>و ارجع بهداوه</body>
    </message>
    <message id="m0036" time="2013-05-09 09:05:00 UTC" participant="139547">
      <body>اخلص اللى ورايا</body>
    </message>
    <message id="m0037" time="2013-05-09 09:06:00 UTC" participant="139547">
      <body>هنا مفيييش مجال</body>
    </message>
    <message id="m0038" time="2013-05-09 09:06:00 UTC" participant="139547">
      <body>غير اخبط دماغى فاقرب حيط</body>
    </message>
    <message id="m0039" time="2013-05-09 09:06:00 UTC" participant="139376">
      <body>بالضبط كده</body>
    </message>
    <message id="m0040" time="2013-05-09 09:07:00 UTC" participant="139376">
      <body>هنا الوضع كئيب</body>
    </message>
    <message id="m0041" time="2013-05-09 09:07:00 UTC" participant="139547">
      <body>يلا الحمد لله</body>
    </message>
    <message id="m0042" time="2013-05-09 09:07:00 UTC" participant="139376">
      <body>الحمد للخ</body>
    </message>
    <message id="m0043" time="2013-05-09 09:07:00 UTC" participant="139547">
      <body>انها</body>
    </message>
    <message id="m0044" time="2013-05-09 09:08:00 UTC" participant="139547">
      <body>حاله</body>
    </message>
    <message id="m0045" time="2013-05-09 09:08:00 UTC" participant="139376">
      <body>لاخ</body>
    </message>
    <message id="m0046" time="2013-05-09 09:08:00 UTC" participant="139547">
      <body>و بتعدى</body>
    </message>
    <message id="m0047" time="2013-05-09 09:08:00 UTC" participant="139376">
      <body>لله</body>
    </message>
    <message id="m0048" time="2013-05-09 09:08:00 UTC" participant="139376">
      <body>والله هي حاله وبتعدي</body>
    </message>
    <message id="m0049" time="2013-05-09 09:08:00 UTC" participant="139376">
      <body>بس برضه الواحد مش بيرجع زي الاول برضه</body>
    </message>
    <message id="m0050" time="2013-05-09 09:09:00 UTC" participant="139547">
      <body>لا خالص</body>
    </message>
    <message id="m0051" time="2013-05-09 09:09:00 UTC" participant="139547">
      <body>مفيش حاجه بترجع زى الاول</body>
    </message>
    <message id="m0052" time="2013-05-09 09:09:00 UTC" participant="139547">
      <body>كل مره حته بتنقص</body>
    </message>
    <message id="m0053" time="2013-05-09 09:11:00 UTC" participant="139376">
      <body>فعلا</body>
    </message>
    <message id="m0054" time="2013-05-09 09:11:00 UTC" participant="139376">
      <body>بس ان شاء الله لما ترجعي الشغل حتكوني احسن</body>
    </message>
    <message id="m0055" time="2013-05-09 09:11:00 UTC" participant="139376">
      <body>انا عارفة انك بتحبي شغلك</body>
    </message>
    <message id="m0056" time="2013-05-09 09:12:00 UTC" participant="139376">
      <body>ومالكيش في قاعدة البيت</body>
    </message>
    <message id="m0057" time="2013-05-09 09:12:00 UTC" participant="139376">
      <body>انا كان زمان ماليش في قاعدة البيت خالص برضه</body>
    </message>
    <message id="m0058" time="2013-05-09 09:13:00 UTC" participant="139376">
      <body>بس دلوقتي متفهميش</body>
    </message>
    <message id="m0059" time="2013-05-09 09:13:00 UTC" participant="139376">
      <body>أتأقلمت على الوضع ولا جتيتي نحست</body>
    </message>
    <message id="m0060" time="2013-05-09 09:13:00 UTC" participant="139376">
      <body>مش عارفة</body>
    </message>
    <message id="m0061" time="2013-05-09 09:13:00 UTC" participant="139376">
      <body>انا بقالي 7سنين هنا</body>
    </message>
    <message id="m0062" time="2013-05-09 09:14:00 UTC" participant="139547">
      <body>ربنا يباركلك فيهم يارب</body>
    </message>
    <message id="m0063" time="2013-05-09 09:14:00 UTC" participant="139547">
      <body>اكيد على وحسين</body>
    </message>
    <message id="m0064" time="2013-05-09 09:14:00 UTC" participant="139547">
      <body>مش مخليينك تتوربى</body>
    </message>
    <message id="m0065" time="2013-05-09 09:14:00 UTC" participant="139547">
      <body>و المسؤليات اللى حاطه عليكى اكبر من انك تفكرى</body>
    </message>
    <message id="m0066" time="2013-05-09 09:15:00 UTC" participant="139547">
      <body>تحطى مسؤليه كمان معاهم</body>
    </message>
    <message id="m0067" time="2013-05-09 09:15:00 UTC" participant="139547">
      <body>وقتك مش ملكك</body>
    </message>
    <message id="m0068" time="2013-05-09 09:15:00 UTC" participant="139376">
      <body>ماهي مسؤليه الولاد دي بتجيب اكتئاب لوحدها</body>
    </message>
    <message id="m0069" time="2013-05-09 09:15:00 UTC" participant="139376">
      <body></body>
    </message>
    <message id="m0070" time="2013-05-09 09:16:00 UTC" participant="139547">
      <body></body>
    </message>
    <message id="m0071" time="2013-05-09 09:16:00 UTC" participant="139376">
      <body>يا ترى هما كويسين</body>
    </message>
    <message id="m0072" time="2013-05-09 09:16:00 UTC" participant="139376">
      <body>يا ترى انا ام كويسة</body>
    </message>
    <message id="m0073" time="2013-05-09 09:16:00 UTC" participant="139376">
      <body>لا انا أم مش كويسة</body>
    </message>
    <message id="m0074" time="2013-05-09 09:16:00 UTC" participant="139376">
      <body>انا مش بلعب معاهم اوي</body>
    </message>
    <message id="m0075" time="2013-05-09 09:16:00 UTC" participant="139376">
      <body>وبزعق كتير</body>
    </message>
    <message id="m0076" time="2013-05-09 09:16:00 UTC" participant="139376">
      <body>طب ياترى مدارسهم كويسة</body>
    </message>
    <message id="m0077" time="2013-05-09 09:16:00 UTC" participant="139376">
      <body>طب ايه</body>
    </message>
    <message id="m0078" time="2013-05-09 09:17:00 UTC" participant="139376">
      <body>واسأله كتيييييير بقه تيجي في دماغك</body>
    </message>
    <message id="m0079" time="2013-05-09 09:17:00 UTC" participant="139376">
      <body>تخليكي نفسك ترمي نفسك تحت اقرب قطر</body>
    </message>
    <message id="m0080" time="2013-05-09 09:17:00 UTC" participant="139376">
      <body>بس مافيش هنا قكر حتى  </body>
    </message>
    <message id="m0081" time="2013-05-09 09:17:00 UTC" participant="139376">
      <body>فطر</body>
    </message>
    <message id="m0082" time="2013-05-09 09:17:00 UTC" participant="139547">
      <body>دماغك مش بتبطل فيها اللى مكفيها</body>
    </message>
    <message id="m0083" time="2013-05-09 09:17:00 UTC" participant="139547">
      <body></body>
    </message>
    <message id="m0084" time="2013-05-09 09:18:00 UTC" participant="139547">
      <body>والله يا مها انا لسه ببتدى مجيش جمبك حاجه</body>
    </message>
    <message id="m0085" time="2013-05-09 09:18:00 UTC" participant="139547">
      <body>بس بدات</body>
    </message>
    <message id="m0086" time="2013-05-09 09:18:00 UTC" participant="139547">
      <body>جديا</body>
    </message>
    <message id="m0087" time="2013-05-09 09:18:00 UTC" participant="139547">
      <body>عماله افكر</body>
    </message>
    <message id="m0088" time="2013-05-09 09:18:00 UTC" participant="139376">
      <body>ده طبيعي كل الامهات بتفكر فيه</body>
    </message>
    <message id="m0089" time="2013-05-09 09:19:00 UTC" participant="139547">
      <body>اذا كنت هقدر ارجع الشغل</body>
    </message>
    <message id="m0090" time="2013-05-09 09:19:00 UTC" participant="139547">
      <body>بعمار</body>
    </message>
    <message id="m0091" time="2013-05-09 09:19:00 UTC" participant="139547">
      <body>و هو عنده 6 شهور</body>
    </message>
    <message id="m0092" time="2013-05-09 09:19:00 UTC" participant="139376">
      <body>بس مع ضغوط الوحدة والغربة بتأثر فينا اكتر</body>
    </message>
    <message id="m0093" time="2013-05-09 09:19:00 UTC" participant="139547">
      <body>اقول ازاااى</body>
    </message>
    <message id="m0094" time="2013-05-09 09:19:00 UTC" participant="139547">
      <body>اه بيبى كير فالمدرسه  و برجع الساعه 1</body>
    </message>
    <message id="m0095" time="2013-05-09 09:19:00 UTC" participant="139547">
      <body>بس مش قادره</body>
    </message>
    <message id="m0096" time="2013-05-09 09:20:00 UTC" participant="139547">
      <body>اجبها يمين شمال مكل الناس بتعمل كده</body>
    </message>
    <message id="m0097" time="2013-05-09 09:20:00 UTC" participant="139376">
      <body>على فكرة تروحي بيه الشغل</body>
    </message>
    <message id="m0098" time="2013-05-09 09:20:00 UTC" participant="139547">
      <body>مجرد اتخيل انى وانا بسيبه يعيط و يبصلى</body>
    </message>
    <message id="m0099" time="2013-05-09 09:20:00 UTC" participant="139547">
      <body>ابقه هعيط</body>
    </message>
    <message id="m0100" time="2013-05-09 09:20:00 UTC" participant="139547">
      <body>و اقول لا</body>
    </message>
    <message id="m0101" time="2013-05-09 09:20:00 UTC" participant="139376">
      <body>احسن كتيير ما تقعدي بيه في البيت</body>
    </message>
    <message id="m0102" time="2013-05-09 09:20:00 UTC" participant="139547">
      <body>مش هكمل</body>
    </message>
    <message id="m0103" time="2013-05-09 09:20:00 UTC" participant="139547">
      <body>و ارجع</body>
    </message>
    <message id="m0104" time="2013-05-09 09:20:00 UTC" participant="139547">
      <body>تانى</body>
    </message>
    <message id="m0105" time="2013-05-09 09:21:00 UTC" participant="139547">
      <body>اقول زيك</body>
    </message>
    <message id="m0106" time="2013-05-09 09:21:00 UTC" participant="139547">
      <body>احسنلو و احسنلى</body>
    </message>
    <message id="m0107" time="2013-05-09 09:21:00 UTC" participant="139547">
      <body>بدل منبقه معزولين هنا</body>
    </message>
    <message id="m0108" time="2013-05-09 09:22:00 UTC" participant="139547">
      <body>هو يبثى وسط اطفال و ناس و بيخرج</body>
    </message>
    <message id="m0109" time="2013-05-09 09:22:00 UTC" participant="139547">
      <body>و انا ابقه دماغى مريحانى عشان بحتك بناس و لاقيه نفسى نوعا ما اقوم يلقى مزاجى رايق و انظم وقتى</body>
    </message>
    <message id="m0110" time="2013-05-09 09:23:00 UTC" participant="139547">
      <body>اصحابى مالمدرسه</body>
    </message>
    <message id="m0111" time="2013-05-09 09:23:00 UTC" participant="139547">
      <body>ولادهم فى kg</body>
    </message>
    <message id="m0112" time="2013-05-09 09:23:00 UTC" participant="139547">
      <body>دلوقتى</body>
    </message>
    <message id="m0113" time="2013-05-09 09:23:00 UTC" participant="139547">
      <body>وكانوا فالبيبى كير</body>
    </message>
    <message id="m0114" time="2013-05-09 09:23:00 UTC" participant="139547">
      <body>يوم مالايام</body>
    </message>
    <message id="m0115" time="2013-05-09 09:24:00 UTC" participant="139547">
      <body>و زى الفل اجتماعيين</body>
    </message>
    <message id="m0116" time="2013-05-09 09:24:00 UTC" participant="139376">
      <body>بالضبط كده</body>
    </message>
    <message id="m0117" time="2013-05-09 09:24:00 UTC" participant="139376">
      <body>تروحي المدرسة كل يوم ويبقى ليكي حياتك</body>
    </message>
    <message id="m0118" time="2013-05-09 09:25:00 UTC" participant="139376">
      <body>وفي نفس الوقت هو يلعب مع اطفال ويخرج</body>
    </message>
    <message id="m0119" time="2013-05-09 09:25:00 UTC" participant="139376">
      <body>احسن كتيييير ما تفضلوا بوزكم في بوز بعض</body>
    </message>
    <message id="m0120" time="2013-05-09 09:25:00 UTC" participant="139547">
      <body>بصى كلو قلى فالاول بتبقه صعبه</body>
    </message>
    <message id="m0121" time="2013-05-09 09:25:00 UTC" participant="139547">
      <body>سيبته</body>
    </message>
    <message id="m0122" time="2013-05-09 09:25:00 UTC" participant="139547">
      <body>دى</body>
    </message>
    <message id="m0123" time="2013-05-09 09:26:00 UTC" participant="139547">
      <body>و اه هيعيط</body>
    </message>
    <message id="m0124" time="2013-05-09 09:26:00 UTC" participant="139547">
      <body>و لازم تمشى</body>
    </message>
    <message id="m0125" time="2013-05-09 09:26:00 UTC" participant="139547">
      <body>بس هتتعودى</body>
    </message>
    <message id="m0126" time="2013-05-09 09:26:00 UTC" participant="139547">
      <body>احسنلك و احسنلو</body>
    </message>
    <message id="m0127" time="2013-05-09 09:26:00 UTC" participant="139547">
      <body>قعده البيت</body>
    </message>
    <message id="m0128" time="2013-05-09 09:26:00 UTC" participant="139547">
      <body>هتخليه انطوائي و متعلق بيكى انتى بس</body>
    </message>
    <message id="m0129" time="2013-05-09 09:26:00 UTC" participant="139547">
      <body>لانه مبيشفش غيرك</body>
    </message>
    <message id="m0130" time="2013-05-09 09:26:00 UTC" participant="139376">
      <body>وبحس دايما ان الاطفال الي بتنزل  مع امها الشغل بتبقى واعية كدة وشاطرة</body>
    </message>
    <message id="m0131" time="2013-05-09 09:27:00 UTC" participant="139376">
      <body>بصي هو كده كده حيصعب عليكي</body>
    </message>
    <message id="m0132" time="2013-05-09 09:27:00 UTC" participant="139547">
      <body>بالضبط</body>
    </message>
    <message id="m0133" time="2013-05-09 09:27:00 UTC" participant="139547">
      <body>غصب عنى</body>
    </message>
    <message id="m0134" time="2013-05-09 09:27:00 UTC" participant="139547">
      <body>مقدرش الاقيه بيعيط</body>
    </message>
    <message id="m0135" time="2013-05-09 09:27:00 UTC" participant="139547">
      <body>و مشلوش انا</body>
    </message>
    <message id="m0136" time="2013-05-09 09:28:00 UTC" participant="139376">
      <body>ما هو في يوم من الايام حيروح المدرسة وحيقعد يعيط وعاوزك بس لازم حتسبيه</body>
    </message>
    <message id="m0137" time="2013-05-09 09:28:00 UTC" participant="139547">
      <body>و امشى</body>
    </message>
    <message id="m0138" time="2013-05-09 09:28:00 UTC" participant="139547">
      <body>ربنا يقوينى بقه</body>
    </message>
    <message id="m0139" time="2013-05-09 09:28:00 UTC" participant="139547">
      <body>و يهديه  ايامها</body>
    </message>
    <message id="m0140" time="2013-05-09 09:28:00 UTC" participant="139547">
      <body>صح</body>
    </message>
    <message id="m0141" time="2013-05-09 09:28:00 UTC" participant="139376">
      <body>ام شاء الله كل خير حتلاقيه</body>
    </message>
    <message id="m0142" time="2013-05-09 09:29:00 UTC" participant="139376">
      <body>والحمد لله ان مدرستك فيها بيبي كير اصلا</body>
    </message>
    <message id="m0143" time="2013-05-09 09:29:00 UTC" participant="139547">
      <body>اه الحمد لله</body>
    </message>
    <message id="m0144" time="2013-05-09 09:29:00 UTC" participant="139547">
      <body>بيخدوم من 6 شهور</body>
    </message>
    <message id="m0145" time="2013-05-09 09:29:00 UTC" participant="139547">
      <body>ل سنتين و 8 شهور</body>
    </message>
    <message id="m0146" time="2013-05-09 09:29:00 UTC" participant="139547">
      <body>و بعدها ينزلوا</body>
    </message>
    <message id="m0147" time="2013-05-09 09:29:00 UTC" participant="139376">
      <body>كويس اوي</body>
    </message>
    <message id="m0149" time="2013-05-09 09:30:00 UTC" participant="139376">
      <body>ان شاء الله</body>
    </message>
    <message id="m0150" time="2013-05-09 09:30:00 UTC" participant="139547">
      <body>يا رب يعدى السنتين دول على خير</body>
    </message>
    <message id="m0151" time="2013-05-09 09:30:00 UTC" participant="139547">
      <body>لحد ما ببقى بنى ادم كده ماسك نفسه</body>
    </message>
    <message id="m0152" time="2013-05-09 09:31:00 UTC" participant="139376">
      <body>حيعدوا ان شاء الله</body>
    </message>
    <message id="m0153" time="2013-05-09 09:31:00 UTC" participant="139547">
      <body>و بيعرف يتكلم</body>
    </message>
    <message id="m0154" time="2013-05-09 09:31:00 UTC" participant="139547">
      <body>يا رب</body>
    </message>
    <message id="m0155" time="2013-05-09 09:31:00 UTC" participant="139376">
      <body>متخفيش يا هبه</body>
    </message>
    <message id="m0156" time="2013-05-09 09:31:00 UTC" participant="139376">
      <body>طول ما انتي امه حيتكلم على طول وبسرعة  </body>
    </message>
    <message id="m0157" time="2013-05-09 09:31:00 UTC" participant="139547">
      <body>ههه</body>
    </message>
    <message id="m0158" time="2013-05-09 09:31:00 UTC" participant="139547">
      <body>حلوه</body>
    </message>
    <message id="m0159" time="2013-05-09 09:31:00 UTC" participant="139547">
      <body>عندك حق</body>
    </message>
    <message id="m0160" time="2013-05-09 09:31:00 UTC" participant="139547">
      <body></body>
    </message>
    <message id="m0161" time="2013-05-09 09:32:00 UTC" participant="139547">
      <body></body>
    </message>
    <message id="m0162" time="2013-05-09 09:32:00 UTC" participant="139376">
      <body></body>
    </message>
    <message id="m0163" time="2013-05-09 09:32:00 UTC" participant="139547">
      <body>لعلمك انا كنت طفله مختلفه تماما</body>
    </message>
    <message id="m0164" time="2013-05-09 09:32:00 UTC" participant="139547">
      <body>عنى</body>
    </message>
    <message id="m0165" time="2013-05-09 09:32:00 UTC" participant="139547">
      <body>دلوقتى</body>
    </message>
    <message id="m0166" time="2013-05-09 09:32:00 UTC" participant="139376">
      <body>كويس</body>
    </message>
    <message id="m0167" time="2013-05-09 09:32:00 UTC" participant="139547">
      <body>انا رغايه و متكلمه و مصيبه</body>
    </message>
    <message id="m0168" time="2013-05-09 09:33:00 UTC" participant="139376">
      <body></body>
    </message>
    <message id="m0169" time="2013-05-09 09:33:00 UTC" participant="139547">
      <body>لكن وانا طفله ماما و فاطمه</body>
    </message>
    <message id="m0170" time="2013-05-09 09:33:00 UTC" participant="139547">
      <body>يقلولى</body>
    </message>
    <message id="m0171" time="2013-05-09 09:33:00 UTC" participant="139376">
      <body>بس عسل  </body>
    </message>
    <message id="m0172" time="2013-05-09 09:33:00 UTC" participant="139547">
      <body>كنتى بلسم</body>
    </message>
    <message id="m0173" time="2013-05-09 09:33:00 UTC" participant="139547">
      <body>نسمه معديه</body>
    </message>
    <message id="m0174" time="2013-05-09 09:33:00 UTC" participant="139547">
      <body>اموره كده شعرك بيهفهف</body>
    </message>
    <message id="m0175" time="2013-05-09 09:33:00 UTC" participant="139376">
      <body></body>
    </message>
    <message id="m0176" time="2013-05-09 09:33:00 UTC" participant="139547">
      <body>شعرى مبيهفهفش خالص</body>
    </message>
    <message id="m0177" time="2013-05-09 09:33:00 UTC" participant="139376">
      <body>وايه ابي خلاكي اعصار كده  </body>
    </message>
    <message id="m0178" time="2013-05-09 09:33:00 UTC" participant="139547">
      <body>نهائي دبوفتى</body>
    </message>
    <message id="m0179" time="2013-05-09 09:33:00 UTC" participant="139547">
      <body>اه والله</body>
    </message>
    <message id="m0180" time="2013-05-09 09:34:00 UTC" participant="139547">
      <body>و كنت دلوعه كده و صغيره ماما</body>
    </message>
    <message id="m0181" time="2013-05-09 09:34:00 UTC" participant="139547">
      <body>قبل م مصطفى يشرف</body>
    </message>
    <message id="m0182" time="2013-05-09 09:34:00 UTC" participant="139547">
      <body>و يقطع عليا</body>
    </message>
    <message id="m0183" time="2013-05-09 09:34:00 UTC" participant="139547">
      <body>مميزات اخر العنقود</body>
    </message>
    <message id="m0184" time="2013-05-09 09:34:00 UTC" participant="139376">
      <body></body>
    </message>
    <message id="m0185" time="2013-05-09 09:34:00 UTC" participant="139547">
      <body></body>
    </message>
    <message id="m0186" time="2013-05-09 09:35:00 UTC" participant="139376">
      <body>وانا لما كنت صغيرة كنا كلبوزة وحلوة</body>
    </message>
    <message id="m0187" time="2013-05-09 09:35:00 UTC" participant="139376">
      <body>دلوقتي عصاية مقشه  </body>
    </message>
    <message id="m0188" time="2013-05-09 09:35:00 UTC" participant="139376">
      <body>ادخلي عند مي حتلاقيه البوم اسمه كنا عيال</body>
    </message>
    <message id="m0189" time="2013-05-09 09:36:00 UTC" participant="139376">
      <body>شوفي كنا عاملين ازاي</body>
    </message>
    <message id="m0190" time="2013-05-09 09:36:00 UTC" participant="139547">
      <body></body>
    </message>
    <message id="m0191" time="2013-05-09 09:36:00 UTC" participant="139547">
      <body>و عيالنا يا اختشى مطلعوش زينا و احنا عيال</body>
    </message>
    <message id="m0192" time="2013-05-09 09:36:00 UTC" participant="139547">
      <body>فما بالك لما يكبروا</body>
    </message>
    <message id="m0193" time="2013-05-09 09:37:00 UTC" participant="139547">
      <body>انا ببص لبجاد و حبيبه</body>
    </message>
    <message id="m0194" time="2013-05-09 09:37:00 UTC" participant="139376">
      <body>خاااالص</body>
    </message>
    <message id="m0195" time="2013-05-09 09:37:00 UTC" participant="139547">
      <body>اسمع ردودهم</body>
    </message>
    <message id="m0196" time="2013-05-09 09:37:00 UTC" participant="139547">
      <body>ابقه مزهووولع</body>
    </message>
    <message id="m0197" time="2013-05-09 09:37:00 UTC" participant="139547">
      <body>ه</body>
    </message>
    <message id="m0198" time="2013-05-09 09:37:00 UTC" participant="139376">
      <body>والله؟!</body>
    </message>
    <message id="m0199" time="2013-05-09 09:37:00 UTC" participant="139547">
      <body>بابا</body>
    </message>
    <message id="m0200" time="2013-05-09 09:37:00 UTC" participant="139376">
      <body>اصل انا عندي علي اهبل </body>
    </message>
    <message id="m0201" time="2013-05-09 09:37:00 UTC" participant="139547">
      <body>بيكلم بجاد</body>
    </message>
    <message id="m0202" time="2013-05-09 09:37:00 UTC" participant="139547">
      <body>عالسكايب</body>
    </message>
    <message id="m0203" time="2013-05-09 09:37:00 UTC" participant="139547">
      <body>كانوا مزعلين فاطمه</body>
    </message>
    <message id="m0204" time="2013-05-09 09:38:00 UTC" participant="139547">
      <body>مش عاوز يكتب</body>
    </message>
    <message id="m0205" time="2013-05-09 09:38:00 UTC" participant="139547">
      <body>الهومورك</body>
    </message>
    <message id="m0206" time="2013-05-09 09:38:00 UTC" participant="139547">
      <body>فبابا بيقله</body>
    </message>
    <message id="m0207" time="2013-05-09 09:38:00 UTC" participant="139547">
      <body>عيب كده يا بجاد</body>
    </message>
    <message id="m0208" time="2013-05-09 09:38:00 UTC" participant="139547">
      <body>اسمع كلام ماما</body>
    </message>
    <message id="m0209" time="2013-05-09 09:38:00 UTC" participant="139547">
      <body>تخيلى يقله ايه</body>
    </message>
    <message id="m0210" time="2013-05-09 09:38:00 UTC" participant="139547">
      <body></body>
    </message>
    <message id="m0211" time="2013-05-09 09:39:00 UTC" participant="139547">
      <body>جدو كلمنى باحترام و ادب</body>
    </message>
    <message id="m0212" time="2013-05-09 09:39:00 UTC" participant="139376">
      <body>هي هي هي</body>
    </message>
    <message id="m0213" time="2013-05-09 09:39:00 UTC" participant="139547">
      <body>و  stop  خلاص مفيش كلام تانى</body>
    </message>
    <message id="m0214" time="2013-05-09 09:39:00 UTC" participant="139376">
      <body>ده عسل اوي</body>
    </message>
    <message id="m0215" time="2013-05-09 09:40:00 UTC" participant="139376">
      <body>طبعا</body>
    </message>
    <message id="m0216" time="2013-05-09 09:40:00 UTC" participant="139547">
      <body>و قام قفل</body>
    </message>
    <message id="m0217" time="2013-05-09 09:40:00 UTC" participant="139376">
      <body>هي هي هي</body>
    </message>
    <message id="m0218" time="2013-05-09 09:40:00 UTC" participant="139376">
      <body>ده شخصية اوي</body>
    </message>
    <message id="m0219" time="2013-05-09 09:40:00 UTC" participant="139547">
      <body>مازن مره</body>
    </message>
    <message id="m0220" time="2013-05-09 09:40:00 UTC" participant="139547">
      <body>زعل بجاد</body>
    </message>
    <message id="m0221" time="2013-05-09 09:40:00 UTC" participant="139547">
      <body>مجرد مقله انت غلطان</body>
    </message>
    <message id="m0222" time="2013-05-09 09:40:00 UTC" participant="139547">
      <body>قله انا</body>
    </message>
    <message id="m0223" time="2013-05-09 09:41:00 UTC" participant="139547">
      <body>هجيب مسمار و اعقلك فالحيطه</body>
    </message>
    <message id="m0224" time="2013-05-09 09:41:00 UTC" participant="139547">
      <body>مع الطيارين الاغبيه</body>
    </message>
    <message id="m0225" time="2013-05-09 09:41:00 UTC" participant="139547">
      <body>اللى ضيعوا شنطه تيته</body>
    </message>
    <message id="m0226" time="2013-05-09 09:41:00 UTC" participant="139547">
      <body></body>
    </message>
    <message id="m0227" time="2013-05-09 09:41:00 UTC" participant="139547">
      <body>تخيلى بيجمع هو مواقف</body>
    </message>
    <message id="m0228" time="2013-05-09 09:41:00 UTC" participant="139547">
      <body>فدماغه</body>
    </message>
    <message id="m0229" time="2013-05-09 09:41:00 UTC" participant="139547">
      <body>و يوزع الناس</body>
    </message>
    <message id="m0230" time="2013-05-09 09:42:00 UTC" participant="139547">
      <body>و يقرر يعمل فيهم ايه</body>
    </message>
    <message id="m0231" time="2013-05-09 09:42:00 UTC" participant="139547">
      <body>و هو مكنش ابدا اتكلم عن موضوع الطيارين</body>
    </message>
    <message id="m0232" time="2013-05-09 09:42:00 UTC" participant="139547">
      <body>ده</body>
    </message>
    <message id="m0233" time="2013-05-09 09:42:00 UTC" participant="139547">
      <body>مجرد سمعنا بنحكى</body>
    </message>
    <message id="m0234" time="2013-05-09 09:42:00 UTC" participant="139547">
      <body>عالموضوع</body>
    </message>
    <message id="m0235" time="2013-05-09 09:42:00 UTC" participant="139376">
      <body>ماشاء الله</body>
    </message>
    <message id="m0236" time="2013-05-09 09:42:00 UTC" participant="139376">
      <body>هو كام سنه؟؟</body>
    </message>
    <message id="m0237" time="2013-05-09 09:43:00 UTC" participant="139547">
      <body>4</body>
    </message>
    <message id="m0238" time="2013-05-09 09:43:00 UTC" participant="139547">
      <body>هيكمل 5 فيناير الجاى</body>
    </message>
    <message id="m0239" time="2013-05-09 09:45:00 UTC" participant="139376">
      <body>ماشاء الله</body>
    </message>
    <message id="m0240" time="2013-05-09 09:45:00 UTC" participant="139376">
      <body>هو اكبر من حسين بخمس شهور كده</body>
    </message>
    <message id="m0241" time="2013-05-09 09:46:00 UTC" participant="139376">
      <body>حسين يكمل 4في شهر 6 ان شاء الله</body>
    </message>
    <message id="m0242" time="2013-05-09 09:46:00 UTC" participant="139547">
      <body>حسين عيد ميلاده فخمسه</body>
    </message>
    <message id="m0243" time="2013-05-09 09:46:00 UTC" participant="139547">
      <body>انشاءالله</body>
    </message>
    <message id="m0244" time="2013-05-09 09:46:00 UTC" participant="139547">
      <body>قرب</body>
    </message>
    <message id="m0245" time="2013-05-09 09:46:00 UTC" participant="139547">
      <body></body>
    </message>
    <message id="m0246" time="2013-05-09 09:46:00 UTC" participant="139376">
      <body>اه</body>
    </message>
    <message id="m0247" time="2013-05-09 09:47:00 UTC" participant="139376">
      <body>وعلي كمل سبعة الشهر الي فان</body>
    </message>
    <message id="m0248" time="2013-05-09 09:47:00 UTC" participant="139376">
      <body>فات</body>
    </message>
    <message id="m0249" time="2013-05-09 09:47:00 UTC" participant="139547">
      <body>ماشاء الله</body>
    </message>
    <message id="m0250" time="2013-05-09 09:47:00 UTC" participant="139547">
      <body>عقبال كل سنه بصحه</body>
    </message>
    <message id="m0251" time="2013-05-09 09:47:00 UTC" participant="139547">
      <body>و انتى فرحانه بيهم</body>
    </message>
    <message id="m0252" time="2013-05-09 09:48:00 UTC" participant="139376">
      <body>الله يخليكي يارب</body>
    </message>
    <message id="m0253" time="2013-05-09 09:48:00 UTC" participant="139376">
      <body>وتفرحي بعمار انتي كمان</body>
    </message>
    <message id="m0254" time="2013-05-09 09:48:00 UTC" participant="139547">
      <body>امين يا رب </body>
    </message>
    <message id="m0255" time="2013-05-09 09:54:00 UTC" participant="139376">
      <body></body>
    </message>
  </messages>
</conversation>
