<?xml version="1.0" encoding="UTF-8"?>
<conversation id="CHT_ARZ_20120607.0001" medium="CHT" donated="true">
  <messages>
    <message id="m0001" time="2012-06-07 19:54:29 UTC" participant="139566">
      <body>Enty 3arfa we miss eh kman ? We miss 9 years aso lma kona f thanawia 3ama w fakren nfsna kobar w 3ndna hmom </body>
    </message>
    <message id="m0003" time="2012-06-07 19:56:18 UTC" participant="139275">
      <body>:)</body>
    </message>
    <message id="m0004" time="2012-06-07 19:57:06 UTC" participant="139275">
      <body>sa7 awe</body>
    </message>
    <message id="m0005" time="2012-06-07 19:57:33 UTC" participant="139275">
      <body>kona fakren nfsna mesh mabsoten</body>
    </message>
    <message id="m0006" time="2012-06-07 19:57:42 UTC" participant="139275">
      <body>ana nfsy ad7k mn 2alby</body>
    </message>
    <message id="m0007" time="2012-06-07 19:58:09 UTC" participant="139275">
      <body>ana mesh fkra a7'er mara da7kt feha bgd eh</body>
    </message>
    <message id="m0008" time="2012-06-07 19:58:20 UTC" participant="139566">
      <body>Aiwa &amp; we will look back to where we r now &amp; say ad eh kant ayam 7elwa hehehe</body>
    </message>
    <message id="m0009" time="2012-06-07 20:00:46 UTC" participant="139275">
      <body>wala 7aga</body>
    </message>
    <message id="m0010" time="2012-06-07 20:00:50 UTC" participant="139566">
      <body>Enty msh mafrod 7atbd2y chapter gded , eh el attitude el -ve da ?</body>
    </message>
    <message id="m0011" time="2012-06-07 20:01:06 UTC" participant="139275">
      <body>ekt2ab ekt2ab ekt2ab</body>
    </message>
    <message id="m0012" time="2012-06-07 20:01:28 UTC" participant="139275">
      <body>m3rfsh leh</body>
    </message>
    <message id="m0013" time="2012-06-07 20:01:29 UTC" participant="139566">
      <body>Looool looool looool</body>
    </message>
    <message id="m0014" time="2012-06-07 20:01:54 UTC" participant="139275">
      <body>e7sas enk a7'er bnt w 7atseb elbet</body>
    </message>
    <message id="m0015" time="2012-06-07 20:02:00 UTC" participant="139566">
      <body>Eh ya gma3a omal ely begy f el moslslat el torky da eh  ?</body>
    </message>
    <message id="m0016" time="2012-06-07 20:02:17 UTC" participant="139566">
      <body>Mmmm </body>
    </message>
    <message id="m0017" time="2012-06-07 20:02:22 UTC" participant="139275">
      <body>:D wala a3rf :D</body>
    </message>
    <message id="m0018" time="2012-06-07 20:03:10 UTC" participant="139275">
      <body>:(</body>
    </message>
    <message id="m0019" time="2012-06-07 20:03:27 UTC" participant="139275">
      <body>ana ba7eb ma7moud gedn bs aked 7'yfa</body>
    </message>
    <message id="m0020" time="2012-06-07 20:03:33 UTC" participant="139275">
      <body>aseb kol 7aga</body>
    </message>
    <message id="m0021" time="2012-06-07 20:03:39 UTC" participant="139566">
      <body>Bs fe ftrat kda el wa7d bybtl yfkr w ytkbl a7aseso el 5lat de hoping en el 7aia testmr w yfhm f yom mn el ayam</body>
    </message>
    <message id="m0022" time="2012-06-07 20:03:42 UTC" participant="139275">
      <body>7'yfa ab2a 7ad tany</body>
    </message>
    <message id="m0023" time="2012-06-07 20:04:07 UTC" participant="139275">
      <body>:D ana wala fahma 7agaaa</body>
    </message>
    <message id="m0024" time="2012-06-07 20:04:10 UTC" participant="139566">
      <body>Bosy enty aslan 7d tany 3n omnia bta3t zman aked</body>
    </message>
    <message id="m0025" time="2012-06-07 20:04:32 UTC" participant="139275">
      <body>lel asf :( ana ba7eb omnia bta3t zaman aktr</body>
    </message>
    <message id="m0026" time="2012-06-07 20:04:38 UTC" participant="139566">
      <body>W b ma7moud aw mn 3'ero 7atb2y 7d talt w hakza</body>
    </message>
    <message id="m0027" time="2012-06-07 20:05:02 UTC" participant="139566">
      <body>W kol mra 7at2oly bta3t zman a7la</body>
    </message>
    <message id="m0028" time="2012-06-07 20:05:24 UTC" participant="139275">
      <body>:)</body>
    </message>
    <message id="m0029" time="2012-06-07 20:07:24 UTC" participant="139566">
      <body>Hia risk mo3'amra wa7d bya5odha f el gwaz el tany bya5odha f el sho3'l kol wa7d byd5ol tagroba f category shaifo ashal</body>
    </message>
    <message id="m0030" time="2012-06-07 20:07:45 UTC" participant="139566">
      <body>Bosy el 7l da , enty kol yom tdby 5na2a f el bet l7d ma t2oly emta aseb el bet b2a   </body>
    </message>
    <message id="m0031" time="2012-06-07 20:11:58 UTC" participant="139275">
      <body>ba f3lqn Zy ma bt2olo fen w fen elwa7ed bytbst</body>
    </message>
    <message id="m0032" time="2012-06-07 20:12:33 UTC" participant="139275">
      <body>hehehe tab edf3y enty ba2a :D</body>
    </message>
    <message id="m0033" time="2012-06-07 20:15:11 UTC" participant="139275">
      <body>:D</body>
    </message>
    <message id="m0034" time="2012-06-07 20:15:16 UTC" participant="139566">
      <body>5las hately Happy meal </body>
    </message>
    <message id="m0035" time="2012-06-07 20:15:33 UTC" participant="139566">
      <body>W el l3ba tb2a 3arosa shbhk </body>
    </message>
    <message id="m0036" time="2012-06-07 20:15:37 UTC" participant="139275">
      <body>ba2olak t3ali nro7 el cinema</body>
    </message>
    <message id="m0037" time="2012-06-07 20:21:36 UTC" participant="139275">
      <body>ana 3ayza aro7 man in balck 3 :D</body>
    </message>
    <message id="m0038" time="2012-06-07 20:21:42 UTC" participant="139275">
      <body>ba7eboooo aweee</body>
    </message>
    <message id="m0039" time="2012-06-07 20:26:11 UTC" participant="139275">
      <body>bosy mai w maha hena</body>
    </message>
    <message id="m0040" time="2012-06-07 20:26:29 UTC" participant="139275">
      <body>w mai mashya el 7ad..eh nezamk elsabt?</body>
    </message>
    <message id="m0041" time="2012-06-07 20:34:03 UTC" participant="139275">
      <body>peace awe 72olhon</body>
    </message>
    <message id="m0042" time="2012-06-07 20:53:54 UTC" participant="139275">
      <body>heheheeee</body>
    </message>
    <message id="m0043" time="2012-06-07 20:57:03 UTC" participant="139566">
      <body>BGD   tla2eky bs msh fakrany , dana 7ta moz3ga w btklm kter </body>
    </message>
    <message id="m0044" time="2012-06-07 21:02:50 UTC" participant="139566">
      <body>Kont lsa ba2ol dlw2ty 7alan ad eh el 7agat ely tfr7 b2t 2olyla</body>
    </message>
    <message id="m0045" time="2012-06-07 21:03:21 UTC" participant="139566">
      <body>Enty eh mawkfk mn el 7aia ?</body>
    </message>
    <message id="m0046" time="2012-06-07 21:06:23 UTC" participant="139566">
      <body>3moman hoa normal en el fatra de tb2a emotional</body>
    </message>
    <message id="m0047" time="2012-06-07 21:14:29 UTC" participant="139566">
      <body>Sebk enty eh fakrat el 7fl ?</body>
    </message>
    <message id="m0048" time="2012-06-07 21:15:09 UTC" participant="139566">
      <body>Ana 3aiza maknt ice cream soft f el fr7 </body>
    </message>
    <message id="m0049" time="2012-06-07 21:17:03 UTC" participant="139566">
      <body>La2 el3'y om 3ali  e7na f el sef</body>
    </message>
    <message id="m0050" time="2012-06-07 21:19:48 UTC" participant="139566">
      <body>Hoa f3lan fe aflam now  bs enty 3arfany msh bstna</body>
    </message>
    <message id="m0051" time="2012-06-07 21:20:13 UTC" participant="139566">
      <body>Lw mal72tnesh 3la monday 7akon 5lasthom</body>
    </message>
    <message id="m0052" time="2012-06-07 21:21:46 UTC" participant="139566">
      <body>Momkn 3la monday kda</body>
    </message>
    <message id="m0053" time="2012-06-07 21:26:16 UTC" participant="139566">
      <body>W ana kman  tyb monday eh nzamk ?</body>
    </message>
    <message id="m0054" time="2012-06-07 21:36:59 UTC" participant="139566">
      <body>Tyb ok</body>
    </message>
    <message id="m0055" time="2012-06-07 21:40:52 UTC" participant="139566">
      <body>Eshta  w slmy 3alihom kteeeeer w hato el atfal al3b behom</body>
    </message>
  </messages>
</conversation>
