<?xml version="1.0" encoding="UTF-8"?>
<conversation id="CHT_ARZ_20130418.0002" medium="CHT" donated="true">
  <messages>
    <message id="m0000" time="2013-04-18 23:50:45 UTC" participant="139368">
      <body>Bet ya rime</body>
    </message>
    <message id="m0001" time="2013-04-18 23:50:48 UTC" participant="139368">
      <body>Enty msh gya?</body>
    </message>
    <message id="m0002" time="2013-04-19 00:00:06 UTC" participant="139134">
      <body>msh arfaa lessa</body>
    </message>
    <message id="m0003" time="2013-04-19 00:00:33 UTC" participant="139368">
      <body>Eh mshkeltk</body>
    </message>
    <message id="m0005" time="2013-04-19 14:32:56 UTC" participant="139134">
      <body>mhdsh byrod alia khaleth :( </body>
    </message>
    <message id="m0006" time="2013-04-19 14:46:22 UTC" participant="139368">
      <body>Kalmtk msh mta7</body>
    </message>
    <message id="m0007" time="2013-04-19 14:48:20 UTC" participant="139368">
      <body>W nw msh btrdy</body>
    </message>
    <message id="m0008" time="2013-04-19 14:53:13 UTC" participant="139134">
      <body>nw ma3 ahl mami wel aris</body>
    </message>
    <message id="m0009" time="2013-04-19 14:53:22 UTC" participant="139368">
      <body>☺</body>
    </message>
    <message id="m0010" time="2013-04-19 14:53:25 UTC" participant="139134">
      <body>ento msh ty2ni eni mgtsh ?!</body>
    </message>
    <message id="m0011" time="2013-04-19 14:53:29 UTC" participant="139134">
      <body>walahy sehit 10</body>
    </message>
    <message id="m0012" time="2013-04-19 14:53:36 UTC" participant="139134">
      <body>w kaman knt andi diarrhia</body>
    </message>
    <message id="m0013" time="2013-04-19 14:53:43 UTC" participant="139368">
      <body>:((</body>
    </message>
    <message id="m0014" time="2013-04-19 14:53:59 UTC" participant="139368">
      <body>7sal 5eer</body>
    </message>
    <message id="m0015" time="2013-04-19 14:54:00 UTC" participant="139134">
      <body>msh ty2ni :( ?</body>
    </message>
    <message id="m0016" time="2013-04-19 14:54:04 UTC" participant="139368">
      <body>Bas kanet n2saky</body>
    </message>
    <message id="m0018" time="2013-04-19 14:54:17 UTC" participant="139368">
      <body>La2 m2darsh ☺</body>
    </message>
    <message id="m0019" time="2013-04-19 14:54:25 UTC" participant="139134">
      <body>habibiiiiii</body>
    </message>
    <message id="m0020" time="2013-04-19 14:59:46 UTC" participant="139134">
      <body>msh fhna</body>
    </message>
    <message id="m0021" time="2013-04-19 14:59:56 UTC" participant="139134">
      <body>agyb kam w fin hahahhaha w emtaaaaa</body>
    </message>
    <message id="m0022" time="2013-04-19 15:00:21 UTC" participant="139368">
      <body>Bkra at 10</body>
    </message>
    <message id="m0023" time="2013-04-19 15:00:26 UTC" participant="139368">
      <body>Mabna adem dor sades</body>
    </message>
    <message id="m0024" time="2013-04-19 15:00:26 UTC" participant="139134">
      <body>oki hahahahah</body>
    </message>
    <message id="m0025" time="2013-04-19 15:00:32 UTC" participant="139368">
      <body>kam m3rfsh wait hahaha</body>
    </message>
    <message id="m0026" time="2013-04-19 15:00:52 UTC" participant="139134">
      <body>pkk</body>
    </message>
    <message id="m0027" time="2013-04-19 15:10:03 UTC" participant="139368">
      <body>10</body>
    </message>
    <message id="m0028" time="2013-04-19 15:10:05 UTC" participant="139368">
      <body>Markers</body>
    </message>
    <message id="m0029" time="2013-04-19 15:10:09 UTC" participant="139368">
      <body>W 10 charts</body>
    </message>
    <message id="m0033" time="2013-04-20 02:16:45 UTC" participant="139134">
      <body>wenaby wenaby sahini 9 am ashan alh2 agyb el haga ok</body>
    </message>
    <message id="m0034" time="2013-04-20 08:56:33 UTC" participant="139134">
      <body>enty fin</body>
    </message>
    <message id="m0035" time="2013-04-20 08:56:57 UTC" participant="139368">
      <body>Ana f betna</body>
    </message>
    <message id="m0036" time="2013-04-20 08:57:04 UTC" participant="139368">
      <body>S7ety?</body>
    </message>
    <message id="m0037" time="2013-04-20 08:57:14 UTC" participant="139368">
      <body>Balbes ana w nzla bas 3ndy sec 10</body>
    </message>
    <message id="m0039" time="2013-04-20 08:57:55 UTC" participant="139134">
      <body>anaa mafrud agyb el hagat di for today sah ?</body>
    </message>
    <message id="m0042" time="2013-04-20 08:58:46 UTC" participant="139134">
      <body>ahh yaaannni yamma</body>
    </message>
    <message id="m0043" time="2013-04-20 08:58:46 UTC" participant="139368">
      <body/>
    </message>
    <message id="m0044" time="2013-04-20 08:58:57 UTC" participant="139368">
      <body>Ana msh adra aft7 3iny i swear</body>
    </message>
    <message id="m0045" time="2013-04-20 08:59:04 UTC" participant="139368">
      <body>Lola om l section bas</body>
    </message>
    <message id="m0046" time="2013-04-20 08:59:10 UTC" participant="139134">
      <body>wanaaaa </body>
    </message>
    <message id="m0047" time="2013-04-20 08:59:29 UTC" participant="139134">
      <body>ana lola enty etshabt mn lessani w olt hagyb </body>
    </message>
    <message id="m0048" time="2013-04-20 09:00:30 UTC" participant="139134">
      <body>mlwna wala anyad ?</body>
    </message>
    <message id="m0049" time="2013-04-20 09:00:36 UTC" participant="139134">
      <body>abyad</body>
    </message>
    <message id="m0050" time="2013-04-20 09:01:17 UTC" participant="139368">
      <body>L charts</body>
    </message>
    <message id="m0051" time="2013-04-20 09:01:31 UTC" participant="139368">
      <body>Beda</body>
    </message>
    <message id="m0052" time="2013-04-20 09:01:39 UTC" participant="139368">
      <body>W el markers ay lon</body>
    </message>
    <message id="m0053" time="2013-04-20 09:01:45 UTC" participant="139368">
      <body>Ana 3yzaky teegy</body>
    </message>
    <message id="m0054" time="2013-04-20 09:01:52 UTC" participant="139368">
      <body>Yala nashaaat 7ywyaaa hahaha</body>
    </message>
    <message id="m0055" time="2013-04-20 09:07:31 UTC" participant="139134">
      <body/>
    </message>
    <message id="m0056" time="2013-04-20 09:07:37 UTC" participant="139134">
      <body/>
    </message>
    <message id="m0057" time="2013-04-20 09:07:57 UTC" participant="139134">
      <body>msh ahrk soba3y ml ta3ab </body>
    </message>
    <message id="m0058" time="2013-04-20 09:08:09 UTC" participant="139368">
      <body>:((</body>
    </message>
    <message id="m0059" time="2013-04-20 09:08:18 UTC" participant="139368">
      <body>Tbbt7tolosh 7ga</body>
    </message>
    <message id="m0060" time="2013-04-20 09:08:23 UTC" participant="139368">
      <body>Mbt7tlosh</body>
    </message>
    <message id="m0061" time="2013-04-20 09:09:41 UTC" participant="139134">
      <body>bahot</body>
    </message>
    <message id="m0062" time="2013-04-20 09:09:55 UTC" participant="139134">
      <body>bs hwa t3ban </body>
    </message>
    <message id="m0063" time="2013-04-20 09:12:16 UTC" participant="139368">
      <body/>
    </message>
    <message id="m0064" time="2013-04-20 09:19:07 UTC" participant="139134">
      <body>hwa mfrud chrts tkun 10 sharp</body>
    </message>
    <message id="m0065" time="2013-04-20 09:19:14 UTC" participant="139134">
      <body>wala mmkn at25r sika</body>
    </message>
    <message id="m0066" time="2013-04-20 09:19:33 UTC" participant="139134">
      <body>plz oli mmkn</body>
    </message>
    <message id="m0067" time="2013-04-20 09:19:37 UTC" participant="139134">
      <body>☺</body>
    </message>
    <message id="m0068" time="2013-04-20 09:19:49 UTC" participant="139368">
      <body>Ana msh 7b2a mwgoda</body>
    </message>
    <message id="m0069" time="2013-04-20 09:19:54 UTC" participant="139368">
      <body>Bas 7y2tloki</body>
    </message>
    <message id="m0070" time="2013-04-20 09:20:03 UTC" participant="139368">
      <body>Enty 7tet25ry leh tyb</body>
    </message>
    <message id="m0071" time="2013-04-20 09:20:18 UTC" participant="139368">
      <body>Lw kda nshof lw n2dr ntsraf</body>
    </message>
    <message id="m0072" time="2013-04-20 09:20:47 UTC" participant="139134">
      <body>wait hashuf ma3 kholod</body>
    </message>
  </messages>
</conversation>
