<?xml version="1.0" encoding="UTF-8"?>
<conversation id="CHT_ARZ_20130306.0004" medium="CHT" donated="true">
  <messages>
    <message id="m0000" time="2013-03-06 20:29:00 UTC" participant="139275">
      <body>3agwaaaaaa</body>
    </message>
    <message id="m0001" time="2013-03-06 20:30:00 UTC" participant="139275">
      <body>Ostaz mohameed</body>
    </message>
    <message id="m0002" time="2013-03-06 20:31:00 UTC" participant="139578">
      <body>MS</body>
    </message>
    <message id="m0003" time="2013-03-06 20:31:00 UTC" participant="139275">
      <body>Looooooz</body>
    </message>
    <message id="m0004" time="2013-03-06 20:32:00 UTC" participant="139578">
      <body>3ml eh ya handasa</body>
    </message>
    <message id="m0005" time="2013-03-06 20:33:00 UTC" participant="139578">
      <body>Eh alklaaam ya zmele</body>
    </message>
    <message id="m0006" time="2013-03-06 20:33:00 UTC" participant="139275">
      <body>Al sekaaa 3amla eig</body>
    </message>
    <message id="m0007" time="2013-03-06 20:33:00 UTC" participant="139275">
      <body>3shan ana fe smo7aa</body>
    </message>
    <message id="m0008" time="2013-03-06 20:34:00 UTC" participant="139275">
      <body>Antooo 3la al ahwaaa</body>
    </message>
    <message id="m0009" time="2013-03-06 20:35:00 UTC" participant="139578">
      <body>Kanet fadya mn sa3teen</body>
    </message>
    <message id="m0010" time="2013-03-06 20:36:00 UTC" participant="139578">
      <body>Nooo ana fe albeet</body>
    </message>
    <message id="m0011" time="2013-03-06 20:36:00 UTC" participant="139275">
      <body>Mmmmm</body>
    </message>
    <message id="m0012" time="2013-03-06 20:36:00 UTC" participant="139275">
      <body>We msh nazek wala eih</body>
    </message>
    <message id="m0013" time="2013-03-06 20:39:00 UTC" participant="139578">
      <body>L2</body>
    </message>
    <message id="m0014" time="2013-03-06 20:40:00 UTC" participant="139578">
      <body>Msafer bokra</body>
    </message>
  </messages>
</conversation>
