<?xml version="1.0" encoding="UTF-8"?>
<conversation id="CHT_ARZ_20130204.0000" medium="CHT" donated="true">
  <messages>
    <message id="m0000" participant="138112" time="2013-02-04 21:56:18 UTC">
      <body>Kareem</body>
    </message>
    <message id="m0001" participant="138310" time="2013-02-04 21:56:41 UTC">
      <body>Yara :D</body>
    </message>
    <message id="m0002" participant="138112" time="2013-02-04 21:58:00 UTC">
      <body>Kareem ms. Menna edetko hw?</body>
    </message>
    <message id="m0003" participant="138310" time="2013-02-04 21:58:23 UTC">
      <body>La</body>
    </message>
    <message id="m0004" participant="138310" time="2013-02-04 21:58:26 UTC">
      <body>Lsa</body>
    </message>
    <message id="m0005" participant="138310" time="2013-02-04 21:58:41 UTC">
      <body>E7na m5dnash enhrda art asln</body>
    </message>
    <message id="m0006" participant="138310" time="2013-02-04 21:58:47 UTC">
      <body>Momken bokra</body>
    </message>
    <message id="m0007" participant="138112" time="2013-02-04 21:59:10 UTC">
      <body>Mashy</body>
    </message>
    <message id="m0008" participant="138112" time="2013-02-04 21:59:17 UTC">
      <body>Hatelbeso bokra</body>
    </message>
    <message id="m0009" participant="138310" time="2013-02-04 21:59:40 UTC">
      <body>Hahahah rabna ytamnek lD</body>
    </message>
  </messages>
</conversation>
