<?xml version="1.0" encoding="UTF-8"?>
<conversation id="CHT_ARZ_20130202.0000" medium="CHT" donated="true">
  <messages>
    <message id="m0000" participant="138327" time="2013-02-02 00:05:57 UTC">
      <body>Yaraa</body>
    </message>
    <message id="m0003" participant="138112" time="2013-02-02 11:38:27 UTC">
      <body>Enta kaman walahi</body>
    </message>
    <message id="m0004" participant="138327" time="2013-02-02 11:38:42 UTC">
      <body>Fenek</body>
    </message>
    <message id="m0005" participant="138112" time="2013-02-02 11:39:38 UTC">
      <body>3and my friend</body>
    </message>
    <message id="m0006" participant="138327" time="2013-02-02 11:40:18 UTC">
      <body>Mesh fl school</body>
    </message>
    <message id="m0007" participant="138112" time="2013-02-02 11:40:55 UTC">
      <body>Lesa mashya men 30 minutes Keda</body>
    </message>
    <message id="m0008" participant="138327" time="2013-02-02 11:47:02 UTC">
      <body>Edaa</body>
    </message>
    <message id="m0009" participant="138327" time="2013-02-02 11:47:02 UTC">
      <body>Taab 3awez ashofek :(</body>
    </message>
    <message id="m0010" participant="138112" time="2013-02-02 11:56:24 UTC">
      <body>Ana kaman walah</body>
    </message>
    <message id="m0012" participant="138327" time="2013-02-02 22:03:45 UTC">
      <body>:(</body>
    </message>
    <message id="m0013" participant="138327" time="2013-02-02 22:03:49 UTC">
      <body>Leeh kda</body>
    </message>
    <message id="m0014" participant="138112" time="2013-02-02 22:57:56 UTC">
      <body>3ashan mesh betrod 3alaya!!</body>
    </message>
    <message id="m0015" participant="138327" time="2013-02-02 22:58:50 UTC">
      <body>Ana :O</body>
    </message>
    <message id="m0016" participant="138112" time="2013-02-02 23:14:17 UTC">
      <body>Ah entrap</body>
    </message>
    <message id="m0017" participant="138112" time="2013-02-02 23:14:21 UTC">
      <body>*enta</body>
    </message>
    <message id="m0018" participant="138327" time="2013-02-02 23:14:38 UTC">
      <body>Enty fiin</body>
    </message>
    <message id="m0019" participant="138112" time="2013-02-02 23:14:54 UTC">
      <body>Fel bet</body>
    </message>
    <message id="m0020" participant="138327" time="2013-02-02 23:15:06 UTC">
      <body>W ehhh</body>
    </message>
    <message id="m0021" participant="138327" time="2013-02-02 23:15:09 UTC">
      <body>Ana ha5tafek</body>
    </message>
    <message id="m0022" participant="138112" time="2013-02-02 23:15:34 UTC">
      <body>Ana 3aysha m3a 3 otat 3ayaneen -__-</body>
    </message>
    <message id="m0023" participant="138327" time="2013-02-02 23:15:53 UTC">
      <body>Hahahahhahhahaha</body>
    </message>
    <message id="m0024" participant="138112" time="2013-02-02 23:17:20 UTC">
      <body>Wa7da 3andaha herpes, wahda 3andaha tasamom, w wahda 3andaha eltahab re2awi</body>
    </message>
    <message id="m0025" participant="138327" time="2013-02-02 23:18:04 UTC">
      <body>Ermeehom</body>
    </message>
    <message id="m0026" participant="138327" time="2013-02-02 23:18:14 UTC">
      <body>Aw sebeehom w ta3ali 3eeshi ma3ayaa</body>
    </message>
    <message id="m0027" participant="138112" time="2013-02-02 23:31:47 UTC">
      <body>D Ana harmeek enta</body>
    </message>
    <message id="m0028" participant="138327" time="2013-02-02 23:37:04 UTC">
      <body>:(</body>
    </message>
    <message id="m0029" participant="138327" time="2013-02-02 23:37:09 UTC">
      <body>Enty alilet l adab :P</body>
    </message>
    <message id="m0030" participant="138112" time="2013-02-02 23:39:46 UTC">
      <body>Ana bardo!!!!</body>
    </message>
    <message id="m0031" participant="138327" time="2013-02-02 23:40:00 UTC">
      <body>Aywaa bahebek w wahashteeni :(</body>
    </message>
    <message id="m0032" participant="138112" time="2013-02-03 08:15:37 UTC">
      <body>Enta kaman :*</body>
    </message>
    <message id="m0033" participant="138327" time="2013-02-03 11:55:34 UTC">
      <body>Sabaaa7 l 5iiir</body>
    </message>
    <message id="m0035" participant="138327" time="2013-02-03 12:02:01 UTC">
      <body>3amla ehh</body>
    </message>
    <message id="m0037" participant="138327" time="2013-02-03 12:18:32 UTC">
      <body>Elh</body>
    </message>
    <message id="m0038" participant="138327" time="2013-02-03 12:18:47 UTC">
      <body>L otat 3amliiin ehh</body>
    </message>
    <message id="m0039" participant="138112" time="2013-02-03 12:23:26 UTC">
      <body>Wa7da Menhom 3aywana awy lesa, w the 2 others ahsan el7</body>
    </message>
    <message id="m0040" participant="138327" time="2013-02-03 12:25:21 UTC">
      <body>Tyb kewayess</body>
    </message>
    <message id="m0041" participant="138112" time="2013-02-03 13:51:11 UTC">
      <body>Momken te7tag 3amaleya :(</body>
    </message>
    <message id="m0042" participant="138327" time="2013-02-03 13:55:50 UTC">
      <body>5odeeha l dr</body>
    </message>
    <message id="m0043" participant="138112" time="2013-02-03 14:05:32 UTC">
      <body>Ba5odha kol yom</body>
    </message>
    <message id="m0044" participant="138327" time="2013-02-03 14:06:03 UTC">
      <body>W alek eh</body>
    </message>
    <message id="m0045" participant="138112" time="2013-02-03 14:31:21 UTC">
      <body>El Ana ba2olholak</body>
    </message>
    <message id="m0046" participant="138327" time="2013-02-03 14:31:46 UTC">
      <body>??</body>
    </message>
  </messages>
</conversation>
