<?xml version="1.0" encoding="UTF-8"?>
<conversation id="CHT_ARZ_20120627.0001" medium="CHT" donated="true">
  <messages>
    <message id="m0000" time="2012-06-27 09:36:08 UTC" participant="139275">
      <body>bosaaa :)</body>
    </message>
    <message id="m0001" time="2012-06-27 10:21:21 UTC" participant="139566">
      <body></body>
    </message>
    <message id="m0002" time="2012-06-28 08:26:35 UTC" participant="139566">
      <body></body>
    </message>
  </messages>
</conversation>
