<?xml version="1.0" encoding="UTF-8"?>
<conversation id="CHT_ARZ_20130429.0005" medium="CHT" donated="true">
  <messages>
    <message id="m0000" time="2013-04-29 19:21:00 UTC" participant="139230">
      <body>ezayek ya bentiy??</body>
    </message>
    <message id="m0002" time="2013-04-29 19:23:00 UTC" participant="139230">
      <body>7elw awi ,</body>
    </message>
    <message id="m0003" time="2013-04-29 19:23:00 UTC" participant="139230">
      <body>Rabena yekhaliki leyya</body>
    </message>
    <message id="m0004" time="2013-04-29 19:23:00 UTC" participant="139230">
      <body>فعلا الواحد محتاج كلام زي ده</body>
    </message>
    <message id="m0005" time="2013-04-29 19:50:00 UTC" participant="139681">
      <body>اقريها متكسليش انا لما بتجيلي رسالة كدة بعد ما اخلص اقراها تحسي انك محتاحها</body>
    </message>
    <message id="m0006" time="2013-04-29 20:15:00 UTC" participant="139681">
      <body>هو بكرة اجازة</body>
    </message>
  </messages>
</conversation>
