<?xml version="1.0" encoding="UTF-8"?>
<conversation id="CHT_ARZ_20130415.0000" medium="CHT" donated="true">
  <messages>
    <message id="m0000" participant="138324" time="2013-04-15 00:10:15 UTC">
      <body>Gaya bokra?</body>
    </message>
    <message id="m0001" participant="138324" time="2013-04-15 09:59:07 UTC">
      <body>Magetish leihh</body>
    </message>
    <message id="m0003" participant="138324" time="2013-04-15 11:59:15 UTC">
      <body>akhadty dawa?</body>
    </message>
    <message id="m0006" participant="138112" time="2013-04-15 14:19:41 UTC">
      <body>Pappi beyes2al 3leki hahaha</body>
    </message>
    <message id="m0007" participant="138324" time="2013-04-15 14:19:54 UTC">
      <body>Alaya ana :o</body>
    </message>
    <message id="m0008" participant="138112" time="2013-04-15 14:20:00 UTC">
      <body>Ahhh</body>
    </message>
    <message id="m0009" participant="138324" time="2013-04-15 14:20:07 UTC">
      <body>hahahaahaha ezay</body>
    </message>
    <message id="m0010" participant="138324" time="2013-04-15 14:20:13 UTC">
      <body>howa yeerfni?</body>
    </message>
    <message id="m0011" participant="138112" time="2013-04-15 14:20:28 UTC">
      <body>Ahhhh</body>
    </message>
    <message id="m0012" participant="138112" time="2013-04-15 14:20:49 UTC">
      <body>Bey2oli Rochani el gebt el msh b3raf anta2 esmaha 3amla eh</body>
    </message>
    <message id="m0013" participant="138324" time="2013-04-15 14:21:01 UTC">
      <body>Hahahah ghariba awi</body>
    </message>
    <message id="m0014" participant="138112" time="2013-04-15 14:21:15 UTC">
      <body>Awyyyy</body>
    </message>
    <message id="m0015" participant="138324" time="2013-04-16 00:02:49 UTC">
      <body>Boooo</body>
    </message>
    <message id="m0016" participant="138324" time="2013-04-16 00:02:53 UTC">
      <body>Gaya bokra??</body>
    </message>
    <message id="m0017" participant="138112" time="2013-04-16 00:04:33 UTC">
      <body>Yesss isa</body>
    </message>
  </messages>
</conversation>
