<?xml version="1.0" encoding="UTF-8"?>
<conversation id="CHT_ARZ_20121118.0000" medium="CHT" donated="true">
  <messages>
    <message id="m0000" participant="138112" time="2012-11-18 21:12:03 UTC">
      <body>Enty 3arfa en f trip bokra hah</body>
    </message>
    <message id="m0001" participant="138311" time="2012-11-18 21:12:15 UTC">
      <body>Ahh seme3t :D</body>
    </message>
    <message id="m0002" participant="138112" time="2012-11-18 21:12:45 UTC">
      <body>Hatro7i?</body>
    </message>
    <message id="m0003" participant="138112" time="2012-11-18 21:12:52 UTC">
      <body>El trip feeha attendance</body>
    </message>
    <message id="m0004" participant="138311" time="2012-11-18 21:12:55 UTC">
      <body>Ahh</body>
    </message>
    <message id="m0005" participant="138311" time="2012-11-18 21:12:58 UTC">
      <body>Isa</body>
    </message>
    <message id="m0006" participant="138311" time="2012-11-18 21:13:03 UTC">
      <body>:D</body>
    </message>
    <message id="m0007" participant="138311" time="2012-11-18 21:13:07 UTC">
      <body>Ah mna 3arfa</body>
    </message>
    <message id="m0008" participant="138112" time="2012-11-18 21:13:23 UTC">
      <body>W bel uniform kaman 3la fekra</body>
    </message>
    <message id="m0009" participant="138311" time="2012-11-18 21:14:46 UTC">
      <body>W malloo :D</body>
    </message>
    <message id="m0010" participant="138112" time="2012-11-18 21:15:36 UTC">
      <body>Bas Ana halbes jeans badal el pantalon w hastahbel:D</body>
    </message>
    <message id="m0011" participant="138311" time="2012-11-18 21:15:56 UTC">
      <body>Hahahaha</body>
    </message>
    <message id="m0012" participant="138311" time="2012-11-18 21:16:02 UTC">
      <body>Eshta</body>
    </message>
    <message id="m0013" participant="138112" time="2012-11-18 21:25:37 UTC">
      <body>Enty kaman hha</body>
    </message>
    <message id="m0014" participant="138112" time="2012-11-18 21:25:57 UTC">
      <body>Enty 3arfa eni rawa7t men el trip 1:20 belel</body>
    </message>
    <message id="m0015" participant="138311" time="2012-11-18 21:26:14 UTC">
      <body>O_O</body>
    </message>
    <message id="m0016" participant="138311" time="2012-11-18 21:26:20 UTC">
      <body>Omg Whyyyy</body>
    </message>
    <message id="m0017" participant="138311" time="2012-11-18 21:26:30 UTC">
      <body>Enti sakna gamb el skool</body>
    </message>
    <message id="m0018" participant="138112" time="2012-11-18 21:26:38 UTC">
      <body>Ahhh</body>
    </message>
    <message id="m0019" participant="138311" time="2012-11-18 21:26:46 UTC">
      <body>Rowa7oki met2a5er?</body>
    </message>
    <message id="m0020" participant="138112" time="2012-11-18 21:26:53 UTC">
      <body>E7na aslan et7arakna 11 men el sa7ara</body>
    </message>
    <message id="m0021" participant="138311" time="2012-11-18 21:27:09 UTC">
      <body>Ya allaah</body>
    </message>
    <message id="m0022" participant="138311" time="2012-11-18 21:27:12 UTC">
      <body>Leh kda</body>
    </message>
    <message id="m0023" participant="138112" time="2012-11-18 21:27:39 UTC">
      <body>Mashakel kteera b2a</body>
    </message>
    <message id="m0024" participant="138112" time="2012-11-18 21:27:40 UTC">
      <body>Hh</body>
    </message>
    <message id="m0025" participant="138112" time="2012-11-18 21:27:43 UTC">
      <body>*haha</body>
    </message>
    <message id="m0026" participant="138112" time="2012-11-18 21:28:01 UTC">
      <body>E7na a3adna fel sa7ara fel dalma men 7:30 le 11</body>
    </message>
    <message id="m0027" participant="138112" time="2012-11-18 21:28:08 UTC">
      <body>Ta5ayali</body>
    </message>
    <message id="m0028" participant="138311" time="2012-11-18 21:31:33 UTC">
      <body>Yalhwii</body>
    </message>
    <message id="m0029" participant="138311" time="2012-11-18 21:31:49 UTC">
      <body>Ana 2omi kanet hat2tlni low 23adt kol da xD</body>
    </message>
    <message id="m0030" participant="138112" time="2012-11-18 21:37:05 UTC">
      <body>Bas begad makansh f 2id 7ad</body>
    </message>
    <message id="m0031" participant="138311" time="2012-11-18 21:50:23 UTC">
      <body>Mmm</body>
    </message>
    <message id="m0032" participant="138311" time="2012-11-18 21:50:33 UTC">
      <body>Bs rege3to met2a5ar awi</body>
    </message>
    <message id="m0033" participant="138112" time="2012-11-18 21:59:20 UTC">
      <body>Awyyyy Ana aslan nemt fel tari2 w kolo kan msh taye2 nafso</body>
    </message>
    <message id="m0034" participant="138112" time="2012-11-18 21:59:34 UTC">
      <body>W el weather kan bard awy</body>
    </message>
    <message id="m0035" participant="138112" time="2012-11-18 21:59:42 UTC">
      <body>Ana 3eyet aslan</body>
    </message>
    <message id="m0036" participant="138311" time="2012-11-18 22:16:31 UTC">
      <body>Salamteeek :(</body>
    </message>
    <message id="m0037" participant="138311" time="2012-11-18 22:16:39 UTC">
      <body>Ahh 3andoko 7aa2</body>
    </message>
  </messages>
</conversation>
