<?xml version="1.0" encoding="UTF-8"?>
<conversation id="CHT_ARZ_20130501.0004" medium="CHT" donated="true">
  <messages>
    <message id="m0000" time="2013-05-01 16:31:00 UTC" participant="139853">
      <body>atmanna koolo ykoon kwayes</body>
    </message>
    <message id="m0001" time="2013-05-01 16:32:00 UTC" participant="139230">
      <body>kont lessa 7atamenek</body>
    </message>
    <message id="m0002" time="2013-05-01 16:33:00 UTC" participant="139853">
      <body>Kheir ISA</body>
    </message>
    <message id="m0003" time="2013-05-01 16:33:00 UTC" participant="139853">
      <body>ana 2al2ana</body>
    </message>
    <message id="m0004" time="2013-05-01 16:34:00 UTC" participant="139230">
      <body>el 7amdullelah, mafish 7aga we7sha</body>
    </message>
    <message id="m0005" time="2013-05-01 16:34:00 UTC" participant="139230">
      <body>bas talabo ta7aleel zeyada</body>
    </message>
    <message id="m0006" time="2013-05-01 16:34:00 UTC" participant="139230">
      <body>ziyada fel 2etme2naan mesh aktar</body>
    </message>
    <message id="m0007" time="2013-05-01 16:34:00 UTC" participant="139853">
      <body>Rabena maaki</body>
    </message>
    <message id="m0008" time="2013-05-01 16:35:00 UTC" participant="139230">
      <body>ya rab</body>
    </message>
    <message id="m0009" time="2013-05-01 16:36:00 UTC" participant="139853">
      <body>ISA kheir</body>
    </message>
    <message id="m0010" time="2013-05-01 16:37:00 UTC" participant="139230">
      <body>el doctor shatter awi</body>
    </message>
    <message id="m0011" time="2013-05-01 16:37:00 UTC" participant="139230">
      <body>انشاء الله كل خير</body>
    </message>
    <message id="m0012" time="2013-05-01 16:39:00 UTC" participant="139853">
      <body>7adeelek 3enwan makan kwayes awi tro7ih</body>
    </message>
    <message id="m0013" time="2013-05-01 16:40:00 UTC" participant="139230">
      <body>انشاءالله بعد ما اعمل باقي التحاليل والاشعة كل حاجة حتبان</body>
    </message>
    <message id="m0014" time="2013-05-01 16:40:00 UTC" participant="139853">
      <body>انشاء الله كل خير</body>
    </message>
    <message id="m0015" time="2013-05-01 16:40:00 UTC" participant="139230">
      <body>وانا اسفة جدا اني قلقت حضرتك في الاجازة</body>
    </message>
    <message id="m0016" time="2013-05-01 16:41:00 UTC" participant="139853">
      <body>يا ابنتي ربنا معك</body>
    </message>
    <message id="m0017" time="2013-05-01 16:41:00 UTC" participant="139230">
      <body>حاولي بقي تستمتعي شوية وترجعي لنا بالسلامة</body>
    </message>
    <message id="m0018" time="2013-05-01 16:42:00 UTC" participant="139230">
      <body>ma te2la2eeesh</body>
    </message>
    <message id="m0019" time="2013-05-01 16:42:00 UTC" participant="139853">
      <body>7ader</body>
    </message>
    <message id="m0020" time="2013-05-01 16:42:00 UTC" participant="139230">
      <body>w da3awatek</body>
    </message>
    <message id="m0021" time="2013-05-02 09:59:00 UTC" participant="139853">
      <body>ربنا معك</body>
    </message>
    <message id="m0022" time="2013-05-02 09:59:00 UTC" participant="139853">
      <body>ودعيت لك في مسجد الرسول</body>
    </message>
    <message id="m0023" time="2013-05-02 13:49:00 UTC" participant="139230">
      <body>ربنا بخليكي ليا 
13:49, 2 May – Afl: والله دي اجمل حاجة قريتها الصبح اول ما صحيت
13:49, 2 May – Afl: ربنا يجعل الدعاء من نصيبي</body>
    </message>
  </messages>
</conversation>
