<?xml version="1.0" encoding="UTF-8"?>
<conversation id="CHT_ARZ_20130410.0006" medium="CHT" donated="true">
  <messages>
    <message id="m0000" time="2013-04-10 15:04:00 UTC" participant="139230">
      <body>bossi 3al bloouza di</body>
    </message>
    <message id="m0001" time="2013-04-10 15:04:00 UTC" participant="139230">
      <body>Eh rayek</body>
    </message>
    <message id="m0002" time="2013-04-10 18:46:00 UTC" participant="139230">
      <body>صباح الطناش ،، شكلها ما عجبتكيش عموما ولا انا كمان</body>
    </message>
    <message id="m0003" time="2013-04-10 20:17:00 UTC" participant="139880">
      <body>Sorry ya benty</body>
    </message>
    <message id="m0004" time="2013-04-10 20:17:00 UTC" participant="139880">
      <body>Ana kont bara</body>
    </message>
    <message id="m0005" time="2013-04-10 20:18:00 UTC" participant="139880">
      <body>La2 bossy ma3agabnish fe3lan</body>
    </message>
    <message id="m0006" time="2013-04-10 20:21:00 UTC" participant="139230">
      <body>fiy wa7da tanya</body>
    </message>
    <message id="m0007" time="2013-04-10 20:21:00 UTC" participant="139230">
      <body>طيب ايه رايك ف ده</body>
    </message>
    <message id="m0008" time="2013-04-10 20:22:00 UTC" participant="139230">
      <body>اللي في الجنب دا حزام بيتربط لورا</body>
    </message>
    <message id="m0009" time="2013-04-10 20:22:00 UTC" participant="139880">
      <body>Dah 7elw awy</body>
    </message>
    <message id="m0010" time="2013-04-10 20:23:00 UTC" participant="139880">
      <body>Bas ana ra2y matgebish 7aga 3'eir lama yigy fara7o</body>
    </message>
    <message id="m0011" time="2013-04-10 20:23:00 UTC" participant="139230">
      <body>انا جبت دا بجد حلو
20:23, 10 Apr – Hom: دا مش غالي</body>
    </message>
    <message id="m0012" time="2013-04-10 20:24:00 UTC" participant="139880">
      <body>7elw awy masha2sallah</body>
    </message>
    <message id="m0013" time="2013-04-10 20:24:00 UTC" participant="139880">
      <body>Mabrook 3aleiki ya bentiy</body>
    </message>
    <message id="m0014" time="2013-04-10 20:24:00 UTC" participant="139230">
      <body>&lt;Media omitted&gt;</body>
    </message>
    <message id="m0015" time="2013-04-10 20:24:00 UTC" participant="139230">
      <body>دانا اكتشفت محل بالصدفة وكان في واحد تاني احلي بس كان ماسك عليا بس صورته</body>
    </message>
    <message id="m0016" time="2013-04-10 20:25:00 UTC" participant="139230">
      <body>بس ما اشتريتهوش عشان ضيق</body>
    </message>
    <message id="m0017" time="2013-04-10 20:25:00 UTC" participant="139880">
      <body>La2 el tany a7la</body>
    </message>
    <message id="m0018" time="2013-04-10 20:27:00 UTC" participant="139230">
      <body>الله يبارك فيكي؛ بجد الحمد لله ؛ انا قلت لو مالقيتش اي حاجة النهاردة يبقى خلاص البس اي حاجة</body>
    </message>
    <message id="m0019" time="2013-04-10 20:27:00 UTC" participant="139230">
      <body>شكرا شكرا</body>
    </message>
    <message id="m0020" time="2013-04-10 20:27:00 UTC" participant="139230">
      <body>el hamdulleah</body>
    </message>
    <message id="m0021" time="2013-04-10 20:32:00 UTC" participant="139880">
      <body>Gameel masha2allah</body>
    </message>
  </messages>
</conversation>
