<?xml version="1.0" encoding="UTF-8"?>
<conversation id="CHT_ARZ_20130504.0007" medium="CHT" donated="true">
  <messages>
    <message id="m0000" time="2013-05-04 21:53:18 UTC" participant="139275">
      <body>eh akhbar el katkot?</body>
    </message>
    <message id="m0001" time="2013-05-04 22:28:16 UTC" participant="139275">
      <body>w tant lisa m23da 3amo fl bet </body>
    </message>
    <message id="m0002" time="2013-05-04 22:29:29 UTC" participant="139275">
      <body>aboki kan Zah2an awe shklo</body>
    </message>
    <message id="m0003" time="2013-05-04 22:29:59 UTC" participant="139561">
      <body>Baba gab 2 kmaan</body>
    </message>
    <message id="m0004" time="2013-05-04 22:30:57 UTC" participant="139275">
      <body>pwn</body>
    </message>
    <message id="m0005" time="2013-05-04 22:40:14 UTC" participant="139561">
      <body>Enty lw shofteeh aslnnnm</body>
    </message>
    <message id="m0006" time="2013-05-04 22:41:14 UTC" participant="139561">
      <body>Mzlt ana w hwa el sob7 awl ma reg3na dakhal ala el katkooot akhado el balconaa beh w a3ad gnboo w gablo khyaaar</body>
    </message>
    <message id="m0007" time="2013-05-04 22:55:57 UTC" participant="139275">
      <body>bwa2y roz ba2a</body>
    </message>
    <message id="m0008" time="2013-05-04 23:02:13 UTC" participant="139275">
      <body>w 3esh mablol ma7'lot be el dora</body>
    </message>
    <message id="m0009" time="2013-05-04 23:02:13 UTC" participant="139275">
      <body>tzbtoooh</body>
    </message>
    <message id="m0010" time="2013-05-04 23:11:51 UTC" participant="139275">
      <body>heheheee</body>
    </message>
    <message id="m0012" time="2013-05-04 23:12:05 UTC" participant="139275">
      <body>ta3bana</body>
    </message>
    <message id="m0013" time="2013-05-04 23:12:18 UTC" participant="139275">
      <body>mesh mazbota</body>
    </message>
    <message id="m0014" time="2013-05-04 23:12:39 UTC" participant="139275">
      <body>bado7' w el donya byswed fe 3ene</body>
    </message>
    <message id="m0015" time="2013-05-04 23:12:48 UTC" participant="139275">
      <body>w dma3'y btnml</body>
    </message>
    <message id="m0016" time="2013-05-04 23:12:56 UTC" participant="139275">
      <body>t2rebn mn regli</body>
    </message>
    <message id="m0017" time="2013-05-04 23:13:13 UTC" participant="139275">
      <body>laa mesh mawdo3 akl</body>
    </message>
    <message id="m0018" time="2013-05-04 23:13:42 UTC" participant="139561">
      <body>Aha 7atelhom brdooo</body>
    </message>
    <message id="m0019" time="2013-05-04 23:13:42 UTC" participant="139561">
      <body>Mama mfrosa mno aslnnn</body>
    </message>
    <message id="m0020" time="2013-05-04 23:14:05 UTC" participant="139561">
      <body>Ahaaa</body>
    </message>
    <message id="m0021" time="2013-05-04 23:14:19 UTC" participant="139561">
      <body>Hwa baba by3mlhom kda f3lnn</body>
    </message>
    <message id="m0022" time="2013-05-04 23:14:23 UTC" participant="139561">
      <body>Enty 3nd tant</body>
    </message>
    <message id="m0023" time="2013-05-04 23:14:42 UTC" participant="139561">
      <body>Eh da gety ala tol kda</body>
    </message>
    <message id="m0024" time="2013-05-04 23:14:52 UTC" participant="139561">
      <body>Eh da leeeh kher</body>
    </message>
    <message id="m0025" time="2013-05-04 23:15:26 UTC" participant="139561">
      <body>Enty msh btakly kwayesss</body>
    </message>
    <message id="m0026" time="2013-05-04 23:16:00 UTC" participant="139561">
      <body>Bgd enty 3arfa el a3raad di mn reglk</body>
    </message>
    <message id="m0027" time="2013-05-04 23:17:15 UTC" participant="139561">
      <body>Tyb mfesh adwya takhdeha bs tb2a matdoresh fl reda3a</body>
    </message>
    <message id="m0028" time="2013-05-04 23:26:25 UTC" participant="139275">
      <body>dr ali 2ali khody mosakn</body>
    </message>
    <message id="m0029" time="2013-05-04 23:26:40 UTC" participant="139275">
      <body>enty leh shrana?</body>
    </message>
    <message id="m0031" time="2013-05-04 23:27:55 UTC" participant="139275">
      <body>ahh sa7 etbsty?</body>
    </message>
    <message id="m0032" time="2013-05-04 23:28:19 UTC" participant="139275">
      <body>ahhhhh tab3an</body>
    </message>
    <message id="m0033" time="2013-05-04 23:28:23 UTC" participant="139275">
      <body>el selsela</body>
    </message>
    <message id="m0034" time="2013-05-04 23:28:39 UTC" participant="139275">
      <body>baba allah yer7mo kan bymot feh</body>
    </message>
    <message id="m0035" time="2013-05-04 23:28:48 UTC" participant="139275">
      <body>kan byro7o dyman</body>
    </message>
    <message id="m0036" time="2013-05-04 23:29:15 UTC" participant="139275">
      <body>bosy ana mesh mazbota</body>
    </message>
    <message id="m0037" time="2013-05-04 23:29:20 UTC" participant="139275">
      <body>bokra isA aklmk</body>
    </message>
    <message id="m0038" time="2013-05-04 23:29:33 UTC" participant="139561">
      <body>Ana fl srer nw</body>
    </message>
    <message id="m0039" time="2013-05-04 23:30:06 UTC" participant="139561">
      <body>Knt m3 sherif ala ma rwaht w akaaalt w kda</body>
    </message>
    <message id="m0040" time="2013-05-04 23:30:25 UTC" participant="139561">
      <body>Wadany cafe odam mktba</body>
    </message>
    <message id="m0041" time="2013-05-04 23:30:35 UTC" participant="139561">
      <body>Taht ala el bahr</body>
    </message>
    <message id="m0042" time="2013-05-04 23:30:39 UTC" participant="139561">
      <body>Arfaaah</body>
    </message>
    <message id="m0043" time="2013-05-04 23:30:53 UTC" participant="139561">
      <body>Esmo el srlslaa</body>
    </message>
    <message id="m0045" time="2013-05-04 23:31:06 UTC" participant="139561">
      <body>Ana mkntsh a3rfoooo</body>
    </message>
    <message id="m0046" time="2013-05-04 23:31:57 UTC" participant="139561">
      <body>Tyb rohy erta7y</body>
    </message>
    <message id="m0047" time="2013-05-04 23:32:08 UTC" participant="139561">
      <body>Bosely ye7yaa</body>
    </message>
    <message id="m0048" time="2013-05-04 23:32:19 UTC" participant="139561">
      <body>Naym wala eh</body>
    </message>
    <message id="m0049" time="2013-05-05 20:15:00 UTC" participant="139561">
      <body>Ha</body>
    </message>
    <message id="m0050" time="2013-05-05 20:35:00 UTC" participant="139275">
      <body>؟!</body>
    </message>
    <message id="m0051" time="2013-05-05 22:01:00 UTC" participant="139561">
      <body>El account deleted eh bas</body>
    </message>
    <message id="m0052" time="2013-05-05 22:02:00 UTC" participant="139561">
      <body></body>
    </message>
    <message id="m0053" time="2013-05-05 22:02:00 UTC" participant="139275">
      <body>آه</body>
    </message>
    <message id="m0054" time="2013-05-05 22:02:00 UTC" participant="139275">
      <body>نسيت اغير الشتاتس</body>
    </message>
    <message id="m0055" time="2013-05-05 22:02:00 UTC" participant="139275">
      <body>كنت قفلته 5 ايام او حاجة</body>
    </message>
    <message id="m0056" time="2013-05-05 22:02:00 UTC" participant="139561">
      <body>Da el whatsapp da ne3ma</body>
    </message>
    <message id="m0057" time="2013-05-05 22:02:00 UTC" participant="139561">
      <body></body>
    </message>
    <message id="m0058" time="2013-05-05 22:02:00 UTC" participant="139561">
      <body>3amla eh fel mozakra??</body>
    </message>
    <message id="m0059" time="2013-05-05 22:04:00 UTC" participant="139275">
      <body>"بلاش السؤال ده بيعصبني" :)</body>
    </message>
    <message id="m0060" time="2013-05-05 22:04:00 UTC" participant="139561">
      <body>HahHHahH</body>
    </message>
    <message id="m0061" time="2013-05-05 22:04:00 UTC" participant="139561">
      <body>5alas balash</body>
    </message>
    <message id="m0062" time="2013-05-05 22:04:00 UTC" participant="139561">
      <body></body>
    </message>
    <message id="m0063" time="2013-05-05 22:04:00 UTC" participant="139561">
      <body>Se7etek w reglek tayp</body>
    </message>
    <message id="m0064" time="2013-05-05 22:04:00 UTC" participant="139561">
      <body>??</body>
    </message>
    <message id="m0065" time="2013-05-05 22:05:00 UTC" participant="139275">
      <body>بلاش برضه :)))))</body>
    </message>
    <message id="m0066" time="2013-05-05 22:05:00 UTC" participant="139275">
      <body>الحمد لله يا حبيبتى :)</body>
    </message>
    <message id="m0067" time="2013-05-05 22:05:00 UTC" participant="139561">
      <body>7adr</body>
    </message>
    <message id="m0068" time="2013-05-05 22:06:00 UTC" participant="139275">
      <body>انت عاملة ايه المهم ؟</body>
    </message>
    <message id="m0069" time="2013-05-05 22:06:00 UTC" participant="139561">
      <body>Kwaysa Al hamdulelah</body>
    </message>
    <message id="m0070" time="2013-05-05 22:06:00 UTC" participant="139561">
      <body>3ayza 7aga mel 3omra??</body>
    </message>
    <message id="m0071" time="2013-05-05 22:07:00 UTC" participant="139561">
      <body>Ana haro7 en shaa Allah</body>
    </message>
    <message id="m0072" time="2013-05-05 22:07:00 UTC" participant="139275">
      <body>بجد</body>
    </message>
    <message id="m0073" time="2013-05-05 22:08:00 UTC" participant="139275">
      <body>ربنا يتقبل يا حبيبتى</body>
    </message>
    <message id="m0074" time="2013-05-05 22:08:00 UTC" participant="139275">
      <body>ادعيلي بس ربنا يكتبهالي قريب</body>
    </message>
    <message id="m0075" time="2013-05-05 22:08:00 UTC" participant="139561">
      <body>Ameeeen menna w menek</body>
    </message>
    <message id="m0076" time="2013-05-05 22:08:00 UTC" participant="139561">
      <body>Had3eelek</body>
    </message>
    <message id="m0077" time="2013-05-05 22:08:00 UTC" participant="139561">
      <body>En Shaa Allah hakteb kol so7aby</body>
    </message>
    <message id="m0078" time="2013-05-05 22:08:00 UTC" participant="139275">
      <body>و انه يتم شفائي و ماترجعليش تانى ... و يبقى اهلي راضيين عنى</body>
    </message>
    <message id="m0079" time="2013-05-05 22:09:00 UTC" participant="139275">
      <body>بالله عليكي ماتنسيش ال 3 دعوات دي :)</body>
    </message>
    <message id="m0080" time="2013-05-05 22:09:00 UTC" participant="139275">
      <body>ربنا يتقبل يا رب</body>
    </message>
    <message id="m0081" time="2013-05-05 22:09:00 UTC" participant="139275">
      <body>و ترجعي روحك و قلبك كلهم نور </body>
    </message>
    <message id="m0082" time="2013-05-05 22:10:00 UTC" participant="139561">
      <body>Hakteb walahy</body>
    </message>
    <message id="m0083" time="2013-05-05 22:10:00 UTC" participant="139561">
      <body>W hakteb ana nafsy 3shan mansash</body>
    </message>
    <message id="m0084" time="2013-05-05 22:10:00 UTC" participant="139561">
      <body>Yaaaaaa Rab</body>
    </message>
    <message id="m0085" time="2013-05-05 22:10:00 UTC" participant="139561">
      <body></body>
    </message>
    <message id="m0086" time="2013-05-05 22:10:00 UTC" participant="139561">
      <body>Bas bgad 3ayza eh men henak?</body>
    </message>
    <message id="m0087" time="2013-05-05 22:11:00 UTC" participant="139275">
      <body>انا فعلا مش عايزة غير الدعاء :(</body>
    </message>
    <message id="m0088" time="2013-05-05 22:12:00 UTC" participant="139561">
      <body>7ader ya soso w lama agy en shaa Allah 3ayza ashofek w lamiaa kaman</body>
    </message>
    <message id="m0089" time="2013-05-05 22:12:00 UTC" participant="139561">
      <body>Bgad wa7sheny aweeee</body>
    </message>
    <message id="m0090" time="2013-05-05 22:13:00 UTC" participant="139275">
      <body>و الله تبقى فرصة اشوف لميا :))))))))))</body>
    </message>
    <message id="m0091" time="2013-05-05 22:13:00 UTC" participant="139275">
      <body>ان شاء الله يا حبيبى</body>
    </message>
    <message id="m0092" time="2013-05-05 22:13:00 UTC" participant="139275">
      <body>ترجعى بالسلامة يا رب</body>
    </message>
    <message id="m0093" time="2013-05-05 22:13:00 UTC" participant="139561">
      <body>Hahahaha</body>
    </message>
    <message id="m0094" time="2013-05-05 22:14:00 UTC" participant="139561">
      <body>Allah ysalemek w sam7ony ba2a law daye2teko abl keda</body>
    </message>
    <message id="m0095" time="2013-05-05 22:14:00 UTC" participant="139561">
      <body>3shan Rabena ytaqabal</body>
    </message>
    <message id="m0096" time="2013-05-05 22:14:00 UTC" participant="139275">
      <body>:)</body>
    </message>
    <message id="m0097" time="2013-05-05 22:14:00 UTC" participant="139275">
      <body>Abadan :p</body>
    </message>
    <message id="m0098" time="2013-05-05 22:14:00 UTC" participant="139275">
      <body>Of course dear i dunt remember enek daye2tiny aslan :)</body>
    </message>
    <message id="m0100" time="2013-05-05 22:15:00 UTC" participant="139561">
      <body>Ashofek 3ala 5yr</body>
    </message>
    <message id="m0101" time="2013-05-05 22:17:00 UTC" participant="139275">
      <body>ان شاء الله</body>
    </message>
    <message id="m0102" time="2013-05-05 22:17:00 UTC" participant="139275">
      <body>ربما يتقبل و يكرمك يا رب </body>
    </message>
    <message id="m0103" time="2013-05-05 22:18:00 UTC" participant="139561">
      <body>آميييييين يا رب</body>
    </message>
    <message id="m0106" time="2013-05-06 22:06:31 UTC" participant="139561">
      <body>Fi 7afl le ali el haggar fi chanel one</body>
    </message>
  </messages>
</conversation>
