<?xml version="1.0" encoding="UTF-8"?>
<conversation id="CHT_ARZ_20130317.0007" medium="CHT" donated="true">
  <messages>
    <message id="m0000" time="2013-03-17 22:48:50 UTC" participant="139275">
      <body>ولاء</body>
    </message>
    <message id="m0002" time="2013-03-17 22:49:30 UTC" participant="139275">
      <body>اهي مش بترد عليا</body>
    </message>
    <message id="m0003" time="2013-03-17 22:49:49 UTC" participant="139275">
      <body>اه صحيييبح انا نسيت دي في السعودية</body>
    </message>
    <message id="m0004" time="2013-03-17 22:50:06 UTC" participant="139275">
      <body>استني اديكي نمرتها هناك</body>
    </message>
    <message id="m0005" time="2013-03-17 22:50:12 UTC" participant="139275">
      <body>صاحبتي</body>
    </message>
    <message id="m0007" time="2013-03-17 22:50:44 UTC" participant="139570">
      <body>ماشي شكرا</body>
    </message>
    <message id="m0008" time="2013-03-17 22:50:46 UTC" participant="139275">
      <body>عندها واتس اب هناك بردو</body>
    </message>
    <message id="m0009" time="2013-03-17 22:50:50 UTC" participant="139570">
      <body>هي عندها واتس</body>
    </message>
    <message id="m0010" time="2013-03-17 22:50:50 UTC" participant="139275">
      <body>ابعتيلها</body>
    </message>
    <message id="m0011" time="2013-03-17 22:51:07 UTC" participant="139570">
      <body>عايزه اشكرها و اسالها حاجات</body>
    </message>
    <message id="m0012" time="2013-03-17 22:51:19 UTC" participant="139570">
      <body>مش دلوقتي الوقت اتاخر</body>
    </message>
    <message id="m0013" time="2013-03-17 22:51:37 UTC" participant="139570">
      <body>هي صاحبتك ولا قريبتك</body>
    </message>
    <message id="m0014" time="2013-03-17 22:52:54 UTC" participant="139570">
      <body>اوك يا جميل</body>
    </message>
    <message id="m0015" time="2013-03-17 22:53:05 UTC" participant="139570">
      <body>ازي ماما و اخواتك</body>
    </message>
    <message id="m0016" time="2013-03-17 22:53:14 UTC" participant="139570">
      <body>مها لسه موجوده</body>
    </message>
    <message id="m0017" time="2013-03-17 22:55:10 UTC" participant="139570">
      <body>سلميلي ,عليها</body>
    </message>
    <message id="m0018" time="2013-03-17 23:06:16 UTC" participant="139275">
      <body>مها جاية الاربع ان شاء الله</body>
    </message>
  </messages>
</conversation>
