<?xml version="1.0" encoding="UTF-8"?>
<conversation id="CHT_ARZ_20130425.0009" medium="CHT" donated="true">
  <messages>
    <message id="m0000" time="2013-04-25 01:11:30 UTC" participant="139134">
      <body>wala ya karamela</body>
    </message>
    <message id="m0001" time="2013-04-25 08:54:17 UTC" participant="139594">
      <body>Rimoooooooo :d</body>
    </message>
    <message id="m0002" time="2013-04-25 08:54:23 UTC" participant="139594">
      <body>Ezayeeek :d</body>
    </message>
  </messages>
</conversation>
