<?xml version="1.0" encoding="UTF-8"?>
<conversation id="CHT_ARZ_20130504.0006" medium="CHT" donated="true">
  <messages>
    <message id="m0000" time="2013-05-04 20:54:45 UTC" participant="139275">
      <body>لا بجد مالك</body>
    </message>
    <message id="m0001" time="2013-05-04 21:04:38 UTC" participant="139275">
      <body>يا شيخة</body>
    </message>
    <message id="m0002" time="2013-05-04 21:05:12 UTC" participant="139275">
      <body>نهار ابيض</body>
    </message>
    <message id="m0003" time="2013-05-04 21:05:20 UTC" participant="139275">
      <body>ايه الكلام الكبير ده</body>
    </message>
    <message id="m0004" time="2013-05-04 21:05:38 UTC" participant="139275">
      <body>ايون</body>
    </message>
    <message id="m0005" time="2013-05-04 21:05:45 UTC" participant="139275">
      <body>لا</body>
    </message>
    <message id="m0006" time="2013-05-04 21:05:58 UTC" participant="139275">
      <body>انا كنت عايزة اسالك</body>
    </message>
    <message id="m0007" time="2013-05-04 21:06:04 UTC" participant="139275">
      <body>استني اكلمك</body>
    </message>
    <message id="m0008" time="2013-05-04 21:06:46 UTC" participant="139554">
      <body>مالي ايه</body>
    </message>
    <message id="m0009" time="2013-05-04 21:06:53 UTC" participant="139554">
      <body>انا زي الفل :)</body>
    </message>
    <message id="m0010" time="2013-05-04 21:07:23 UTC" participant="139554">
      <body>انا دلوقتى احسن بجد</body>
    </message>
    <message id="m0011" time="2013-05-04 21:07:29 UTC" participant="139554">
      <body>تاثير اركمى</body>
    </message>
    <message id="m0012" time="2013-05-04 21:07:34 UTC" participant="139554">
      <body>تراكمى</body>
    </message>
    <message id="m0013" time="2013-05-04 21:07:38 UTC" participant="139554">
      <body>مش اكتر</body>
    </message>
    <message id="m0014" time="2013-05-04 21:07:54 UTC" participant="139554">
      <body>هههههههههههههه</body>
    </message>
    <message id="m0015" time="2013-05-04 21:07:56 UTC" participant="139554">
      <body>المهن</body>
    </message>
    <message id="m0016" time="2013-05-04 21:08:01 UTC" participant="139554">
      <body>المهم</body>
    </message>
    <message id="m0017" time="2013-05-04 21:08:08 UTC" participant="139554">
      <body>رحتى ولا لأ ؟</body>
    </message>
    <message id="m0018" time="2013-05-04 21:08:12 UTC" participant="139554">
      <body>الدكتور</body>
    </message>
    <message id="m0019" time="2013-05-04 21:08:21 UTC" participant="139554">
      <body>يادي النيلة</body>
    </message>
    <message id="m0020" time="2013-05-04 21:08:39 UTC" participant="139554">
      <body>هو بيروح avc الحد الساعة 12 او 10</body>
    </message>
    <message id="m0022" time="2013-05-04 21:45:52 UTC" participant="139275">
      <body>انا بقول اكلمه فعلا</body>
    </message>
    <message id="m0023" time="2013-05-04 21:46:22 UTC" participant="139275">
      <body>لا في البلد شيرين الممرضة بتاعته قالتلي اكلمه عشرة ونص</body>
    </message>
    <message id="m0024" time="2013-05-04 21:46:29 UTC" participant="139275">
      <body>انا تعبانة فعلا</body>
    </message>
    <message id="m0025" time="2013-05-04 21:47:00 UTC" participant="139554">
      <body>El lymphedema el mfroud malhash 3elaqa mobashra</body>
    </message>
    <message id="m0026" time="2013-05-04 21:47:34 UTC" participant="139554">
      <body>و على امام مش مقتنع ان في علاقة بين الدوالي و الاغماء اصلا ... بس ده العادي من الجراحين :)</body>
    </message>
    <message id="m0027" time="2013-05-04 21:48:05 UTC" participant="139554">
      <body>بس يعنى</body>
    </message>
    <message id="m0028" time="2013-05-04 21:48:06 UTC" participant="139554">
      <body>كلميه</body>
    </message>
    <message id="m0029" time="2013-05-04 21:48:13 UTC" participant="139554">
      <body>لو مش في البلد</body>
    </message>
    <message id="m0030" time="2013-05-04 21:48:13 UTC" participant="139275">
      <body>انا مش عارفة مالي</body>
    </message>
    <message id="m0031" time="2013-05-04 21:48:21 UTC" participant="139275">
      <body>من امبارح</body>
    </message>
    <message id="m0032" time="2013-05-04 21:48:22 UTC" participant="139554">
      <body>خليه يبعتك لحد تاني</body>
    </message>
    <message id="m0033" time="2013-05-04 21:48:35 UTC" participant="139275">
      <body>سكريات واخدت وموالح واكلت</body>
    </message>
    <message id="m0034" time="2013-05-04 21:48:39 UTC" participant="139275">
      <body>ومفيش فايدة</body>
    </message>
    <message id="m0035" time="2013-05-04 21:49:05 UTC" participant="139554">
      <body>ماشي</body>
    </message>
    <message id="m0036" time="2013-05-04 21:49:13 UTC" participant="139554">
      <body>ما تتحركيش كتير</body>
    </message>
    <message id="m0037" time="2013-05-04 21:49:20 UTC" participant="139275">
      <body>مسافة ما اقف رجلي توجعني وادوخ في ساعتها ودماغي تنمل</body>
    </message>
    <message id="m0038" time="2013-05-04 21:49:37 UTC" participant="139275">
      <body>ومفوقش غير اني ارفع رجلي</body>
    </message>
    <message id="m0039" time="2013-05-04 21:49:47 UTC" participant="139275">
      <body>مدة طويلة</body>
    </message>
    <message id="m0040" time="2013-05-04 21:49:51 UTC" participant="139554">
      <body>طمنيني عليكي ارجوكى لما تكلميه ان شاء الله</body>
    </message>
    <message id="m0041" time="2013-05-04 21:55:29 UTC" participant="139275">
      <body>ماشي</body>
    </message>
    <message id="m0042" time="2013-05-04 21:55:52 UTC" participant="139275">
      <body>من شهرين ونص</body>
    </message>
    <message id="m0043" time="2013-05-04 21:55:53 UTC" participant="139275">
      <body>لا</body>
    </message>
    <message id="m0044" time="2013-05-04 21:57:02 UTC" participant="139275">
      <body>انا مش قادرة اتحرك اصلا</body>
    </message>
    <message id="m0045" time="2013-05-04 21:57:31 UTC" participant="139554">
      <body>كلميه بس</body>
    </message>
    <message id="m0046" time="2013-05-04 21:58:02 UTC" participant="139554">
      <body>انت اخر مرة متابعة معاه امتى ؟</body>
    </message>
    <message id="m0047" time="2013-05-04 21:58:12 UTC" participant="139554">
      <body>قبل الولادة على طول ؟</body>
    </message>
    <message id="m0048" time="2013-05-04 21:58:35 UTC" participant="139554">
      <body>اوك</body>
    </message>
    <message id="m0049" time="2013-05-04 21:58:50 UTC" participant="139554">
      <body>خير ان شاء الله</body>
    </message>
    <message id="m0050" time="2013-05-04 21:59:03 UTC" participant="139554">
      <body>بس مبدئيا ما تتحركيش كتير</body>
    </message>
    <message id="m0051" time="2013-05-04 21:59:11 UTC" participant="139554">
      <body>لحد ما تشفي هيقولك ايه</body>
    </message>
    <message id="m0053" time="2013-05-04 22:32:51 UTC" participant="139275">
      <body>حكلمه حالا واكلمك</body>
    </message>
    <message id="m0054" time="2013-05-04 22:34:22 UTC" participant="139554">
      <body>اتصلتى ؟؟؟؟</body>
    </message>
    <message id="m0055" time="2013-05-04 22:35:28 UTC" participant="139554">
      <body>ماشي</body>
    </message>
    <message id="m0056" time="2013-05-04 23:02:18 UTC" participant="139275">
      <body>قالي الالم هو الي مسبب لي الدوخة</body>
    </message>
    <message id="m0057" time="2013-05-04 23:02:29 UTC" participant="139275">
      <body>زي ما قولتي</body>
    </message>
    <message id="m0058" time="2013-05-04 23:03:43 UTC" participant="139275">
      <body>وقالتي على مسكن</body>
    </message>
    <message id="m0059" time="2013-05-04 23:03:43 UTC" participant="139275">
      <body>في مسكن اسمه ديفدرو؟</body>
    </message>
    <message id="m0060" time="2013-05-04 23:04:11 UTC" participant="139275">
      <body>tayeb</body>
    </message>
    <message id="m0061" time="2013-05-04 23:04:34 UTC" participant="139275">
      <body>وده له تاثير على الرضاعة؟</body>
    </message>
    <message id="m0062" time="2013-05-04 23:04:41 UTC" participant="139275">
      <body>ولا متعرفيش؟</body>
    </message>
    <message id="m0063" time="2013-05-04 23:05:26 UTC" participant="139554">
      <body>طيب</body>
    </message>
    <message id="m0064" time="2013-05-04 23:05:45 UTC" participant="139554">
      <body>الحمد لله .... و مش محتاج يشوفك</body>
    </message>
    <message id="m0067" time="2013-05-04 23:10:28 UTC" participant="139554">
      <body>ثوانى</body>
    </message>
    <message id="m0069" time="2013-05-04 23:13:53 UTC" participant="139554">
      <body>Mayenfa3sh</body>
    </message>
    <message id="m0070" time="2013-05-04 23:16:13 UTC" participant="139554">
      <body>Bass hata5dih fatra 2osayara y3ne</body>
    </message>
    <message id="m0071" time="2013-05-04 23:16:16 UTC" participant="139554">
      <body>3nd el lzom</body>
    </message>
    <message id="m0072" time="2013-05-04 23:16:39 UTC" participant="139554">
      <body>هو ايه المسن الي اتكتب لك في الخروج</body>
    </message>
    <message id="m0073" time="2013-05-04 23:16:45 UTC" participant="139554">
      <body>بعد الولادة ؟</body>
    </message>
    <message id="m0076" time="2013-05-04 23:27:01 UTC" participant="139275">
      <body>ana sa2lt tant mamt rana magdy</body>
    </message>
    <message id="m0077" time="2013-05-04 23:27:14 UTC" participant="139275">
      <body>2abl ma enty trody 3alaya</body>
    </message>
    <message id="m0078" time="2013-05-04 23:27:18 UTC" participant="139275">
      <body>heya dr</body>
    </message>
    <message id="m0079" time="2013-05-04 23:27:31 UTC" participant="139275">
      <body>w 2altli zy ma enty 2oltele keda</body>
    </message>
    <message id="m0082" time="2013-05-04 23:29:07 UTC" participant="139554">
      <body>Ma howa madam 3ndel lozom eace</body>
    </message>
    <message id="m0084" time="2013-05-04 23:29:18 UTC" participant="139554">
      <body>Tawakalu 3ala allah</body>
    </message>
    <message id="m0085" time="2013-05-04 23:29:28 UTC" participant="139275">
      <body>ya rb</body>
    </message>
    <message id="m0086" time="2013-05-04 23:30:20 UTC" participant="139554">
      <body>Tamam</body>
    </message>
    <message id="m0087" time="2013-05-04 23:30:36 UTC" participant="139554">
      <body>Shafaky allah w a3afaky ya 7abibty</body>
    </message>
    <message id="m0088" time="2013-05-04 23:30:41 UTC" participant="139554">
      <body>W kahfef 3annek</body>
    </message>
  </messages>
</conversation>
