<?xml version="1.0" encoding="UTF-8"?>
<conversation id="CHT_ARZ_20120618.0001" medium="CHT" donated="true">
  <messages>
    <message id="m0000" time="2012-06-18 12:55:13 UTC" participant="139564">
      <body>Mony </body>
    </message>
    <message id="m0001" time="2012-06-18 12:55:13 UTC" participant="139564">
      <body>Wa7ashteeeeeeeeny</body>
    </message>
    <message id="m0002" time="2012-06-18 12:55:13 UTC" participant="139564">
      <body>3amla eh a3arooosa</body>
    </message>
    <message id="m0003" time="2012-06-18 12:55:13 UTC" participant="139564">
      <body></body>
    </message>
    <message id="m0004" time="2012-06-18 12:55:13 UTC" participant="139564">
      <body>Hwa katb el ktab emta ya monyyy ?</body>
    </message>
    <message id="m0005" time="2012-06-18 13:02:38 UTC" participant="139275">
      <body>7abeby</body>
    </message>
    <message id="m0006" time="2012-06-18 13:03:34 UTC" participant="139275">
      <body>bosy baba lisa mtf2 m3 3amo ma7amd embarr7 eno isa 7ykon yom elfara7 5,30 pm isa bzabt ..aked 7yklmokom ye2olk :)</body>
    </message>
    <message id="m0007" time="2012-06-18 13:04:54 UTC" participant="139275">
      <body>flqa3a nfsha isa</body>
    </message>
    <message id="m0008" time="2012-06-18 13:05:09 UTC" participant="139564">
      <body>Ahaaa isA :)</body>
    </message>
    <message id="m0009" time="2012-06-18 13:13:32 UTC" participant="139275">
      <body>:) ew3y tt27'ry plzz</body>
    </message>
    <message id="m0010" time="2012-06-18 14:08:21 UTC" participant="139564">
      <body>IsA ya gameeel</body>
    </message>
    <message id="m0011" time="2012-06-18 14:08:29 UTC" participant="139564">
      <body>Hat3mlooh Feen ?</body>
    </message>
    <message id="m0012" time="2012-06-18 14:09:19 UTC" participant="139564">
      <body>Ana nset enk el dohr msh belel</body>
    </message>
    <message id="m0013" time="2012-06-18 14:56:07 UTC" participant="139564">
      <body>Akiiiiid no isa</body>
    </message>
    <message id="m0014" time="2012-06-18 14:56:16 UTC" participant="139564">
      <body>Hwa hayb2a yom 5ames</body>
    </message>
    <message id="m0015" time="2012-06-18 14:56:30 UTC" participant="139564">
      <body>Hast2zen wrw7 bdry</body>
    </message>
    <message id="m0016" time="2012-06-18 14:56:30 UTC" participant="139564">
      <body>IsA :)</body>
    </message>
    <message id="m0017" time="2012-06-18 14:58:58 UTC" participant="139564">
      <body>3agbtk tar7a wla lssa?</body>
    </message>
    <message id="m0019" time="2012-06-18 15:36:21 UTC" participant="139275">
      <body>bs asln lisa 7angrb isa 3shan mesh ay 7aga tle2 3ala ay 7ad</body>
    </message>
    <message id="m0020" time="2012-06-18 17:07:58 UTC" participant="139564">
      <body>Ahhha isa b ezn allah 7abebty </body>
    </message>
  </messages>
</conversation>
