<?xml version="1.0" encoding="UTF-8"?>
<conversation id="CHT_ARZ_20130429.0004" medium="CHT" donated="true">
  <messages>
    <message id="m0000" time="2013-04-29 00:13:55 UTC" participant="139134">
      <body>enta ya wala</body>
    </message>
    <message id="m0001" time="2013-04-29 00:14:04 UTC" participant="139134">
      <body>hangry wara ba3d</body>
    </message>
    <message id="m0002" time="2013-04-29 00:14:09 UTC" participant="139594">
      <body>Ya rimooooooooooooo</body>
    </message>
    <message id="m0003" time="2013-04-29 00:14:11 UTC" participant="139594">
      <body>Hahahahahahahaha</body>
    </message>
    <message id="m0004" time="2013-04-29 00:14:15 UTC" participant="139594">
      <body>Ezayeeek :d</body>
    </message>
    <message id="m0005" time="2013-04-29 00:14:21 UTC" participant="139134">
      <body>msh fhma hekytak hahahahha</body>
    </message>
    <message id="m0006" time="2013-04-29 00:14:26 UTC" participant="139134">
      <body>am goood uuu</body>
    </message>
    <message id="m0007" time="2013-04-29 00:14:41 UTC" participant="139594">
      <body>Good.tooo</body>
    </message>
    <message id="m0008" time="2013-04-29 00:14:53 UTC" participant="139594">
      <body>Enty ely 3ala tool.waiting ya hanem ;)</body>
    </message>
    <message id="m0009" time="2013-04-29 00:15:32 UTC" participant="139134">
      <body/>
    </message>
    <message id="m0010" time="2013-04-29 00:15:54 UTC" participant="139134">
      <body>haasitk today btkmlni ayz t2ol haga </body>
    </message>
    <message id="m0011" time="2013-04-29 00:17:48 UTC" participant="139594">
      <body>wa7ashteeeny ya rimooio :((</body>
    </message>
  </messages>
</conversation>
