<?xml version="1.0" encoding="UTF-8"?>
<conversation id="CHT_ARZ_20130509.0004" medium="CHT" donated="true">
  <messages>
    <message id="m0000" time="2013-05-09 14:14:00 UTC" participant="139230">
      <body>شفتها مع واحدة في شنطة ايدها كانت رايحة تبيعها مش ممكن شبه فطة هانوشا 
14:14, 9 May – Hom:  كنت حاتجنن واشتريها بس تراجعت على اخر لحظة</body>
    </message>
    <message id="m0001" time="2013-05-09 14:14:00 UTC" participant="139230">
      <body>shofty deey</body>
    </message>
    <message id="m0002" time="2013-05-09 14:14:00 UTC" participant="139230">
      <body>gamilla gedan geddan</body>
    </message>
    <message id="m0003" time="2013-05-09 15:02:00 UTC" participant="139880">
      <body>7atendamy</body>
    </message>
    <message id="m0004" time="2013-05-09 15:02:00 UTC" participant="139880">
      <body>dool sodaa3</body>
    </message>
    <message id="m0005" time="2013-05-09 15:09:00 UTC" participant="139230">
      <body>لا طبعا هو انا اتجننت</body>
    </message>
    <message id="m0008" time="2013-05-09 15:11:00 UTC" participant="139880">
      <body>Mase3betsh 3alaya el sara7a</body>
    </message>
    <message id="m0009" time="2013-05-09 15:12:00 UTC" participant="139230">
      <body>لا ما انا قلت يا بت اعقلي</body>
    </message>
    <message id="m0010" time="2013-05-09 15:48:00 UTC" participant="139880">
      <body>ba2olek eh</body>
    </message>
    <message id="m0011" time="2013-05-09 15:49:00 UTC" participant="139880">
      <body>How ezay khodar maslo2 3al bokhar?</body>
    </message>
    <message id="m0012" time="2013-05-09 15:49:00 UTC" participant="139880">
      <body>A7oto fi masfa w ta7to maya?</body>
    </message>
    <message id="m0013" time="2013-05-09 15:49:00 UTC" participant="139880">
      <body>W a3'atih??</body>
    </message>
    <message id="m0014" time="2013-05-09 15:49:00 UTC" participant="139880">
      <body>7ayestewy??</body>
    </message>
    <message id="m0015" time="2013-05-09 15:49:00 UTC" participant="139230">
      <body>ايوا</body>
    </message>
    <message id="m0016" time="2013-05-09 15:50:00 UTC" participant="139230">
      <body>وغطي الحلة</body>
    </message>
    <message id="m0017" time="2013-05-09 15:50:00 UTC" participant="139880">
      <body>Tab kolo  wa2t wa7ed?</body>
    </message>
    <message id="m0018" time="2013-05-09 15:50:00 UTC" participant="139880">
      <body>Wala 7aga abl 7aga?</body>
    </message>
    <message id="m0019" time="2013-05-09 15:50:00 UTC" participant="139230">
      <body>ممكن تحطي الجزر الاول</body>
    </message>
    <message id="m0020" time="2013-05-09 15:50:00 UTC" participant="139880">
      <body>shokran ya gameel</body>
    </message>
    <message id="m0021" time="2013-05-09 15:50:00 UTC" participant="139230">
      <body>مسافة ما تقطعي الكوسة</body>
    </message>
    <message id="m0022" time="2013-05-09 15:51:00 UTC" participant="139880">
      <body>Ok w fasolia w felfel a5dar w mlawen??</body>
    </message>
    <message id="m0023" time="2013-05-09 15:51:00 UTC" participant="139230">
      <body>او حطيه كله مع بعضه بس رفعي الشرايح وحيستوي كويس</body>
    </message>
    <message id="m0024" time="2013-05-09 15:52:00 UTC" participant="139230">
      <body>بالهنا والشفا</body>
    </message>
    <message id="m0025" time="2013-05-09 15:52:00 UTC" participant="139880">
      <body>Lama tkalemy el saydaleya oliy liy</body>
    </message>
    <message id="m0026" time="2013-05-09 15:52:00 UTC" participant="139880">
      <body>shokran</body>
    </message>
    <message id="m0027" time="2013-05-09 15:52:00 UTC" participant="139880">
      <body>Da lessa bokra isa 7a3melo</body>
    </message>
    <message id="m0028" time="2013-05-09 15:52:00 UTC" participant="139230">
      <body>حاكل بسرعة واكلمهم</body>
    </message>
    <message id="m0029" time="2013-05-09 15:52:00 UTC" participant="139230">
      <body>لا ما تقلقيش حيستوي بسرعة</body>
    </message>
    <message id="m0030" time="2013-05-09 15:52:00 UTC" participant="139880">
      <body>La2 msh bsor3a</body>
    </message>
    <message id="m0031" time="2013-05-09 15:53:00 UTC" participant="139880">
      <body>3ala mahlek 5alesssss</body>
    </message>
    <message id="m0032" time="2013-05-09 15:53:00 UTC" participant="139880">
      <body>matenseesh</body>
    </message>
    <message id="m0033" time="2013-05-09 15:53:00 UTC" participant="139230">
      <body>حاضر</body>
    </message>
    <message id="m0034" time="2013-05-09 19:58:00 UTC" participant="139230">
      <body>60 bershama b 180 geneh, american product</body>
    </message>
  </messages>
</conversation>
