<?xml version="1.0" encoding="UTF-8"?>
<conversation id="CHT_ARZ_20130511.0007" medium="CHT" donated="true">
  <messages>
    <message id="m0000" time="2013-05-11 15:26:00 UTC" participant="139230">
      <body>3awza akalemek darouriy,</body>
    </message>
    <message id="m0001" time="2013-05-11 15:31:00 UTC" participant="139880">
      <body>7akalemek awel ma arawa7</body>
    </message>
    <message id="m0002" time="2013-05-11 15:31:00 UTC" participant="139880">
      <body>bas ma3aya nas now</body>
    </message>
    <message id="m0003" time="2013-05-11 15:33:00 UTC" participant="139230">
      <body>mashiy mashiy</body>
    </message>
    <message id="m0004" time="2013-05-11 20:57:00 UTC" participant="139230">
      <body>dad tameni delwa2ti w 2alliy eno mesh 7ayroo7 wala yeghamer</body>
    </message>
    <message id="m0005" time="2013-05-11 20:58:00 UTC" participant="139880">
      <body>El7amdollellah</body>
    </message>
    <message id="m0006" time="2013-05-11 20:58:00 UTC" participant="139880">
      <body>rabena ye7fazo</body>
    </message>
    <message id="m0007" time="2013-05-11 20:58:00 UTC" participant="139230">
      <body>wala 7aye3mel 7aga mesh ma7soba sa7 howa beygareehom zay el zabet m 2allo</body>
    </message>
    <message id="m0008" time="2013-05-11 20:58:00 UTC" participant="139230">
      <body>amin</body>
    </message>
    <message id="m0009" time="2013-05-11 20:59:00 UTC" participant="139880">
      <body>Ya Raaaaaab ykoon ektana3</body>
    </message>
    <message id="m0010" time="2013-05-11 21:00:00 UTC" participant="139230">
      <body>bey2ool mesh mesta3gel yela2iy el 3arabeya</body>
    </message>
    <message id="m0011" time="2013-05-11 21:00:00 UTC" participant="139230">
      <body>lama el ragel 2allo el 3arabeya 7aletha momtaza, how 3eref eno beyekdeb</body>
    </message>
    <message id="m0012" time="2013-05-11 21:02:00 UTC" participant="139880">
      <body>tab3an</body>
    </message>
    <message id="m0013" time="2013-05-11 21:02:00 UTC" participant="139880">
      <body>El7amdollellah</body>
    </message>
    <message id="m0014" time="2013-05-11 21:02:00 UTC" participant="139230">
      <body>shokran gedan</body>
    </message>
    <message id="m0015" time="2013-05-12 11:05:00 UTC" participant="139230">
      <body>bossi el sora diy</body>
    </message>
    <message id="m0016" time="2013-05-12 11:05:00 UTC" participant="139230">
      <body>w diy kaman</body>
    </message>
    <message id="m0017" time="2013-05-12 11:05:00 UTC" participant="139230">
      <body>sawartahelk makhsous</body>
    </message>
  </messages>
</conversation>
