<?xml version="1.0" encoding="UTF-8"?>
<conversation id="CHT_ARZ_20130420.0001" medium="CHT" donated="true">
  <messages>
    <message id="m0000" time="2013-04-20 19:31:00 UTC" participant="139376">
      <body>كل سنة وانتي طيبة يا هوبا  </body>
    </message>
    <message id="m0001" time="2013-04-20 19:31:00 UTC" participant="139376">
      <body>ربنا يخليكوت لبعض ويديم عليكوا الحب والمودة وراحة البال يارب</body>
    </message>
    <message id="m0002" time="2013-04-20 19:34:00 UTC" participant="139547">
      <body>تسلمى يا ست البنات </body>
    </message>
    <message id="m0003" time="2013-04-20 19:34:00 UTC" participant="139547">
      <body>و انتى بصحه و سلامه</body>
    </message>
    <message id="m0004" time="2013-04-20 19:34:00 UTC" participant="139547">
      <body>و مبسوطه دايما</body>
    </message>
    <message id="m0005" time="2013-04-20 19:35:00 UTC" participant="139547">
      <body></body>
    </message>
    <message id="m0006" time="2013-04-20 19:35:00 UTC" participant="139376">
      <body>يالا روحوا احتفلوا </body>
    </message>
    <message id="m0007" time="2013-04-20 19:35:00 UTC" participant="139376">
      <body>الله يخليكي يارب</body>
    </message>
    <message id="m0008" time="2013-04-20 19:40:00 UTC" participant="139547">
      <body>انا بحتفل مع عمار</body>
    </message>
    <message id="m0009" time="2013-04-20 19:41:00 UTC" participant="139547">
      <body></body>
    </message>
    <message id="m0010" time="2013-04-20 19:41:00 UTC" participant="139547">
      <body>ابو عمار لسه مجاش</body>
    </message>
    <message id="m0011" time="2013-04-20 19:41:00 UTC" participant="139547">
      <body>و شكلى هاكل و اسيبه</body>
    </message>
    <message id="m0012" time="2013-04-20 19:41:00 UTC" participant="139376">
      <body></body>
    </message>
    <message id="m0013" time="2013-04-20 19:41:00 UTC" participant="139547">
      <body>جعانههه</body>
    </message>
    <message id="m0014" time="2013-04-20 19:41:00 UTC" participant="139547">
      <body></body>
    </message>
    <message id="m0015" time="2013-04-20 19:41:00 UTC" participant="139376">
      <body>وانا كمان اوي</body>
    </message>
    <message id="m0016" time="2013-04-20 19:42:00 UTC" participant="139547">
      <body>تعالى</body>
    </message>
    <message id="m0017" time="2013-04-20 19:42:00 UTC" participant="139547">
      <body>كلى معايا</body>
    </message>
    <message id="m0018" time="2013-04-20 19:42:00 UTC" participant="139376">
      <body>حتتغدوا ايه ان شاء الله</body>
    </message>
    <message id="m0019" time="2013-04-20 19:42:00 UTC" participant="139376">
      <body>اه والله ياريت</body>
    </message>
    <message id="m0020" time="2013-04-20 19:42:00 UTC" participant="139547">
      <body>عمله محشى كوسه و بطاطس و كفته</body>
    </message>
    <message id="m0021" time="2013-04-20 19:42:00 UTC" participant="139376">
      <body>نفتح نفس بعض</body>
    </message>
    <message id="m0022" time="2013-04-20 19:42:00 UTC" participant="139547">
      <body>و فلفلتين</body>
    </message>
    <message id="m0024" time="2013-04-20 19:42:00 UTC" participant="139547">
      <body></body>
    </message>
    <message id="m0025" time="2013-04-20 19:42:00 UTC" participant="139547">
      <body>هعمل سلطه زبادى</body>
    </message>
    <message id="m0026" time="2013-04-20 19:42:00 UTC" participant="139376">
      <body>بالهنا والشفا عليكم يارب</body>
    </message>
    <message id="m0027" time="2013-04-20 19:42:00 UTC" participant="139547">
      <body>مع انو بيتخنق منها</body>
    </message>
    <message id="m0028" time="2013-04-20 19:43:00 UTC" participant="139547">
      <body>بس انا بحبها</body>
    </message>
    <message id="m0029" time="2013-04-20 19:43:00 UTC" participant="139547">
      <body></body>
    </message>
    <message id="m0030" time="2013-04-20 19:43:00 UTC" participant="139376">
      <body>محمد برضه مش بيحبها وانا بحبها  </body>
    </message>
    <message id="m0031" time="2013-04-20 19:43:00 UTC" participant="139547">
      <body>خلاص يبقى تعالى</body>
    </message>
    <message id="m0032" time="2013-04-20 19:43:00 UTC" participant="139376">
      <body>حاضر</body>
    </message>
    <message id="m0033" time="2013-04-20 19:43:00 UTC" participant="139547">
      <body>و هو يروح على محمد</body>
    </message>
    <message id="m0034" time="2013-04-20 19:43:00 UTC" participant="139547">
      <body>انهارده</body>
    </message>
    <message id="m0035" time="2013-04-20 19:43:00 UTC" participant="139376">
      <body>مسافة السكة</body>
    </message>
    <message id="m0036" time="2013-04-20 19:43:00 UTC" participant="139547">
      <body>هههه</body>
    </message>
    <message id="m0037" time="2013-04-20 19:43:00 UTC" participant="139547">
      <body></body>
    </message>
    <message id="m0038" time="2013-04-20 19:43:00 UTC" participant="139376">
      <body>فكرة حلوة اوي</body>
    </message>
    <message id="m0039" time="2013-04-20 19:44:00 UTC" participant="139376">
      <body>هو يبات مع محمد في اول عيد جواز ليكم</body>
    </message>
    <message id="m0040" time="2013-04-20 19:44:00 UTC" participant="139376">
      <body>ماشاء الله على الافكار النيرة  </body>
    </message>
    <message id="m0041" time="2013-04-20 19:45:00 UTC" participant="139547">
      <body>هههه</body>
    </message>
    <message id="m0042" time="2013-04-20 19:45:00 UTC" participant="139547">
      <body></body>
    </message>
    <message id="m0043" time="2013-04-20 19:45:00 UTC" participant="139547">
      <body>&lt;Media omitted&gt;</body>
    </message>
    <message id="m0044" time="2013-04-20 19:45:00 UTC" participant="139547">
      <body>عشان ناكلها احنا لوحدنا</body>
    </message>
    <message id="m0045" time="2013-04-20 19:45:00 UTC" participant="139547">
      <body></body>
    </message>
    <message id="m0046" time="2013-04-20 19:46:00 UTC" participant="139376">
      <body>بالهنا والشفا يارب عليكم</body>
    </message>
    <message id="m0047" time="2013-04-20 19:46:00 UTC" participant="139547">
      <body>و مش مهم هو</body>
    </message>
    <message id="m0048" time="2013-04-20 19:46:00 UTC" participant="139376">
      <body>بس ايه ده بس علشان اكون عارفة؟؟</body>
    </message>
    <message id="m0049" time="2013-04-20 19:46:00 UTC" participant="139547">
      <body>بروفيترول</body>
    </message>
    <message id="m0050" time="2013-04-20 19:47:00 UTC" participant="139376">
      <body>مش واضح في الصورة مع انه شكله لذيذ ماشاء الله</body>
    </message>
    <message id="m0051" time="2013-04-20 19:47:00 UTC" participant="139547">
      <body>الشيكولاته</body>
    </message>
    <message id="m0053" time="2013-04-20 19:47:00 UTC" participant="139376">
      <body>ماشاء الله</body>
    </message>
    <message id="m0054" time="2013-04-20 19:47:00 UTC" participant="139376">
      <body>ده انتي طلعتي شاطرة يا هوبا ومش باين عليكي  </body>
    </message>
    <message id="m0055" time="2013-04-20 19:49:00 UTC" participant="139547">
      <body></body>
    </message>
    <message id="m0056" time="2013-04-20 19:49:00 UTC" participant="139547">
      <body>شكلى مش وش ذلك</body>
    </message>
    <message id="m0057" time="2013-04-20 19:49:00 UTC" participant="139376">
      <body></body>
    </message>
    <message id="m0058" time="2013-04-20 19:50:00 UTC" participant="139376">
      <body>لا يا ختي وش ذلك ونص</body>
    </message>
  </messages>
</conversation>
