<?xml version="1.0" encoding="UTF-8"?>
<conversation id="CHT_ARZ_20121118.0005" medium="CHT" donated="true">
  <messages>
    <message id="m0001" time="2012-11-18 17:17:09 UTC" participant="139560">
      <body>A dh monmon</body>
    </message>
    <message id="m0002" time="2012-11-18 17:18:04 UTC" participant="139560">
      <body></body>
    </message>
    <message id="m0003" time="2012-11-18 17:18:12 UTC" participant="139275">
      <body>bta3 3ageb sa7bty b3teto</body>
    </message>
    <message id="m0004" time="2012-11-18 17:18:46 UTC" participant="139275">
      <body>fa 2olt asend it w 7'alas </body>
    </message>
    <message id="m0005" time="2012-11-18 17:19:32 UTC" participant="139560">
      <body>Mashy monmon ana 7awrekyy</body>
    </message>
    <message id="m0006" time="2012-11-18 17:19:35 UTC" participant="139560">
      <body></body>
    </message>
    <message id="m0007" time="2012-11-18 17:22:34 UTC" participant="139275">
      <body>&lt;media omitted&gt;</body>
    </message>
    <message id="m0008" time="2012-11-18 17:30:10 UTC" participant="139560">
      <body>Hehehehehhehhhhhhhh</body>
    </message>
    <message id="m0009" time="2012-11-18 17:30:23 UTC" participant="139560">
      <body>7sa n m7mod 7y3ml m3aky kda</body>
    </message>
    <message id="m0010" time="2012-11-18 17:30:25 UTC" participant="139560">
      <body></body>
    </message>
    <message id="m0011" time="2012-11-18 17:33:51 UTC" participant="139560">
      <body>Monmonty</body>
    </message>
    <message id="m0012" time="2012-11-18 17:34:10 UTC" participant="139560">
      <body>Ana 7gblk 7agat maha kmaan 3shan msh 73rf ashofha b3d sho3"lhaaa</body>
    </message>
    <message id="m0013" time="2012-11-18 17:34:19 UTC" participant="139560">
      <body>Whya 7t5odhom mnk eshta baby</body>
    </message>
    <message id="m0014" time="2012-11-18 18:45:40 UTC" participant="139275">
      <body>eshts</body>
    </message>
    <message id="m0015" time="2012-11-18 18:45:55 UTC" participant="139275">
      <body>moha 7sabha kam?</body>
    </message>
    <message id="m0016" time="2012-11-18 18:47:29 UTC" participant="139560">
      <body>Moha 90 +25</body>
    </message>
    <message id="m0018" time="2012-11-18 19:28:51 UTC" participant="139275">
      <body>ba2olek ana 7ab2a fe kelpotra mn 1 le 4 masln</body>
    </message>
    <message id="m0019" time="2012-11-18 19:28:56 UTC" participant="139275">
      <body>eh ashlk?</body>
    </message>
    <message id="m0020" time="2012-11-18 19:32:09 UTC" participant="139560">
      <body>Asl ana w7da 72blha 5 f kfr 3bdo fa knt 72blk el awl 4 30 kda 3nd awl mostfa kaml</body>
    </message>
    <message id="m0021" time="2012-11-18 19:32:18 UTC" participant="139560">
      <body>Wnty mrw7a</body>
    </message>
    <message id="m0022" time="2012-11-18 19:32:59 UTC" participant="139275">
      <body>khLas peace isa</body>
    </message>
    <message id="m0023" time="2012-11-18 19:32:59 UTC" participant="139560">
      <body>3nd kobry mostfa kaml</body>
    </message>
    <message id="m0024" time="2012-11-18 19:33:07 UTC" participant="139560">
      <body>F mdrsa sa7</body>
    </message>
    <message id="m0025" time="2012-11-18 19:33:11 UTC" participant="139275">
      <body>fen bzabt 3ayzany isa?</body>
    </message>
    <message id="m0026" time="2012-11-18 19:33:28 UTC" participant="139560">
      <body>3ndha b2aa</body>
    </message>
    <message id="m0027" time="2012-11-18 19:33:31 UTC" participant="139560">
      <body></body>
    </message>
    <message id="m0028" time="2012-11-18 19:33:40 UTC" participant="139275">
      <body>sa7</body>
    </message>
    <message id="m0029" time="2012-11-18 19:34:33 UTC" participant="139275">
      <body>enty 7tege rakba eh isA?</body>
    </message>
    <message id="m0030" time="2012-11-18 19:34:47 UTC" participant="139560">
      <body>Ana 7b2a rkba microbus mn abo 2er</body>
    </message>
    <message id="m0031" time="2012-11-18 19:35:51 UTC" participant="139275">
      <body>tamam rnele fe keloptra anzl mn elbet</body>
    </message>
    <message id="m0032" time="2012-11-18 19:35:51 UTC" participant="139560">
      <body>Mashy 7obby tmaaaam</body>
    </message>
    <message id="m0033" time="2012-11-18 19:36:04 UTC" participant="139560">
      <body>Isaa</body>
    </message>
    <message id="m0034" time="2012-11-18 20:13:16 UTC" participant="139560">
      <body>Monmon</body>
    </message>
    <message id="m0035" time="2012-11-18 20:13:29 UTC" participant="139560">
      <body>Ana 72abl elbnt 4</body>
    </message>
    <message id="m0036" time="2012-11-18 20:13:55 UTC" participant="139560">
      <body>Enty 4 7tkony fen mozty</body>
    </message>
    <message id="m0037" time="2012-11-19 00:23:18 UTC" participant="139560">
      <body>Mashy 7abobiiiii</body>
    </message>
    <message id="m0038" time="2012-11-19 00:23:23 UTC" participant="139275">
      <body>7elw bardo call me w enty nazla</body>
    </message>
    <message id="m0039" time="2012-11-19 00:23:25 UTC" participant="139560">
      <body>Omo kokooo</body>
    </message>
    <message id="m0040" time="2012-11-19 00:23:33 UTC" participant="139560">
      <body></body>
    </message>
    <message id="m0042" time="2012-11-19 00:23:46 UTC" participant="139560">
      <body>Mashy 7abibyyy</body>
    </message>
    <message id="m0043" time="2012-11-19 00:23:57 UTC" participant="139560">
      <body></body>
    </message>
    <message id="m0044" time="2012-11-19 00:24:01 UTC" participant="139275">
      <body>ashof ana fen bzabt</body>
    </message>
    <message id="m0045" time="2012-11-19 00:25:02 UTC" participant="139275">
      <body></body>
    </message>
    <message id="m0046" time="2012-11-19 00:25:04 UTC" participant="139275">
      <body></body>
    </message>
    <message id="m0047" time="2012-11-19 00:25:08 UTC" participant="139275">
      <body></body>
    </message>
    <message id="m0048" time="2012-11-19 00:25:17 UTC" participant="139275">
      <body></body>
    </message>
    <message id="m0049" time="2012-11-19 00:25:22 UTC" participant="139275">
      <body></body>
    </message>
    <message id="m0050" time="2012-11-19 00:25:40 UTC" participant="139560">
      <body>Looooooooolllll</body>
    </message>
    <message id="m0051" time="2012-11-19 19:00:34 UTC" participant="139560">
      <body>Ana sa3edaaaa en el7agat 3gbtko wlahi aweeee</body>
    </message>
    <message id="m0052" time="2012-11-19 19:00:39 UTC" participant="139560">
      <body>Gaya fr7ana aweeeeee</body>
    </message>
    <message id="m0053" time="2012-11-19 19:12:01 UTC" participant="139275">
      <body>ya 7abebty</body>
    </message>
    <message id="m0054" time="2012-11-19 19:12:09 UTC" participant="139275">
      <body>aked tab3ann :))</body>
    </message>
    <message id="m0055" time="2012-11-19 19:12:14 UTC" participant="139275">
      <body>tslmiiii</body>
    </message>
  </messages>
</conversation>
