<?xml version="1.0" encoding="UTF-8"?>
<conversation id="CHT_ARZ_20130217.0001" medium="CHT" donated="true">
  <messages>
    <message id="m0000" time="2013-02-17 11:59:00 UTC" participant="139548">
      <body>صباح الخير يا موها اه بقالك كام يوم مش باينه</body>
    </message>
    <message id="m0001" time="2013-02-17 13:24:00 UTC" participant="139548">
      <body>اه يا بنتي فينك لعل المانع خير</body>
    </message>
    <message id="m0002" time="2013-02-17 14:55:00 UTC" participant="139376">
      <body>معلش والله يا منى</body>
    </message>
    <message id="m0003" time="2013-02-17 14:56:00 UTC" participant="139376">
      <body>الواد حسين سخن شوية فكنت مغيباه من المدرسة</body>
    </message>
    <message id="m0004" time="2013-02-17 14:56:00 UTC" participant="139376">
      <body>فمستلم الموبايل من الصبح بيلعب بيه</body>
    </message>
    <message id="m0005" time="2013-02-17 14:56:00 UTC" participant="139376">
      <body>لسه شايفة كلامك حالل</body>
    </message>
    <message id="m0006" time="2013-02-17 14:56:00 UTC" participant="139376">
      <body>حالا</body>
    </message>
    <message id="m0007" time="2013-02-17 17:08:00 UTC" participant="139548">
      <body>لا ولا يهمك وألف سلامة على حسين</body>
    </message>
    <message id="m0008" time="2013-02-17 17:13:00 UTC" participant="139376">
      <body>الله يخليكي</body>
    </message>
    <message id="m0009" time="2013-02-17 17:14:00 UTC" participant="139376">
      <body>انتي اخبارك ايه؟؟</body>
    </message>
    <message id="m0010" time="2013-02-17 17:27:00 UTC" participant="139548">
      <body>الحمد لله وديت عمر جنينة الحيونات أخيرا"</body>
    </message>
    <message id="m0011" time="2013-02-17 17:27:00 UTC" participant="139548">
      <body>بس اتبسط قوي</body>
    </message>
    <message id="m0012" time="2013-02-17 17:27:00 UTC" participant="139376">
      <body>ياروحي</body>
    </message>
    <message id="m0013" time="2013-02-17 17:27:00 UTC" participant="139376">
      <body>كويس والله</body>
    </message>
    <message id="m0014" time="2013-02-17 17:28:00 UTC" participant="139376">
      <body>في صور؟؟</body>
    </message>
    <message id="m0015" time="2013-02-17 17:28:00 UTC" participant="139548">
      <body>دي كبيره قوي وفيها حيونات كتيير انا مكنتش فكراها كده خالص</body>
    </message>
    <message id="m0016" time="2013-02-17 17:28:00 UTC" participant="139548">
      <body>اتهد حيلنا</body>
    </message>
    <message id="m0017" time="2013-02-17 17:28:00 UTC" participant="139376">
      <body>انا اعرف انها جنينة محترمة</body>
    </message>
    <message id="m0018" time="2013-02-17 17:29:00 UTC" participant="139548">
      <body>الصور على موبايل باباه</body>
    </message>
    <message id="m0019" time="2013-02-17 17:29:00 UTC" participant="139376">
      <body>يا بايخة</body>
    </message>
    <message id="m0020" time="2013-02-17 17:30:00 UTC" participant="139548">
      <body>وأعد يأكل الحيونات بس اكتر حيوان عجبه الفيل</body>
    </message>
    <message id="m0021" time="2013-02-17 17:30:00 UTC" participant="139376">
      <body></body>
    </message>
    <message id="m0022" time="2013-02-17 17:30:00 UTC" participant="139548">
      <body>بس خاف شويه من الأسد</body>
    </message>
    <message id="m0023" time="2013-02-17 17:31:00 UTC" participant="139548">
      <body>والزرافه بردو عاجابته</body>
    </message>
    <message id="m0024" time="2013-02-17 17:31:00 UTC" participant="139376">
      <body>انا بحب الزرافة اوي</body>
    </message>
    <message id="m0025" time="2013-02-17 17:32:00 UTC" participant="139548">
      <body>ابقي ودي انتي كمان علي وحسين حيتبسطو قوي</body>
    </message>
    <message id="m0026" time="2013-02-17 17:32:00 UTC" participant="139376">
      <body>من حيواناتي المفضله</body>
    </message>
    <message id="m0027" time="2013-02-17 17:32:00 UTC" participant="139376">
      <body>اه بس بتاعة اسكندرية اكيد</body>
    </message>
    <message id="m0028" time="2013-02-17 17:32:00 UTC" participant="139548">
      <body>لأ بتاعت القاهرة حاجه تانيه الصراحه</body>
    </message>
    <message id="m0029" time="2013-02-17 17:33:00 UTC" participant="139548">
      <body>كمساحه وعدد حيونات</body>
    </message>
    <message id="m0030" time="2013-02-17 17:33:00 UTC" participant="139376">
      <body>بس بالنسبة لينا سفر</body>
    </message>
    <message id="m0031" time="2013-02-17 17:33:00 UTC" participant="139548">
      <body>هو مفيش في جده؟؟</body>
    </message>
    <message id="m0032" time="2013-02-17 17:34:00 UTC" participant="139376">
      <body>لا</body>
    </message>
  </messages>
</conversation>
