<?xml version="1.0" encoding="UTF-8"?>
<conversation id="CHT_ARZ_20130208.0003" medium="CHT" donated="true">
  <messages>
    <message id="m0000" time="2013-02-08 16:11:32 UTC" participant="139275">
      <body>noha yom el 7ad fl break kowyes bl nesba leke?</body>
    </message>
    <message id="m0001" time="2013-02-08 16:51:43 UTC" participant="139565">
      <body>Ahaaaa isaaa</body>
    </message>
    <message id="m0002" time="2013-02-08 16:51:43 UTC" participant="139565">
      <body>Ooook</body>
    </message>
  </messages>
</conversation>
