<?xml version="1.0" encoding="UTF-8"?>
<conversation id="CHT_ARZ_20121225.0003" medium="CHT" donated="true">
  <messages>
    <message id="m0000" time="2012-12-25 14:17:55 UTC" participant="139558">
      <body>منمن بنت</body>
    </message>
    <message id="m0001" time="2012-12-25 14:18:01 UTC" participant="139558">
      <body>بنت بنت</body>
    </message>
    <message id="m0002" time="2012-12-25 14:18:10 UTC" participant="139558">
      <body></body>
    </message>
    <message id="m0003" time="2012-12-25 14:18:22 UTC" participant="139275">
      <body>طلعت بنت؟؟</body>
    </message>
    <message id="m0004" time="2012-12-25 14:18:29 UTC" participant="139275">
      <body>بجد!!</body>
    </message>
    <message id="m0005" time="2012-12-25 14:18:53 UTC" participant="139558">
      <body>يوم ماكلمتيني كنت بشوفها 3D</body>
    </message>
    <message id="m0006" time="2012-12-25 14:19:16 UTC" participant="139558">
      <body>اه والله</body>
    </message>
    <message id="m0007" time="2012-12-25 14:19:18 UTC" participant="139275">
      <body>حجزتهااااا</body>
    </message>
    <message id="m0008" time="2012-12-25 14:19:28 UTC" participant="139558">
      <body>الحمد لله</body>
    </message>
    <message id="m0009" time="2012-12-25 14:19:50 UTC" participant="139558">
      <body>ههههههه</body>
    </message>
    <message id="m0010" time="2012-12-25 14:19:54 UTC" participant="139558">
      <body>موافقة</body>
    </message>
    <message id="m0011" time="2012-12-25 14:20:24 UTC" participant="139275">
      <body>تمااام</body>
    </message>
    <message id="m0012" time="2012-12-25 14:20:35 UTC" participant="139275">
      <body>فكرتي في اسم؟</body>
    </message>
    <message id="m0013" time="2012-12-25 14:21:11 UTC" participant="139558">
      <body>اه كل يوم بنفكر</body>
    </message>
    <message id="m0014" time="2012-12-25 14:21:19 UTC" participant="139558">
      <body>بس لسة مخترناش</body>
    </message>
    <message id="m0015" time="2012-12-25 14:21:27 UTC" participant="139275">
      <body>جدااا :)</body>
    </message>
    <message id="m0016" time="2012-12-25 14:21:40 UTC" participant="139558">
      <body>الموضوع ده طلع صعب اويي</body>
    </message>
    <message id="m0017" time="2012-12-25 14:21:53 UTC" participant="139275">
      <body>حمزة إن شاء الله:)</body>
    </message>
    <message id="m0018" time="2012-12-25 14:21:56 UTC" participant="139558">
      <body>انت اخترتي اسم ولا لسه</body>
    </message>
    <message id="m0019" time="2012-12-25 14:22:17 UTC" participant="139558">
      <body></body>
    </message>
    <message id="m0020" time="2012-12-25 14:22:30 UTC" participant="139558">
      <body>قوليلي عامله ايه</body>
    </message>
    <message id="m0021" time="2012-12-25 14:22:38 UTC" participant="139558">
      <body>والبيبي كله تمام</body>
    </message>
    <message id="m0022" time="2012-12-25 14:23:26 UTC" participant="139275">
      <body>إلى ان يجد جديد</body>
    </message>
    <message id="m0023" time="2012-12-25 14:23:26 UTC" participant="139275">
      <body>الحمد لله تمام</body>
    </message>
    <message id="m0024" time="2012-12-25 14:23:26 UTC" participant="139275">
      <body>وانتي يا حبيبتي احكيلي؟</body>
    </message>
    <message id="m0025" time="2012-12-25 14:23:26 UTC" participant="139275">
      <body>بتكلي كويس؟</body>
    </message>
    <message id="m0026" time="2012-12-25 14:23:33 UTC" participant="139558">
      <body>الله</body>
    </message>
    <message id="m0027" time="2012-12-25 14:23:48 UTC" participant="139558">
      <body>حلو ربنا يباركلكوا فيه يارب</body>
    </message>
    <message id="m0028" time="2012-12-25 14:24:02 UTC" participant="139558">
      <body>والله يعني</body>
    </message>
    <message id="m0029" time="2012-12-25 14:24:20 UTC" participant="139558">
      <body>بس الحمد لله أحسن من الأول بكتييير</body>
    </message>
    <message id="m0030" time="2012-12-25 14:24:41 UTC" participant="139558">
      <body>في حاجات كتير لسة مش قبلاها</body>
    </message>
    <message id="m0031" time="2012-12-25 14:24:48 UTC" participant="139275">
      <body>لسة اكيد ممكن يتغير إن شاء الله المهم يجوا كةيسين</body>
    </message>
    <message id="m0032" time="2012-12-25 14:24:53 UTC" participant="139558">
      <body>بس القرف أحسن</body>
    </message>
    <message id="m0033" time="2012-12-25 14:25:12 UTC" participant="139558">
      <body>قوليلي انت أخبار التخن ايه</body>
    </message>
    <message id="m0034" time="2012-12-25 16:54:35 UTC" participant="139275">
      <body>اهو التخن ابتدى بس مش باين اوي</body>
    </message>
    <message id="m0035" time="2012-12-25 16:54:45 UTC" participant="139275">
      <body>ناس بتقولي مش باين</body>
    </message>
    <message id="m0036" time="2012-12-25 16:54:54 UTC" participant="139275">
      <body>وناس بتقولي باين :)</body>
    </message>
    <message id="m0037" time="2012-12-25 16:55:09 UTC" participant="139275">
      <body>انتي فالكام دلوقتي ماشاء الله؟</body>
    </message>
    <message id="m0038" time="2012-12-25 17:13:55 UTC" participant="139558">
      <body>انا في الأسبوع ٢٢</body>
    </message>
    <message id="m0039" time="2012-12-25 17:14:05 UTC" participant="139275">
      <body>ماشاء الله :)</body>
    </message>
    <message id="m0040" time="2012-12-25 17:14:12 UTC" participant="139558">
      <body>يعني في نص الخامس تقريبا</body>
    </message>
    <message id="m0041" time="2012-12-25 17:14:15 UTC" participant="139275">
      <body>انا قبلك بشهر تقريبا</body>
    </message>
    <message id="m0042" time="2012-12-25 17:14:31 UTC" participant="139275">
      <body>انتي اول واحده من الي حواليا ربنا كرمها ببنت</body>
    </message>
    <message id="m0043" time="2012-12-25 17:14:33 UTC" participant="139275">
      <body>:)</body>
    </message>
    <message id="m0044" time="2012-12-25 17:14:47 UTC" participant="139275">
      <body>عشان كده انا فرحانة جدا :)</body>
    </message>
    <message id="m0045" time="2012-12-25 17:23:51 UTC" participant="139558">
      <body>التخن ده شر لابد منه</body>
    </message>
    <message id="m0046" time="2012-12-25 17:27:33 UTC" participant="139275">
      <body>الحمد لله</body>
    </message>
    <message id="m0047" time="2012-12-25 17:28:43 UTC" participant="139558">
      <body>المرة الجاية نبدل بقي</body>
    </message>
    <message id="m0048" time="2012-12-25 17:28:49 UTC" participant="139558">
      <body></body>
    </message>
  </messages>
</conversation>
