<?xml version="1.0" encoding="UTF-8"?>
<conversation id="CHT_ARZ_20130319.0003" medium="CHT" donated="true">
  <messages>
    <message id="m0001" time="2013-03-19 00:40:27 UTC" participant="139508">
      <body>exayekk</body>
    </message>
    <message id="m0002" time="2013-03-19 00:48:31 UTC" participant="139540">
      <body>Good el7 uuu</body>
    </message>
    <message id="m0003" time="2013-03-19 00:49:32 UTC" participant="139540">
      <body>Bkra gyyn isA sa7?</body>
    </message>
    <message id="m0004" time="2013-03-19 02:27:48 UTC" participant="139508">
      <body>Ahh isaaaa</body>
    </message>
    <message id="m0005" time="2013-03-19 05:28:58 UTC" participant="139540">
      <body>Rimee</body>
    </message>
    <message id="m0006" time="2013-03-19 05:29:07 UTC" participant="139540">
      <body>Te2daro teego 3 30?</body>
    </message>
    <message id="m0007" time="2013-03-19 05:30:25 UTC" participant="139540">
      <body>Ba3d salat el asr, jst for today</body>
    </message>
    <message id="m0008" time="2013-03-19 12:07:50 UTC" participant="139508">
      <body>amira</body>
    </message>
    <message id="m0009" time="2013-03-19 12:07:57 UTC" participant="139508">
      <body>aliaaa cant</body>
    </message>
    <message id="m0010" time="2013-03-19 12:08:10 UTC" participant="139508">
      <body>ashan bukon 3ndha tamrin</body>
    </message>
    <message id="m0011" time="2013-03-19 12:08:18 UTC" participant="139508">
      <body>w vtkhlso 630</body>
    </message>
    <message id="m0012" time="2013-03-19 12:14:37 UTC" participant="139540">
      <body>Tyb okay 6 30 then?</body>
    </message>
    <message id="m0013" time="2013-03-19 12:14:46 UTC" participant="139508">
      <body>yss isaaaa</body>
    </message>
    <message id="m0015" time="2013-03-19 12:15:08 UTC" participant="139508">
      <body>mwahhhhhhh</body>
    </message>
    <message id="m0016" time="2013-03-19 12:50:13 UTC" participant="139540">
      <body>Mwahhhh</body>
    </message>
    <message id="m0017" time="2013-03-19 19:32:29 UTC" participant="139540">
      <body/>
    </message>
    <message id="m0018" time="2013-03-19 19:44:17 UTC" participant="139508">
      <body>mwahhhhhhhhhh</body>
    </message>
  </messages>
</conversation>
