<?xml version="1.0" encoding="UTF-8"?>
<conversation id="CHT_ARZ_20121113.0000" medium="CHT" donated="true">
  <messages>
    <message id="m0000" participant="138314" time="2012-11-13 22:01:26 UTC">
      <body>hateshterky fe hedyt rania ?</body>
    </message>
    <message id="m0001" participant="138112" time="2012-11-13 22:09:49 UTC">
      <body>Ehh?</body>
    </message>
    <message id="m0002" participant="138314" time="2012-11-13 22:12:13 UTC">
      <body>Rania hangeblha hedya fe 3id meladha ele enty 3amla fe attending fa hanshare flosha 50 le kol wa7ed</body>
    </message>
    <message id="m0003" participant="138112" time="2012-11-13 22:24:15 UTC">
      <body>Bas ento 3'ayarto el ma3ad f msh 3arfa ha3raf aroo7 wla la2, w el floos hab2a agebhalek</body>
    </message>
    <message id="m0004" participant="138314" time="2012-11-13 22:24:30 UTC">
      <body>Ok</body>
    </message>
  </messages>
</conversation>
