<?xml version="1.0" encoding="UTF-8"?>
<conversation id="CHT_ARZ_20130405.0007" medium="CHT" donated="true">
  <messages>
    <message id="m0000" time="2013-04-05 23:15:00 UTC" participant="139230">
      <body>Ezayyek ya gamila</body>
    </message>
    <message id="m0001" time="2013-04-05 23:32:00 UTC" participant="139230">
      <body>3amla eh</body>
    </message>
    <message id="m0002" time="2013-04-05 23:55:00 UTC" participant="139880">
      <body>ana 3arfa ya to7faaaaa</body>
    </message>
    <message id="m0003" time="2013-04-05 23:55:00 UTC" participant="139880">
      <body>Nawarty el whatsapp</body>
    </message>
    <message id="m0004" time="2013-04-05 23:55:00 UTC" participant="139880">
      <body>ahlan ahlan</body>
    </message>
  </messages>
</conversation>
