<?xml version="1.0" encoding="UTF-8"?>
<conversation id="CHT_ARZ_20130408.0001" medium="CHT" donated="true">
  <messages>
    <message id="m0000" time="2013-04-08 01:31:56 UTC" participant="139360">
      <body>kalmtk tosay</body>
    </message>
    <message id="m0001" time="2013-04-08 01:32:03 UTC" participant="139360">
      <body>knt aiza aahufk amla eih</body>
    </message>
    <message id="m0003" time="2013-04-08 05:53:11 UTC" participant="139370">
      <body>Rimooooo ❤</body>
    </message>
    <message id="m0004" time="2013-04-08 05:53:17 UTC" participant="139370">
      <body>Enti 3amla eh?</body>
    </message>
    <message id="m0005" time="2013-04-08 05:53:30 UTC" participant="139370">
      <body>Ana harouh Nady today inshaAllah</body>
    </message>
    <message id="m0006" time="2013-04-08 10:44:27 UTC" participant="139360">
      <body>bgd</body>
    </message>
    <message id="m0007" time="2013-04-08 10:44:32 UTC" participant="139360">
      <body>yayyyy ana kanannisaaa</body>
    </message>
  </messages>
</conversation>
