<?xml version="1.0" encoding="UTF-8"?>
<conversation id="CHT_ARZ_20130401.0000" medium="CHT" donated="true">
  <messages>
    <message id="m0000" participant="138325" time="2013-04-01 22:18:02 UTC">
      <body>kan shklek 7alw fe el prom</body>
    </message>
    <message id="m0003" participant="138325" time="2013-04-01 22:19:23 UTC">
      <body/>
    </message>
    <message id="m0004" participant="138325" time="2013-04-02 20:45:05 UTC">
      <body>mesh bats2ali lah</body>
    </message>
    <message id="m0005" participant="138112" time="2013-04-02 20:48:47 UTC">
      <body>3amel eh</body>
    </message>
    <message id="m0006" participant="138325" time="2013-04-02 20:49:43 UTC">
      <body>kwyes</body>
    </message>
  </messages>
</conversation>
