<?xml version="1.0" encoding="UTF-8"?>
<conversation id="CHT_ARZ_20130419.0008" medium="CHT" donated="true">
  <messages>
    <message id="m0001" time="2013-04-19 20:19:14 UTC" participant="139593">
      <body>Ana nahla</body>
    </message>
    <message id="m0002" time="2013-04-19 20:19:20 UTC" participant="139593">
      <body>Enti f nadi</body>
    </message>
    <message id="m0003" time="2013-04-19 20:19:29 UTC" participant="139593">
      <body>Ana ryha ana w meenas</body>
    </message>
    <message id="m0005" time="2013-04-19 20:19:40 UTC" participant="139134">
      <body>noo mashia :(</body>
    </message>
    <message id="m0006" time="2013-04-19 20:19:53 UTC" participant="139593">
      <body>Yooh :(</body>
    </message>
    <message id="m0007" time="2013-04-19 20:19:56 UTC" participant="139593">
      <body>Toyb</body>
    </message>
    <message id="m0008" time="2013-04-19 20:20:10 UTC" participant="139134">
      <body>mwahhh</body>
    </message>
    <message id="m0009" time="2013-04-19 20:20:32 UTC" participant="139593">
      <body/>
    </message>
  </messages>
</conversation>
