<?xml version="1.0" encoding="UTF-8"?>
<conversation id="CHT_ARZ_20130502.0000" medium="CHT" donated="true">
  <messages>
    <message id="m0000" participant="138329" time="2013-05-02 15:44:53 UTC">
      <body>Ana gamb betek bardo ahahha :p</body>
    </message>
    <message id="m0001" participant="138329" time="2013-05-02 15:45:08 UTC">
      <body>Ibtsam derosha kolha gambek</body>
    </message>
    <message id="m0002" participant="138112" time="2013-05-02 15:53:21 UTC">
      <body>Feeeen</body>
    </message>
    <message id="m0003" participant="138329" time="2013-05-02 16:00:32 UTC">
      <body>Retaj</body>
    </message>
    <message id="m0004" participant="138112" time="2013-05-02 16:01:09 UTC">
      <body>Ahhh</body>
    </message>
    <message id="m0005" participant="138329" time="2013-05-02 16:15:25 UTC">
      <body>Ahh :D</body>
    </message>
  </messages>
</conversation>
