<?xml version="1.0" encoding="UTF-8"?>
<conversation id="CHT_ARZ_20130421.0000" medium="CHT" donated="true">
  <messages>
    <message id="m0000" time="2013-04-21 00:04:58 UTC" participant="138112">
      <body>El period 3mla eh m3aki</body>
    </message>
    <message id="m0001" time="2013-04-21 00:05:24 UTC" participant="138324">
      <body>Fashkhani</body>
    </message>
    <message id="m0003" time="2013-04-21 00:06:00 UTC" participant="138112">
      <body>Ya 3eni :(</body>
    </message>
    <message id="m0007" time="2013-04-21 00:06:31 UTC" participant="138112">
      <body>3andi dars</body>
    </message>
    <message id="m0008" time="2013-04-21 00:06:48 UTC" participant="138324">
      <body>Ya deen</body>
    </message>
    <message id="m0009" time="2013-04-21 00:06:52 UTC" participant="138324">
      <body>Deni</body>
    </message>
    <message id="m0010" time="2013-04-21 00:06:56 UTC" participant="138324">
      <body>Khalih el sobh</body>
    </message>
    <message id="m0011" time="2013-04-21 00:07:00 UTC" participant="138324">
      <body>Ala 2 wala haga</body>
    </message>
    <message id="m0013" time="2013-04-21 00:07:23 UTC" participant="138112">
      <body>Mana h7awel</body>
    </message>
    <message id="m0014" time="2013-04-21 14:27:29 UTC" participant="138324">
      <body>Hateemli eh</body>
    </message>
    <message id="m0015" time="2013-04-21 16:01:47 UTC" participant="138112">
      <body>Ana f dars now I think haroo7</body>
    </message>
    <message id="m0016" time="2013-04-21 16:07:02 UTC" participant="138324">
      <body>Please :(</body>
    </message>
    <message id="m0017" time="2013-04-21 16:29:07 UTC" participant="138112">
      <body>Mashyy</body>
    </message>
  </messages>
</conversation>
