<?xml version="1.0" encoding="UTF-8"?>
<conversation id="CHT_ARZ_20130509.0003" medium="CHT" donated="true">
  <messages>
    <message id="m0000" time="2013-05-09 12:09:00 UTC" participant="139683">
      <body>7adr ya5ty</body>
    </message>
    <message id="m0001" time="2013-05-09 14:15:00 UTC" participant="139230">
      <body>بجد مش مصدقة</body>
    </message>
    <message id="m0002" time="2013-05-09 14:16:00 UTC" participant="139230">
      <body>ابتسام كمان محبطة جدا جدا</body>
    </message>
    <message id="m0003" time="2013-05-09 14:16:00 UTC" participant="139230">
      <body>وكلمتني وكانت بتنعيط</body>
    </message>
    <message id="m0004" time="2013-05-09 14:21:00 UTC" participant="139683">
      <body>معطلين لها الورق</body>
    </message>
    <message id="m0005" time="2013-05-09 14:21:00 UTC" participant="139683">
      <body>حاجة تنرفز بجد</body>
    </message>
    <message id="m0006" time="2013-05-09 14:21:00 UTC" participant="139230">
      <body>حاجة بايخة بحد</body>
    </message>
    <message id="m0007" time="2013-05-09 14:21:00 UTC" participant="139230">
      <body>كلهم انانيين</body>
    </message>
    <message id="m0008" time="2013-05-09 14:22:00 UTC" participant="139683">
      <body>مفيش حاجة بتخلص</body>
    </message>
    <message id="m0009" time="2013-05-09 14:22:00 UTC" participant="139683">
      <body>قالتلي معرفش</body>
    </message>
    <message id="m0010" time="2013-05-09 14:37:00 UTC" participant="139230">
      <body>ايه الجنان
15:14, 9 May - Oam:..متعرفيش شغل لتوتا</body>
    </message>
    <message id="m0011" time="2013-05-09 15:16:00 UTC" participant="139230">
      <body>والله نفسي لو لقيت حاجة ليها حاقولك</body>
    </message>
    <message id="m0012" time="2013-05-09 15:16:00 UTC" participant="139683">
      <body>ياريت</body>
    </message>
    <message id="m0013" time="2013-05-09 15:16:00 UTC" participant="139683">
      <body>البنت فترة رسالتها خلصت خلاص فلازم لو عايزة تكمل تعيد من الاول</body>
    </message>
    <message id="m0014" time="2013-05-09 15:17:00 UTC" participant="139683">
      <body>ومفيش شغل فمحبطة خالص</body>
    </message>
    <message id="m0015" time="2013-05-10 02:01:00 UTC" participant="139683">
      <body>Hwa da eli by7sal f3ln</body>
    </message>
    <message id="m0016" time="2013-05-10 18:48:00 UTC" participant="139683">
      <body>hwa enty lw bra masr w msh3'la 56k tegwal ama tetsli b7d hna y6lae elraqam mn 3'er code elbalad wla 7aga?</body>
    </message>
    <message id="m0017" time="2013-05-10 18:57:00 UTC" participant="139683">
      <body>ها تعرفي؟</body>
    </message>
    <message id="m0018" time="2013-05-10 19:17:00 UTC" participant="139230">
      <body>ايوا</body>
    </message>
    <message id="m0019" time="2013-05-10 19:17:00 UTC" participant="139683">
      <body>Akid?</body>
    </message>
    <message id="m0020" time="2013-05-10 19:17:00 UTC" participant="139230">
      <body>yetla3 howa howa</body>
    </message>
    <message id="m0021" time="2013-05-10 19:17:00 UTC" participant="139683">
      <body>Mn 3'er ay t3'yer?</body>
    </message>
    <message id="m0022" time="2013-05-10 19:18:00 UTC" participant="139230">
      <body>لا استني كدا</body>
    </message>
    <message id="m0023" time="2013-05-10 19:18:00 UTC" participant="139230">
      <body>اتاكد واقوللك</body>
    </message>
    <message id="m0024" time="2013-05-10 19:19:00 UTC" participant="139683">
      <body>Tyb et2akdili</body>
    </message>
    <message id="m0025" time="2013-05-10 19:19:00 UTC" participant="139230">
      <body>momken yefdal w momken yrt3ayar dependent 3al network beta3et el balad</body>
    </message>
    <message id="m0026" time="2013-05-10 19:20:00 UTC" participant="139683">
      <body>Y3ny mn saudi by2a a?</body>
    </message>
    <message id="m0027" time="2013-05-10 19:20:00 UTC" participant="139230">
      <body>ya3ni momken law 7ad men saudi and his line is mobinil</body>
    </message>
    <message id="m0028" time="2013-05-10 19:20:00 UTC" participant="139230">
      <body>yezhar lek hena etisalat or saudian number</body>
    </message>
    <message id="m0029" time="2013-05-10 19:21:00 UTC" participant="139683">
      <body>Myzhrsh mobinil?</body>
    </message>
    <message id="m0030" time="2013-05-10 19:21:00 UTC" participant="139230">
      <body>ya3ni e7temal</body>
    </message>
    <message id="m0031" time="2013-05-10 19:22:00 UTC" participant="139230">
      <body>ta2reeban keda</body>
    </message>
    <message id="m0032" time="2013-05-10 19:23:00 UTC" participant="139230">
      <body>bas ana lama kont f saudi kan el raqam beta3i beyezhar 3adiy</body>
    </message>
    <message id="m0033" time="2013-05-10 19:23:00 UTC" participant="139683">
      <body>Afhm a ana kda</body>
    </message>
    <message id="m0034" time="2013-05-10 19:24:00 UTC" participant="139230">
      <body>kol el e7temealat momkena</body>
    </message>
    <message id="m0035" time="2013-05-10 19:25:00 UTC" participant="139683">
      <body>L2 mna lazm a3rf for sure darory</body>
    </message>
    <message id="m0036" time="2013-05-10 19:28:00 UTC" participant="139230">
      <body>tayeb ek numbr elly beygeelek men mobinil??</body>
    </message>
    <message id="m0037" time="2013-05-10 19:29:00 UTC" participant="139230">
      <body>w 7ad enti mota2akeda enno mesh fi masr??</body>
    </message>
    <message id="m0038" time="2013-05-10 19:29:00 UTC" participant="139683">
      <body>Hiya elmfrod fe omra</body>
    </message>
    <message id="m0039" time="2013-05-10 19:30:00 UTC" participant="139683">
      <body>W kalemitniy fe3ln mn raqam saudi</body>
    </message>
    <message id="m0040" time="2013-05-10 19:30:00 UTC" participant="139230">
      <body>3aziim</body>
    </message>
    <message id="m0041" time="2013-05-10 19:30:00 UTC" participant="139683">
      <body>Bs b3d kda Oamny mn kza raqam mobinil</body>
    </message>
    <message id="m0042" time="2013-05-10 19:30:00 UTC" participant="139230">
      <body>mmmm</body>
    </message>
    <message id="m0043" time="2013-05-10 19:30:00 UTC" participant="139683">
      <body>ana shakka b2a</body>
    </message>
    <message id="m0044" time="2013-05-10 19:31:00 UTC" participant="139683">
      <body>W dma3'y 3mala twady w tgeb</body>
    </message>
    <message id="m0045" time="2013-05-10 19:31:00 UTC" participant="139230">
      <body>ana elli a3rafuh en da momken</body>
    </message>
    <message id="m0046" time="2013-05-10 19:32:00 UTC" participant="139683">
      <body>Tb at2akd ezay</body>
    </message>
    <message id="m0047" time="2013-05-10 19:33:00 UTC" participant="139230">
      <body>mesh 3arfa </body>
    </message>
    <message id="m0048" time="2013-05-10 19:33:00 UTC" participant="139683">
      <body>Ana olt enty eli htfediny</body>
    </message>
    <message id="m0049" time="2013-05-10 19:33:00 UTC" participant="139230">
      <body>ahh nesset</body>
    </message>
    <message id="m0050" time="2013-05-10 19:34:00 UTC" participant="139230">
      <body>nazzeli barnameg truecaller</body>
    </message>
    <message id="m0051" time="2013-05-10 19:34:00 UTC" participant="139230">
      <body>tamam keda?</body>
    </message>
    <message id="m0052" time="2013-05-10 19:35:00 UTC" participant="139683">
      <body>tamam</body>
    </message>
    <message id="m0053" time="2013-05-10 19:35:00 UTC" participant="139683">
      <body>Bs ht3mli a?</body>
    </message>
    <message id="m0054" time="2013-05-10 19:35:00 UTC" participant="139230">
      <body>7adawwar gowa truecaller 3andi</body>
    </message>
    <message id="m0055" time="2013-05-10 19:36:00 UTC" participant="139683">
      <body>Tyb w8</body>
    </message>
    <message id="m0056" time="2013-05-10 19:36:00 UTC" participant="139683">
      <body>el raqam aho</body>
    </message>
    <message id="m0057" time="2013-05-10 19:40:00 UTC" participant="139683">
      <body>kam?</body>
    </message>
    <message id="m0058" time="2013-05-10 19:40:00 UTC" participant="139230">
      <body>masr bas mafiish esm</body>
    </message>
    <message id="m0059" time="2013-05-10 19:41:00 UTC" participant="139683">
      <body>Da akid?</body>
    </message>
    <message id="m0060" time="2013-05-10 19:42:00 UTC" participant="139230">
      <body>momken ykoon el program bey2ol keda</body>
    </message>
    <message id="m0061" time="2013-05-10 19:42:00 UTC" participant="139683">
      <body>Tb ana ayza at2akd</body>
    </message>
    <message id="m0062" time="2013-05-10 19:43:00 UTC" participant="139230">
      <body>tyb 7at2aked w 2a2olek</body>
    </message>
    <message id="m0063" time="2013-05-10 19:43:00 UTC" participant="139683">
      <body>ezay</body>
    </message>
    <message id="m0064" time="2013-05-10 19:47:00 UTC" participant="139230">
      <body>fi program keda</body>
    </message>
    <message id="m0065" time="2013-05-10 19:47:00 UTC" participant="139230">
      <body>bas lazem el number ykoon etasal beya</body>
    </message>
    <message id="m0066" time="2013-05-10 19:47:00 UTC" participant="139683">
      <body>oli liy ismu</body>
    </message>
    <message id="m0067" time="2013-05-10 20:02:00 UTC" participant="139683">
      <body>Bosy</body>
    </message>
    <message id="m0068" time="2013-05-10 20:03:00 UTC" participant="139683">
      <body>Ana etsalt edany elraqam 3'er mwgod</body>
    </message>
    <message id="m0069" time="2013-05-10 20:07:00 UTC" participant="139230">
      <body>ana kaman el program edani enno invalid number</body>
    </message>
    <message id="m0070" time="2013-05-10 20:08:00 UTC" participant="139683">
      <body>Tyb kan fe rqamin tanyin</body>
    </message>
    <message id="m0071" time="2013-05-10 20:09:00 UTC" participant="139683">
      <body>Edony unavailable</body>
    </message>
    <message id="m0072" time="2013-05-10 20:10:00 UTC" participant="139230">
      <body>tayeb eb3ateehom</body>
    </message>
    <message id="m0073" time="2013-05-10 20:52:00 UTC" participant="139230">
      <body>taniy raqam beta3 wa7da esmaha samera</body>
    </message>
    <message id="m0074" time="2013-05-10 20:57:00 UTC" participant="139683">
      <body>Enty 3refty mnen?</body>
    </message>
    <message id="m0075" time="2013-05-10 20:57:00 UTC" participant="139230">
      <body>men truecaller elli 3andi 3al mobile</body>
    </message>
    <message id="m0076" time="2013-05-10 20:58:00 UTC" participant="139230">
      <body>te3rafi 7ad bel esm da?</body>
    </message>
    <message id="m0077" time="2013-05-10 20:59:00 UTC" participant="139230">
      <body>nazzeli  el program da 3ala mobilek men playstore</body>
    </message>
    <message id="m0078" time="2013-05-10 20:59:00 UTC" participant="139230">
      <body>da  android app</body>
    </message>
    <message id="m0079" time="2013-05-10 20:59:00 UTC" participant="139683">
      <body>L2</body>
    </message>
    <message id="m0080" time="2013-05-10 20:59:00 UTC" participant="139683">
      <body>Malwthosh</body>
    </message>
    <message id="m0081" time="2013-05-10 21:00:00 UTC" participant="139683">
      <body>Mal2thosh</body>
    </message>
    <message id="m0082" time="2013-05-10 21:00:00 UTC" participant="139230">
      <body>3andik playstore</body>
    </message>
    <message id="m0083" time="2013-05-10 21:01:00 UTC" participant="139683">
      <body>Tyb the first one a nzamo?</body>
    </message>
    <message id="m0084" time="2013-05-10 21:23:00 UTC" participant="139683">
      <body>Ana sa2alt mobinil w 2aloli eno byzhar zy mahwa</body>
    </message>
    <message id="m0085" time="2013-05-10 21:49:00 UTC" participant="139230">
      <body>ana kont fakra keda</body>
    </message>
    <message id="m0086" time="2013-05-10 21:50:00 UTC" participant="139230">
      <body>bas zawgiy said mesh shart</body>
    </message>
    <message id="m0087" time="2013-05-10 21:50:00 UTC" participant="139683">
      <body>5dmet el3omla elli aloli kda</body>
    </message>
    <message id="m0088" time="2013-05-10 21:51:00 UTC" participant="139230">
      <body>aham 7aga matezlemish el nas  ya fawzeyaa</body>
    </message>
    <message id="m0089" time="2013-05-10 21:52:00 UTC" participant="139230">
      <body>w rabbena ya rab ye2adem lek el kheir </body>
    </message>
    <message id="m0090" time="2013-05-10 21:53:00 UTC" participant="139230">
      <body>ya rab</body>
    </message>
    <message id="m0091" time="2013-05-10 21:56:00 UTC" participant="139683">
      <body>Ed3ili bs</body>
    </message>
    <message id="m0092" time="2013-05-10 21:56:00 UTC" participant="139230">
      <body>7ader</body>
    </message>
    <message id="m0093" time="2013-05-10 21:56:00 UTC" participant="139683">
      <body>3shan elmwdoe ml5bat w mklk3</body>
    </message>
    <message id="m0094" time="2013-05-10 21:57:00 UTC" participant="139230">
      <body>rabena yefara7ek</body>
    </message>
    <message id="m0095" time="2013-05-10 21:58:00 UTC" participant="139683">
      <body>Yarab amen</body>
    </message>
    <message id="m0096" time="2013-05-10 21:59:00 UTC" participant="139230">
      <body>el 7aga lama betkalka3 betemshi ba3d keda</body>
    </message>
    <message id="m0097" time="2013-05-10 21:59:00 UTC" participant="139230">
      <body>amiiin</body>
    </message>
    <message id="m0098" time="2013-05-10 21:59:00 UTC" participant="139683">
      <body>F3ln?</body>
    </message>
    <message id="m0099" time="2013-05-10 21:59:00 UTC" participant="139230">
      <body>aywa</body>
    </message>
    <message id="m0100" time="2013-05-10 22:00:00 UTC" participant="139683">
      <body>Ama nshof</body>
    </message>
    <message id="m0101" time="2013-05-10 22:01:00 UTC" participant="139230">
      <body>es2aliny ana</body>
    </message>
    <message id="m0102" time="2013-05-10 22:02:00 UTC" participant="139230">
      <body>asl ana 7asal ma3aya kedA</body>
    </message>
    <message id="m0103" time="2013-05-10 22:02:00 UTC" participant="139230">
      <body>shofty ba2a</body>
    </message>
    <message id="m0104" time="2013-05-10 22:03:00 UTC" participant="139683">
      <body>Rbna y3ml el5er</body>
    </message>
    <message id="m0105" time="2013-05-10 22:08:00 UTC" participant="139230">
      <body>بالراحة ياختييييي</body>
    </message>
    <message id="m0106" time="2013-05-10 22:09:00 UTC" participant="139683">
      <body>7adr</body>
    </message>
    <message id="m0107" time="2013-05-10 22:09:00 UTC" participant="139230">
      <body>بتحبي القطط</body>
    </message>
    <message id="m0108" time="2013-05-10 22:10:00 UTC" participant="139230">
      <body>امبارح كنت حاجيب قطة بس تراجعت على اخر لحظة</body>
    </message>
    <message id="m0109" time="2013-05-10 22:10:00 UTC" participant="139683">
      <body>Y3</body>
    </message>
    <message id="m0110" time="2013-05-10 22:10:00 UTC" participant="139230">
      <body>ليه بس؟</body>
    </message>
    <message id="m0111" time="2013-05-10 22:10:00 UTC" participant="139230">
      <body>دي جميلة خالصص</body>
    </message>
    <message id="m0112" time="2013-05-10 22:11:00 UTC" participant="139683">
      <body>Msh b7bhm</body>
    </message>
    <message id="m0113" time="2013-05-10 22:11:00 UTC" participant="139230">
      <body>طيببب</body>
    </message>
  </messages>
</conversation>
