<?xml version="1.0" encoding="UTF-8"?>
<conversation id="CHT_ARZ_20130514.0000" medium="CHT" donated="true">
  <messages>
    <message id="m0000" participant="138327" time="2013-05-14 21:33:21 UTC">
      <body>Yara</body>
    </message>
    <message id="m0001" participant="138327" time="2013-05-14 21:33:24 UTC">
      <body>Wahashteeni</body>
    </message>
    <message id="m0002" participant="138112" time="2013-05-14 21:38:09 UTC">
      <body>Kareem</body>
    </message>
    <message id="m0003" participant="138112" time="2013-05-14 21:38:12 UTC">
      <body>Enta kaman</body>
    </message>
    <message id="m0004" participant="138112" time="2013-05-14 21:38:16 UTC">
      <body>3amel eh</body>
    </message>
    <message id="m0005" participant="138112" time="2013-05-14 21:38:20 UTC">
      <body>Leh mesh bashofak</body>
    </message>
    <message id="m0006" participant="138327" time="2013-05-14 21:40:58 UTC">
      <body>Mesh bagy school keteer</body>
    </message>
    <message id="m0007" participant="138327" time="2013-05-14 21:41:04 UTC">
      <body>I miss you fash55 walahii</body>
    </message>
    <message id="m0008" participant="138112" time="2013-05-14 21:41:56 UTC">
      <body>Wana walahi</body>
    </message>
    <message id="m0009" participant="138112" time="2013-05-14 21:41:59 UTC">
      <body>3amel eh</body>
    </message>
    <message id="m0010" participant="138327" time="2013-05-14 21:42:30 UTC">
      <body>Kois el7 mafshoo5 moz*kra</body>
    </message>
    <message id="m0011" participant="138327" time="2013-05-14 21:42:35 UTC">
      <body>Mozakra</body>
    </message>
    <message id="m0012" participant="138327" time="2013-05-14 21:42:36 UTC">
      <body>Wenty</body>
    </message>
    <message id="m0013" participant="138112" time="2013-05-14 21:42:42 UTC">
      <body>Kwayes :D</body>
    </message>
    <message id="m0014" participant="138112" time="2013-05-14 21:42:53 UTC">
      <body>Ana mafshoo5a 7ya</body>
    </message>
    <message id="m0015" participant="138327" time="2013-05-14 21:43:12 UTC">
      <body>3awez ashofek walahii</body>
    </message>
    <message id="m0016" participant="138112" time="2013-05-14 21:43:45 UTC">
      <body>Ana kamannnnn</body>
    </message>
  </messages>
</conversation>
