<?xml version="1.0" encoding="UTF-8"?>
<conversation id="CHT_ARZ_20130312.0006" medium="CHT" donated="true">
  <messages>
    <message id="m0000" time="2013-03-12 23:18:00 UTC" participant="139574">
      <body>Sara 7bbty</body>
    </message>
    <message id="m0001" time="2013-03-12 23:18:00 UTC" participant="139574">
      <body>3mla eh now</body>
    </message>
    <message id="m0002" time="2013-03-12 23:18:00 UTC" participant="139574">
      <body>Alf salama 3aleky bgd</body>
    </message>
    <message id="m0003" time="2013-03-12 23:18:00 UTC" participant="139275">
      <body>انا كويسة يا حبيبتى :)))</body>
    </message>
    <message id="m0004" time="2013-03-12 23:18:00 UTC" participant="139275">
      <body>يا بنتى بسيطة</body>
    </message>
    <message id="m0005" time="2013-03-12 23:18:00 UTC" participant="139275">
      <body>العادي يعنى</body>
    </message>
    <message id="m0006" time="2013-03-12 23:18:00 UTC" participant="139574">
      <body>:))</body>
    </message>
    <message id="m0007" time="2013-03-12 23:19:00 UTC" participant="139574">
      <body>Rabna y2weeky w y2weena  :)</body>
    </message>
    <message id="m0008" time="2013-03-12 23:20:00 UTC" participant="139275">
      <body>آمين</body>
    </message>
    <message id="m0009" time="2013-03-12 23:20:00 UTC" participant="139275">
      <body>عملتوا ايه في ابيريزينتيشن ؟</body>
    </message>
    <message id="m0010" time="2013-03-12 23:21:00 UTC" participant="139574">
      <body>Respiratoryy??</body>
    </message>
    <message id="m0011" time="2013-03-12 23:21:00 UTC" participant="139574">
      <body>3gbt el dr el 7dl :))</body>
    </message>
    <message id="m0012" time="2013-03-12 23:22:00 UTC" participant="139275">
      <body>طب الحمد لله</body>
    </message>
    <message id="m0013" time="2013-03-12 23:22:00 UTC" participant="139275">
      <body>ابعتيها ع الجروب بأة</body>
    </message>
    <message id="m0014" time="2013-03-12 23:22:00 UTC" participant="139275">
      <body>عايزة لعرف لاقيتوا داتا ولا لأ :D</body>
    </message>
    <message id="m0015" time="2013-03-12 23:30:00 UTC" participant="139574">
      <body>Ok we will bs nl5sha shwaya 3shan matd5adosh :D</body>
    </message>
    <message id="m0016" time="2013-03-12 23:31:00 UTC" participant="139275">
      <body>مش من شوية ماكنتوش لاقيين داتا اصلا ؟</body>
    </message>
  </messages>
</conversation>
