<?xml version="1.0" encoding="UTF-8"?>
<conversation id="CHT_ARZ_20130516.0006" medium="CHT" donated="true">
  <messages>
    <message id="m0000" time="2013-05-16 17:09:05 UTC" participant="139275">
      <body>sonaaaaa</body>
    </message>
    <message id="m0001" time="2013-05-16 17:36:51 UTC" participant="139275">
      <body>ezayak ya basha</body>
    </message>
    <message id="m0002" time="2013-05-16 17:37:11 UTC" participant="139275">
      <body>kolna b7'er</body>
    </message>
    <message id="m0003" time="2013-05-16 17:37:17 UTC" participant="139275">
      <body>byslmo 3alek</body>
    </message>
    <message id="m0004" time="2013-05-16 17:37:56 UTC" participant="139275">
      <body>aked w eh a7'bar el exams?</body>
    </message>
    <message id="m0005" time="2013-05-16 17:38:36 UTC" participant="139275">
      <body>isA rbna m3ak ya rb</body>
    </message>
    <message id="m0006" time="2013-05-16 17:39:06 UTC" participant="139559">
      <body>Naniu</body>
    </message>
    <message id="m0007" time="2013-05-16 17:39:40 UTC" participant="139559">
      <body>3mla a w yahea w Mahmoud 3mlen a</body>
    </message>
    <message id="m0008" time="2013-05-16 17:40:04 UTC" participant="139559">
      <body>2na.  Kwaes al 7md l allah</body>
    </message>
    <message id="m0009" time="2013-05-16 17:40:25 UTC" participant="139559">
      <body>Slmely. 3lehom</body>
    </message>
    <message id="m0010" time="2013-05-16 17:40:59 UTC" participant="139559">
      <body>Htbda2 25 isaa</body>
    </message>
    <message id="m0011" time="2013-05-16 17:42:31 UTC" participant="139559">
      <body>Baky. Al 3a2la 3mla a w yahea kbar. Wla. Lsa</body>
    </message>
  </messages>
</conversation>
