<?xml version="1.0" encoding="UTF-8"?>
<conversation id="CHT_ARZ_20130326.0004" medium="CHT" donated="true">
  <messages>
    <message id="m0000" time="2013-03-26 19:05:50 UTC" participant="139275">
      <body>طمنيني عليكي</body>
    </message>
    <message id="m0001" time="2013-03-26 19:07:49 UTC" participant="139275">
      <body>ربنا معاكي يارب</body>
    </message>
    <message id="m0002" time="2013-03-26 19:08:00 UTC" participant="139275">
      <body>بتحسي بحركتها المهم؟</body>
    </message>
    <message id="m0003" time="2013-03-26 19:08:04 UTC" participant="139558">
      <body>حبيبتي طمنيني انت عليكي</body>
    </message>
    <message id="m0004" time="2013-03-26 19:08:32 UTC" participant="139558">
      <body>انا كويسة الحمد لله</body>
    </message>
    <message id="m0005" time="2013-03-26 19:08:45 UTC" participant="139275">
      <body>اطمني ان شاء الله خير</body>
    </message>
    <message id="m0006" time="2013-03-26 19:08:56 UTC" participant="139558">
      <body>مستنية معادي الجاي عند الدكتور اول أبريل</body>
    </message>
    <message id="m0007" time="2013-03-26 19:09:01 UTC" participant="139275">
      <body>رسيتوا علي اسم إن شاء الله؟</body>
    </message>
    <message id="m0008" time="2013-03-26 19:09:53 UTC" participant="139558">
      <body>امين يا رب</body>
    </message>
    <message id="m0009" time="2013-03-26 19:09:59 UTC" participant="139275">
      <body>كل يوم احسن الحمد لله</body>
    </message>
    <message id="m0010" time="2013-03-26 19:10:01 UTC" participant="139558">
      <body>اه الحمد لله</body>
    </message>
    <message id="m0011" time="2013-03-26 19:10:19 UTC" participant="139275">
      <body>بس طول الوقت حاسة اني هلكانة وتعبانة جدااا</body>
    </message>
    <message id="m0012" time="2013-03-26 19:10:37 UTC" participant="139558">
      <body>جرحك عامل ايه ؟</body>
    </message>
    <message id="m0013" time="2013-03-26 19:10:59 UTC" participant="139558">
      <body>بتتحركي كويس ولا لسة</body>
    </message>
    <message id="m0014" time="2013-03-26 19:11:04 UTC" participant="139558">
      <body>والله لسه</body>
    </message>
    <message id="m0015" time="2013-03-26 19:12:03 UTC" participant="139558">
      <body>الحمد لله</body>
    </message>
    <message id="m0016" time="2013-03-26 19:12:03 UTC" participant="139275">
      <body>والله فعلا الواحد مش عارف الخير فين</body>
    </message>
    <message id="m0017" time="2013-03-26 19:12:24 UTC" participant="139558">
      <body>شدي حيلك معلش</body>
    </message>
    <message id="m0018" time="2013-03-26 19:12:26 UTC" participant="139275">
      <body>وكمان جاية تسأليني دلوقتي </body>
    </message>
    <message id="m0019" time="2013-03-26 19:12:45 UTC" participant="139275">
      <body>طب استني شوية يختي اصلب طولي وارد عليكي</body>
    </message>
    <message id="m0020" time="2013-03-26 19:12:52 UTC" participant="139558">
      <body>يعني أتشجع واختار قيصري</body>
    </message>
    <message id="m0021" time="2013-03-26 19:12:56 UTC" participant="139558">
      <body>ولا ايه</body>
    </message>
    <message id="m0022" time="2013-03-26 19:14:24 UTC" participant="139275">
      <body>حساها علقة بس الحمد لله بتخف بالوقت يعني</body>
    </message>
    <message id="m0023" time="2013-03-26 19:14:36 UTC" participant="139275">
      <body>لكن الطبيعي الم يوم واحد</body>
    </message>
    <message id="m0024" time="2013-03-26 19:14:41 UTC" participant="139558">
      <body>اه بعد التجربة </body>
    </message>
    <message id="m0025" time="2013-03-26 19:14:51 UTC" participant="139275">
      <body>ًوالله ما عارفة فعلا</body>
    </message>
    <message id="m0026" time="2013-03-26 19:15:42 UTC" participant="139558">
      <body>طيب بعد يومين هسألك</body>
    </message>
    <message id="m0027" time="2013-03-26 19:15:43 UTC" participant="139275">
      <body>بس انا برضو لو خيروني حختار القيصري </body>
    </message>
    <message id="m0028" time="2013-03-26 19:16:15 UTC" participant="139558">
      <body>يا حبيبتي</body>
    </message>
    <message id="m0029" time="2013-03-26 19:16:31 UTC" participant="139558">
      <body>الله يقويكي يا رب</body>
    </message>
    <message id="m0030" time="2013-03-26 19:17:07 UTC" participant="139275">
      <body>عندكم كمان القيصري ان شاء الله حيكون اهون من عندي عشان مش بتطلعوا على طول من المستشفى</body>
    </message>
    <message id="m0031" time="2013-03-26 19:17:30 UTC" participant="139275">
      <body>والموضوع محتاج رعاية بعد العمليو</body>
    </message>
    <message id="m0032" time="2013-03-26 19:17:53 UTC" participant="139558">
      <body/>
    </message>
    <message id="m0033" time="2013-03-26 19:18:03 UTC" participant="139275">
      <body>كل ما تتوافر الدنيا يتكون اسهل ان شاء الله</body>
    </message>
    <message id="m0034" time="2013-03-26 19:18:42 UTC" participant="139558">
      <body>المهم البيبي عامل ايه</body>
    </message>
    <message id="m0035" time="2013-03-26 19:20:28 UTC" participant="139558">
      <body>الله يقويكي يا رب</body>
    </message>
  </messages>
</conversation>
