<?xml version="1.0" encoding="UTF-8"?>
<conversation id="CHT_ARZ_20121111.0001" medium="CHT" donated="true">
  <messages>
    <message id="m0000" participant="138314" time="2012-11-11 22:23:21 UTC">
      <body>I will give you the money youm el talat eza daf3ty cause i dont have any classes tom</body>
    </message>
    <message id="m0001" participant="138112" time="2012-11-11 22:25:18 UTC">
      <body>Okay eshta :*</body>
    </message>
    <message id="m0002" participant="138314" time="2012-11-11 22:25:43 UTC">
      <body>I am sorry 3ashan hat2a5r 3aleke bl floos ☺</body>
    </message>
    <message id="m0003" participant="138112" time="2012-11-11 22:26:23 UTC">
      <body>Eh 3ady haha :* :*</body>
    </message>
  </messages>
</conversation>
