<?xml version="1.0" encoding="UTF-8"?>
<conversation id="CHT_ARZ_20121206.0000" medium="CHT" donated="true">
  <messages>
    <message id="m0000" participant="138326" time="2012-12-06 14:19:11 UTC">
      <body>Yara</body>
    </message>
    <message id="m0001" participant="138112" time="2012-12-06 14:23:12 UTC">
      <body>Ahmed</body>
    </message>
    <message id="m0002" participant="138326" time="2012-12-06 14:24:12 UTC">
      <body>3amla eh ?</body>
    </message>
    <message id="m0003" participant="138112" time="2012-12-06 14:31:22 UTC">
      <body>Kwayesa el7, enta 3amel eh</body>
    </message>
    <message id="m0004" participant="138326" time="2012-12-06 14:32:19 UTC">
      <body>Tamam</body>
    </message>
    <message id="m0005" participant="138326" time="2012-12-06 14:32:26 UTC">
      <body>2a2olek 7aga</body>
    </message>
    <message id="m0006" participant="138112" time="2012-12-06 14:32:40 UTC">
      <body>Enta eh a5baral fel 2alaban da</body>
    </message>
    <message id="m0007" participant="138112" time="2012-12-06 14:32:44 UTC">
      <body>2oli 7aga</body>
    </message>
    <message id="m0011" participant="138112" time="2012-12-06 14:33:26 UTC">
      <body>Hat3mel eh b2a</body>
    </message>
    <message id="m0012" participant="138326" time="2012-12-06 14:33:36 UTC">
      <body>21</body>
    </message>
    <message id="m0013" participant="138112" time="2012-12-06 14:33:40 UTC">
      <body>Hatroo7 feen w el denya ma2looba kda</body>
    </message>
    <message id="m0014" participant="138112" time="2012-12-06 14:33:47 UTC">
      <body>Kebert</body>
    </message>
    <message id="m0015" participant="138112" time="2012-12-06 14:33:49 UTC">
      <body>Haha</body>
    </message>
    <message id="m0016" participant="138326" time="2012-12-06 14:34:03 UTC">
      <body>Mesh ha3mel 7aga :S</body>
    </message>
    <message id="m0017" participant="138112" time="2012-12-06 14:34:14 UTC">
      <body>Hahaha</body>
    </message>
    <message id="m0018" participant="138112" time="2012-12-06 14:34:16 UTC">
      <body>Leh</body>
    </message>
    <message id="m0019" participant="138326" time="2012-12-06 14:34:26 UTC">
      <body>Ashaby bay2olo 3amlen mofag2a Bas mesh 3arefha</body>
    </message>
    <message id="m0020" participant="138326" time="2012-12-06 14:34:34 UTC">
      <body>Ana ah kabert</body>
    </message>
    <message id="m0021" participant="138112" time="2012-12-06 14:34:50 UTC">
      <body>Ahh akeed haye3melolak 7aga</body>
    </message>
    <message id="m0022" participant="138326" time="2012-12-06 14:35:38 UTC">
      <body>Ah Bas mesh radyeen ya2olo</body>
    </message>
    <message id="m0023" participant="138326" time="2012-12-06 14:36:00 UTC">
      <body>Ana aroh atgawezz BA2a :D</body>
    </message>
    <message id="m0024" participant="138112" time="2012-12-06 15:51:50 UTC">
      <body>Hahahaha la2 lesa shwaya</body>
    </message>
    <message id="m0025" participant="138326" time="2012-12-06 15:52:14 UTC">
      <body>Hahahahaa</body>
    </message>
    <message id="m0026" participant="138326" time="2012-12-06 15:57:57 UTC">
      <body>Bet3mely eh</body>
    </message>
    <message id="m0028" participant="138112" time="2012-12-06 19:33:42 UTC">
      <body>Wala 7aga banam w bas7a</body>
    </message>
    <message id="m0030" participant="138326" time="2012-12-06 19:34:12 UTC">
      <body>Fel beit</body>
    </message>
    <message id="m0031" participant="138326" time="2012-12-06 19:34:19 UTC">
      <body>W lawahdy</body>
    </message>
    <message id="m0032" participant="138112" time="2012-12-06 19:34:23 UTC">
      <body>Lesa?</body>
    </message>
    <message id="m0033" participant="138112" time="2012-12-06 19:34:28 UTC">
      <body>O5rog</body>
    </message>
    <message id="m0034" participant="138326" time="2012-12-06 19:34:48 UTC">
      <body>MA3Aky ?</body>
    </message>
    <message id="m0036" participant="138112" time="2012-12-06 19:35:16 UTC">
      <body>Ana? Ya ret</body>
    </message>
    <message id="m0038" participant="138326" time="2012-12-06 19:35:46 UTC">
      <body>Akalemha 2a2olaha hakhod baly manek</body>
    </message>
    <message id="m0039" participant="138112" time="2012-12-06 19:36:08 UTC">
      <body>Howa 3ashan el balad msh ay 7aga Tanya</body>
    </message>
    <message id="m0040" participant="138326" time="2012-12-06 19:36:24 UTC">
      <body>Ma Ana fahem</body>
    </message>
    <message id="m0042" participant="138112" time="2012-12-06 19:36:39 UTC">
      <body>Zehe2t</body>
    </message>
    <message id="m0043" participant="138326" time="2012-12-06 19:36:47 UTC">
      <body>Ma3lesh</body>
    </message>
    <message id="m0044" participant="138326" time="2012-12-06 19:36:58 UTC">
      <body>Isa hatkon kwaysa</body>
    </message>
    <message id="m0045" participant="138112" time="2012-12-06 19:37:13 UTC">
      <body>Babaya hayegee this Tuesday!</body>
    </message>
    <message id="m0046" participant="138112" time="2012-12-06 19:37:20 UTC">
      <body>Nazel agaza</body>
    </message>
    <message id="m0047" participant="138326" time="2012-12-06 19:37:32 UTC">
      <body>Mabsouta ?</body>
    </message>
    <message id="m0048" participant="138112" time="2012-12-06 19:38:37 UTC">
      <body>Ahhh</body>
    </message>
    <message id="m0049" participant="138112" time="2012-12-06 19:38:48 UTC">
      <body>Bas 2a3ef shahr</body>
    </message>
    <message id="m0050" participant="138112" time="2012-12-06 19:38:56 UTC">
      <body>*2a3ed</body>
    </message>
    <message id="m0051" participant="138326" time="2012-12-06 19:38:57 UTC">
      <body>Ya rab tekony mabsouta 3alatol</body>
    </message>
    <message id="m0052" participant="138112" time="2012-12-06 19:39:10 UTC">
      <body>Haha yarab</body>
    </message>
    <message id="m0053" participant="138112" time="2012-12-06 19:39:13 UTC">
      <body>Bt3mel eh</body>
    </message>
    <message id="m0054" participant="138326" time="2012-12-06 19:39:28 UTC">
      <body>Wala ay 7aga</body>
    </message>
    <message id="m0055" participant="138326" time="2012-12-06 19:39:38 UTC">
      <body>Mesh 3aref maly</body>
    </message>
    <message id="m0056" participant="138112" time="2012-12-06 19:39:49 UTC">
      <body>So7abak hato5rog ma3ahom emta</body>
    </message>
    <message id="m0057" participant="138112" time="2012-12-06 19:39:53 UTC">
      <body>Malak?</body>
    </message>
    <message id="m0058" participant="138326" time="2012-12-06 19:40:06 UTC">
      <body>Mesh 3aref</body>
    </message>
    <message id="m0059" participant="138326" time="2012-12-06 19:40:18 UTC">
      <body>Malesh mazag A3Mel 7aga asln</body>
    </message>
    <message id="m0060" participant="138326" time="2012-12-06 19:40:52 UTC">
      <body>Elmafroud arohlohom Bas kol da BA2ol BA3s shwaya</body>
    </message>
    <message id="m0061" participant="138112" time="2012-12-06 19:41:50 UTC">
      <body>Ana 7asa beek bas eshta it's your birthday f o5rog w 5alas</body>
    </message>
    <message id="m0062" participant="138112" time="2012-12-06 19:41:57 UTC">
      <body>Yala 2ool elbes</body>
    </message>
    <message id="m0063" participant="138326" time="2012-12-06 19:42:23 UTC">
      <body>Mesh 2ader khales</body>
    </message>
    <message id="m0064" participant="138112" time="2012-12-06 19:43:01 UTC">
      <body>La2 2oom</body>
    </message>
    <message id="m0065" participant="138326" time="2012-12-06 19:43:06 UTC">
      <body>Ana hases en elnas kolohom fake :D</body>
    </message>
    <message id="m0066" participant="138112" time="2012-12-06 19:43:28 UTC">
      <body>Da 7a2i2y</body>
    </message>
    <message id="m0067" participant="138326" time="2012-12-06 19:43:40 UTC">
      <body>Ah</body>
    </message>
    <message id="m0069" participant="138112" time="2012-12-06 19:51:07 UTC">
      <body>Msh fahma haha</body>
    </message>
    <message id="m0071" participant="138112" time="2012-12-06 20:06:29 UTC">
      <body>Beta3t meen haha</body>
    </message>
    <message id="m0073" participant="138112" time="2012-12-06 20:11:23 UTC">
      <body>Hahaha msh 3araha</body>
    </message>
    <message id="m0074" participant="138112" time="2012-12-06 20:11:28 UTC">
      <body>*3arfaha</body>
    </message>
    <message id="m0075" participant="138112" time="2012-12-06 20:11:39 UTC">
      <body>2omt telbes wla lesa?</body>
    </message>
    <message id="m0076" participant="138326" time="2012-12-06 20:13:04 UTC">
      <body>Esma3eha</body>
    </message>
    <message id="m0077" participant="138326" time="2012-12-06 20:13:04 UTC">
      <body>Lessa :D</body>
    </message>
    <message id="m0078" participant="138112" time="2012-12-06 20:13:15 UTC">
      <body>Mestani ehh yala</body>
    </message>
    <message id="m0079" participant="138112" time="2012-12-06 20:13:20 UTC">
      <body>So7abak are waiting</body>
    </message>
    <message id="m0080" participant="138326" time="2012-12-06 20:13:36 UTC">
      <body>Ma ha2om :D</body>
    </message>
    <message id="m0081" participant="138112" time="2012-12-06 20:14:27 UTC">
      <body>Yala tayeb haha</body>
    </message>
    <message id="m0082" participant="138326" time="2012-12-06 20:14:59 UTC">
      <body>Enty betrohy fein kol shwaya :D</body>
    </message>
    <message id="m0083" participant="138112" time="2012-12-06 20:15:11 UTC">
      <body>Ba3mel shopping</body>
    </message>
    <message id="m0084" participant="138326" time="2012-12-06 20:15:47 UTC">
      <body>W enty fel beit :D</body>
    </message>
    <message id="m0087" participant="138326" time="2012-12-06 20:16:19 UTC">
      <body>Hahahaha amazon !</body>
    </message>
    <message id="m0088" participant="138112" time="2012-12-06 20:16:51 UTC">
      <body>La2 haha</body>
    </message>
    <message id="m0089" participant="138112" time="2012-12-06 20:16:55 UTC">
      <body>&lt;media omitted&gt;</body>
    </message>
    <message id="m0090" participant="138326" time="2012-12-06 20:17:45 UTC">
      <body>Helw :D</body>
    </message>
    <message id="m0091" participant="138112" time="2012-12-06 20:18:00 UTC">
      <body>Ahh haha</body>
    </message>
    <message id="m0092" participant="138326" time="2012-12-06 20:21:47 UTC">
      <body>Haahahaha fadya walahy</body>
    </message>
    <message id="m0093" participant="138112" time="2012-12-06 20:21:57 UTC">
      <body>Ahhh awiiii</body>
    </message>
    <message id="m0094" participant="138326" time="2012-12-06 20:23:08 UTC">
      <body>Tayeb 2oltelek lama tekony fadya 2olely :D</body>
    </message>
    <message id="m0095" participant="138112" time="2012-12-06 21:16:47 UTC">
      <body>Fel 2alaban da!!!</body>
    </message>
    <message id="m0096" participant="138326" time="2012-12-06 21:23:09 UTC">
      <body>Hahaha la2 etkalemy ma3aya 3al 2a2Al :d</body>
    </message>
    <message id="m0097" participant="138112" time="2012-12-06 21:23:38 UTC">
      <body>Aho batkalem!!</body>
    </message>
    <message id="m0098" participant="138326" time="2012-12-06 21:24:14 UTC">
      <body>Ah shofty :p</body>
    </message>
    <message id="m0100" participant="138112" time="2012-12-06 21:27:32 UTC">
      <body>Nezelt</body>
    </message>
    <message id="m0101" participant="138326" time="2012-12-06 21:29:21 UTC">
      <body>La2 :D</body>
    </message>
    <message id="m0102" participant="138112" time="2012-12-06 21:29:46 UTC">
      <body>Matkalemnish 3'er lma tenzel</body>
    </message>
    <message id="m0103" participant="138326" time="2012-12-06 21:32:42 UTC">
      <body>Ma Ana mesh hanzel</body>
    </message>
    <message id="m0104" participant="138326" time="2012-12-06 21:32:42 UTC">
      <body>W 3aiz akalemek bardo</body>
    </message>
    <message id="m0105" participant="138326" time="2012-12-06 21:33:36 UTC">
      <body>Yaraaaaaa</body>
    </message>
    <message id="m0106" participant="138112" time="2012-12-06 21:34:40 UTC">
      <body>Mesh hatenzel leh ya3ni</body>
    </message>
    <message id="m0107" participant="138326" time="2012-12-06 21:36:04 UTC">
      <body>Walahy malesh mazag w mesh 2ader</body>
    </message>
    <message id="m0108" participant="138112" time="2012-12-06 21:52:07 UTC">
      <body>La2 enzel</body>
    </message>
    <message id="m0109" participant="138326" time="2012-12-06 21:57:25 UTC">
      <body>Nazelt :D</body>
    </message>
    <message id="m0110" participant="138112" time="2012-12-06 22:17:18 UTC">
      <body>Feen!:)</body>
    </message>
    <message id="m0112" participant="138326" time="2012-12-06 22:24:05 UTC">
      <body>Zamalek</body>
    </message>
    <message id="m0113" participant="138112" time="2012-12-06 22:25:37 UTC">
      <body>Mmm</body>
    </message>
    <message id="m0114" participant="138326" time="2012-12-06 22:26:11 UTC">
      <body>Hahahaha</body>
    </message>
    <message id="m0115" participant="138326" time="2012-12-06 22:26:47 UTC">
      <body>kalemony keteir fa kan lazem arouh</body>
    </message>
    <message id="m0116" participant="138112" time="2012-12-06 22:26:59 UTC">
      <body>Kwayes!!</body>
    </message>
    <message id="m0117" participant="138326" time="2012-12-06 22:28:14 UTC">
      <body>Ah w kaman kan fee wahda sahbety bet2oly kol shwaya enzel :P</body>
    </message>
    <message id="m0118" participant="138112" time="2012-12-06 22:28:26 UTC">
      <body>Hahaha kwayes kwayes</body>
    </message>
    <message id="m0120" participant="138326" time="2012-12-07 16:08:46 UTC">
      <body>3amla eh ?</body>
    </message>
    <message id="m0121" participant="138112" time="2012-12-07 16:13:40 UTC">
      <body>Kwayesa enta 3amel eh</body>
    </message>
    <message id="m0122" participant="138326" time="2012-12-07 16:14:19 UTC">
      <body>Tamam</body>
    </message>
    <message id="m0123" participant="138326" time="2012-12-07 17:13:39 UTC">
      <body>Bet3mely eh</body>
    </message>
    <message id="m0124" participant="138112" time="2012-12-07 17:27:31 UTC">
      <body>Bakol 3and ahl Yomna</body>
    </message>
    <message id="m0125" participant="138326" time="2012-12-07 17:27:55 UTC">
      <body>Hahaha mashy</body>
    </message>
    <message id="m0126" participant="138112" time="2012-12-07 17:28:51 UTC">
      <body>Enta?</body>
    </message>
    <message id="m0127" participant="138326" time="2012-12-07 17:29:26 UTC">
      <body>Fel beit</body>
    </message>
    <message id="m0128" participant="138112" time="2012-12-07 17:29:34 UTC">
      <body>Bt3mel eh</body>
    </message>
    <message id="m0129" participant="138326" time="2012-12-07 17:29:55 UTC">
      <body>Wala 7aga mestany el2akl</body>
    </message>
    <message id="m0130" participant="138112" time="2012-12-07 17:30:19 UTC">
      <body>Akl eh?</body>
    </message>
    <message id="m0131" participant="138326" time="2012-12-07 17:30:37 UTC">
      <body>Okhty bet3melo :D</body>
    </message>
    <message id="m0132" participant="138112" time="2012-12-07 17:31:11 UTC">
      <body>Akl ehhhh b2a haha</body>
    </message>
    <message id="m0133" participant="138326" time="2012-12-07 17:31:37 UTC">
      <body>Kobeba w MAHshy w 7aga keda mesh 3arefha</body>
    </message>
    <message id="m0134" participant="138326" time="2012-12-07 17:31:48 UTC">
      <body>Bas mesh heya ely 3amlah</body>
    </message>
    <message id="m0135" participant="138326" time="2012-12-07 17:32:06 UTC">
      <body>Heya bet7oto 3al Nar Bas</body>
    </message>
    <message id="m0136" participant="138326" time="2012-12-07 17:32:30 UTC">
      <body>Ta3aly et3'ady ma3ana</body>
    </message>
    <message id="m0137" participant="138112" time="2012-12-07 17:34:38 UTC">
      <body>Hahahaha</body>
    </message>
    <message id="m0138" participant="138112" time="2012-12-07 17:34:48 UTC">
      <body>Ana kalt 5alas keteeeeeeer</body>
    </message>
    <message id="m0139" participant="138326" time="2012-12-07 17:35:22 UTC">
      <body>Hahaha tayeb hayakly 3andena emta</body>
    </message>
    <message id="m0140" participant="138326" time="2012-12-07 17:35:29 UTC">
      <body>Hatakly *</body>
    </message>
    <message id="m0141" participant="138112" time="2012-12-07 17:36:05 UTC">
      <body>Mesh 3arfa haha</body>
    </message>
    <message id="m0142" participant="138326" time="2012-12-07 17:38:11 UTC">
      <body>Mamtek ma3aky !</body>
    </message>
    <message id="m0144" participant="138326" time="2012-12-07 17:43:05 UTC">
      <body>Hatenzelo ?</body>
    </message>
    <message id="m0145" participant="138112" time="2012-12-07 18:17:43 UTC">
      <body>La2!</body>
    </message>
  </messages>
</conversation>
