<?xml version="1.0" encoding="UTF-8"?>
<conversation id="CHT_ARZ_20130324.0000" medium="CHT" donated="true">
  <messages>
    <message id="m0000" participant="138319" time="2013-03-24 11:20:07 UTC">
      <body>Yaraa :* m3lsh lama kalmtini kont fy lecture ha5ls wa aklmk</body>
    </message>
    <message id="m0001" participant="138112" time="2013-03-24 11:26:14 UTC">
      <body>Hahaha sorry mashy :*</body>
    </message>
    <message id="m0002" participant="138112" time="2013-03-24 21:24:20 UTC">
      <body>Esta5dem el TCP badal wifi</body>
    </message>
    <message id="m0003" participant="138112" time="2013-03-24 21:24:41 UTC">
      <body>W el configure 5aliha manually</body>
    </message>
    <message id="m0004" participant="138112" time="2013-03-24 21:25:41 UTC">
      <body>W 5osh 3la el wifi el 3la mobilak w en2l el IP address w subnet mask w router number</body>
    </message>
    <message id="m0006" participant="138319" time="2013-03-24 21:32:52 UTC">
      <body>Dy el problem el 3ndy</body>
    </message>
    <message id="m0007" participant="138112" time="2013-03-24 21:34:05 UTC">
      <body>Lazem Agee 3andak</body>
    </message>
    <message id="m0008" participant="138112" time="2013-03-24 21:34:20 UTC">
      <body>Mashy?</body>
    </message>
    <message id="m0009" participant="138319" time="2013-03-24 21:35:25 UTC">
      <body>Tigy fan :D</body>
    </message>
    <message id="m0010" participant="138112" time="2013-03-24 21:35:52 UTC">
      <body>El beet</body>
    </message>
    <message id="m0011" participant="138112" time="2013-03-24 21:36:03 UTC">
      <body>Badal mat2oli tetfadali</body>
    </message>
    <message id="m0012" participant="138112" time="2013-03-24 21:36:08 UTC">
      <body>Mashy ya Andrew</body>
    </message>
    <message id="m0013" participant="138319" time="2013-03-24 21:36:25 UTC">
      <body>Hahahahahaha bahzrr :D</body>
    </message>
    <message id="m0015" participant="138112" time="2013-03-24 21:37:18 UTC">
      <body>Mashy hab2a ageelak b2a f yom</body>
    </message>
    <message id="m0016" participant="138112" time="2013-03-24 21:37:27 UTC">
      <body>Hahaha :*</body>
    </message>
    <message id="m0017" participant="138319" time="2013-03-24 21:38:07 UTC">
      <body>:*</body>
    </message>
  </messages>
</conversation>
