<?xml version="1.0" encoding="UTF-8"?>
<conversation id="CHT_ARZ_20120703.0002" medium="CHT" donated="true">
  <messages>
    <message id="m0000" time="2012-07-03 10:11:05 UTC" participant="139275">
      <body>rel..mt3rfesh turky taklf kam?</body>
    </message>
    <message id="m0001" time="2012-07-03 11:19:15 UTC" participant="139566">
      <body>El tkalef hnak a7sbhalk w a2olk</body>
    </message>
    <message id="m0002" time="2012-07-03 11:19:39 UTC" participant="139275">
      <body>tab de eqama w zyarat wala eh bzabt?</body>
    </message>
    <message id="m0003" time="2012-07-03 11:27:49 UTC" participant="139275">
      <body>tl3to tb3 sherka ya rel?</body>
    </message>
    <message id="m0004" time="2012-07-03 11:27:52 UTC" participant="139566">
      <body>El mzarat fe tickets b 10 lira w tickets b 20 y3ni lw ro7t 5ms 7agat momkn 100 lira lel frd x 2 = 200</body>
    </message>
    <message id="m0005" time="2012-07-03 11:29:41 UTC" participant="139275">
      <body>aked</body>
    </message>
    <message id="m0006" time="2012-07-03 11:29:59 UTC" participant="139275">
      <body>3shan el shopping</body>
    </message>
    <message id="m0007" time="2012-07-03 11:30:00 UTC" participant="139566">
      <body>Yes tl3naa m3 sherka bs m3mlnash el program bta3hom l2no 3'aly w b le dollar</body>
    </message>
    <message id="m0008" time="2012-07-03 11:34:38 UTC" participant="139275">
      <body>rbna yeshl</body>
    </message>
    <message id="m0009" time="2012-07-03 11:35:04 UTC" participant="139275">
      <body>ana bs b7awel ash3'l dma3'y bay 7aga 7elwa :)</body>
    </message>
    <message id="m0010" time="2012-07-03 11:38:34 UTC" participant="139566">
      <body>Isa enty w ma7mod tmsko ed b3d l7d ma t3do mn el azma de w ymkn tkono arbto mn b3d aktr kman</body>
    </message>
    <message id="m0011" time="2012-07-03 11:39:56 UTC" participant="139566">
      <body>Ana dayman ba2ol rbna bystgeb ay do3a2 w talma el mawdo3 atysr lel 5ames el gay yb2a hoa da el 5er w lw atysrlko sfr l ay 7ta yb2a rbna katblko shoit enbsat ... Etc</body>
    </message>
    <message id="m0012" time="2012-07-03 11:41:03 UTC" participant="139275">
      <body>isa bgd</body>
    </message>
    <message id="m0013" time="2012-07-03 11:41:27 UTC" participant="139275">
      <body>bgd ma7moud yestahel</body>
    </message>
    <message id="m0014" time="2012-07-03 11:41:48 UTC" participant="139275">
      <body>w ana edet le nfsy w loh wa3d ene as3do</body>
    </message>
    <message id="m0015" time="2012-07-03 11:42:07 UTC" participant="139275">
      <body>3shan howa shaf kter 7ata 2abl ma ye3rfny</body>
    </message>
    <message id="m0016" time="2012-07-03 11:43:48 UTC" participant="139275">
      <body>w kan 3ayz yetgwez 3shan yefr7</body>
    </message>
    <message id="m0017" time="2012-07-03 11:43:59 UTC" participant="139566">
      <body>Hoa f3lan rbna leh 7kma w a5tar ma7mod bel zat f el mawkf da l2no y2dr 3alih w l2n wgoda hnak 7aysa3dk enty sha5sian , w ento el 2 test72o tfr7o</body>
    </message>
    <message id="m0018" time="2012-07-03 11:44:07 UTC" participant="139275">
      <body>w howa asln ensan bgd msa 3aleh</body>
    </message>
    <message id="m0019" time="2012-07-03 11:44:30 UTC" participant="139566">
      <body>W zay ma b2olk sob7an Allah ymkn el mawdo3 da arbko aktr w 5la benko rabt gded</body>
    </message>
    <message id="m0020" time="2012-07-03 11:44:32 UTC" participant="139275">
      <body>ya mohawen</body>
    </message>
    <message id="m0021" time="2012-07-03 11:44:45 UTC" participant="139275">
      <body>aked tb3an</body>
    </message>
    <message id="m0022" time="2012-07-03 11:45:04 UTC" participant="139275">
      <body>w howa kan dyman byz33li w ye2sa 3alya lw medya2</body>
    </message>
    <message id="m0023" time="2012-07-03 11:45:12 UTC" participant="139275">
      <body>delwa2ty ba2a ahda</body>
    </message>
    <message id="m0024" time="2012-07-03 11:45:28 UTC" participant="139275">
      <body>w fahm 7agat kter lma da7'l betna</body>
    </message>
    <message id="m0025" time="2012-07-03 11:45:47 UTC" participant="139275">
      <body>w 2da m3ana ayam twela fe 3ez elazma</body>
    </message>
    <message id="m0026" time="2012-07-03 11:46:28 UTC" participant="139275">
      <body>ana sure en lw kan odmna million e7'tyar kona 7n7'tar ale 7asl</body>
    </message>
    <message id="m0027" time="2012-07-03 11:46:35 UTC" participant="139275">
      <body>3shan da a7sn 7aga</body>
    </message>
    <message id="m0028" time="2012-07-03 11:46:51 UTC" participant="139566">
      <body>F kol azma fe 7d bymsk ayd 7d w y3deh mnha el 7amdolelah en ento 7at3do b3d mn el m7na de</body>
    </message>
    <message id="m0029" time="2012-07-03 11:47:15 UTC" participant="139566">
      <body>Belzabt wlahy w n3ma b Allah f3lan</body>
    </message>
    <message id="m0030" time="2012-07-03 11:48:11 UTC" participant="139275">
      <body>w kaman bgd kol mara kont ahh ba2ol kolna 7anmot w el mot mesh ba3ed</body>
    </message>
    <message id="m0031" time="2012-07-03 11:48:42 UTC" participant="139275">
      <body>bs el mara de bgd..mn gwaya awe ayqnt bl 7a2e2a de</body>
    </message>
    <message id="m0032" time="2012-07-03 11:48:45 UTC" participant="139566">
      <body>Isa rbna 7yhwn 3aliko kolko w e7na b mo5na el baset 7nfhm el 7kma f yomm n el ayam mn kol 7aga bt7sl lw 2drna nfhmha</body>
    </message>
    <message id="m0033" time="2012-07-03 11:49:39 UTC" participant="139275">
      <body>w ba2et afkr ana odam rbna 73ml eh w el nas 7tftkrny beh ba3d ma amot isa</body>
    </message>
    <message id="m0034" time="2012-07-03 11:49:42 UTC" participant="139566">
      <body>Enty tb3an 3arfa el 7ades bta3 lw ragel 3ndo bnat w a7sn trbethom</body>
    </message>
    <message id="m0036" time="2012-07-03 11:50:36 UTC" participant="139275">
      <body>wallhy eftkrt el 7ewar da</body>
    </message>
    <message id="m0037" time="2012-07-03 11:50:43 UTC" participant="139566">
      <body>W rbna sob7anoh a5tar 3mo f3lan lma 5ls rsalto tmaman 3shan ybd2 7aia f mkan la y5tor 3la kllb bshr b3d ma 5ls doro 3 el ard</body>
    </message>
    <message id="m0038" time="2012-07-03 11:56:59 UTC" participant="139275">
      <body>ya rab</body>
    </message>
    <message id="m0039" time="2012-07-03 11:57:15 UTC" participant="139275">
      <body>wallhy fadl baba mbnsh 3'er b3d wafato</body>
    </message>
    <message id="m0040" time="2012-07-03 11:57:33 UTC" participant="139275">
      <body>7asena en bgd mesh na2sna 7aga el 7amdo lrallah</body>
    </message>
    <message id="m0041" time="2012-07-03 11:58:09 UTC" participant="139275">
      <body>w sa3dna kolna l7d ma etgwezna nas kowyesa el 7amdo leallah</body>
    </message>
    <message id="m0042" time="2012-07-03 11:58:27 UTC" participant="139275">
      <body>w et3lmna w etfwaqna</body>
    </message>
    <message id="m0043" time="2012-07-03 11:58:45 UTC" participant="139275">
      <body>w rabna 3ala 7agat 7elwa w 7'alana n7b el nas bgd</body>
    </message>
    <message id="m0044" time="2012-07-03 11:58:53 UTC" participant="139275">
      <body>w sa3dtna mn sa3dthom</body>
    </message>
    <message id="m0045" time="2012-07-03 11:59:57 UTC" participant="139566">
      <body>Yala ana 7aro7 a2ra l 3mo swret yasin</body>
    </message>
    <message id="m0046" time="2012-07-03 12:00:03 UTC" participant="139275">
      <body>:)</body>
    </message>
    <message id="m0047" time="2012-07-03 12:00:24 UTC" participant="139275">
      <body>rbna m3aki w mshofkesh fe 7aga we7sha abdn</body>
    </message>
    <message id="m0048" time="2012-07-03 12:00:26 UTC" participant="139275">
      <body>salam</body>
    </message>
    <message id="m0049" time="2012-07-03 12:22:46 UTC" participant="139566">
      <body>Bosy el re7la nafsha lel frd momkn 3000 aw 3200 mthlan</body>
    </message>
    <message id="m0050" time="2012-07-03 12:24:13 UTC" participant="139566">
      <body>Y3ni lw mwaslat w akl w tickets bs msh 7atb2a over talma msh 7at3mly shopping</body>
    </message>
    <message id="m0051" time="2012-07-03 12:24:30 UTC" participant="139566">
      <body>Esnty kda w arod 3aliki</body>
    </message>
    <message id="m0052" time="2012-07-03 12:28:32 UTC" participant="139275">
      <body>20 lira x 7 ayam = 140</body>
    </message>
    <message id="m0053" time="2012-07-03 12:30:46 UTC" participant="139566">
      <body>El akl 15 l 25 lira f el yom 7sb gwdt el mt3m w 7taklo kam wagba ana sha5sian kont bakol mra wa7da mn ay m7l shawrma aw 7aga w bshrb tol el yom w momkn a7ly b 7aga belyl , f lw 2olna mtwst 20 lira x sha5sen x 7 days = 280</body>
    </message>
    <message id="m0054" time="2012-07-03 12:33:36 UTC" participant="139566">
      <body>L7d now 600 lira x 4 gneh = 2400 y3ni w tb3an ta5do m3ako extra</body>
    </message>
    <message id="m0055" time="2012-07-03 12:34:59 UTC" participant="139566">
      <body>Enty lw nawety 2olely w 7a2olk tgeby kol 7aga mnen w tro7y fen kol yom</body>
    </message>
    <message id="m0056" time="2012-07-03 12:35:49 UTC" participant="139566">
      <body>Ana nzlt f 7ta esmha aksray bs sra7a lw nzlty taksim yb2a a7san 3shan btshr bs taksim btb2a a3'la</body>
    </message>
    <message id="m0057" time="2012-07-03 12:40:30 UTC" participant="139566">
      <body>Aiwa keep doing that u will gain nothing if u went to a dark place</body>
    </message>
    <message id="m0058" time="2012-07-03 12:41:00 UTC" participant="139566">
      <body>W am sure 3mo Allah yr7mo bgd 7yrta7 yom el 5ames after u get married</body>
    </message>
    <message id="m0059" time="2012-07-03 12:41:38 UTC" participant="139566">
      <body>W enty bt2sesy new life lazm to do ur best enk t5leha 7elwa</body>
    </message>
    <message id="m0060" time="2012-07-03 12:42:05 UTC" participant="139566">
      <body>M7dsh mna 3arf gwaky eh w ely bt3mleh da shaga3a kbera f3lan</body>
    </message>
    <message id="m0061" time="2012-07-03 12:56:12 UTC" participant="139566">
      <body>Ana fakra en lma tita matet 23dt a2ra 3n 7iat el brz5 ely hia ben el mot w el b3s</body>
    </message>
    <message id="m0062" time="2012-07-03 12:56:27 UTC" participant="139566">
      <body>W mn sa3tha w ana b7sd ay 7d bymot</body>
    </message>
    <message id="m0063" time="2012-07-03 12:57:24 UTC" participant="139566">
      <body>T5ayly asrar el kon kolha btnft7 lehom by3rfo mntk el 7iwanat w lo3'thom 7ta ay lo3'a 3 el ard by3rfoha</body>
    </message>
    <message id="m0064" time="2012-07-03 12:58:10 UTC" participant="139566">
      <body>W mahma arena f3lan ma la y5tor 3la klb bshr w f3lan bel nsba lihom el wa2t da kolo byb2a mogrd sa3a</body>
    </message>
    <message id="m0065" time="2012-07-03 12:58:55 UTC" participant="139566">
      <body>W f3lan do3a2na bywslhom w ana kont b2ra l tita w 3my el fat7a b3d kol sala w en2t3t gatly tita f el 7lm ka2nha btfkrny</body>
    </message>
    <message id="m0066" time="2012-07-03 12:59:34 UTC" participant="139566">
      <body>Wlahy hdytk lih tkony a7sn ansan t2dry tkoneh l7d ma rbna ygm3ko 3la 5er</body>
    </message>
    <message id="m0067" time="2012-07-03 13:04:02 UTC" participant="139566">
      <body>El 7amdolelah w el 7amdolelah eno adr y5ls rsalto msh kol el nas kda</body>
    </message>
    <message id="m0068" time="2012-07-03 13:05:05 UTC" participant="139566">
      <body>Slam</body>
    </message>
  </messages>
</conversation>
