<?xml version="1.0" encoding="UTF-8"?>
<conversation id="CHT_ARZ_20130316.0004" medium="CHT" donated="true">
  <messages>
    <message id="m0001" time="2013-03-16 23:06:32 UTC" participant="139134">
      <body>nenzl roastry at 7</body>
    </message>
    <message id="m0002" time="2013-03-16 23:06:40 UTC" participant="139134">
      <body>ehna kolena</body>
    </message>
    <message id="m0003" time="2013-03-16 23:06:50 UTC" participant="139134">
      <body>yalla say yess</body>
    </message>
    <message id="m0004" time="2013-03-16 23:18:16 UTC" participant="139586">
      <body>Mabda2yan ok</body>
    </message>
    <message id="m0006" time="2013-03-16 23:18:37 UTC" participant="139134">
      <body>tb zbty wth the girls</body>
    </message>
    <message id="m0007" time="2013-03-16 23:18:53 UTC" participant="139586">
      <body>Enty bokra eh nzamwk</body>
    </message>
    <message id="m0008" time="2013-03-16 23:19:10 UTC" participant="139134">
      <body>yy</body>
    </message>
    <message id="m0009" time="2013-03-16 23:19:20 UTC" participant="139586">
      <body>Nenzl kolena bokra</body>
    </message>
    <message id="m0010" time="2013-03-16 23:19:30 UTC" participant="139134">
      <body>bdAk tues ?!</body>
    </message>
    <message id="m0011" time="2013-03-16 23:19:30 UTC" participant="139586">
      <body>Ashan kaza 7ad agaza</body>
    </message>
    <message id="m0012" time="2013-03-16 23:19:35 UTC" participant="139586">
      <body>Yess</body>
    </message>
    <message id="m0013" time="2013-03-16 23:20:01 UTC" participant="139134">
      <body>okk helw</body>
    </message>
    <message id="m0014" time="2013-03-16 23:20:08 UTC" participant="139134">
      <body>roastry</body>
    </message>
    <message id="m0015" time="2013-03-16 23:20:19 UTC" participant="139586">
      <body>Ha2olhm wa2olek okk</body>
    </message>
    <message id="m0016" time="2013-03-16 23:20:29 UTC" participant="139586">
      <body>Ana eshta ay 7aga</body>
    </message>
    <message id="m0017" time="2013-03-16 23:20:40 UTC" participant="139586">
      <body>Is this ur new number wala eh?</body>
    </message>
    <message id="m0018" time="2013-03-16 23:21:09 UTC" participant="139134">
      <body>okkk</body>
    </message>
    <message id="m0019" time="2013-03-16 23:21:15 UTC" participant="139134">
      <body>aave it</body>
    </message>
    <message id="m0020" time="2013-03-16 23:22:14 UTC" participant="139586">
      <body>Okki</body>
    </message>
  </messages>
</conversation>
