<?xml version="1.0" encoding="UTF-8"?>
<conversation id="CHT_ARZ_20130301.0002" medium="CHT" donated="true">
  <messages>
    <message id="m0000" participant="138329" time="2013-03-01 09:18:38 UTC">
      <body>3amalty eih embar7</body>
    </message>
    <message id="m0001" participant="138112" time="2013-03-01 09:42:16 UTC">
      <body>5aragt m3a mami</body>
    </message>
    <message id="m0002" participant="138112" time="2013-03-01 09:42:25 UTC">
      <body>W enta</body>
    </message>
    <message id="m0003" participant="138329" time="2013-03-01 12:01:00 UTC">
      <body>wala haga ro7t tagamo3</body>
    </message>
    <message id="m0004" participant="138112" time="2013-03-01 14:51:59 UTC">
      <body>Mmmm</body>
    </message>
    <message id="m0005" participant="138329" time="2013-03-01 19:10:09 UTC">
      <body>ray7a bokra</body>
    </message>
    <message id="m0006" participant="138112" time="2013-03-01 19:11:01 UTC">
      <body>La2 enta rayeh</body>
    </message>
    <message id="m0007" participant="138329" time="2013-03-01 19:12:05 UTC">
      <body>ahhh</body>
    </message>
    <message id="m0008" participant="138112" time="2013-03-01 19:12:23 UTC">
      <body>Leh? Mafish quiz physics ma7adsh rayeh</body>
    </message>
    <message id="m0009" participant="138329" time="2013-03-01 19:12:53 UTC">
      <body>aywa w an2as daragat lea</body>
    </message>
    <message id="m0010" participant="138329" time="2013-03-01 19:12:55 UTC">
      <body>fakis</body>
    </message>
    <message id="m0011" participant="138112" time="2013-03-01 21:26:06 UTC">
      <body>Msh arfa</body>
    </message>
    <message id="m0012" participant="138112" time="2013-03-01 21:26:17 UTC">
      <body>Bt3ml eh</body>
    </message>
    <message id="m0013" participant="138329" time="2013-03-01 21:26:49 UTC">
      <body>wala hga kont fe 3oraby</body>
    </message>
    <message id="m0014" participant="138329" time="2013-03-01 21:26:57 UTC">
      <body>w lesa rag3</body>
    </message>
    <message id="m0015" participant="138329" time="2013-03-01 21:27:03 UTC">
      <body>wenty</body>
    </message>
    <message id="m0016" participant="138112" time="2013-03-01 21:29:52 UTC">
      <body>Ana f oasis</body>
    </message>
    <message id="m0017" participant="138329" time="2013-03-01 21:33:31 UTC">
      <body>m3 meeen</body>
    </message>
    <message id="m0018" participant="138112" time="2013-03-01 22:35:43 UTC">
      <body>So7abi</body>
    </message>
    <message id="m0019" participant="138329" time="2013-03-01 23:03:21 UTC">
      <body>mm</body>
    </message>
    <message id="m0020" participant="138112" time="2013-03-01 23:42:31 UTC">
      <body>Lesa hatrooh bokra</body>
    </message>
    <message id="m0021" participant="138329" time="2013-03-02 07:43:19 UTC">
      <body>ahh</body>
    </message>
    <message id="m0022" participant="138329" time="2013-03-02 07:44:19 UTC">
      <body>ana fel madrsa</body>
    </message>
    <message id="m0023" participant="138112" time="2013-03-02 17:26:55 UTC">
      <body>El Classico</body>
    </message>
    <message id="m0024" participant="138112" time="2013-03-02 17:26:58 UTC">
      <body>:)</body>
    </message>
    <message id="m0025" participant="138329" time="2013-03-02 17:28:53 UTC">
      <body>yess</body>
    </message>
    <message id="m0026" participant="138329" time="2013-03-02 17:28:54 UTC">
      <body>batfarg</body>
    </message>
    <message id="m0027" participant="138329" time="2013-03-02 17:28:54 UTC">
      <body>1:1</body>
    </message>
    <message id="m0028" participant="138112" time="2013-03-02 18:11:36 UTC">
      <body>:O</body>
    </message>
    <message id="m0029" participant="138329" time="2013-03-02 18:11:54 UTC">
      <body>:s</body>
    </message>
    <message id="m0031" participant="138329" time="2013-03-02 19:04:43 UTC">
      <body>:sssss</body>
    </message>
  </messages>
</conversation>
