<?xml version="1.0" encoding="UTF-8"?>
<conversation id="CHT_ARZ_20130315.0007" medium="CHT" donated="true">
  <messages>
    <message id="m0000" time="2013-03-15 20:31:00 UTC" participant="139571">
      <body>Tany</body>
    </message>
    <message id="m0001" time="2013-03-15 20:31:00 UTC" participant="139571">
      <body>Leh bsz</body>
    </message>
    <message id="m0002" time="2013-03-16 13:44:00 UTC" participant="139275">
      <body>:)</body>
    </message>
    <message id="m0003" time="2013-03-16 13:44:00 UTC" participant="139275">
      <body>Ta3bana shwya :)</body>
    </message>
    <message id="m0004" time="2013-03-16 14:10:00 UTC" participant="139571">
      <body>Salamtek bs</body>
    </message>
    <message id="m0005" time="2013-03-16 14:10:00 UTC" participant="139571">
      <body>Leh malek?</body>
    </message>
    <message id="m0006" time="2013-03-16 14:12:00 UTC" participant="139275">
      <body>La2 3ady heya 7aga mawgouda 3la tool w zayda el yomin dol</body>
    </message>
    <message id="m0009" time="2013-03-16 14:15:00 UTC" participant="139571">
      <body>Isa kher</body>
    </message>
    <message id="m0010" time="2013-03-16 14:15:00 UTC" participant="139571">
      <body>Alf salama</body>
    </message>
    <message id="m0011" time="2013-03-16 14:16:00 UTC" participant="139275">
      <body>Allah yesalem 3omrek </body>
    </message>
    <message id="m0012" time="2013-03-16 14:16:00 UTC" participant="139275">
      <body>Enty 3amla eh ? :)</body>
    </message>
    <message id="m0013" time="2013-03-16 14:16:00 UTC" participant="139571">
      <body>Tamam hamdolallah</body>
    </message>
    <message id="m0014" time="2013-03-16 14:56:00 UTC" participant="139275">
      <body>يا رب دايما</body>
    </message>
    <message id="m0015" time="2013-03-16 14:56:00 UTC" participant="139275">
      <body>Happy anniversary ya gamila </body>
    </message>
    <message id="m0016" time="2013-03-16 14:57:00 UTC" participant="139275">
      <body>Rabena maye7remkomsh men ba3d w yorzo2kom 3omr twil ma3a ba3d fe ta3to</body>
    </message>
    <message id="m0017" time="2013-03-16 15:00:00 UTC" participant="139571">
      <body>Ameen ya rab</body>
    </message>
    <message id="m0018" time="2013-03-16 15:00:00 UTC" participant="139571">
      <body>Thnx soso</body>
    </message>
    <message id="m0019" time="2013-03-16 15:00:00 UTC" participant="139571">
      <body></body>
    </message>
    <message id="m0020" time="2013-03-16 15:00:00 UTC" participant="139571">
      <body>F update gdeed l whatsapp</body>
    </message>
    <message id="m0021" time="2013-03-16 15:00:00 UTC" participant="139571">
      <body>W f nas bt2ool eno ebtada yedafa3 elnas</body>
    </message>
    <message id="m0022" time="2013-03-16 15:01:00 UTC" participant="139571">
      <body>Tftekry elnas hatedfa3</body>
    </message>
    <message id="m0023" time="2013-03-16 15:01:00 UTC" participant="139571">
      <body>?</body>
    </message>
    <message id="m0024" time="2013-03-16 15:09:00 UTC" participant="139275">
      <body>لأ طبعا </body>
    </message>
    <message id="m0025" time="2013-03-16 15:23:00 UTC" participant="139275">
      <body>هتلاقي الناس حولت على فايبر</body>
    </message>
    <message id="m0026" time="2013-03-16 15:23:00 UTC" participant="139275">
      <body>بس انا ممكن ادفع</body>
    </message>
    <message id="m0027" time="2013-03-16 15:24:00 UTC" participant="139275">
      <body>اصل 6 ولا 7 جنيه في السنة</body>
    </message>
    <message id="m0028" time="2013-03-16 15:24:00 UTC" participant="139275">
      <body>مش حاجة</body>
    </message>
    <message id="m0029" time="2013-03-16 15:24:00 UTC" participant="139571">
      <body>Ah ana kaman hadfa3</body>
    </message>
    <message id="m0030" time="2013-03-16 15:24:00 UTC" participant="139571">
      <body>Asl f nas kteer ma3andhash viber</body>
    </message>
    <message id="m0031" time="2013-03-16 15:24:00 UTC" participant="139571">
      <body>W bahes whatsapp ashal</body>
    </message>
    <message id="m0032" time="2013-03-16 15:25:00 UTC" participant="139571">
      <body>Msh bystahlek battery zay viber</body>
    </message>
    <message id="m0033" time="2013-03-16 15:34:00 UTC" participant="139275">
      <body>آه فعلا</body>
    </message>
    <message id="m0034" time="2013-03-16 15:34:00 UTC" participant="139275">
      <body>لا بيستهلك بطارية ولا نت</body>
    </message>
    <message id="m0035" time="2013-03-16 15:35:00 UTC" participant="139571">
      <body>بيستهلك memory بس</body>
    </message>
    <message id="m0036" time="2013-03-16 15:35:00 UTC" participant="139275">
      <body>فعلا ؟! ماخدتش بالي من دي</body>
    </message>
  </messages>
</conversation>
