<?xml version="1.0" encoding="UTF-8"?>
<conversation id="CHT_ARZ_20121111.0004" medium="CHT" donated="true">
  <messages>
    <message id="m0000" participant="138112" time="2012-11-11 16:53:11 UTC">
      <body>Ezayak</body>
    </message>
    <message id="m0001" participant="138326" time="2012-11-11 16:53:32 UTC">
      <body>Yaraaaa</body>
    </message>
    <message id="m0002" participant="138326" time="2012-11-11 16:53:35 UTC">
      <body>Ana tamam</body>
    </message>
    <message id="m0003" participant="138326" time="2012-11-11 16:53:41 UTC">
      <body>Enty 3amla eh</body>
    </message>
    <message id="m0004" participant="138112" time="2012-11-11 16:54:41 UTC">
      <body>Kwayesa!!!</body>
    </message>
    <message id="m0005" participant="138326" time="2012-11-11 16:56:09 UTC">
      <body>bet3mely eh</body>
    </message>
    <message id="m0006" participant="138112" time="2012-11-11 16:56:52 UTC">
      <body>F chilis! Enta bt3mel eh</body>
    </message>
    <message id="m0007" participant="138326" time="2012-11-11 16:59:06 UTC">
      <body>Bazaker 3ashan 3andy exam bokra w batfrag 3al TV</body>
    </message>
    <message id="m0008" participant="138326" time="2012-11-11 16:59:20 UTC">
      <body>Ebtt fei chilis el korba</body>
    </message>
    <message id="m0009" participant="138326" time="2012-11-11 16:59:27 UTC">
      <body>Enty *</body>
    </message>
  </messages>
</conversation>
