<?xml version="1.0" encoding="UTF-8"?>
<conversation id="CHT_ARZ_20121201.0000" medium="CHT" donated="true">
  <messages>
    <message id="m0000" participant="138325" time="2012-12-01 23:29:21 UTC">
      <body>Rawa7ty??</body>
    </message>
    <message id="m0001" participant="138112" time="2012-12-02 00:11:20 UTC">
      <body>Ahh</body>
    </message>
    <message id="m0002" participant="138112" time="2012-12-02 00:11:25 UTC">
      <body>Wenta?</body>
    </message>
    <message id="m0003" participant="138325" time="2012-12-02 00:11:34 UTC">
      <body>Ah</body>
    </message>
    <message id="m0004" participant="138325" time="2012-12-02 00:11:44 UTC">
      <body>Kan shaklek 7alw</body>
    </message>
    <message id="m0005" participant="138325" time="2012-12-02 00:11:49 UTC">
      <body/>
    </message>
    <message id="m0007" participant="138325" time="2012-12-02 00:23:13 UTC">
      <body/>
    </message>
    <message id="m0008" participant="138112" time="2012-12-02 00:31:09 UTC">
      <body>:D</body>
    </message>
    <message id="m0009" participant="138112" time="2012-12-02 00:31:13 UTC">
      <body>Bt3mel eh</body>
    </message>
    <message id="m0012" participant="138112" time="2012-12-02 00:31:48 UTC">
      <body>A3da fel serir haha</body>
    </message>
    <message id="m0013" participant="138325" time="2012-12-02 00:32:07 UTC">
      <body>7atnami?</body>
    </message>
    <message id="m0014" participant="138325" time="2012-12-02 00:32:08 UTC">
      <body/>
    </message>
    <message id="m0015" participant="138112" time="2012-12-02 00:34:05 UTC">
      <body>Ahh shwaya keda</body>
    </message>
    <message id="m0016" participant="138325" time="2012-12-02 21:06:25 UTC">
      <body>Yooyoo</body>
    </message>
  </messages>
</conversation>
