<?xml version="1.0" encoding="UTF-8"?>
<conversation id="CHT_ARZ_20130107.0001" medium="CHT" donated="true">
  <messages>
    <message id="m0000" participant="138112" time="2013-01-07 19:39:40 UTC">
      <body>F haga??</body>
    </message>
    <message id="m0001" participant="138326" time="2013-01-07 20:07:45 UTC">
      <body>Kont 3aiz as2Al 3aleky</body>
    </message>
    <message id="m0002" participant="138112" time="2013-01-07 20:11:33 UTC">
      <body>Tayeb ma3lesh m3rftsh arod</body>
    </message>
    <message id="m0003" participant="138326" time="2013-01-07 20:11:52 UTC">
      <body>La wala yahmek</body>
    </message>
    <message id="m0004" participant="138326" time="2013-01-07 20:16:34 UTC">
      <body>Enty 3amla eh tayeb</body>
    </message>
    <message id="m0005" participant="138112" time="2013-01-07 20:21:17 UTC">
      <body>Ana kwayesa. W enta</body>
    </message>
    <message id="m0006" participant="138326" time="2013-01-07 20:21:30 UTC">
      <body>Elhamdulelah</body>
    </message>
  </messages>
</conversation>
