<?xml version="1.0" encoding="UTF-8"?>
<conversation id="CHT_ARZ_20130418.0006" medium="CHT" donated="true">
  <messages>
    <message id="m0000" time="2013-04-18 12:11:34 UTC" participant="139591">
      <body>Ririii</body>
    </message>
    <message id="m0001" time="2013-04-18 12:11:40 UTC" participant="139591">
      <body>Next thirsday agaza isaa</body>
    </message>
    <message id="m0002" time="2013-04-18 12:11:45 UTC" participant="139591">
      <body>Mateegy n3mel bd nana</body>
    </message>
    <message id="m0003" time="2013-04-18 12:17:57 UTC" participant="139134">
      <body>mwaf2a</body>
    </message>
    <message id="m0004" time="2013-04-18 12:19:50 UTC" participant="139591">
      <body>Tayeb mmkn t2olhom plzz</body>
    </message>
    <message id="m0005" time="2013-04-18 12:19:53 UTC" participant="139591">
      <body>Lel kolyaaaa</body>
    </message>
    <message id="m0006" time="2013-04-18 12:19:59 UTC" participant="139591">
      <body>Tb3aty bc</body>
    </message>
    <message id="m0007" time="2013-04-18 12:20:01 UTC" participant="139591">
      <body>Msg on fb</body>
    </message>
    <message id="m0008" time="2013-04-18 12:20:03 UTC" participant="139591">
      <body>We ask ethar we kda</body>
    </message>
    <message id="m0009" time="2013-04-18 12:20:11 UTC" participant="139591">
      <body>Ana m3ndish 7d men kolyaa</body>
    </message>
    <message id="m0010" time="2013-04-18 12:21:45 UTC" participant="139134">
      <body>oki hazbt ma3hm</body>
    </message>
    <message id="m0012" time="2013-04-18 13:56:29 UTC" participant="139591">
      <body>Rimeee</body>
    </message>
    <message id="m0013" time="2013-04-18 13:56:35 UTC" participant="139591">
      <body>Dina 3ndaha 5toubet 7lemy</body>
    </message>
    <message id="m0014" time="2013-04-18 13:56:37 UTC" participant="139591">
      <body>El 5amis</body>
    </message>
    <message id="m0015" time="2013-04-18 13:56:44 UTC" participant="139591">
      <body>We'll fom3a match we fara7</body>
    </message>
    <message id="m0016" time="2013-04-18 13:56:48 UTC" participant="139591">
      <body>:s</body>
    </message>
    <message id="m0017" time="2013-04-18 13:56:51 UTC" participant="139591">
      <body>23mel a</body>
    </message>
    <message id="m0018" time="2013-04-18 13:57:00 UTC" participant="139134">
      <body>khara bgd</body>
    </message>
    <message id="m0019" time="2013-04-18 13:57:01 UTC" participant="139591">
      <body>Altly el gom3a after 3-5 ok</body>
    </message>
    <message id="m0020" time="2013-04-18 13:57:02 UTC" participant="139134">
      <body>kharaaaa</body>
    </message>
    <message id="m0021" time="2013-04-18 13:57:06 UTC" participant="139591">
      <body>Bas bd reem amr 1-5</body>
    </message>
    <message id="m0022" time="2013-04-18 13:57:08 UTC" participant="139591">
      <body>Msh 3rfa :s</body>
    </message>
    <message id="m0023" time="2013-04-18 13:57:17 UTC" participant="139134">
      <body>laaa tb3ann</body>
    </message>
    <message id="m0024" time="2013-04-18 13:57:23 UTC" participant="139134">
      <body>eih estfzaz da y3ni</body>
    </message>
    <message id="m0025" time="2013-04-18 13:57:31 UTC" participant="139591">
      <body>Tyb 23mel a</body>
    </message>
    <message id="m0026" time="2013-04-18 13:57:41 UTC" participant="139134">
      <body>hafkr f hal</body>
    </message>
    <message id="m0027" time="2013-04-18 13:57:45 UTC" participant="139591">
      <body>Tyb shoufy ma3 el nas aa a7nlohom</body>
    </message>
    <message id="m0028" time="2013-04-18 13:57:49 UTC" participant="139591">
      <body>5amis wala gom3a gayeen</body>
    </message>
    <message id="m0029" time="2013-04-18 13:57:53 UTC" participant="139591">
      <body>Law majortiuty ok</body>
    </message>
    <message id="m0030" time="2013-04-18 13:57:56 UTC" participant="139591">
      <body>N3mlo w 5alas</body>
    </message>
    <message id="m0031" time="2013-04-18 13:58:12 UTC" participant="139134">
      <body>yess bzbttt</body>
    </message>
    <message id="m0032" time="2013-04-18 13:58:37 UTC" participant="139591">
      <body>Mashyy</body>
    </message>
    <message id="m0033" time="2013-04-18 13:58:41 UTC" participant="139591">
      <body>Basbesor3a ba2a</body>
    </message>
    <message id="m0034" time="2013-04-18 13:58:46 UTC" participant="139591">
      <body>3asan 3yzah abl bd reem</body>
    </message>
    <message id="m0035" time="2013-04-18 13:58:56 UTC" participant="139134">
      <body>yesssss akiiid</body>
    </message>
    <message id="m0037" time="2013-04-18 13:59:39 UTC" participant="139591">
      <body>Riri</body>
    </message>
    <message id="m0038" time="2013-04-18 13:59:42 UTC" participant="139591">
      <body>Update mee b2a</body>
    </message>
    <message id="m0040" time="2013-04-18 13:59:47 UTC" participant="139134">
      <body>abt ?</body>
    </message>
    <message id="m0041" time="2013-04-18 13:59:51 UTC" participant="139591">
      <body>Shoffy el mohmin el awel</body>
    </message>
    <message id="m0042" time="2013-04-18 13:59:57 UTC" participant="139591">
      <body>Esraa ethar we doul</body>
    </message>
    <message id="m0044" time="2013-04-18 14:00:30 UTC" participant="139591">
      <body>Send msg on fb ask them a a7snlhom</body>
    </message>
    <message id="m0045" time="2013-04-18 14:00:34 UTC" participant="139591">
      <body>5amis wala gom3a gayeen</body>
    </message>
    <message id="m0046" time="2013-04-18 14:00:40 UTC" participant="139591">
      <body>3asan agaza</body>
    </message>
    <message id="m0047" time="2013-04-18 14:00:51 UTC" participant="139134">
      <body>okiii</body>
    </message>
    <message id="m0048" time="2013-04-18 14:00:51 UTC" participant="139591">
      <body>We nshouf el majority a we n3melo</body>
    </message>
    <message id="m0049" time="2013-04-18 14:00:56 UTC" participant="139591">
      <body>We dina anyway msh nf3ha</body>
    </message>
    <message id="m0050" time="2013-04-18 14:01:08 UTC" participant="139134">
      <body>okiii</body>
    </message>
    <message id="m0051" time="2013-04-19 02:49:57 UTC" participant="139134">
      <body>amiraa</body>
    </message>
    <message id="m0052" time="2013-04-19 02:50:37 UTC" participant="139591">
      <body>A ya riri</body>
    </message>
    <message id="m0053" time="2013-04-19 02:50:47 UTC" participant="139134">
      <body>hya nana aiza haga</body>
    </message>
    <message id="m0054" time="2013-04-19 02:50:56 UTC" participant="139134">
      <body>aslaha fkhlt mn shwaya</body>
    </message>
    <message id="m0055" time="2013-04-19 02:51:00 UTC" participant="139134">
      <body>rime w ekhtfy</body>
    </message>
    <message id="m0056" time="2013-04-19 02:51:02 UTC" participant="139134">
      <body/>
    </message>
    <message id="m0057" time="2013-04-19 02:51:15 UTC" participant="139591">
      <body>La2 msh 3rfaa</body>
    </message>
    <message id="m0058" time="2013-04-19 02:51:16 UTC" participant="139134">
      <body>wana knt nyma w shit la2it keda hahahahah</body>
    </message>
    <message id="m0059" time="2013-04-19 02:51:21 UTC" participant="139591">
      <body>Hahahha :D</body>
    </message>
    <message id="m0061" time="2013-04-19 02:51:31 UTC" participant="139591">
      <body>La2 3ady I dun think 3yza 7aga</body>
    </message>
    <message id="m0062" time="2013-04-19 02:51:32 UTC" participant="139591">
      <body>Ysss</body>
    </message>
    <message id="m0063" time="2013-04-19 02:51:35 UTC" participant="139591">
      <body>Bentklm 3ady</body>
    </message>
    <message id="m0064" time="2013-04-19 02:51:36 UTC" participant="139134">
      <body>tyb yakhoufyuu</body>
    </message>
    <message id="m0065" time="2013-04-19 02:51:58 UTC" participant="139591">
      <body>Hahaha dun worry :d</body>
    </message>
    <message id="m0066" time="2013-04-19 02:52:00 UTC" participant="139134">
      <body>ana ba2it bakahf ahsn akon habbt mosiba wana msh hassa </body>
    </message>
    <message id="m0067" time="2013-04-19 02:52:06 UTC" participant="139134">
      <body>mwahhhhh</body>
    </message>
    <message id="m0068" time="2013-04-19 02:52:23 UTC" participant="139591">
      <body>Hhahaha la mahbtbish 7aga walahy :d</body>
    </message>
    <message id="m0069" time="2013-04-19 02:52:36 UTC" participant="139134">
      <body>hammdlll</body>
    </message>
    <message id="m0070" time="2013-04-19 02:52:48 UTC" participant="139591">
      <body/>
    </message>
    <message id="m0071" time="2013-04-19 21:29:28 UTC" participant="139134">
      <body>mmkn tefdlo a3dinnn</body>
    </message>
    <message id="m0072" time="2013-04-19 21:29:28 UTC" participant="139134">
      <body>ashan alh2 agylko plzzzz</body>
    </message>
    <message id="m0073" time="2013-04-19 21:37:06 UTC" participant="139591">
      <body>7ader</body>
    </message>
    <message id="m0074" time="2013-04-19 21:37:09 UTC" participant="139591">
      <body>E7na f coFfee beaann</body>
    </message>
    <message id="m0075" time="2013-04-19 21:40:08 UTC" participant="139134">
      <body>mwahhhhh</body>
    </message>
    <message id="m0076" time="2013-04-19 21:41:07 UTC" participant="139591">
      <body>Enty fin</body>
    </message>
    <message id="m0077" time="2013-04-19 21:41:20 UTC" participant="139134">
      <body>loorraannn</body>
    </message>
    <message id="m0078" time="2013-04-19 21:41:27 UTC" participant="139134">
      <body>bs dont tell hrr eni gaya</body>
    </message>
    <message id="m0079" time="2013-04-19 21:41:40 UTC" participant="139591">
      <body>Ok e7na share3 fo2ad h23adhalek</body>
    </message>
    <message id="m0080" time="2013-04-19 21:41:42 UTC" participant="139591">
      <body>Yalla waiiitng 4 u</body>
    </message>
    <message id="m0082" time="2013-04-19 21:43:25 UTC" participant="139134">
      <body>ashan hia "afsha" alia</body>
    </message>
    <message id="m0083" time="2013-04-19 21:43:30 UTC" participant="139591">
      <body>Tayebb ok</body>
    </message>
    <message id="m0085" time="2013-04-19 21:43:39 UTC" participant="139134">
      <body>bgddd</body>
    </message>
    <message id="m0086" time="2013-04-19 21:43:41 UTC" participant="139134">
      <body>wawwww</body>
    </message>
    <message id="m0087" time="2013-04-19 21:43:41 UTC" participant="139591">
      <body>Bas hya 3amala t2oul yalla fa yala</body>
    </message>
    <message id="m0089" time="2013-04-19 21:43:49 UTC" participant="139591">
      <body>aa eshtghrabt awi</body>
    </message>
    <message id="m0090" time="2013-04-19 21:43:52 UTC" participant="139591">
      <body>Tftkry da a ?</body>
    </message>
    <message id="m0091" time="2013-04-19 21:43:53 UTC" participant="139134">
      <body>la2 a3dihaaa blizzz</body>
    </message>
    <message id="m0092" time="2013-04-19 21:44:02 UTC" participant="139134">
      <body>laa laaa 3ady wel na3ma</body>
    </message>
    <message id="m0093" time="2013-04-19 21:44:07 UTC" participant="139591">
      <body>Mana b23dha aho</body>
    </message>
    <message id="m0094" time="2013-04-19 21:44:09 UTC" participant="139591">
      <body>Hahaha :d</body>
    </message>
    <message id="m0095" time="2013-04-19 21:44:09 UTC" participant="139591">
      <body>Mashy</body>
    </message>
    <message id="m0096" time="2013-04-19 21:44:13 UTC" participant="139591">
      <body>Bas estghrbt</body>
    </message>
    <message id="m0097" time="2013-04-19 21:44:59 UTC" participant="139134">
      <body>hahahahahahaga yayyy</body>
    </message>
    <message id="m0098" time="2013-04-19 21:57:34 UTC" participant="139134">
      <body>ana fk sekka ahoo</body>
    </message>
    <message id="m0100" time="2013-04-19 23:55:54 UTC" participant="139591">
      <body>Riri</body>
    </message>
    <message id="m0101" time="2013-04-19 23:55:59 UTC" participant="139591">
      <body>Ur jacket ma3 yaso</body>
    </message>
    <message id="m0102" time="2013-04-19 23:56:03 UTC" participant="139591">
      <body>Nesteeh</body>
    </message>
    <message id="m0103" time="2013-04-20 00:31:26 UTC" participant="139134">
      <body>yessss mwahhhp</body>
    </message>
    <message id="m0104" time="2013-04-20 20:51:33 UTC" participant="139134">
      <body>hya yasmine haya nady wala rig</body>
    </message>
    <message id="m0105" time="2013-04-20 20:51:35 UTC" participant="139134">
      <body>eih. ?</body>
    </message>
    <message id="m0106" time="2013-04-20 20:58:11 UTC" participant="139591">
      <body>Msh fhmaa</body>
    </message>
    <message id="m0107" time="2013-04-20 20:58:32 UTC" participant="139134">
      <body>gaya *</body>
    </message>
    <message id="m0108" time="2013-04-20 20:58:43 UTC" participant="139591">
      <body>Yasmine min?</body>
    </message>
    <message id="m0109" time="2013-04-20 20:59:00 UTC" participant="139134">
      <body>3okda</body>
    </message>
    <message id="m0110" time="2013-04-20 21:00:35 UTC" participant="139591">
      <body>Ahh hateegy m3ayaaa</body>
    </message>
    <message id="m0111" time="2013-04-20 21:34:07 UTC" participant="139134">
      <body>tyb ana hnak</body>
    </message>
    <message id="m0112" time="2013-04-20 21:34:26 UTC" participant="139591">
      <body>Okk</body>
    </message>
    <message id="m0113" time="2013-04-20 21:34:32 UTC" participant="139591">
      <body>Enty nana wala rime??</body>
    </message>
    <message id="m0114" time="2013-04-20 21:34:41 UTC" participant="139134">
      <body>both hahahhahaha</body>
    </message>
    <message id="m0115" time="2013-04-20 21:34:41 UTC" participant="139591">
      <body/>
    </message>
    <message id="m0116" time="2013-04-20 22:41:24 UTC" participant="139591">
      <body>Enty fin??</body>
    </message>
    <message id="m0118" time="2013-04-20 22:43:56 UTC" participant="139591">
      <body>Tayeb ana. F zanillis</body>
    </message>
    <message id="m0119" time="2013-04-20 22:43:58 UTC" participant="139591">
      <body>T3aly</body>
    </message>
    <message id="m0120" time="2013-04-20 22:44:20 UTC" participant="139134">
      <body>okki</body>
    </message>
    <message id="m0121" time="2013-04-20 23:11:54 UTC" participant="139591">
      <body>Enty fin ya bnty??</body>
    </message>
    <message id="m0122" time="2013-04-20 23:21:50 UTC" participant="139591">
      <body>Ana mashya 5alass</body>
    </message>
    <message id="m0123" time="2013-04-20 23:21:52 UTC" participant="139591">
      <body>:s</body>
    </message>
    <message id="m0124" time="2013-04-20 23:21:59 UTC" participant="139591">
      <body>Bokra b2a ya riri isa</body>
    </message>
    <message id="m0125" time="2013-04-20 23:22:02 UTC" participant="139134">
      <body>sorry walahy gayaa</body>
    </message>
    <message id="m0126" time="2013-04-20 23:22:02 UTC" participant="139134">
      <body>hahahha</body>
    </message>
    <message id="m0127" time="2013-04-20 23:23:40 UTC" participant="139134">
      <body>okii mwahhh</body>
    </message>
    <message id="m0128" time="2013-04-20 23:27:31 UTC" participant="139591">
      <body/>
    </message>
    <message id="m0129" time="2013-04-21 11:44:39 UTC" participant="139591">
      <body>Ririi</body>
    </message>
    <message id="m0132" time="2013-04-21 12:34:43 UTC" participant="139591">
      <body>3amla. Aya riri</body>
    </message>
    <message id="m0133" time="2013-04-21 12:35:38 UTC" participant="139134">
      <body>am gddd uu</body>
    </message>
    <message id="m0134" time="2013-04-21 12:36:00 UTC" participant="139591">
      <body>Riri 3amlty a f bd ?</body>
    </message>
    <message id="m0135" time="2013-04-21 12:36:22 UTC" participant="139134">
      <body>hayrodo alia today fk dishparty</body>
    </message>
    <message id="m0136" time="2013-04-21 12:36:33 UTC" participant="139591">
      <body>Ento 3ndoko dish party?</body>
    </message>
    <message id="m0138" time="2013-04-21 12:37:14 UTC" participant="139134">
      <body>ma3 btu3 kolia</body>
    </message>
    <message id="m0139" time="2013-04-21 12:43:18 UTC" participant="139591">
      <body>Tayeb greatt</body>
    </message>
    <message id="m0141" time="2013-04-21 12:43:44 UTC" participant="139134">
      <body>okiii</body>
    </message>
    <message id="m0142" time="2013-04-22 11:37:31 UTC" participant="139591">
      <body>Riri</body>
    </message>
    <message id="m0143" time="2013-04-23 10:16:16 UTC" participant="139591">
      <body>Ya riirii</body>
    </message>
    <message id="m0144" time="2013-04-23 13:29:12 UTC" participant="139134">
      <body>marmarrr</body>
    </message>
    <message id="m0145" time="2013-04-23 13:31:49 UTC" participant="139591">
      <body>3amla a ya riir</body>
    </message>
    <message id="m0146" time="2013-04-23 13:31:59 UTC" participant="139134">
      <body>lessa sahiaa</body>
    </message>
    <message id="m0147" time="2013-04-23 13:40:36 UTC" participant="139591">
      <body>Tayeb great</body>
    </message>
    <message id="m0148" time="2013-04-23 13:40:39 UTC" participant="139591">
      <body>Han3mel a :s</body>
    </message>
    <message id="m0149" time="2013-04-23 13:40:50 UTC" participant="139134">
      <body>msh arfaaa</body>
    </message>
    <message id="m0150" time="2013-04-23 13:40:59 UTC" participant="139134">
      <body>lessa nadonish karar</body>
    </message>
    <message id="m0151" time="2013-04-23 13:41:04 UTC" participant="139134">
      <body>haklmhm tani today</body>
    </message>
    <message id="m0152" time="2013-04-23 13:41:15 UTC" participant="139591">
      <body>Aloulek a f dish party</body>
    </message>
    <message id="m0153" time="2013-04-23 13:41:22 UTC" participant="139591">
      <body>Kont batkelm m3 esraa we altly f chilis :d</body>
    </message>
    <message id="m0155" time="2013-04-23 13:41:56 UTC" participant="139134">
      <body/>
    </message>
    <message id="m0156" time="2013-04-23 13:42:03 UTC" participant="139134">
      <body>maahi essraa eshta</body>
    </message>
    <message id="m0157" time="2013-04-23 13:42:11 UTC" participant="139134">
      <body>tb b2olk eih</body>
    </message>
    <message id="m0158" time="2013-04-23 13:42:17 UTC" participant="139134">
      <body>man3mlhlha bokra</body>
    </message>
    <message id="m0159" time="2013-04-23 13:42:29 UTC" participant="139134">
      <body>ashan bel discount nas ketir rigi</body>
    </message>
    <message id="m0160" time="2013-04-23 13:42:31 UTC" participant="139134">
      <body>tigi</body>
    </message>
    <message id="m0161" time="2013-04-23 13:42:41 UTC" participant="139591">
      <body>Discount a ya reem :d</body>
    </message>
    <message id="m0162" time="2013-04-23 13:42:55 UTC" participant="139591">
      <body>Akid msh h3mlaha her bd f chilis elly betrou7o aktar ma beto3od at home</body>
    </message>
    <message id="m0163" time="2013-04-23 13:43:17 UTC" participant="139134">
      <body>msh leya</body>
    </message>
    <message id="m0164" time="2013-04-23 13:43:25 UTC" participant="139134">
      <body>ana btklm al bas eli hatksl tigi</body>
    </message>
    <message id="m0165" time="2013-04-23 13:43:27 UTC" participant="139134">
      <body>tyb eihhh</body>
    </message>
    <message id="m0166" time="2013-04-23 13:51:35 UTC" participant="139591">
      <body>Yes ana 3rfa eno msh liky</body>
    </message>
    <message id="m0167" time="2013-04-23 13:51:39 UTC" participant="139591">
      <body>Ya riri akid</body>
    </message>
  </messages>
</conversation>
