<?xml version="1.0" encoding="UTF-8"?>
<conversation id="CHT_ARZ_20130311.0003" medium="CHT" donated="true">
  <messages>
    <message id="m0000" time="2013-03-11 06:50:00 UTC" participant="139275">
      <body>M3lesh bt7sal</body>
    </message>
    <message id="m0001" time="2013-03-11 07:09:00 UTC" participant="151261">
      <body>Lool msg mn 6/3 
Sab7 el5eer </body>
    </message>
    <message id="m0002" time="2013-03-11 07:11:00 UTC" participant="151261">
      <body>Hhhhhhhhh</body>
    </message>
    <message id="m0003" time="2013-03-11 07:12:00 UTC" participant="151261">
      <body>Leeeh da el whatsapp da gmeeeeeeel </body>
    </message>
    <message id="m0004" time="2013-03-11 07:13:00 UTC" participant="139275">
      <body>M3lesh. Msh babos fl mobile eama mn al wade8</body>
    </message>
    <message id="m0005" time="2013-03-11 07:13:00 UTC" participant="139275">
      <body></body>
    </message>
    <message id="m0006" time="2013-03-11 07:14:00 UTC" participant="151261">
      <body>Hhhhhhhh blzbt kda</body>
    </message>
    <message id="m0007" time="2013-03-11 07:15:00 UTC" participant="139275">
      <body>Aal ma bst5dmo msh bnaaam wala b7dar mo7drat wala bakol i just whatsapp</body>
    </message>
    <message id="m0008" time="2013-03-11 07:15:00 UTC" participant="139275">
      <body></body>
    </message>
    <message id="m0009" time="2013-03-11 07:16:00 UTC" participant="139275">
      <body>2dmaaan</body>
    </message>
    <message id="m0010" time="2013-03-11 07:16:00 UTC" participant="151261">
      <body>Hoa w elviber bewafroo awiii m3aea 3lshan el r3'e m3 as7aby</body>
    </message>
  </messages>
</conversation>

