<?xml version="1.0" encoding="UTF-8"?>
<conversation id="CHT_ARZ_20130309.0000" medium="CHT" donated="true">
  <messages>
    <message id="m0000" participant="138317" time="2013-03-09 19:17:04 UTC">
      <body>Yarraa</body>
    </message>
    <message id="m0001" participant="138317" time="2013-03-09 19:17:12 UTC">
      <body>Ba2olek ehh</body>
    </message>
    <message id="m0002" participant="138112" time="2013-03-09 19:18:14 UTC">
      <body>Yess</body>
    </message>
    <message id="m0003" participant="138317" time="2013-03-09 19:18:20 UTC">
      <body>Lina warrtny l tabweeza w Mamty altly en l fostan mmkn yetsala7 sahll gdnn</body>
    </message>
    <message id="m0004" participant="138112" time="2013-03-09 19:18:29 UTC">
      <body>Ezay??</body>
    </message>
    <message id="m0005" participant="138112" time="2013-03-09 19:18:36 UTC">
      <body>W meen el yesala7o</body>
    </message>
    <message id="m0006" participant="138317" time="2013-03-09 19:20:28 UTC">
      <body>Geeby Shefon nafs l loon w ro7y le tarzy hy7othoolk fl drapehh w hyshedo brdo f msh hyb2a bayeen 5aless</body>
    </message>
    <message id="m0007" participant="138112" time="2013-03-09 19:22:52 UTC">
      <body>W haye3raf y3mlo?</body>
    </message>
    <message id="m0008" participant="138317" time="2013-03-09 19:24:44 UTC">
      <body>Ahh sahll mfroodd gdn en ay tarzy ya3mloo</body>
    </message>
    <message id="m0009" participant="138112" time="2013-03-09 19:44:05 UTC">
      <body>Eshta mana hashoof</body>
    </message>
    <message id="m0010" participant="138112" time="2013-03-09 19:44:09 UTC">
      <body>Yarab</body>
    </message>
    <message id="m0011" participant="138112" time="2013-03-09 19:44:15 UTC">
      <body>Howa Lina 3andek?</body>
    </message>
    <message id="m0012" participant="138317" time="2013-03-09 21:10:25 UTC">
      <body>Ahh</body>
    </message>
  </messages>
</conversation>
