<?xml version="1.0" encoding="UTF-8"?>
<conversation id="CHT_ARZ_20130117.0002" medium="CHT" donated="true">
  <messages>
    <message id="m0000" time="2013-01-17 18:14:00 UTC" participant="139376">
      <body>معلش يا رباب</body>
    </message>
    <message id="m0001" time="2013-01-17 18:14:00 UTC" participant="139376">
      <body>سؤال سريع</body>
    </message>
    <message id="m0002" time="2013-01-17 18:15:00 UTC" participant="139376">
      <body>العام الدراسي الجديد ييدأ امتى؟؟</body>
    </message>
    <message id="m0003" time="2013-01-17 22:07:00 UTC" participant="139546">
      <body>مش عارفه خليني إشوف على النت واقولك</body>
    </message>
    <message id="m0004" time="2013-01-17 22:25:00 UTC" participant="139376">
      <body>اوك</body>
    </message>
    <message id="m0005" time="2013-01-17 22:25:00 UTC" participant="139376">
      <body>علشان عايزين نشوف الحجز</body>
    </message>
    <message id="m0006" time="2013-01-18 12:22:00 UTC" participant="139546">
      <body>الدراسه تخلص 6-5</body>
    </message>
    <message id="m0007" time="2013-01-18 12:35:00 UTC" participant="139376">
      <body>طب السنة الجديدة تبدأ امتى؟؟</body>
    </message>
    <message id="m0008" time="2013-01-18 12:36:00 UTC" participant="139546">
      <body>8-31</body>
    </message>
    <message id="m0009" time="2013-01-18 18:29:00 UTC" participant="139376">
      <body>لاااااااااا</body>
    </message>
    <message id="m0010" time="2013-01-18 18:29:00 UTC" participant="139376">
      <body>بدري اوي كده ليييييييييه!!</body>
    </message>
    <message id="m0011" time="2013-01-18 18:30:00 UTC" participant="139546">
      <body>السنه اللي فاتت كان 9-1</body>
    </message>
    <message id="m0012" time="2013-01-18 18:30:00 UTC" participant="139376">
      <body>اوووووف</body>
    </message>
    <message id="m0013" time="2013-01-18 18:30:00 UTC" participant="139376">
      <body>ده احنا كنا حنحجز في 9</body>
    </message>
    <message id="m0014" time="2013-01-18 18:31:00 UTC" participant="139376">
      <body>كويس اني سألتك</body>
    </message>
    <message id="m0015" time="2013-01-18 18:31:00 UTC" participant="139546">
      <body>دة اللي موجود في الوزارة</body>
    </message>
    <message id="m0016" time="2013-01-18 18:32:00 UTC" participant="139376">
      <body>طيب</body>
    </message>
  </messages>
</conversation>
