<?xml version="1.0" encoding="UTF-8"?>
<conversation id="CHT_ARZ_20121023.0001" medium="CHT" donated="true">
  <messages>
    <message id="m0000" time="2012-10-23 01:42:31 UTC" participant="139554">
      <body>هاعرف اشوفك ؟ افتح ثريد مع ريهام و نهى ؟ :)</body>
    </message>
    <message id="m0001" time="2012-10-23 22:25:57 UTC" participant="139275">
      <body>هيهيهيهي ياريييت ما تيجوا تزوروني في شقتي لو ينفع؟ :)</body>
    </message>
    <message id="m0002" time="2012-10-24 14:53:22 UTC" participant="139554">
      <body>ده كدة جميل اوى </body>
    </message>
  </messages>
</conversation>
