<?xml version="1.0" encoding="UTF-8"?>
<conversation id="CHT_ARZ_20130404.0001" medium="CHT" donated="true">
  <messages>
    <message id="m0000" time="2013-04-04 15:50:35 UTC" participant="139368">
      <body>Rimozzz send b2et el swar</body>
    </message>
    <message id="m0001" time="2013-04-04 15:50:48 UTC" participant="139368">
      <body>L m3 l ragel fl nkaba 3shan n7taha 3l page</body>
    </message>
    <message id="m0003" time="2013-04-04 15:52:35 UTC" participant="139134">
      <body>&lt;media omitted&gt;</body>
    </message>
    <message id="m0004" time="2013-04-04 15:52:35 UTC" participant="139368">
      <body/>
    </message>
    <message id="m0005" time="2013-04-04 15:52:56 UTC" participant="139134">
      <body>&lt;media omitted&gt;</body>
    </message>
    <message id="m0006" time="2013-04-04 15:52:57 UTC" participant="139134">
      <body>mwahhhh</body>
    </message>
    <message id="m0007" time="2013-04-05 00:23:24 UTC" participant="139368">
      <body>Rimozzz</body>
    </message>
    <message id="m0008" time="2013-04-05 00:23:29 UTC" participant="139368">
      <body>Enty hossam kalmk?</body>
    </message>
    <message id="m0009" time="2013-04-05 00:23:36 UTC" participant="139368">
      <body>Aw byklmk?</body>
    </message>
    <message id="m0011" time="2013-04-05 00:23:42 UTC" participant="139368">
      <body>Ana asly 3yza anam</body>
    </message>
    <message id="m0012" time="2013-04-05 00:23:56 UTC" participant="139368">
      <body>W Kalmny 3yzny ashof 7d ytn3 l poster</body>
    </message>
    <message id="m0013" time="2013-04-05 00:24:00 UTC" participant="139134">
      <body>bs ma2lish</body>
    </message>
    <message id="m0014" time="2013-04-05 00:24:06 UTC" participant="139134">
      <body>msh fhma</body>
    </message>
    <message id="m0015" time="2013-04-05 00:24:09 UTC" participant="139134">
      <body>fahimni</body>
    </message>
    <message id="m0016" time="2013-04-05 00:24:09 UTC" participant="139368">
      <body>Ytb3**</body>
    </message>
    <message id="m0017" time="2013-04-05 00:24:13 UTC" participant="139134">
      <body>cz hwa nafhmnish</body>
    </message>
    <message id="m0018" time="2013-04-05 00:24:40 UTC" participant="139368">
      <body>Hwa by2oly lma rime ttlso mt25ar 2day 7d yro7 ytb3o bkra</body>
    </message>
    <message id="m0020" time="2013-04-05 00:24:57 UTC" participant="139368">
      <body>W y5do 3la belel w nb3to m3 ashraf hwa ray7lo sat morning</body>
    </message>
    <message id="m0021" time="2013-04-05 00:24:58 UTC" participant="139134">
      <body>helw</body>
    </message>
    <message id="m0022" time="2013-04-05 00:25:03 UTC" participant="139368">
      <body>Bas ana 3yza anam awy nw</body>
    </message>
    <message id="m0023" time="2013-04-05 00:25:07 UTC" participant="139368">
      <body>I watsapped amrawy</body>
    </message>
    <message id="m0024" time="2013-04-05 00:25:08 UTC" participant="139134">
      <body>nami</body>
    </message>
    <message id="m0025" time="2013-04-05 00:25:12 UTC" participant="139134">
      <body>ana hatsrf</body>
    </message>
    <message id="m0026" time="2013-04-05 00:25:15 UTC" participant="139134">
      <body>mmkn kimo</body>
    </message>
    <message id="m0027" time="2013-04-05 00:25:15 UTC" participant="139368">
      <body>Aked msh 7klmo nw y3ny</body>
    </message>
    <message id="m0028" time="2013-04-05 00:25:23 UTC" participant="139368">
      <body>Bas l fkra</body>
    </message>
    <message id="m0029" time="2013-04-05 00:25:28 UTC" participant="139134">
      <body>eb3ty al gp</body>
    </message>
    <message id="m0030" time="2013-04-05 00:25:33 UTC" participant="139368">
      <body>En hwa asln leh maklmhmsh</body>
    </message>
    <message id="m0031" time="2013-04-05 00:25:39 UTC" participant="139368">
      <body>Mklmny el s3a 12</body>
    </message>
    <message id="m0032" time="2013-04-05 00:25:46 UTC" participant="139368">
      <body>Tb mtklmhm 3ltool</body>
    </message>
    <message id="m0033" time="2013-04-05 00:25:55 UTC" participant="139134">
      <body>loooool</body>
    </message>
    <message id="m0034" time="2013-04-05 00:26:02 UTC" participant="139368">
      <body>F ana 2olt afhmk wenty w amrawy shofo 7t3melo eh</body>
    </message>
    <message id="m0036" time="2013-04-05 00:26:29 UTC" participant="139368">
      <body>Wna b3at l amrawy wtsapp</body>
    </message>
    <message id="m0037" time="2013-04-05 00:26:34 UTC" participant="139368">
      <body>Fhmto kol 7ga</body>
    </message>
    <message id="m0038" time="2013-04-05 00:26:44 UTC" participant="139368">
      <body>Bas hwa shakl mbilo fasel</body>
    </message>
    <message id="m0040" time="2013-04-05 00:26:49 UTC" participant="139134">
      <body>ahhh</body>
    </message>
    <message id="m0041" time="2013-04-05 00:27:03 UTC" participant="139368">
      <body>Thaaanks ya bbe </body>
    </message>
    <message id="m0042" time="2013-04-05 00:27:07 UTC" participant="139368">
      <body>Yala gnight</body>
    </message>
    <message id="m0043" time="2013-04-05 00:27:10 UTC" participant="139368">
      <body/>
    </message>
    <message id="m0044" time="2013-04-05 00:27:56 UTC" participant="139134">
      <body>mwahhhhhh</body>
    </message>
  </messages>
</conversation>
