<?xml version="1.0" encoding="UTF-8"?>
<conversation id="CHT_ARZ_20130410.0005" medium="CHT" donated="true">
  <messages>
    <message id="m0000" time="2013-04-10 18:25:00 UTC" participant="139230">
      <body>Online ys basha?? 3awza awareeki 7aga</body>
    </message>
    <message id="m0001" time="2013-04-10 18:25:00 UTC" participant="139683">
      <body>Ana aho</body>
    </message>
    <message id="m0002" time="2013-04-10 18:26:00 UTC" participant="139230">
      <body>Kont badawar 3ala soireehat</body>
    </message>
    <message id="m0003" time="2013-04-10 18:26:00 UTC" participant="139230">
      <body>W eshtareet 7aga</body>
    </message>
    <message id="m0004" time="2013-04-10 18:26:00 UTC" participant="139230">
      <body>Bas heya basita</body>
    </message>
    <message id="m0005" time="2013-04-10 18:27:00 UTC" participant="139683">
      <body>7lw wy msA</body>
    </message>
    <message id="m0006" time="2013-04-10 18:27:00 UTC" participant="139683">
      <body>basiit w shik</body>
    </message>
    <message id="m0007" time="2013-04-10 18:27:00 UTC" participant="139230">
      <body>اللي نازل من ااجنبين دا حزام بيتربط لورا</body>
    </message>
    <message id="m0008" time="2013-04-10 18:27:00 UTC" participant="139230">
      <body>بجد حلو؟؟</body>
    </message>
    <message id="m0009" time="2013-04-10 18:28:00 UTC" participant="139683">
      <body>Aiwa bgd 7lw awy w isA 3liki yb2a a7la</body>
    </message>
    <message id="m0010" time="2013-04-10 18:29:00 UTC" participant="139230">
      <body>وكان في واحد تاني عاجبني برضه بس كان    tight شوية</body>
    </message>
    <message id="m0011" time="2013-04-10 18:30:00 UTC" participant="139230">
      <body>وكان فيه البلوزة دي كمان وليها حزام ستان ع الوسط</body>
    </message>
    <message id="m0012" time="2013-04-10 18:32:00 UTC" participant="139230">
      <body>انا ممكن ابدل الفستان بالبلوزة بس مش عاجبني الفصوص الكتير بتاعتها</body>
    </message>
    <message id="m0013" time="2013-04-10 18:35:00 UTC" participant="139683">
      <body>Elfostan elblue a7la</body>
    </message>
    <message id="m0014" time="2013-04-10 18:36:00 UTC" participant="139683">
      <body>7ay aktr</body>
    </message>
    <message id="m0015" time="2013-04-10 18:37:00 UTC" participant="139230">
      <body>ايوا هو كان عاجاجبني فوي بس ماسك</body>
    </message>
    <message id="m0016" time="2013-04-10 18:38:00 UTC" participant="139683">
      <body>Msh naf3 y3ny?</body>
    </message>
    <message id="m0017" time="2013-04-10 18:39:00 UTC" participant="139230">
      <body>مقاسي</body>
    </message>
    <message id="m0018" time="2013-04-10 18:39:00 UTC" participant="139683">
      <body>Yb2a 5liki felfostan eltany</body>
    </message>
    <message id="m0019" time="2013-04-10 18:40:00 UTC" participant="139230">
      <body>بلاش البلوزة صح</body>
    </message>
    <message id="m0020" time="2013-04-10 18:40:00 UTC" participant="139683">
      <body>Msh ad kda, elfostan aqyam</body>
    </message>
    <message id="m0021" time="2013-04-10 18:40:00 UTC" participant="139230">
      <body>خلاص الخيرة فيما اختاره الله</body>
    </message>
    <message id="m0022" time="2013-04-10 18:41:00 UTC" participant="139230">
      <body>مع ان البلوزة اغلى من الفستانين</body>
    </message>
    <message id="m0023" time="2013-04-10 18:41:00 UTC" participant="139230">
      <body>ااحمد لله</body>
    </message>
    <message id="m0024" time="2013-04-10 18:41:00 UTC" participant="139230">
      <body>ربنا يخليكي ليا</body>
    </message>
    <message id="m0025" time="2013-04-10 18:45:00 UTC" participant="139683">
      <body>W y5liki leya yaaarab</body>
    </message>
  </messages>
</conversation>
