<?xml version="1.0" encoding="UTF-8"?>
<conversation id="CHT_ARZ_20120621.0002" medium="CHT" donated="true">
  <messages>
    <message id="m0000" time="2012-06-21 09:00:52 UTC" participant="139275">
      <body>yes 7abeby bs enty try tege bdry isa 3shan ntswr</body>
    </message>
    <message id="m0001" time="2012-06-21 09:01:06 UTC" participant="139275">
      <body>aslhom 3'yro elma2zom</body>
    </message>
    <message id="m0002" time="2012-06-21 09:01:20 UTC" participant="139275">
      <body>w isa kabt elketab 7 just</body>
    </message>
    <message id="m0003" time="2012-06-21 09:01:28 UTC" participant="139564">
      <body>agy kam olele</body>
    </message>
    <message id="m0004" time="2012-06-21 09:24:53 UTC" participant="139275">
      <body>6 isa 3shan ntswr m3 b3d :)</body>
    </message>
    <message id="m0005" time="2012-06-21 09:38:56 UTC" participant="139564">
      <body>Omniiiia Gm </body>
    </message>
    <message id="m0006" time="2012-06-21 09:39:09 UTC" participant="139564">
      <body>3amla eh </body>
    </message>
    <message id="m0007" time="2012-06-21 09:39:38 UTC" participant="139564">
      <body>3la fekra 3amo m7md kallem baba w 2alo negy @7:oo isa</body>
    </message>
    <message id="m0008" time="2012-06-21 09:40:08 UTC" participant="139564">
      <body>Okkk ya 7abebty isa</body>
    </message>
    <message id="m0009" time="2012-06-21 09:40:23 UTC" participant="139564">
      <body>Enty ayla l marwa w manar yego 6 brdo ?</body>
    </message>
    <message id="m0010" time="2012-06-21 09:40:32 UTC" participant="139564">
      <body>Lw keda agy mayahom</body>
    </message>
    <message id="m0011" time="2012-06-21 09:41:08 UTC" participant="139275">
      <body>7klmhom asln marwa btklmni bt2oli en 3andha mor2ba yomha mn 4-10 pm</body>
    </message>
    <message id="m0012" time="2012-06-21 09:41:17 UTC" participant="139564">
      <body>Oppssss</body>
    </message>
    <message id="m0013" time="2012-06-21 09:42:03 UTC" participant="139275">
      <body>ana 7astha 3ayzani 227'rha w a7'li elfara7 yebd2 9 msln</body>
    </message>
    <message id="m0014" time="2012-06-21 09:43:45 UTC" participant="139275">
      <body>bs ana 2oltlha ene asln kont 3ayzah elsob7 w keda bs a7'rt 3shan elnas fa bt2oli aked ento 7tt27'ro 3ala el nas 2oltha da ana ale 7ab2a gahza isa w 7'yfa el nas tt27'r 3alya</body>
    </message>
    <message id="m0015" time="2012-06-21 09:46:06 UTC" participant="139275">
      <body>el3ageb ba2a asln enha bts2l walaa elfara7 emta 2altha 4!!</body>
    </message>
    <message id="m0016" time="2012-06-21 09:46:31 UTC" participant="139564">
      <body>N3m w da leh isa</body>
    </message>
    <message id="m0017" time="2012-06-21 09:46:49 UTC" participant="139275">
      <body>amoooot w a3raf 4 de gat mnen w ma7moud asln rafed elsob7</body>
    </message>
    <message id="m0018" time="2012-06-21 09:47:12 UTC" participant="139275">
      <body>w 2ali 7'elany w 7'alaty wrahom sho3'l</body>
    </message>
    <message id="m0019" time="2012-06-21 09:47:34 UTC" participant="139275">
      <body>w egwaz 3amaty fa 3shan keda agelna</body>
    </message>
    <message id="m0020" time="2012-06-21 09:48:01 UTC" participant="139275">
      <body>lkn lw katb elketab b3d elshr et2gl 3an 7 baba 7ybhdl el denya f3lan</body>
    </message>
    <message id="m0021" time="2012-06-21 09:49:07 UTC" participant="139564">
      <body>La 7awl wla kwta ela bllah</body>
    </message>
    <message id="m0022" time="2012-06-21 09:49:16 UTC" participant="139564">
      <body>La isa mafesh 7aga tt2aggell</body>
    </message>
    <message id="m0023" time="2012-06-21 09:49:38 UTC" participant="139275">
      <body>ya rab bgd</body>
    </message>
    <message id="m0024" time="2012-06-21 09:49:40 UTC" participant="139564">
      <body>hya ymkn walaa asdaha 3ashan lw hayt2a5ro ya3ny</body>
    </message>
    <message id="m0025" time="2012-06-21 09:49:58 UTC" participant="139275">
      <body>m3rfsh bs est3'rab</body>
    </message>
    <message id="m0026" time="2012-06-21 09:50:01 UTC" participant="139564">
      <body>F hya 2alet kda 3ashan 3la bal matego yb2a 5 aw 6</body>
    </message>
    <message id="m0027" time="2012-06-21 09:50:08 UTC" participant="139275">
      <body>ahaaa</body>
    </message>
    <message id="m0028" time="2012-06-21 09:50:09 UTC" participant="139564">
      <body>Hma mwa3edhom w7sha</body>
    </message>
    <message id="m0029" time="2012-06-21 09:50:21 UTC" participant="139275">
      <body>ahh fakra el7'tobaa</body>
    </message>
    <message id="m0030" time="2012-06-21 09:50:32 UTC" participant="139275">
      <body>gat met27'r awe asln</body>
    </message>
    <message id="m0031" time="2012-06-21 09:50:40 UTC" participant="139564">
      <body>Aaaaah</body>
    </message>
    <message id="m0032" time="2012-06-21 09:51:14 UTC" participant="139275">
      <body>w baba kan medy2 gedn 3shan el nas ale bt7'dm kant 3ayza tmshy w sa7'n el akal marten</body>
    </message>
    <message id="m0033" time="2012-06-21 09:51:52 UTC" participant="139564">
      <body>Opps </body>
    </message>
    <message id="m0034" time="2012-06-21 09:51:59 UTC" participant="139564">
      <body>3ndo 7a2</body>
    </message>
    <message id="m0035" time="2012-06-21 09:52:03 UTC" participant="139275">
      <body>w baba bgd nawy lema7moud :D :shan el mara de fe nas kbera fe 3elto mesh by2dro ye3do kter</body>
    </message>
    <message id="m0036" time="2012-06-21 09:52:15 UTC" participant="139564">
      <body>Bs e7na gena on time sa7 ?</body>
    </message>
    <message id="m0037" time="2012-06-21 09:52:18 UTC" participant="139564">
      <body>Hhhhhh</body>
    </message>
    <message id="m0038" time="2012-06-21 09:52:34 UTC" participant="139564">
      <body>Ostoooooor ya rab w 3adeeeeha 3la 5eeeeer</body>
    </message>
    <message id="m0039" time="2012-06-21 09:52:55 UTC" participant="139275">
      <body>fa mys7sh yestno w 2al le ma7moud 7ata lw enta mesh mawgod nfsk 7ktb elketab 7 isa</body>
    </message>
    <message id="m0040" time="2012-06-21 09:53:27 UTC" participant="139564">
      <body>Hhhhhhh</body>
    </message>
    <message id="m0041" time="2012-06-21 09:53:43 UTC" participant="139564">
      <body>rabna y3adeha 3la 5eeer yabnty</body>
    </message>
    <message id="m0042" time="2012-06-21 09:53:48 UTC" participant="139275">
      <body>malek? enty kowyesa</body>
    </message>
    <message id="m0043" time="2012-06-21 09:53:51 UTC" participant="139564">
      <body>Ana 3rfa el twtorr da</body>
    </message>
    <message id="m0044" time="2012-06-21 09:54:00 UTC" participant="139275">
      <body>7asaki mesh metzabta</body>
    </message>
    <message id="m0045" time="2012-06-21 09:54:12 UTC" participant="139564">
      <body>ah shwya kda</body>
    </message>
    <message id="m0046" time="2012-06-21 09:55:01 UTC" participant="139275">
      <body>lisa bardo!!</body>
    </message>
    <message id="m0047" time="2012-06-21 09:55:02 UTC" participant="139564">
      <body>3ashan klmny tany w kan fy outing iti w a3d ytklm m3aya keter</body>
    </message>
    <message id="m0048" time="2012-06-21 09:55:11 UTC" participant="139275">
      <body>:$</body>
    </message>
    <message id="m0049" time="2012-06-21 09:55:13 UTC" participant="139564">
      <body>7assa eny et5n2t</body>
    </message>
    <message id="m0050" time="2012-06-21 09:55:24 UTC" participant="139275">
      <body>asln babaki mesh 7ywafe2</body>
    </message>
    <message id="m0051" time="2012-06-21 09:55:26 UTC" participant="139564">
      <body>Bgd t3bt mn el 7war da :(</body>
    </message>
    <message id="m0052" time="2012-06-21 09:55:51 UTC" participant="139275">
      <body>howa yet3b elsara7aaa</body>
    </message>
    <message id="m0053" time="2012-06-21 09:55:53 UTC" participant="139564">
      <body>Awya mna a3mello eh hwa mosmm w by2oly mlkesh d3wa ana htssrf</body>
    </message>
    <message id="m0054" time="2012-06-21 09:56:22 UTC" participant="139275">
      <body>da monofy ya nada :D</body>
    </message>
    <message id="m0055" time="2012-06-21 09:56:23 UTC" participant="139564">
      <body>F 5alas 5aleh yetsarraf b2a w 5ally baba yorfod 3ashan a5laaaaas b2a</body>
    </message>
    <message id="m0056" time="2012-06-21 09:56:37 UTC" participant="139275">
      <body>ok w ana mwaf2a</body>
    </message>
    <message id="m0057" time="2012-06-21 09:56:44 UTC" participant="139564">
      <body>El mohm enty msh 3wza mny ay haga ?</body>
    </message>
    <message id="m0058" time="2012-06-21 09:57:11 UTC" participant="139564">
      <body>Sa7eeeeeee7 fen lelet el 7enna </body>
    </message>
    <message id="m0059" time="2012-06-21 09:57:26 UTC" participant="139275">
      <body>bosy mesh 73mlha :(</body>
    </message>
    <message id="m0060" time="2012-06-21 09:57:34 UTC" participant="139275">
      <body>m3lsh bgd mesh nafe3</body>
    </message>
    <message id="m0061" time="2012-06-21 09:57:43 UTC" participant="139564">
      <body>leh kda</body>
    </message>
    <message id="m0062" time="2012-06-21 09:58:04 UTC" participant="139564">
      <body>Ana 3ady bs mdy2a 3ashanek</body>
    </message>
    <message id="m0063" time="2012-06-21 09:58:12 UTC" participant="139564">
      <body>Aked mafesh w2t sa7</body>
    </message>
    <message id="m0064" time="2012-06-21 09:58:36 UTC" participant="139275">
      <body>7'ales bgd w ana 73ml sweet isa el talat</body>
    </message>
    <message id="m0065" time="2012-06-21 09:58:49 UTC" participant="139275">
      <body>w el arab3 lazem a7'od rest isa</body>
    </message>
    <message id="m0066" time="2012-06-21 09:59:10 UTC" participant="139564">
      <body>Sa77</body>
    </message>
    <message id="m0067" time="2012-06-21 09:59:20 UTC" participant="139564">
      <body>La fakes el mhm enty msh mday2a</body>
    </message>
    <message id="m0068" time="2012-06-21 09:59:23 UTC" participant="139564">
      <body></body>
    </message>
    <message id="m0069" time="2012-06-21 09:59:27 UTC" participant="139275">
      <body>m3lsh bgd ana kaman kan nfsy :(</body>
    </message>
    <message id="m0070" time="2012-06-21 09:59:46 UTC" participant="139564">
      <body>Rabna y3adeha 3ala 5eeer w yyasrlek el omooor ya rab</body>
    </message>
    <message id="m0071" time="2012-06-21 09:59:48 UTC" participant="139564">
      <body></body>
    </message>
    <message id="m0073" time="2012-06-21 10:00:02 UTC" participant="139564">
      <body></body>
    </message>
    <message id="m0074" time="2012-06-21 10:00:19 UTC" participant="139275">
      <body>ana ba2a can wait :D</body>
    </message>
    <message id="m0075" time="2012-06-21 10:00:31 UTC" participant="139564">
      <body>Hhhhhhhhhhhhhh</body>
    </message>
    <message id="m0076" time="2012-06-21 10:01:33 UTC" participant="139275">
      <body>msh 3arfa leh 7asa ana 7tl3 fe 3eltkom we7sha w 7'alas :(</body>
    </message>
    <message id="m0077" time="2012-06-21 10:01:56 UTC" participant="139564">
      <body>Eh elly bt2oleeeh da</body>
    </message>
    <message id="m0078" time="2012-06-21 10:01:59 UTC" participant="139564">
      <body>Leh kda</body>
    </message>
    <message id="m0079" time="2012-06-21 10:03:43 UTC" participant="139275">
      <body>laa btklm 3ala eltasrofat</body>
    </message>
    <message id="m0080" time="2012-06-21 10:04:25 UTC" participant="139564">
      <body>:o</body>
    </message>
    <message id="m0081" time="2012-06-21 10:04:31 UTC" participant="139564">
      <body>Omnia bosy</body>
    </message>
    <message id="m0082" time="2012-06-21 10:04:53 UTC" participant="139564">
      <body>Ana mssh ba7eb atklm 3n nfsy bs 3ndek mama msln</body>
    </message>
    <message id="m0083" time="2012-06-21 10:05:12 UTC" participant="139564">
      <body>Tyba gdn w yama shafet mnhom tsorfat teeeeet</body>
    </message>
    <message id="m0084" time="2012-06-21 10:05:36 UTC" participant="139564">
      <body>bs 3ashan hma msh by7booha</body>
    </message>
    <message id="m0085" time="2012-06-21 10:06:13 UTC" participant="139275">
      <body>ana 7asa mn marwa en akeed kolo 7y2ol en ba2a sammt t3ml far7ha badry 3'asb</body>
    </message>
    <message id="m0086" time="2012-06-21 10:06:16 UTC" participant="139564">
      <body>Enty by7booky f isa isa ma7dsh ydy2ek</body>
    </message>
    <message id="m0087" time="2012-06-21 10:06:18 UTC" participant="139275">
      <body>w m2drtah</body>
    </message>
    <message id="m0088" time="2012-06-21 10:06:40 UTC" participant="139564">
      <body>la ybnty enty ayla mn zman</body>
    </message>
    <message id="m0089" time="2012-06-21 10:06:49 UTC" participant="139564">
      <body>W b3den mahom gom fr7 mostafa mn 4</body>
    </message>
    <message id="m0090" time="2012-06-21 10:06:59 UTC" participant="139564">
      <body>enty 7</body>
    </message>
    <message id="m0092" time="2012-06-21 10:07:03 UTC" participant="139275">
      <body>tab w msh by7bo tant leh de aaln to7faaaa msa w enty 3arfa ba7bha ad eh asln</body>
    </message>
    <message id="m0093" time="2012-06-21 10:07:41 UTC" participant="139275">
      <body>bs homa la2o mostafa et27'r fa marwa bt2oli aked ento kaman 7tt27'ro</body>
    </message>
    <message id="m0094" time="2012-06-21 10:10:24 UTC" participant="139564">
      <body>3ashan kano bytswro @ montazza  w bynoto w bta3 f etbhdlo fhmany</body>
    </message>
    <message id="m0095" time="2012-06-21 10:10:38 UTC" participant="139275">
      <body>sebk ya bnty</body>
    </message>
    <message id="m0096" time="2012-06-21 10:10:59 UTC" participant="139275">
      <body>bs homa nawyen yet27'ro</body>
    </message>
    <message id="m0097" time="2012-06-21 10:11:18 UTC" participant="139564">
      <body>:s</body>
    </message>
    <message id="m0098" time="2012-06-21 10:11:25 UTC" participant="139275">
      <body>w shkl 3amo by2ol t3alo 7 fa el naa ba2a tgele 8 w 9</body>
    </message>
    <message id="m0099" time="2012-06-21 10:11:49 UTC" participant="139275">
      <body>bs ana elsar7a 3ayza baba yesmm ba2a</body>
    </message>
    <message id="m0100" time="2012-06-21 10:11:52 UTC" participant="139564">
      <body>bosy bra7ethom ento olto el m3ad elly by7trm mwa3edo w by7bko bgd hayegy bdry</body>
    </message>
    <message id="m0101" time="2012-06-21 10:12:46 UTC" participant="139564">
      <body>Aywa 7a2ekk !</body>
    </message>
    <message id="m0102" time="2012-06-21 10:13:12 UTC" participant="139275">
      <body>ana msh 3ayza ma7moud y7s eno lwa7so</body>
    </message>
    <message id="m0103" time="2012-06-21 10:13:36 UTC" participant="139564">
      <body>:(</body>
    </message>
    <message id="m0104" time="2012-06-21 10:14:10 UTC" participant="139564">
      <body>La mt2l2esh hayb2a mal5oom m3 so7abo isa</body>
    </message>
    <message id="m0105" time="2012-06-21 10:14:18 UTC" participant="139564">
      <body>W isa hma mayt2a5roosh</body>
    </message>
    <message id="m0106" time="2012-06-21 10:14:23 UTC" participant="139275">
      <body>da by2oli en yom el 7'toba tawq3 en m7dsh 7ygelo mn ahlo</body>
    </message>
    <message id="m0108" time="2012-06-21 10:14:39 UTC" participant="139275">
      <body>w lma la2a el nas gat far7</body>
    </message>
    <message id="m0109" time="2012-06-21 10:15:29 UTC" participant="139564">
      <body>Yaaah bgd</body>
    </message>
    <message id="m0110" time="2012-06-21 10:16:02 UTC" participant="139275">
      <body>sa7eee7</body>
    </message>
    <message id="m0111" time="2012-06-21 10:16:30 UTC" participant="139275">
      <body>asln elm2Zon gay m3 7'lo 7'ames</body>
    </message>
    <message id="m0112" time="2012-06-21 10:16:55 UTC" participant="139275">
      <body>ye3ny momken kolhom yet27'ro :s</body>
    </message>
    <message id="m0113" time="2012-06-21 10:17:16 UTC" participant="139564">
      <body>haaaar eswd  bthzRy</body>
    </message>
    <message id="m0114" time="2012-06-21 10:17:29 UTC" participant="139564">
      <body>La ma7oooood lazm y2kd 3alehom</body>
    </message>
    <message id="m0115" time="2012-06-21 10:17:33 UTC" participant="139564">
      <body>!!</body>
    </message>
    <message id="m0116" time="2012-06-21 10:18:02 UTC" participant="139275">
      <body>ana 77'li baba yeklm 3amo mo7amd</body>
    </message>
    <message id="m0117" time="2012-06-21 10:18:25 UTC" participant="139275">
      <body>w ye2kd 3aleh</body>
    </message>
    <message id="m0118" time="2012-06-21 10:19:16 UTC" participant="139564">
      <body>Aywa sa7</body>
    </message>
    <message id="m0119" time="2012-06-21 10:19:52 UTC" participant="139275">
      <body>howa 7'lo 7'amea m3osh 3arbeya sa7?</body>
    </message>
    <message id="m0120" time="2012-06-21 10:22:20 UTC" participant="139564">
      <body>Ma3ag masheoo3</body>
    </message>
    <message id="m0121" time="2012-06-21 10:22:20 UTC" participant="139564">
      <body>2 mashroo3 wa7ed bta3o hwa w 3amo 7assan w el tany bta3 baba</body>
    </message>
    <message id="m0122" time="2012-06-21 10:23:26 UTC" participant="139275">
      <body>rabna yshl</body>
    </message>
    <message id="m0123" time="2012-06-21 10:23:45 UTC" participant="139564">
      <body>Isa b ezn allah la taklky</body>
    </message>
    <message id="m0124" time="2012-06-21 10:23:50 UTC" participant="139564">
      <body></body>
    </message>
    <message id="m0125" time="2012-06-21 10:49:27 UTC" participant="139564">
      <body>la 7wl wla kwta ella bllah</body>
    </message>
    <message id="m0126" time="2012-06-21 10:52:43 UTC" participant="139564">
      <body>Aha fhmt</body>
    </message>
    <message id="m0127" time="2012-06-21 10:58:13 UTC" participant="139564">
      <body>Bs eshta</body>
    </message>
    <message id="m0128" time="2012-06-21 10:58:33 UTC" participant="139564">
      <body>Confused shwya bsbb om el mwdo3 bta3 abdelghaffar da</body>
    </message>
    <message id="m0129" time="2012-06-21 11:00:56 UTC" participant="139564">
      <body>ayyyyyy mosa3da</body>
    </message>
    <message id="m0130" time="2012-06-21 11:06:20 UTC" participant="139564">
      <body>Wallahy hatb2y amaraya bgd isA i knw it</body>
    </message>
    <message id="m0131" time="2012-06-21 11:06:24 UTC" participant="139564">
      <body>U r asln</body>
    </message>
    <message id="m0132" time="2012-06-21 11:13:40 UTC" participant="139564">
      <body>Aha hya ba2et kda b2a</body>
    </message>
    <message id="m0133" time="2012-06-21 11:13:54 UTC" participant="139564">
      <body>Yabnty mostafa et2a5r sa3a wa7da bss</body>
    </message>
  </messages>
</conversation>
