<?xml version="1.0" encoding="UTF-8"?>
<conversation id="CHT_ARZ_20130421.0002" medium="CHT" donated="true">
  <messages>
    <message id="m0000" time="2013-04-21 14:05:04 UTC" participant="139134">
      <body>sarah ?</body>
    </message>
    <message id="m0001" time="2013-04-21 14:05:07 UTC" participant="139134">
      <body>ana hatklm ??</body>
    </message>
    <message id="m0002" time="2013-04-21 20:32:08 UTC" participant="139368">
      <body>Rime ya sisi</body>
    </message>
    <message id="m0003" time="2013-04-21 20:32:18 UTC" participant="139134">
      <body>na7amm</body>
    </message>
    <message id="m0004" time="2013-04-21 20:32:18 UTC" participant="139368">
      <body>Enty 7tygy bkra mesh kalam 3ial</body>
    </message>
    <message id="m0005" time="2013-04-21 20:32:25 UTC" participant="139368">
      <body>Mtghyba</body>
    </message>
    <message id="m0006" time="2013-04-21 20:32:29 UTC" participant="139368">
      <body>3yzin nshofek</body>
    </message>
    <message id="m0008" time="2013-04-21 20:33:06 UTC" participant="139134">
      <body>aiwaa walahyy gaya</body>
    </message>
    <message id="m0009" time="2013-04-21 20:33:13 UTC" participant="139134">
      <body>ana bas bgd knt t3bana last days</body>
    </message>
    <message id="m0010" time="2013-04-21 20:36:21 UTC" participant="139368">
      <body>Salmtk ya be</body>
    </message>
    <message id="m0011" time="2013-04-21 20:36:23 UTC" participant="139368">
      <body>Bbe*</body>
    </message>
    <message id="m0013" time="2013-04-21 20:36:32 UTC" participant="139368">
      <body>:((</body>
    </message>
    <message id="m0014" time="2013-04-21 20:40:29 UTC" participant="139134">
      <body>i knpwwqq wentooo kamann</body>
    </message>
    <message id="m0015" time="2013-04-21 20:41:28 UTC" participant="139134">
      <body>wiiii</body>
    </message>
    <message id="m0016" time="2013-04-22 11:14:07 UTC" participant="139134">
      <body>hea today mfrud n3ml eih isa ?!</body>
    </message>
    <message id="m0017" time="2013-04-22 11:18:32 UTC" participant="139368">
      <body>Rc meeting</body>
    </message>
    <message id="m0018" time="2013-04-22 11:18:33 UTC" participant="139368">
      <body>Idk</body>
    </message>
    <message id="m0019" time="2013-04-22 11:41:48 UTC" participant="139134">
      <body>la asdi fi haga tntaaa</body>
    </message>
    <message id="m0022" time="2013-04-22 11:46:56 UTC" participant="139134">
      <body>tyb</body>
    </message>
    <message id="m0023" time="2013-04-22 11:47:01 UTC" participant="139134">
      <body>enty kowyssa ?</body>
    </message>
    <message id="m0024" time="2013-04-22 11:47:55 UTC" participant="139368">
      <body>Ana. Section</body>
    </message>
    <message id="m0025" time="2013-04-22 11:47:59 UTC" participant="139368">
      <body>Fi*</body>
    </message>
    <message id="m0026" time="2013-04-22 11:50:13 UTC" participant="139134">
      <body>ahhh ok</body>
    </message>
  </messages>
</conversation>
