<?xml version="1.0" encoding="UTF-8"?>
<conversation id="CHT_ARZ_20121228.0001" medium="CHT" donated="true">
  <messages>
    <message id="m0000" participant="138112" time="2012-12-28 14:15:53 UTC">
      <body>Leena ezayek??</body>
    </message>
    <message id="m0001" participant="138314" time="2012-12-28 14:16:13 UTC">
      <body>Tamam 7dl wenty ?</body>
    </message>
    <message id="m0002" participant="138112" time="2012-12-28 14:19:32 UTC">
      <body>Ana kwayesa el7, fenek?</body>
    </message>
    <message id="m0003" participant="138314" time="2012-12-28 14:20:37 UTC">
      <body>Mostafia shwaya 3shan kan 3andy driving courses we kont 3ayana :D we kaman mafesh school hahah :D bas harg3 azhar tany 3shan kolo 5els :D</body>
    </message>
    <message id="m0004" participant="138112" time="2012-12-28 14:31:15 UTC">
      <body>Alf salama haha :) hat3mly eh fel agaza b2a haha</body>
    </message>
    <message id="m0005" participant="138314" time="2012-12-28 14:33:07 UTC">
      <body>Arabet te5las bas ana mwaryeesh ay 7aga</body>
    </message>
    <message id="m0006" participant="138314" time="2012-12-28 14:33:18 UTC">
      <body>3ayza ashofk wa7shtene</body>
    </message>
    <message id="m0007" participant="138112" time="2012-12-28 14:36:04 UTC">
      <body>Lahhh 5alas lesa wa2t kteer</body>
    </message>
    <message id="m0008" participant="138112" time="2012-12-28 14:36:09 UTC">
      <body>Enti kaman walahi awy</body>
    </message>
    <message id="m0009" participant="138112" time="2012-12-28 14:36:23 UTC">
      <body>Enti msh hatsafre?</body>
    </message>
    <message id="m0010" participant="138314" time="2012-12-28 14:39:20 UTC">
      <body>La2 :D</body>
    </message>
    <message id="m0011" participant="138314" time="2012-12-28 14:45:56 UTC">
      <body>Enty hatsafre ?</body>
    </message>
    <message id="m0012" participant="138112" time="2012-12-28 14:54:22 UTC">
      <body>La2 :D</body>
    </message>
    <message id="m0013" participant="138314" time="2012-12-28 14:54:38 UTC">
      <body>Bardo hahah tab man5rog ?</body>
    </message>
    <message id="m0014" participant="138112" time="2012-12-28 14:54:59 UTC">
      <body>Eshta no5rog bas balash enaharda wla bokra wla ba3do wla Monday</body>
    </message>
    <message id="m0015" participant="138112" time="2012-12-28 14:55:06 UTC">
      <body>Tuesday no5rog?</body>
    </message>
    <message id="m0016" participant="138314" time="2012-12-28 14:59:04 UTC">
      <body>Ana bardo today we bukra we ba3do mish nafe3 hahahah :D mashy</body>
    </message>
    <message id="m0017" participant="138314" time="2012-12-28 14:59:21 UTC">
      <body>Hate7tefle bl new year?</body>
    </message>
    <message id="m0018" participant="138112" time="2012-12-28 14:59:53 UTC">
      <body>Ahhh bas msh 3arfa a3mel eh, enti hat3mel eh</body>
    </message>
    <message id="m0019" participant="138314" time="2012-12-28 15:01:10 UTC">
      <body>Msh 3rfa bardo lw mish ha3ml 7aga ha7tafel ma3 ahly</body>
    </message>
    <message id="m0020" participant="138112" time="2012-12-28 15:01:53 UTC">
      <body>Ahlek hay3mlo eh</body>
    </message>
    <message id="m0021" participant="138314" time="2012-12-28 15:07:42 UTC">
      <body>Momken no5rog nakol bara bas keda :D</body>
    </message>
    <message id="m0022" participant="138112" time="2012-12-28 15:36:55 UTC">
      <body>Momken awy:D</body>
    </message>
    <message id="m0023" participant="138314" time="2012-12-28 17:18:40 UTC">
      <body>Ana we ahly. Bn3ml keda kol sana nakol bara we bas</body>
    </message>
    <message id="m0024" participant="138112" time="2012-12-28 18:12:08 UTC">
      <body>Bas keda!!!</body>
    </message>
    <message id="m0025" participant="138112" time="2012-12-28 18:12:20 UTC">
      <body>Howa da el e7tefal haha</body>
    </message>
    <message id="m0026" participant="138314" time="2012-12-28 18:16:04 UTC">
      <body>Han3ml eh tani :D</body>
    </message>
    <message id="m0027" participant="138112" time="2012-12-28 18:41:41 UTC">
      <body>Hanakol :D</body>
    </message>
    <message id="m0028" participant="138314" time="2012-12-28 18:47:49 UTC">
      <body>La2 I mean han3ml eh tani ana we ahly g'er enena nero7 cafe aw keda :D</body>
    </message>
  </messages>
</conversation>
