<?xml version="1.0" encoding="UTF-8"?>
<conversation id="CHT_ARZ_20130316.0003" medium="CHT" donated="true">
  <messages>
    <message id="m0000" time="2013-03-16 00:38:00 UTC" participant="139275">
      <body>Ur facebook ya marwa</body>
    </message>
    <message id="m0001" time="2013-03-16 09:26:00 UTC" participant="139574">
      <body>Gaya ??????</body>
    </message>
    <message id="m0003" time="2013-03-16 09:33:00 UTC" participant="139275">
      <body>La bada2t</body>
    </message>
    <message id="m0004" time="2013-03-16 09:33:00 UTC" participant="139275">
      <body>W kaman msh 2adra a2af :D</body>
    </message>
    <message id="m0005" time="2013-03-16 09:34:00 UTC" participant="139275">
      <body>حالتى الصحية تدهورت الحمد لله</body>
    </message>
    <message id="m0006" time="2013-03-16 09:34:00 UTC" participant="139275">
      <body>ده من يوم الخميس تقريبا</body>
    </message>
    <message id="m0007" time="2013-03-16 09:41:00 UTC" participant="139574">
      <body>Ill update u lama arg3 isA</body>
    </message>
    <message id="m0008" time="2013-03-16 09:41:00 UTC" participant="139574">
      <body>Salmtek sara :(</body>
    </message>
    <message id="m0009" time="2013-03-16 09:51:00 UTC" participant="139275">
      <body>الله يسلم عمرك</body>
    </message>
    <message id="m0010" time="2013-03-16 09:52:00 UTC" participant="139275">
      <body>اللهم انا نجعلك في نحرها و نعوذ بك من شرورها</body>
    </message>
  </messages>
</conversation>
