<?xml version="1.0" encoding="UTF-8"?>
<conversation id="CHT_ARZ_20130110.0000" medium="CHT" donated="true">
  <messages>
    <message id="m0000" participant="138325" time="2013-01-10 23:11:29 UTC">
      <body>Yaraa ya gamila</body>
    </message>
    <message id="m0001" participant="138325" time="2013-01-10 23:11:30 UTC">
      <body/>
    </message>
    <message id="m0003" participant="138325" time="2013-01-11 16:10:37 UTC">
      <body>Mot2kda?</body>
    </message>
    <message id="m0004" participant="138112" time="2013-01-11 16:44:34 UTC">
      <body>Ah</body>
    </message>
  </messages>
</conversation>
