<?xml version="1.0" encoding="UTF-8"?>
<conversation id="CHT_ARZ_20130409.0002" medium="CHT" donated="true">
  <messages>
    <message id="m0000" time="2013-04-09 21:35:56 UTC" participant="139275">
      <body>dodo</body>
    </message>
    <message id="m0001" time="2013-04-09 21:36:10 UTC" participant="139275">
      <body>3amla eh 2ady?</body>
    </message>
    <message id="m0002" time="2013-04-09 22:16:34 UTC" participant="139275">
      <body>الحمد لله</body>
    </message>
    <message id="m0003" time="2013-04-09 22:16:43 UTC" participant="139275">
      <body>كنزي عاملة ايه؟</body>
    </message>
    <message id="m0004" time="2013-04-09 22:16:49 UTC" participant="139275">
      <body>روحتوا؟</body>
    </message>
    <message id="m0005" time="2013-04-09 22:17:03 UTC" participant="139558">
      <body>أهلا أمنية</body>
    </message>
    <message id="m0006" time="2013-04-09 22:17:14 UTC" participant="139558">
      <body>انا كويسة يا حبيبتي</body>
    </message>
    <message id="m0007" time="2013-04-09 22:17:17 UTC" participant="139558">
      <body>انت عاملة ايه</body>
    </message>
    <message id="m0008" time="2013-04-09 22:17:24 UTC" participant="139275">
      <body>ده طبيعي</body>
    </message>
    <message id="m0009" time="2013-04-09 22:17:49 UTC" participant="139275">
      <body>يااه</body>
    </message>
    <message id="m0010" time="2013-04-09 22:18:25 UTC" participant="139275">
      <body>بتحسي بالم ولا عادي وانتي بتشفطي؟</body>
    </message>
    <message id="m0011" time="2013-04-09 22:18:58 UTC" participant="139275">
      <body>بالكهربا اكيد حاجة متطورة</body>
    </message>
    <message id="m0012" time="2013-04-09 22:19:04 UTC" participant="139558">
      <body>لا و الله لسة</body>
    </message>
    <message id="m0013" time="2013-04-09 22:19:13 UTC" participant="139558">
      <body>عاملة تخس</body>
    </message>
    <message id="m0014" time="2013-04-09 22:19:33 UTC" participant="139558">
      <body>قالولي مترضعهاش طبيعي</body>
    </message>
    <message id="m0015" time="2013-04-09 22:19:34 UTC" participant="139558">
      <body>عشان مجهود عليها</body>
    </message>
    <message id="m0016" time="2013-04-09 22:19:41 UTC" participant="139275">
      <body>التشفيط اليدوي ده صعب اوي</body>
    </message>
    <message id="m0017" time="2013-04-09 22:19:45 UTC" participant="139558">
      <body>بشفط اللبن وادهولها</body>
    </message>
    <message id="m0018" time="2013-04-09 22:20:14 UTC" participant="139275">
      <body>رهيب</body>
    </message>
    <message id="m0019" time="2013-04-09 22:20:25 UTC" participant="139275">
      <body>الحمد لله</body>
    </message>
    <message id="m0020" time="2013-04-09 22:20:34 UTC" participant="139558">
      <body>لا عادي</body>
    </message>
    <message id="m0021" time="2013-04-09 22:20:43 UTC" participant="139275">
      <body>لسة مش علرفة ارضع عدل</body>
    </message>
    <message id="m0022" time="2013-04-09 22:20:51 UTC" participant="139275">
      <body>صدري اتبهدل</body>
    </message>
    <message id="m0023" time="2013-04-09 22:20:53 UTC" participant="139558">
      <body>لما هي بترضع في الأول بحس بألم</body>
    </message>
    <message id="m0024" time="2013-04-09 22:21:06 UTC" participant="139558">
      <body>بس شوية و بيروح</body>
    </message>
    <message id="m0025" time="2013-04-09 22:21:23 UTC" participant="139558">
      <body>اه بالكهربا</body>
    </message>
    <message id="m0026" time="2013-04-09 22:21:43 UTC" participant="139275">
      <body>اه الحمد لله</body>
    </message>
    <message id="m0027" time="2013-04-09 22:21:55 UTC" participant="139558">
      <body>مجربتوش</body>
    </message>
    <message id="m0028" time="2013-04-09 22:21:57 UTC" participant="139275">
      <body>احسن كتير</body>
    </message>
    <message id="m0029" time="2013-04-09 22:22:11 UTC" participant="139558">
      <body>يحيي عامل ايه</body>
    </message>
    <message id="m0030" time="2013-04-09 22:22:14 UTC" participant="139275">
      <body>صورتي كنزي تاني؟</body>
    </message>
    <message id="m0031" time="2013-04-09 22:23:01 UTC" participant="139558">
      <body>واحدة واحدة معلش</body>
    </message>
    <message id="m0032" time="2013-04-09 22:23:11 UTC" participant="139558">
      <body>مش بالساهل والله</body>
    </message>
    <message id="m0033" time="2013-04-09 22:23:29 UTC" participant="139558">
      <body>جرحك احسن ؟</body>
    </message>
    <message id="m0034" time="2013-04-09 22:23:55 UTC" participant="139558">
      <body>الحمد لله</body>
    </message>
    <message id="m0035" time="2013-04-09 22:27:56 UTC" participant="139275">
      <body>على طول متكدرة كده ؛)</body>
    </message>
    <message id="m0036" time="2013-04-09 22:28:06 UTC" participant="139275">
      <body>عاملة زي يحيى</body>
    </message>
    <message id="m0037" time="2013-04-09 22:28:38 UTC" participant="139275">
      <body/>
    </message>
    <message id="m0038" time="2013-04-09 22:29:00 UTC" participant="139558">
      <body>&lt;media omitted&gt;</body>
    </message>
    <message id="m0039" time="2013-04-10 15:54:07 UTC" participant="139275">
      <body>عروسة ابني عاملة ايه انهاردة؟</body>
    </message>
    <message id="m0040" time="2013-04-10 15:54:13 UTC" participant="139275">
      <body>وانتي عاملة ايه؟</body>
    </message>
  </messages>
</conversation>
