<?xml version="1.0" encoding="UTF-8"?>
<conversation id="CHT_ARZ_20120616.0004" medium="CHT" donated="true">
  <messages>
    <message id="m0000" time="2012-06-16 22:36:00 UTC" participant="139275">
      <body>be7'</body>
    </message>
    <message id="m0001" time="2012-06-16 22:40:42 UTC" participant="139566">
      <body>7beby</body>
    </message>
    <message id="m0002" time="2012-06-16 22:42:57 UTC" participant="139566">
      <body>Eh el a5bar ? Count down </body>
    </message>
    <message id="m0003" time="2012-06-16 22:44:26 UTC" participant="139275">
      <body>lel asf :(</body>
    </message>
    <message id="m0004" time="2012-06-16 22:44:40 UTC" participant="139275">
      <body>mn 5 w nos ba2a isa haa</body>
    </message>
    <message id="m0005" time="2012-06-16 22:46:26 UTC" participant="139566">
      <body>Leh kda bs ?</body>
    </message>
    <message id="m0007" time="2012-06-16 22:47:13 UTC" participant="139275">
      <body>77awl bgd</body>
    </message>
    <message id="m0008" time="2012-06-16 22:47:42 UTC" participant="139566">
      <body>U know eny 7ab2a msafra</body>
    </message>
    <message id="m0009" time="2012-06-16 22:47:58 UTC" participant="139275">
      <body>eeeeeeeh</body>
    </message>
    <message id="m0010" time="2012-06-16 22:48:04 UTC" participant="139275">
      <body>ehhhhhhhhhhhh??!!!!!!</body>
    </message>
    <message id="m0011" time="2012-06-16 22:48:11 UTC" participant="139275">
      <body>n3m!!</body>
    </message>
    <message id="m0013" time="2012-06-16 22:48:25 UTC" participant="139275">
      <body>a7eeeeh bgd 73yat</body>
    </message>
    <message id="m0015" time="2012-06-16 22:49:02 UTC" participant="139566">
      <body>La2 la2 ana 7agy 7ta lw a5r 10 mins</body>
    </message>
    <message id="m0016" time="2012-06-16 22:49:23 UTC" participant="139275">
      <body>:(</body>
    </message>
    <message id="m0017" time="2012-06-16 22:49:35 UTC" participant="139566">
      <body>Bosy ana 7safr turkey this 5ames w 7agy el 5ames 28 m3rfsh emta</body>
    </message>
    <message id="m0018" time="2012-06-16 22:49:52 UTC" participant="139566">
      <body>Bs lma arg3 Alex 7albs w agy 3la tol</body>
    </message>
    <message id="m0019" time="2012-06-16 22:50:02 UTC" participant="139566">
      <body>Aw 7agy mn el mtar b el jeans</body>
    </message>
    <message id="m0021" time="2012-06-16 22:51:08 UTC" participant="139275">
      <body>eh dal lewa7dk?</body>
    </message>
    <message id="m0022" time="2012-06-16 22:51:19 UTC" participant="139566">
      <body>Just promise that i will see u happy w mhyasa zay omnia ely btgry f el 7osh</body>
    </message>
    <message id="m0023" time="2012-06-16 22:51:46 UTC" participant="139566">
      <body>Asdk msafra lw7dy ? No with family</body>
    </message>
    <message id="m0024" time="2012-06-16 22:52:27 UTC" participant="139275">
      <body>etbsty enty ahm 7aga :)</body>
    </message>
    <message id="m0025" time="2012-06-16 22:52:34 UTC" participant="139275">
      <body>enty mesh enty 7'ales</body>
    </message>
    <message id="m0026" time="2012-06-16 22:52:51 UTC" participant="139566">
      <body>Eshm3na ?</body>
    </message>
    <message id="m0027" time="2012-06-16 22:53:12 UTC" participant="139275">
      <body>mesh mabsota enty</body>
    </message>
    <message id="m0028" time="2012-06-16 22:53:53 UTC" participant="139566">
      <body>Ana la2 wlahy 3ady</body>
    </message>
    <message id="m0029" time="2012-06-16 22:54:09 UTC" participant="139275">
      <body>mesh 7t7kili ba2a</body>
    </message>
    <message id="m0030" time="2012-06-16 22:54:12 UTC" participant="139275">
      <body>:)</body>
    </message>
    <message id="m0031" time="2012-06-16 22:55:17 UTC" participant="139566">
      <body>B3d m a agrb fiki el full experience w tshg3eny  </body>
    </message>
    <message id="m0032" time="2012-06-16 22:55:41 UTC" participant="139275">
      <body>la la la ana w ma7moud mesh mqyaas</body>
    </message>
    <message id="m0033" time="2012-06-16 22:55:42 UTC" participant="139566">
      <body>Bosy now focus on u then nfdaly </body>
    </message>
    <message id="m0034" time="2012-06-16 22:56:11 UTC" participant="139566">
      <body>Hehehheehe ma kol shoia 7d y2oly ana msh mkias </body>
    </message>
    <message id="m0035" time="2012-06-16 22:56:39 UTC" participant="139566">
      <body>2olely bs how r u feeling ?</body>
    </message>
    <message id="m0036" time="2012-06-16 22:57:08 UTC" participant="139275">
      <body>:) mmmm</body>
    </message>
    <message id="m0037" time="2012-06-16 22:57:27 UTC" participant="139566">
      <body>Ha ?</body>
    </message>
    <message id="m0038" time="2012-06-16 22:57:50 UTC" participant="139275">
      <body>saybha 3ala rabna</body>
    </message>
    <message id="m0039" time="2012-06-16 22:58:04 UTC" participant="139275">
      <body>bs ana b7md rbna 3ala ma7moud</body>
    </message>
    <message id="m0040" time="2012-06-16 22:58:36 UTC" participant="139275">
      <body>7asa en fe3lan mknsh leya ene atgwez 3'ero</body>
    </message>
    <message id="m0041" time="2012-06-16 22:58:58 UTC" participant="139275">
      <body>w howa byhwen 3alaya 7agat w bys3b 3alaya 7agat</body>
    </message>
    <message id="m0042" time="2012-06-16 22:59:00 UTC" participant="139566">
      <body>Y3ni other than enk da5la 3la something new w missing ur life fe 7aga ?</body>
    </message>
    <message id="m0043" time="2012-06-16 23:00:05 UTC" participant="139275">
      <body>ahh tab3an kol 7aga 7tw7shny</body>
    </message>
    <message id="m0044" time="2012-06-16 23:00:13 UTC" participant="139566">
      <body>Ok byhawn 3aliki 7agat de  w el 7agat el sa3ba msh ma7mod ely bysa3bha hia el 7aia lazm ykon feha 7agat sa3ba sa5afaaa b2a</body>
    </message>
    <message id="m0045" time="2012-06-16 23:09:53 UTC" participant="139275">
      <body>w 7'yfa ene fashla ka set bet tmamn</body>
    </message>
    <message id="m0046" time="2012-06-16 23:09:53 UTC" participant="139275">
      <body>w regli t3bana zy ma enty 3arfa w ay maghod byt3bny gamed</body>
    </message>
    <message id="m0047" time="2012-06-16 23:09:53 UTC" participant="139275">
      <body>bs isa rabna ye2eene</body>
    </message>
    <message id="m0048" time="2012-06-16 23:35:53 UTC" participant="139275">
      <body>:)</body>
    </message>
    <message id="m0049" time="2012-06-16 23:35:59 UTC" participant="139275">
      <body>ana ba7eb a3od fe odty ab7l2 fls2f</body>
    </message>
    <message id="m0050" time="2012-06-16 23:53:28 UTC" participant="139275">
      <body>w mesh ba7eb a3od m3 7ad..ana b2et bt3sb 3ala ahli games</body>
    </message>
    <message id="m0051" time="2012-06-16 23:53:28 UTC" participant="139275">
      <body>byd7'lo fe kol tafasel 7yaty</body>
    </message>
    <message id="m0052" time="2012-06-17 00:05:05 UTC" participant="139566">
      <body>Ana 3aiza a7dr ktb el ktab  b7bo</body>
    </message>
    <message id="m0053" time="2012-06-17 00:05:20 UTC" participant="139566">
      <body>Ageloh l7d ma agy </body>
    </message>
    <message id="m0054" time="2012-06-17 00:14:14 UTC" participant="139566">
      <body>Bosy as for reglk f ana a3rf nas solam w ay maghod byt3bhom e7na gel 5i5a</body>
    </message>
    <message id="m0055" time="2012-06-17 00:16:06 UTC" participant="139566">
      <body>As for fashl u know that i talked to many of my friends kano 2rbo ytgawzo w la2et kolhom by2olo klam kda , one tells me 7asa eny 7atla2 at one point w tania t2oly 7ayb2a dmy t2el wad7 en da sh3or normal</body>
    </message>
    <message id="m0056" time="2012-06-17 00:16:33 UTC" participant="139566">
      <body>Bs el good side en homa kman aked by7so enhom msh 7ayb2o best husbands</body>
    </message>
    <message id="m0057" time="2012-06-17 00:17:40 UTC" participant="139566">
      <body>Bosy m7dsh mna kann best f ay role la3bo we r not perfect daughters or perfect sisters ot perfect friends f 7ta lw msh perfect wives wad7 en da normal</body>
    </message>
    <message id="m0058" time="2012-06-17 00:18:27 UTC" participant="139566">
      <body>Aked wraky 7agat tafha tsh3'ly nfsk feha w tbtly tfkry l7d el fra7 </body>
    </message>
    <message id="m0059" time="2012-06-17 00:41:37 UTC" participant="139566">
      <body>Hehhehee</body>
    </message>
    <message id="m0060" time="2012-06-17 00:42:16 UTC" participant="139566">
      <body>Ana kman b7b odty bs ana m7dsh ygro2 y2rb mn el 2oda</body>
    </message>
    <message id="m0061" time="2012-06-17 00:43:05 UTC" participant="139566">
      <body>Ana b7s en f el fatra de kol el nas btet3wd 3la el we7da w bt7bha</body>
    </message>
    <message id="m0062" time="2012-06-17 00:44:11 UTC" participant="139566">
      <body>As for ahlk f el nas btla2y nfsaha fadia y2olo ntklm hehehehe la2 hoa el fekra enhom f el awel they ask coz they care then by2olo el nasi7a ely tnf3 lihom msh liki </body>
    </message>
  </messages>
</conversation>
