<?xml version="1.0" encoding="UTF-8"?>
<conversation id="CHT_ARZ_20130430.0006" medium="CHT" donated="true">
  <messages>
    <message id="m0001" time="2013-04-30 20:21:00 UTC" participant="139230">
      <body>هييييه.فيه حاجة وصلت لي منك يا سمسمة</body>
    </message>
    <message id="m0002" time="2013-04-30 20:22:00 UTC" participant="139230">
      <body>انا عرفت النهاردة بالصدفة ان الولاد تعبانين</body>
    </message>
    <message id="m0003" time="2013-04-30 20:22:00 UTC" participant="139710">
      <body>hanrou7 elking isa?</body>
    </message>
    <message id="m0004" time="2013-04-30 20:23:00 UTC" participant="139710">
      <body>Ana elly ta3bana wallahy</body>
    </message>
    <message id="m0005" time="2013-04-30 20:23:00 UTC" participant="139230">
      <body>لو انا في اسكندرية انشاءالله</body>
    </message>
    <message id="m0006" time="2013-04-30 20:23:00 UTC" participant="139710">
      <body>bada2t akhod modad 7atyawi</body>
    </message>
    <message id="m0007" time="2013-04-30 20:23:00 UTC" participant="139230">
      <body>ليه بس ؟؟ رجليكي؟؟؟</body>
    </message>
    <message id="m0008" time="2013-04-30 20:23:00 UTC" participant="139230">
      <body>برد؟؟</body>
    </message>
    <message id="m0009" time="2013-04-30 20:23:00 UTC" participant="139710">
      <body>Ba2ollek matsaya7eesh msh 2ayleen lelkol</body>
    </message>
    <message id="m0010" time="2013-04-30 20:24:00 UTC" participant="139230">
      <body>سلامتك الف سلامة</body>
    </message>
    <message id="m0011" time="2013-04-30 20:24:00 UTC" participant="139710">
      <body>Ana 3andy sokhoneyya</body>
    </message>
    <message id="m0012" time="2013-04-30 20:25:00 UTC" participant="139230">
      <body>اه ماهو انا فهمت ان مش الكل عارف</body>
    </message>
    <message id="m0013" time="2013-04-30 20:25:00 UTC" participant="139230">
      <body>ليه كده طيب خلي بالك و او فيه تحليل اعمليه</body>
    </message>
    <message id="m0014" time="2013-04-30 20:26:00 UTC" participant="139710">
      <body>keda a7san</body>
    </message>
    <message id="m0015" time="2013-04-30 20:26:00 UTC" participant="139710">
      <body>mesh keda</body>
    </message>
    <message id="m0016" time="2013-04-30 20:26:00 UTC" participant="139230">
      <body>انا برضه بقالي يومين اهو بعمل تحاليل دم</body>
    </message>
    <message id="m0017" time="2013-04-30 20:27:00 UTC" participant="139710">
      <body>leeh?</body>
    </message>
    <message id="m0018" time="2013-04-30 20:27:00 UTC" participant="139230">
      <body>انشاءالله</body>
    </message>
    <message id="m0019" time="2013-04-30 20:27:00 UTC" participant="139710">
      <body>leeh bete3meli ta7allil?</body>
    </message>
    <message id="m0020" time="2013-04-30 20:27:00 UTC" participant="139230">
      <body>بس عاوزين نسافر القاهرة نطمن على حمايا عشان كان عامل عملية</body>
    </message>
    <message id="m0021" time="2013-04-30 20:28:00 UTC" participant="139710">
      <body>Enty bete3mely ta7lil leih?</body>
    </message>
  </messages>
</conversation>
