<?xml version="1.0" encoding="UTF-8"?>
<conversation id="CHT_ARZ_20121227.0002" medium="CHT" donated="true">
  <messages>
    <message id="m0000" time="2012-12-27 00:20:28 UTC" participant="149434">
      <body>Naniiiii</body>
    </message>
    <message id="m0001" time="2012-12-27 00:20:47 UTC" participant="149434">
      <body>Bnt ya naniiiiii</body>
    </message>
    <message id="m0002" time="2012-12-27 00:21:10 UTC" participant="149434">
      <body>Moia 3mla eh mesh btrod 3alaya</body>
    </message>
    <message id="m0003" time="2012-12-27 01:02:59 UTC" participant="139275">
      <body>tb2a a7sn el 7amdo leallah</body>
    </message>
  </messages>
</conversation>

