<?xml version="1.0" encoding="UTF-8"?>
<conversation id="CHT_ARZ_20130406.0003" medium="CHT" donated="true">
  <messages>
    <message id="m0001" time="2013-04-06 01:03:09 UTC" participant="139134">
      <body>fakrani ?!</body>
    </message>
    <message id="m0002" time="2013-04-06 01:03:19 UTC" participant="139586">
      <body>Loooll</body>
    </message>
    <message id="m0003" time="2013-04-06 01:03:23 UTC" participant="139586">
      <body>Babyyy</body>
    </message>
    <message id="m0004" time="2013-04-06 01:10:01 UTC" participant="139134">
      <body>msh bhzr btw</body>
    </message>
    <message id="m0005" time="2013-04-06 01:11:47 UTC" participant="139586">
      <body>Rime walahy ana mas7oulaa fel masters ba2ali moda we lesa 3andi exam nxt week</body>
    </message>
    <message id="m0006" time="2013-04-06 01:12:03 UTC" participant="139134">
      <body>ok babe gd luck</body>
    </message>
    <message id="m0007" time="2013-04-06 01:12:05 UTC" participant="139586">
      <body>Matez3aliish walahyyy</body>
    </message>
    <message id="m0008" time="2013-04-06 01:12:09 UTC" participant="139586">
      <body>Mwaaaahhh</body>
    </message>
    <message id="m0009" time="2013-04-06 01:13:03 UTC" participant="139586">
      <body>Hazabat ma3aki nzoula ha3awadekk</body>
    </message>
    <message id="m0010" time="2013-04-06 01:21:00 UTC" participant="139134">
      <body>mashi</body>
    </message>
    <message id="m0011" time="2013-04-06 01:21:30 UTC" participant="139586">
      <body>Haty bousa pa2a :D</body>
    </message>
    <message id="m0012" time="2013-04-06 01:21:52 UTC" participant="139134">
      <body>la2</body>
    </message>
    <message id="m0013" time="2013-04-06 01:21:54 UTC" participant="139134">
      <body>haha</body>
    </message>
    <message id="m0014" time="2013-04-06 01:22:15 UTC" participant="139586">
      <body>Hahahaa sa5ifa</body>
    </message>
  </messages>
</conversation>
