<?xml version="1.0" encoding="UTF-8"?>
<conversation id="CHT_ARZ_20130131.0000" medium="CHT" donated="true">
  <messages>
    <message id="m0000" participant="138112" time="2013-01-31 16:35:57 UTC">
      <body>Rochane what are you doing tonight</body>
    </message>
    <message id="m0001" participant="138324" time="2013-01-31 16:36:21 UTC">
      <body>Mesh arfa</body>
    </message>
    <message id="m0002" participant="138324" time="2013-01-31 16:36:22 UTC">
      <body>Wenti</body>
    </message>
    <message id="m0003" participant="138112" time="2013-01-31 16:49:00 UTC">
      <body>Yeah same msh arfa lesa</body>
    </message>
  </messages>
</conversation>
