<?xml version="1.0" encoding="UTF-8"?>
<conversation id="CHT_ARZ_20121230.0002" medium="CHT" donated="true">
  <messages>
    <message id="m0000" participant="138313" time="2012-12-30 22:46:28 UTC">
      <body>Yaraaaa</body>
    </message>
    <message id="m0001" participant="138313" time="2012-12-30 22:46:32 UTC">
      <body>Hat3melee eh bokraaaaa</body>
    </message>
    <message id="m0002" participant="138112" time="2012-12-30 22:47:31 UTC">
      <body>Msh 3arfa lesa, ente ht3mle eh</body>
    </message>
    <message id="m0003" participant="138313" time="2012-12-30 22:48:41 UTC">
      <body>Mesh 3arfaaa awzaa 7aflaaaa</body>
    </message>
    <message id="m0004" participant="138313" time="2012-12-30 22:50:15 UTC">
      <body>T3rfeee makaann ?</body>
    </message>
    <message id="m0005" participant="138112" time="2012-12-30 22:59:58 UTC">
      <body>F kteer</body>
    </message>
    <message id="m0007" participant="138313" time="2012-12-30 23:17:29 UTC">
      <body>Dol men awl el sa3a 10 hahahahaha</body>
    </message>
    <message id="m0008" participant="138112" time="2012-12-30 23:27:02 UTC">
      <body>Omal enti 3ayza 7aga abl keda? Msh hatla2i haha</body>
    </message>
    <message id="m0009" participant="138313" time="2012-12-30 23:27:22 UTC">
      <body>Hahahahahah rabnaa ykhalekee</body>
    </message>
    <message id="m0012" participant="138313" time="2012-12-30 23:34:37 UTC">
      <body>Betklme assem ?</body>
    </message>
    <message id="m0013" participant="138112" time="2012-12-30 23:34:58 UTC">
      <body>La2 msh awe</body>
    </message>
    <message id="m0014" participant="138112" time="2012-12-30 23:35:03 UTC">
      <body>Leh</body>
    </message>
    <message id="m0015" participant="138313" time="2012-12-30 23:35:19 UTC">
      <body>Kont hakhalekee ts2leehh ray7 fen bokra</body>
    </message>
    <message id="m0016" participant="138313" time="2012-12-30 23:35:23 UTC">
      <body>Ashan mt5an2en</body>
    </message>
    <message id="m0017" participant="138112" time="2012-12-30 23:36:12 UTC">
      <body>Ana sa2alto embare7 w rad 2ali enti hat3meli eh. Bas howa akeed hayroo7 roof bar</body>
    </message>
    <message id="m0018" participant="138112" time="2012-12-30 23:36:32 UTC">
      <body>Or 7etta keda yaani msh 3arfa, m3a so7abo w kda</body>
    </message>
    <message id="m0019" participant="138313" time="2012-12-30 23:37:00 UTC">
      <body>Roof bar dh el fe suncity ?</body>
    </message>
    <message id="m0020" participant="138112" time="2012-12-30 23:37:05 UTC">
      <body>Ahhh</body>
    </message>
    <message id="m0021" participant="138313" time="2012-12-30 23:37:24 UTC">
      <body>Anaa ba7sebeek hatro7y ma3ah haahahahah</body>
    </message>
    <message id="m0022" participant="138112" time="2012-12-30 23:37:34 UTC">
      <body>Lahhhhh fakes</body>
    </message>
    <message id="m0023" participant="138112" time="2012-12-30 23:37:50 UTC">
      <body>Ana aslan msh h3raf ata5ar keda</body>
    </message>
    <message id="m0024" participant="138313" time="2012-12-30 23:38:16 UTC">
      <body>Hwa lehd emtaaa</body>
    </message>
    <message id="m0025" participant="138112" time="2012-12-30 23:38:46 UTC">
      <body>2:30 keda</body>
    </message>
    <message id="m0026" participant="138313" time="2012-12-30 23:38:58 UTC">
      <body>Wenty akhrek emta</body>
    </message>
    <message id="m0027" participant="138112" time="2012-12-30 23:39:06 UTC">
      <body>1 keda</body>
    </message>
    <message id="m0028" participant="138313" time="2012-12-30 23:39:15 UTC">
      <body>Ahhhh</body>
    </message>
    <message id="m0029" participant="138313" time="2012-12-30 23:39:22 UTC">
      <body>Tab wnbe lw aleekk tegee ma3ah olelee</body>
    </message>
    <message id="m0030" participant="138112" time="2012-12-30 23:39:35 UTC">
      <body>7ader mashy</body>
    </message>
    <message id="m0032" participant="138313" time="2012-12-30 23:40:08 UTC">
      <body>Bas mat2olelosh enee ba2olk hagaa please</body>
    </message>
    <message id="m0034" participant="138112" time="2012-12-30 23:40:32 UTC">
      <body>Howa enta Lehhh 3ayza te3rafi awy howa hy3mel eh</body>
    </message>
    <message id="m0035" participant="138313" time="2012-12-30 23:40:51 UTC">
      <body>Ashaan hwa alii eno kan ray7 zamaleek</body>
    </message>
    <message id="m0036" participant="138313" time="2012-12-30 23:41:07 UTC">
      <body>W anaa babaa mwaf2shh fa ali hayakhod wahda makaany</body>
    </message>
    <message id="m0037" participant="138112" time="2012-12-30 23:41:17 UTC">
      <body>Ahhhhhh yeb2a akeed rayeh bar henak</body>
    </message>
    <message id="m0038" participant="138313" time="2012-12-30 23:41:37 UTC">
      <body>Men awl 10 ?</body>
    </message>
    <message id="m0039" participant="138112" time="2012-12-30 23:41:46 UTC">
      <body>Eh el habal da wahda makanek eh?</body>
    </message>
    <message id="m0040" participant="138112" time="2012-12-30 23:41:54 UTC">
      <body>Ahh men 10 le 3</body>
    </message>
    <message id="m0041" participant="138313" time="2012-12-30 23:42:06 UTC">
      <body>Hwa alii hakhod wahda makaank</body>
    </message>
    <message id="m0042" participant="138313" time="2012-12-30 23:42:13 UTC">
      <body>Fanaa kont fakrah haykhdk enty</body>
    </message>
    <message id="m0043" participant="138112" time="2012-12-30 23:42:24 UTC">
      <body>Hahaha lahhhhh fakes</body>
    </message>
    <message id="m0044" participant="138112" time="2012-12-30 23:42:32 UTC">
      <body>Mesh Ana</body>
    </message>
    <message id="m0045" participant="138112" time="2012-12-30 23:42:53 UTC">
      <body>Howa ezay aslan ye2olek keda</body>
    </message>
    <message id="m0046" participant="138313" time="2012-12-30 23:42:58 UTC">
      <body>Manaa 3rfaa akeed enkk mesh hat3melee hagaa tdy2ne bas kont bas2l 3ady</body>
    </message>
    <message id="m0047" participant="138313" time="2012-12-30 23:43:02 UTC">
      <body>Ma3rfssh :s</body>
    </message>
    <message id="m0048" participant="138313" time="2012-12-30 23:43:05 UTC">
      <body>Et5an2na asluun</body>
    </message>
    <message id="m0049" participant="138112" time="2012-12-30 23:43:10 UTC">
      <body>Ana law menek afsha5o w makalemhosh tany</body>
    </message>
    <message id="m0050" participant="138313" time="2012-12-30 23:43:25 UTC">
      <body>Matfsha5eeh enty makaany tayeb :D</body>
    </message>
    <message id="m0051" participant="138112" time="2012-12-30 23:44:03 UTC">
      <body>Lahh Enty el lazem tefahemi eno mayenf3sh yekalemek keda howa ezay y2ool keda</body>
    </message>
    <message id="m0052" participant="138112" time="2012-12-30 23:44:12 UTC">
      <body>W ba3den 5asmee</body>
    </message>
    <message id="m0053" participant="138313" time="2012-12-30 23:44:35 UTC">
      <body>3amlee asluun Block whatsapp</body>
    </message>
    <message id="m0054" participant="138112" time="2012-12-30 23:49:32 UTC">
      <body>W bbm?</body>
    </message>
    <message id="m0055" participant="138313" time="2012-12-30 23:50:10 UTC">
      <body>Makhnu2aaaaa aawi</body>
    </message>
    <message id="m0056" participant="138313" time="2012-12-30 23:51:26 UTC">
      <body>Off</body>
    </message>
    <message id="m0057" participant="138112" time="2012-12-30 23:54:47 UTC">
      <body>Fokek meno, begad.</body>
    </message>
    <message id="m0058" participant="138313" time="2012-12-30 23:56:56 UTC">
      <body>Leeeeh ?</body>
    </message>
    <message id="m0059" participant="138313" time="2012-12-30 23:56:58 UTC">
      <body>Bahebo :(</body>
    </message>
    <message id="m0060" participant="138112" time="2012-12-31 00:23:09 UTC">
      <body>Mayenf3sh t7ebi 7ad kol shwaya beyegra7ek</body>
    </message>
    <message id="m0061" participant="138313" time="2012-12-31 00:28:02 UTC">
      <body>T3rfe kol ma 22olo hagaa</body>
    </message>
    <message id="m0062" participant="138313" time="2012-12-31 00:28:09 UTC">
      <body>Y2olee enty malek e7na mesh mtsa7been</body>
    </message>
    <message id="m0063" participant="138313" time="2012-12-31 00:28:17 UTC">
      <body>22olk haga bas mat2olesh enee oltlk ?</body>
    </message>
    <message id="m0064" participant="138112" time="2012-12-31 00:29:09 UTC">
      <body>Eh?</body>
    </message>
    <message id="m0065" participant="138313" time="2012-12-31 00:35:58 UTC">
      <body>Kan awz yesa7beekkkkkk</body>
    </message>
    <message id="m0066" participant="138112" time="2012-12-31 00:40:17 UTC">
      <body>Kont 7asa</body>
    </message>
    <message id="m0067" participant="138313" time="2012-12-31 00:43:27 UTC">
      <body>Menen</body>
    </message>
    <message id="m0068" participant="138112" time="2012-12-31 00:49:37 UTC">
      <body>Kalamo w tari2to</body>
    </message>
    <message id="m0069" participant="138313" time="2012-12-31 00:51:28 UTC">
      <body>Dh lehd now wala kaan ?</body>
    </message>
    <message id="m0070" participant="138112" time="2012-12-31 00:55:44 UTC">
      <body>Eh?</body>
    </message>
    <message id="m0071" participant="138313" time="2012-12-31 00:56:05 UTC">
      <body>Lesaaa ya3nee 7assaa keda walaa kan zmaan ?</body>
    </message>
    <message id="m0072" participant="138112" time="2012-12-31 00:56:20 UTC">
      <body>Lahhh zaman</body>
    </message>
    <message id="m0073" participant="138112" time="2012-12-31 00:56:27 UTC">
      <body>Awe</body>
    </message>
    <message id="m0074" participant="138313" time="2012-12-31 00:57:26 UTC">
      <body>Bgd wala bet2olee keda ashan maz3lsh ?</body>
    </message>
    <message id="m0075" participant="138112" time="2012-12-31 00:57:52 UTC">
      <body>Lahhh walahi msh ha5af menek yaani Ana ma3amaltsh haga 3'alat</body>
    </message>
    <message id="m0076" participant="138313" time="2012-12-31 00:58:44 UTC">
      <body>enty gad3a awyyy walaahyyyyy</body>
    </message>
    <message id="m0077" participant="138112" time="2012-12-31 00:59:10 UTC">
      <body>Eshm3na betoli keda</body>
    </message>
    <message id="m0078" participant="138313" time="2012-12-31 00:59:50 UTC">
      <body>Ashaan wahda 3'erek kant sa7beto</body>
    </message>
    <message id="m0079" participant="138112" time="2012-12-31 01:02:33 UTC">
      <body>Hahaha la2, assem mesh 7aga wahmia yaani. Msh asdi haga bas da ra3ye</body>
    </message>
    <message id="m0080" participant="138112" time="2012-12-31 01:02:38 UTC">
      <body>*ra2ye</body>
    </message>
    <message id="m0081" participant="138313" time="2012-12-31 01:02:51 UTC">
      <body>Hahahahhahahaha mesh awl wahda t2olee keda :d</body>
    </message>
    <message id="m0082" participant="138313" time="2012-12-31 01:02:56 UTC">
      <body>Kolo shyfoo akhohom</body>
    </message>
    <message id="m0083" participant="138112" time="2012-12-31 01:03:33 UTC">
      <body>Bezabt haha</body>
    </message>
    <message id="m0084" participant="138313" time="2012-12-31 01:03:38 UTC">
      <body>Hahahahahahhha</body>
    </message>
    <message id="m0085" participant="138313" time="2012-12-31 01:03:43 UTC">
      <body>Ma3rfssh anaa 7abeto leeehhhh</body>
    </message>
    <message id="m0086" participant="138112" time="2012-12-31 01:05:06 UTC">
      <body>Kol bent 2alet el gomla d 3la el 2a2al mara f 7yatha :')</body>
    </message>
    <message id="m0087" participant="138313" time="2012-12-31 01:05:57 UTC">
      <body>Hahahahahahahhahhahahaha</body>
    </message>
    <message id="m0088" participant="138313" time="2012-12-31 01:06:04 UTC">
      <body>Nefse walaahy abtaal a7boooo</body>
    </message>
    <message id="m0089" participant="138112" time="2012-12-31 01:12:53 UTC">
      <body>Ht3rafi lama tshoofi yaani eh ragel begad haha</body>
    </message>
    <message id="m0090" participant="138313" time="2012-12-31 01:13:14 UTC">
      <body>Ashofhom feen dool</body>
    </message>
    <message id="m0091" participant="138112" time="2012-12-31 01:14:58 UTC">
      <body>Gam3a isa</body>
    </message>
    <message id="m0092" participant="138313" time="2012-12-31 01:46:15 UTC">
      <body>IsA</body>
    </message>
  </messages>
</conversation>
