<?xml version="1.0" encoding="UTF-8"?>
<conversation id="CHT_ARZ_20130407.0005" medium="CHT" donated="true">
  <messages>
    <message id="m0000" time="2013-04-07 21:31:50 UTC" participant="139275">
      <body>دودو</body>
    </message>
    <message id="m0001" time="2013-04-07 21:32:01 UTC" participant="139275">
      <body>عاملة ايه انهاردة؟</body>
    </message>
    <message id="m0002" time="2013-04-07 21:32:13 UTC" participant="139275">
      <body>وكنزي عاملة ايه؟</body>
    </message>
    <message id="m0003" time="2013-04-07 21:55:04 UTC" participant="139558">
      <body>منمن</body>
    </message>
    <message id="m0004" time="2013-04-07 21:55:31 UTC" participant="139275">
      <body>عملتي ايه انتي انهاردة؟</body>
    </message>
    <message id="m0005" time="2013-04-07 21:56:00 UTC" participant="139275">
      <body>صحتك عاملة ايه؟</body>
    </message>
    <message id="m0006" time="2013-04-07 21:56:52 UTC" participant="139558">
      <body>منمن</body>
    </message>
    <message id="m0007" time="2013-04-07 21:56:59 UTC" participant="139558">
      <body>الحمد لله يا حبيبتي</body>
    </message>
    <message id="m0008" time="2013-04-07 21:57:11 UTC" participant="139558">
      <body>كنزي بس لسة في الحضانة</body>
    </message>
    <message id="m0009" time="2013-04-07 21:57:23 UTC" participant="139275">
      <body>اكيد معلش</body>
    </message>
    <message id="m0010" time="2013-04-07 21:58:00 UTC" participant="139275">
      <body>بترضعيها احسن طيب الحمد لله؟</body>
    </message>
    <message id="m0011" time="2013-04-07 21:58:18 UTC" participant="139275">
      <body>رحت انهاردة للدكتور</body>
    </message>
    <message id="m0012" time="2013-04-07 21:58:38 UTC" participant="139275">
      <body>وقعد يعلمني ارضع ازاي</body>
    </message>
    <message id="m0013" time="2013-04-07 21:58:48 UTC" participant="139558">
      <body>انشالله يا رب في اقرب وقت يدوهالي بقي</body>
    </message>
    <message id="m0014" time="2013-04-07 21:59:00 UTC" participant="139558">
      <body>اللبن بدأ يجيلي</body>
    </message>
    <message id="m0015" time="2013-04-07 21:59:00 UTC" participant="139275">
      <body>وخلاني اقعد ارضع ادامه </body>
    </message>
    <message id="m0016" time="2013-04-07 21:59:07 UTC" participant="139558">
      <body>وتعبت منه شوية</body>
    </message>
    <message id="m0017" time="2013-04-07 21:59:19 UTC" participant="139558">
      <body>بس الخياطة الحمد لله احسن</body>
    </message>
    <message id="m0018" time="2013-04-07 21:59:34 UTC" participant="139275">
      <body>مش اوي جبت البيت لاقيتني مش عارفة اتصرف برضو </body>
    </message>
    <message id="m0019" time="2013-04-07 21:59:55 UTC" participant="139558">
      <body>طمنيني عليكي وعلي يحيي</body>
    </message>
    <message id="m0020" time="2013-04-07 22:00:07 UTC" participant="139558">
      <body>رحتي للدكتور؟</body>
    </message>
    <message id="m0021" time="2013-04-07 22:00:19 UTC" participant="139558">
      <body>والله مرة او مرتين في اليوم</body>
    </message>
    <message id="m0022" time="2013-04-07 22:00:26 UTC" participant="139558">
      <body>والباقي من عندهم</body>
    </message>
    <message id="m0023" time="2013-04-07 22:00:33 UTC" participant="139558">
      <body>لسة مش مكفيها</body>
    </message>
    <message id="m0024" time="2013-04-07 22:00:37 UTC" participant="139558">
      <body>اه</body>
    </message>
    <message id="m0025" time="2013-04-07 22:00:40 UTC" participant="139558">
      <body>كويس</body>
    </message>
    <message id="m0026" time="2013-04-07 22:00:53 UTC" participant="139558">
      <body>ااتعلمتي</body>
    </message>
    <message id="m0027" time="2013-04-07 22:00:54 UTC" participant="139275">
      <body>الدكتور اصلا قالي بدل ما انتي تاوية ترضعي ساكتة على نفسك ليه احد دلوقتي</body>
    </message>
    <message id="m0028" time="2013-04-07 22:00:58 UTC" participant="139558">
      <body>ولا لسة</body>
    </message>
    <message id="m0029" time="2013-04-07 22:01:01 UTC" participant="139558">
      <body>ههههه</body>
    </message>
    <message id="m0030" time="2013-04-07 22:01:04 UTC" participant="139558">
      <body>معلش</body>
    </message>
    <message id="m0031" time="2013-04-07 22:01:27 UTC" participant="139558">
      <body>والله بيعملوا فيا هنا أنيل من كده</body>
    </message>
    <message id="m0032" time="2013-04-07 22:01:34 UTC" participant="139275">
      <body>اه</body>
    </message>
    <message id="m0033" time="2013-04-07 22:01:43 UTC" participant="139558">
      <body>معلش يا منمن</body>
    </message>
    <message id="m0034" time="2013-04-07 22:01:54 UTC" participant="139558">
      <body>إحنا لسة عبط اوي</body>
    </message>
    <message id="m0035" time="2013-04-07 22:01:57 UTC" participant="139275">
      <body>قولتله عقبال ما قدرت انزل</body>
    </message>
    <message id="m0036" time="2013-04-07 22:02:05 UTC" participant="139558">
      <body>شوية شوية هم تعلم</body>
    </message>
    <message id="m0037" time="2013-04-07 22:02:09 UTC" participant="139558">
      <body>هنتعلم</body>
    </message>
    <message id="m0038" time="2013-04-07 22:02:19 UTC" participant="139558">
      <body>قال أمهات قال</body>
    </message>
    <message id="m0039" time="2013-04-07 22:02:31 UTC" participant="139275">
      <body>ويحيى لما صدق كانه مرضعش من ساعة ما اتولد</body>
    </message>
    <message id="m0040" time="2013-04-07 22:02:41 UTC" participant="139275">
      <body>وانا مكسوفة من الراجل</body>
    </message>
    <message id="m0041" time="2013-04-07 22:03:14 UTC" participant="139558">
      <body>لا والله</body>
    </message>
    <message id="m0042" time="2013-04-07 22:03:20 UTC" participant="139275">
      <body>قالي اقعدي خلصي رضاعة انا عندي العيل الي بيرضع اهم من اي حاجة في الدنيا</body>
    </message>
    <message id="m0043" time="2013-04-07 22:03:22 UTC" participant="139558">
      <body>يعني اتأخرتي</body>
    </message>
    <message id="m0044" time="2013-04-07 22:03:30 UTC" participant="139558">
      <body>المهم يكون لسة في لبن</body>
    </message>
    <message id="m0045" time="2013-04-07 22:09:57 UTC" participant="139558">
      <body>ههههههه</body>
    </message>
    <message id="m0046" time="2013-04-07 22:10:39 UTC" participant="139558">
      <body>ياحول الله يا ربي علي الكسفة</body>
    </message>
    <message id="m0047" time="2013-04-07 22:11:45 UTC" participant="139558">
      <body>اهو دكتور برده</body>
    </message>
    <message id="m0048" time="2013-04-07 22:16:33 UTC" participant="139275">
      <body>اه اوي اتكسفت جدا</body>
    </message>
    <message id="m0049" time="2013-04-07 22:20:40 UTC" participant="139275">
      <body>يارب</body>
    </message>
    <message id="m0050" time="2013-04-07 22:21:01 UTC" participant="139558">
      <body>انشالله يا رب بيمشي الحال و بيزيد عشانه</body>
    </message>
    <message id="m0051" time="2013-04-07 22:22:56 UTC" participant="139558">
      <body>&lt;media omitted&gt;</body>
    </message>
    <message id="m0052" time="2013-04-07 22:23:19 UTC" participant="139275">
      <body>يا روحي</body>
    </message>
    <message id="m0053" time="2013-04-07 22:23:26 UTC" participant="139275">
      <body>دي صغنونة اوي</body>
    </message>
    <message id="m0054" time="2013-04-07 22:25:36 UTC" participant="139558">
      <body>اه خالص</body>
    </message>
    <message id="m0055" time="2013-04-07 22:25:52 UTC" participant="139558">
      <body>ده انا كده مقربة منها كمان</body>
    </message>
    <message id="m0056" time="2013-04-07 22:34:05 UTC" participant="139275">
      <body>هي كام كيلو</body>
    </message>
    <message id="m0057" time="2013-04-07 22:43:04 UTC" participant="139275">
      <body>يوكو اتولد ٢٦٥٠ جرام</body>
    </message>
  </messages>
</conversation>
