<?xml version="1.0" encoding="UTF-8"?>
<conversation id="CHT_ARZ_20130201.0002" medium="CHT" donated="true">
  <messages>
    <message id="m0000" time="2013-02-01 11:10:00 UTC" participant="139376">
      <body>صباح الخير يا جميل</body>
    </message>
    <message id="m0001" time="2013-02-01 11:11:00 UTC" participant="139376">
      <body>إن شاء الله على الساعة 5 كده حنعدي ناخد مانا يلعبوا مع بعض شوية في سوق حراء</body>
    </message>
    <message id="m0002" time="2013-02-01 11:11:00 UTC" participant="139376">
      <body>لو تقدري تيجي يبقي الخير خيرين</body>
    </message>
    <message id="m0003" time="2013-02-01 11:12:00 UTC" participant="139376">
      <body>على العموم حأكد عليكي الميعاد وحبلغك بالتحركات</body>
    </message>
    <message id="m0004" time="2013-02-01 11:35:00 UTC" participant="139546">
      <body>طيب أن شاء الله</body>
    </message>
    <message id="m0005" time="2013-02-01 11:35:00 UTC" participant="139376">
      <body>ان شاء الاه</body>
    </message>
    <message id="m0006" time="2013-02-01 11:35:00 UTC" participant="139376">
      <body>الله</body>
    </message>
    <message id="m0007" time="2013-02-01 16:26:00 UTC" participant="139376">
      <body>انا ابتديت البس الولاد</body>
    </message>
    <message id="m0008" time="2013-02-01 16:27:00 UTC" participant="139376">
      <body>وحلبس واصلي العصر ونيجي ان شاء الله</body>
    </message>
    <message id="m0009" time="2013-02-01 16:27:00 UTC" participant="139546">
      <body>طيب حلبس عبد الرحمن</body>
    </message>
    <message id="m0011" time="2013-02-01 17:12:00 UTC" participant="139376">
      <body>احنا خارجين خلاص</body>
    </message>
    <message id="m0012" time="2013-02-01 17:13:00 UTC" participant="139376">
      <body>حرنلك لما نوصل علشان ماتا ينزل</body>
    </message>
    <message id="m0013" time="2013-02-01 17:13:00 UTC" participant="139546">
      <body>طيب أوكي</body>
    </message>
    <message id="m0014" time="2013-02-01 17:13:00 UTC" participant="139546">
      <body>تسلميلي يا مها</body>
    </message>
    <message id="m0015" time="2013-02-01 17:14:00 UTC" participant="139376">
      <body>على ايه با بت</body>
    </message>
    <message id="m0016" time="2013-02-01 17:14:00 UTC" participant="139546">
      <body>علشان عبد الرحمن</body>
    </message>
  </messages>
</conversation>
