<?xml version="1.0" encoding="UTF-8"?>
<conversation id="CHT_ARZ_20130408.0005" medium="CHT" donated="true">
  <messages>
    <message id="m0000" time="2013-04-08 13:42:14 UTC" participant="139586">
      <body>Tsitsiiii</body>
    </message>
    <message id="m0001" time="2013-04-08 13:42:24 UTC" participant="139134">
      <body>yess</body>
    </message>
    <message id="m0002" time="2013-04-08 13:42:35 UTC" participant="139586">
      <body>Enty ma3aki nemret madame viviane?</body>
    </message>
    <message id="m0003" time="2013-04-08 13:42:47 UTC" participant="139134">
      <body>la2</body>
    </message>
    <message id="m0004" time="2013-04-08 13:42:48 UTC" participant="139134">
      <body>yy</body>
    </message>
    <message id="m0005" time="2013-04-08 13:43:14 UTC" participant="139586">
      <body>El mafroud hanrou7 el madrasa ne3ml presentation</body>
    </message>
    <message id="m0006" time="2013-04-08 13:43:29 UTC" participant="139586">
      <body>3al kolya</body>
    </message>
    <message id="m0007" time="2013-04-08 13:43:35 UTC" participant="139134">
      <body>ouhh</body>
    </message>
    <message id="m0008" time="2013-04-08 13:43:46 UTC" participant="139586">
      <body>Fa bakalm el madrasa beywasalouni be maktabha</body>
    </message>
    <message id="m0009" time="2013-04-08 13:43:52 UTC" participant="139586">
      <body>Bs msh betrod</body>
    </message>
    <message id="m0010" time="2013-04-08 13:44:07 UTC" participant="139586">
      <body>Fa 3ayA nemret telephonha</body>
    </message>
    <message id="m0011" time="2013-04-08 13:45:01 UTC" participant="139134">
      <body>ruhi rl mdrsa</body>
    </message>
    <message id="m0012" time="2013-04-08 13:45:30 UTC" participant="139586">
      <body>Ma3andiish wa2t</body>
    </message>
    <message id="m0013" time="2013-04-08 13:45:37 UTC" participant="139586">
      <body>Msh fadyalhom ana :D</body>
    </message>
    <message id="m0014" time="2013-04-08 13:45:43 UTC" participant="139134">
      <body>lol</body>
    </message>
    <message id="m0015" time="2013-04-08 13:45:49 UTC" participant="139134">
      <body>ma3euga ba2ity</body>
    </message>
    <message id="m0016" time="2013-04-08 13:46:09 UTC" participant="139586">
      <body>Hahahahah walahy abdab</body>
    </message>
    <message id="m0017" time="2013-04-08 13:46:09 UTC" participant="139586">
      <body>Bs 3andi exams</body>
    </message>
  </messages>
</conversation>
