<?xml version="1.0" encoding="UTF-8"?>
<conversation id="CHT_ARZ_20130315.0009" medium="CHT" donated="true">
  <messages>
    <message id="m0000" time="2013-03-15 00:53:49 UTC" participant="151284">
      <body>Helwa sortk awyyy ya omnia</body>
    </message>
    <message id="m0001" time="2013-03-15 18:39:31 UTC" participant="139275">
      <body>mesh tale3 be esm :)</body>
    </message>
    <message id="m0002" time="2013-03-15 18:39:56 UTC" participant="139275">
      <body>men ba2a ale 3afbah sorty :D</body>
    </message>
    <message id="m0003" time="2013-03-15 18:40:24 UTC" participant="139275">
      <body>هبة حبيبتي ازيك</body>
    </message>
    <message id="m0004" time="2013-03-15 18:40:51 UTC" participant="139275">
      <body>البتاع ده عمره ما بيطلع لي اسامي الناس على طول لازم اسجلها الاول</body>
    </message>
    <message id="m0005" time="2013-03-15 18:41:41 UTC" participant="151284">
      <body>أنا هبه العربي</body>
    </message>
    <message id="m0006" time="2013-03-15 18:42:22 UTC" participant="151284">
      <body>الحمدلله بخير</body>
    </message>
    <message id="m0007" time="2013-03-15 18:43:04 UTC" participant="151284">
      <body>إنتي عامله إيه؟؟</body>
    </message>
    <message id="m0008" time="2013-03-15 18:43:17 UTC" participant="151284">
      <body>خلاص هانت على الولاده مش كده</body>
    </message>
    <message id="m0009" time="2013-03-15 18:43:25 UTC" participant="151284">
      <body>ربنا يقومك بالسلامه</body>
    </message>
    <message id="m0010" time="2013-03-15 18:44:44 UTC" participant="139275">
      <body>اه ان شاء الله الجمعة الجاية :)</body>
    </message>
    <message id="m0011" time="2013-03-15 18:44:51 UTC" participant="139275">
      <body>لسة محددة امبارح</body>
    </message>
    <message id="m0012" time="2013-03-15 18:45:00 UTC" participant="139275">
      <body>دعواتكم بقى :(</body>
    </message>
    <message id="m0013" time="2013-03-15 18:45:04 UTC" participant="139275">
      <body>:)</body>
    </message>
    <message id="m0014" time="2013-03-15 18:45:08 UTC" participant="139275">
      <body>يارب</body>
    </message>
    <message id="m0015" time="2013-03-15 18:45:55 UTC" participant="139275">
      <body>اه فعلا ربنا يسهل</body>
    </message>
    <message id="m0016" time="2013-03-15 18:46:32 UTC" participant="151284">
      <body>ربنا يقومك بالسلامه</body>
    </message>
    <message id="m0017" time="2013-03-15 18:46:55 UTC" participant="139275">
      <body>ربنا يخليكي حبيبتي سلميلي على كل الي عندم</body>
    </message>
    <message id="m0018" time="2013-03-15 18:46:57 UTC" participant="139275">
      <body>عندك</body>
    </message>
    <message id="m0019" time="2013-03-15 18:46:58 UTC" participant="151284">
      <body>إنتي بقى إلي تدعيلنا مع إن اللي بتولد مش بتفكر</body>
    </message>
    <message id="m0020" time="2013-03-15 18:47:01 UTC" participant="151284">
      <body>:)</body>
    </message>
    <message id="m0021" time="2013-03-15 18:47:15 UTC" participant="151284">
      <body>نطمن عليكي إن شاء الله</body>
    </message>
    <message id="m0022" time="2013-03-15 18:48:33 UTC" participant="151284">
      <body>حاضر يوصل</body>
    </message>
  </messages>
</conversation>

