<?xml version="1.0" encoding="UTF-8"?>
<conversation id="CHT_ARZ_20130201.0000" medium="CHT" donated="true">
  <messages>
    <message id="m0000" participant="138318" time="2013-02-01 20:56:23 UTC">
      <body>Eh ya yaraa 3mla eh</body>
    </message>
    <message id="m0001" participant="138112" time="2013-02-01 20:56:36 UTC">
      <body>Enta el 3amel eh</body>
    </message>
    <message id="m0002" participant="138318" time="2013-02-01 20:56:54 UTC">
      <body>Ana el7 enty 3mla eh</body>
    </message>
    <message id="m0003" participant="138112" time="2013-02-01 20:57:27 UTC">
      <body>Kwayesa</body>
    </message>
    <message id="m0004" participant="138112" time="2013-02-01 20:57:31 UTC">
      <body>Rayeh bokra</body>
    </message>
    <message id="m0005" participant="138318" time="2013-02-01 20:57:49 UTC">
      <body>L2 u</body>
    </message>
    <message id="m0006" participant="138112" time="2013-02-01 20:59:21 UTC">
      <body>Ah</body>
    </message>
    <message id="m0007" participant="138318" time="2013-02-01 20:59:57 UTC">
      <body>W eh 3mlty eh embar7</body>
    </message>
    <message id="m0008" participant="138112" time="2013-02-01 21:44:48 UTC">
      <body>Wala haga roht Sheraton w rawaht Aslan 10</body>
    </message>
    <message id="m0009" participant="138318" time="2013-02-01 21:45:22 UTC">
      <body>Tb2shta</body>
    </message>
    <message id="m0010" participant="138112" time="2013-02-01 21:45:46 UTC">
      <body>You?</body>
    </message>
    <message id="m0011" participant="138318" time="2013-02-01 21:54:03 UTC">
      <body>Ro7t sheratoon bardo bas kont f ps w b3denn ahwa</body>
    </message>
    <message id="m0012" participant="138112" time="2013-02-01 21:58:14 UTC">
      <body>Mmmm mashy</body>
    </message>
    <message id="m0013" participant="138318" time="2013-02-01 21:58:59 UTC">
      <body>W eh bet3mly eh</body>
    </message>
    <message id="m0014" participant="138112" time="2013-02-01 22:05:16 UTC">
      <body>Wala haga zah2ana awy, w enta</body>
    </message>
    <message id="m0015" participant="138318" time="2013-02-01 22:07:01 UTC">
      <body>23d ma3a 25oya l keber</body>
    </message>
    <message id="m0016" participant="138112" time="2013-02-01 22:07:35 UTC">
      <body>M3andaksh brother kbeer</body>
    </message>
    <message id="m0017" participant="138318" time="2013-02-01 22:10:14 UTC">
      <body>Zy 25oya l keber bezabt</body>
    </message>
    <message id="m0018" participant="138112" time="2013-02-01 22:10:50 UTC">
      <body>Meen bas</body>
    </message>
    <message id="m0019" participant="138318" time="2013-02-01 22:20:56 UTC">
      <body>Zy 25oya bezabtt</body>
    </message>
    <message id="m0020" participant="138112" time="2013-02-01 22:21:47 UTC">
      <body>Meen</body>
    </message>
    <message id="m0021" participant="138318" time="2013-02-01 22:22:04 UTC">
      <body>Mat3rfhosh</body>
    </message>
  </messages>
</conversation>
