<?xml version="1.0" encoding="UTF-8"?>
<conversation id="CHT_ARZ_20130125.0000" medium="CHT" donated="true">
  <messages>
    <message id="m0000" participant="138112" time="2013-01-25 01:32:36 UTC">
      <body>Ezayak</body>
    </message>
    <message id="m0001" participant="138327" time="2013-01-25 11:07:42 UTC">
      <body>Ana kois :) enty 3amla ehh ???</body>
    </message>
    <message id="m0002" participant="138327" time="2013-01-25 11:07:42 UTC">
      <body>Yaraa</body>
    </message>
    <message id="m0003" participant="138327" time="2013-01-25 11:07:42 UTC">
      <body>Ma3lesh kont nemt w lssa sa7i x</body>
    </message>
    <message id="m0005" participant="138327" time="2013-01-25 12:14:29 UTC">
      <body>Ehh fenek kda</body>
    </message>
    <message id="m0006" participant="138112" time="2013-01-25 12:14:34 UTC">
      <body>Bazaker!!</body>
    </message>
    <message id="m0007" participant="138327" time="2013-01-25 12:15:01 UTC">
      <body>Tab w ehh a5barek kda</body>
    </message>
    <message id="m0008" participant="138112" time="2013-01-25 14:35:51 UTC">
      <body>B2ali bazaker kteer awy</body>
    </message>
    <message id="m0009" participant="138327" time="2013-01-25 14:37:30 UTC">
      <body>:S</body>
    </message>
    <message id="m0010" participant="138327" time="2013-01-25 14:37:36 UTC">
      <body>Tab emtehanatek emta</body>
    </message>
    <message id="m0011" participant="138327" time="2013-01-25 14:37:39 UTC">
      <body>Aw hat5alasy emta</body>
    </message>
    <message id="m0013" participant="138327" time="2013-01-25 14:41:44 UTC">
      <body>Hahaha ana ha5do olevel</body>
    </message>
    <message id="m0014" participant="138327" time="2013-01-25 14:41:46 UTC">
      <body>:D</body>
    </message>
    <message id="m0015" participant="138327" time="2013-01-25 14:41:48 UTC">
      <body>Nezakro sawa</body>
    </message>
    <message id="m0016" participant="138112" time="2013-01-25 15:50:51 UTC">
      <body>Eshta haha</body>
    </message>
    <message id="m0017" participant="138327" time="2013-01-25 15:51:09 UTC">
      <body>L sat bokra :O</body>
    </message>
    <message id="m0018" participant="138112" time="2013-01-25 15:52:45 UTC">
      <body>Ah:/</body>
    </message>
    <message id="m0019" participant="138327" time="2013-01-25 15:53:05 UTC">
      <body>Rabena ma3aki</body>
    </message>
    <message id="m0020" participant="138327" time="2013-01-25 15:53:12 UTC">
      <body>Isa hate3mezi kois</body>
    </message>
    <message id="m0021" participant="138112" time="2013-01-25 16:01:45 UTC">
      <body>Hate3mezi?</body>
    </message>
    <message id="m0022" participant="138327" time="2013-01-25 16:02:06 UTC">
      <body>Hate3meli ** koiis isa :*</body>
    </message>
    <message id="m0023" participant="138112" time="2013-01-25 16:02:38 UTC">
      <body>Isa :*</body>
    </message>
    <message id="m0024" participant="138327" time="2013-01-25 16:03:00 UTC">
      <body>Agilek bokra ba3d l emte7an a3od ma3aki x</body>
    </message>
    <message id="m0025" participant="138327" time="2013-01-25 16:03:10 UTC">
      <body>Walla hatrawa7i 3alatool</body>
    </message>
    <message id="m0026" participant="138112" time="2013-01-25 16:03:20 UTC">
      <body>Ana hamte7en fel tagamo3</body>
    </message>
    <message id="m0027" participant="138327" time="2013-01-25 16:03:43 UTC">
      <body>:O</body>
    </message>
    <message id="m0028" participant="138327" time="2013-01-25 16:03:51 UTC">
      <body>Leeh kda</body>
    </message>
    <message id="m0029" participant="138112" time="2013-01-25 16:04:09 UTC">
      <body>3ashan makansh feh f st Fatima</body>
    </message>
    <message id="m0030" participant="138327" time="2013-01-25 16:04:45 UTC">
      <body>Hmmmmm</body>
    </message>
    <message id="m0031" participant="138327" time="2013-01-26 11:22:52 UTC">
      <body>3amalty eh fl SAT</body>
    </message>
    <message id="m0032" participant="138112" time="2013-01-26 13:18:22 UTC">
      <body>Msh arfa..</body>
    </message>
    <message id="m0033" participant="138327" time="2013-01-26 13:18:33 UTC">
      <body>:S</body>
    </message>
    <message id="m0034" participant="138327" time="2013-01-26 13:18:38 UTC">
      <body>Sa3b ya3ni wla sahl</body>
    </message>
    <message id="m0035" participant="138112" time="2013-01-26 13:18:58 UTC">
      <body>El physics sa3b fsh5</body>
    </message>
    <message id="m0036" participant="138327" time="2013-01-26 13:19:08 UTC">
      <body>:S</body>
    </message>
    <message id="m0037" participant="138327" time="2013-01-26 13:19:17 UTC">
      <body>Lala isa hatgeeby score hilw</body>
    </message>
    <message id="m0038" participant="138112" time="2013-01-26 13:19:27 UTC">
      <body>Isa!! Haha</body>
    </message>
    <message id="m0039" participant="138327" time="2013-01-26 13:19:52 UTC">
      <body>Yara sortek hilwaa faaaasshhhhh55555 </body>
    </message>
    <message id="m0040" participant="138112" time="2013-01-26 13:27:07 UTC">
      <body>Begad??</body>
    </message>
    <message id="m0041" participant="138327" time="2013-01-26 13:27:43 UTC">
      <body>Ahhh walahii :***</body>
    </message>
    <message id="m0043" participant="138327" time="2013-01-26 13:36:00 UTC">
      <body>:*</body>
    </message>
    <message id="m0044" participant="138112" time="2013-01-26 17:55:35 UTC">
      <body>Bt3mel eh</body>
    </message>
    <message id="m0045" participant="138327" time="2013-01-26 18:37:03 UTC">
      <body>A3ed</body>
    </message>
    <message id="m0046" participant="138327" time="2013-01-26 18:37:05 UTC">
      <body>Wenty ??</body>
    </message>
    <message id="m0047" participant="138112" time="2013-01-26 18:48:01 UTC">
      <body>Wana kaman</body>
    </message>
    <message id="m0048" participant="138327" time="2013-01-26 18:49:50 UTC">
      <body>Wahashteeni fash5 walahi :*</body>
    </message>
    <message id="m0049" participant="138112" time="2013-01-26 19:04:56 UTC">
      <body>Kadab</body>
    </message>
    <message id="m0050" participant="138327" time="2013-01-26 19:05:36 UTC">
      <body>La2 walahii</body>
    </message>
    <message id="m0051" participant="138327" time="2013-01-26 19:05:38 UTC">
      <body>Leeh kda</body>
    </message>
    <message id="m0052" participant="138112" time="2013-01-26 19:09:13 UTC">
      <body>Msh arfa</body>
    </message>
    <message id="m0053" participant="138112" time="2013-01-26 19:09:20 UTC">
      <body>Bas enta kaman 3amatan</body>
    </message>
    <message id="m0054" participant="138327" time="2013-01-26 19:09:39 UTC">
      <body>Walahi wahashtini leeki hodn ama ashofek :*</body>
    </message>
    <message id="m0055" participant="138112" time="2013-01-26 19:25:39 UTC">
      <body>Hahaha hodn?</body>
    </message>
    <message id="m0056" participant="138327" time="2013-01-26 19:26:09 UTC">
      <body>Ahh (A)</body>
    </message>
    <message id="m0057" participant="138327" time="2013-01-26 19:26:18 UTC">
      <body>Walahii wahashteeni fash5</body>
    </message>
    <message id="m0058" participant="138327" time="2013-01-26 19:26:24 UTC">
      <body>Maaana mosh 3aref ashofek</body>
    </message>
    <message id="m0059" participant="138327" time="2013-01-26 19:26:30 UTC">
      <body>Kol marra ben2ool hanenzel</body>
    </message>
    <message id="m0060" participant="138327" time="2013-01-26 19:26:32 UTC">
      <body>Mosh benenzel</body>
    </message>
    <message id="m0061" participant="138112" time="2013-01-26 19:57:30 UTC">
      <body>Ahhhh:(</body>
    </message>
    <message id="m0062" participant="138327" time="2013-01-26 19:57:59 UTC">
      <body>Tab 3awza nenzel emta</body>
    </message>
    <message id="m0063" participant="138327" time="2013-01-26 19:58:04 UTC">
      <body>W ha5dek w nenzel</body>
    </message>
  </messages>
</conversation>
