<?xml version="1.0" encoding="UTF-8"?>
<conversation id="CHT_ARZ_20120816.0002" medium="CHT" donated="true">
  <messages>
    <message id="m0000" time="2012-08-16 22:14:18 UTC" participant="139275">
      <body>اميرة يارب تكوني بخير</body>
    </message>
    <message id="m0001" time="2012-08-17 01:03:04 UTC" participant="139556">
      <body>الحمدلله يا ناني انا تمام 
يارب انتي كمان تكوني بخير وفي اسعد حال يارب على طوووووول </body>
    </message>
  </messages>
</conversation>
