<?xml version="1.0" encoding="UTF-8"?>
<conversation id="CHT_ARZ_20130122.0005" medium="CHT" donated="true">
  <messages>
    <message id="m0000" time="2013-01-22 11:13:51 UTC" participant="139275">
      <body>saba7 el kher ya 7elws </body>
    </message>
    <message id="m0001" time="2013-01-22 11:51:58 UTC" participant="139561">
      <body>Sabaaaah el noooooor</body>
    </message>
    <message id="m0003" time="2013-01-22 13:52:54 UTC" participant="139275">
      <body/>
    </message>
  </messages>
</conversation>
