<?xml version="1.0" encoding="UTF-8"?>
<conversation id="CHT_ARZ_20130206.0002" medium="CHT" donated="true">
  <messages>
    <message id="m0001" time="2013-02-06 18:42:00 UTC" participant="139376">
      <body>طمنيني عليكي يا بنتي</body>
    </message>
    <message id="m0002" time="2013-02-06 19:26:00 UTC" participant="139546">
      <body>الحمد لله أحسن</body>
    </message>
    <message id="m0003" time="2013-02-06 19:27:00 UTC" participant="139546">
      <body>اليومين دول كويسه</body>
    </message>
    <message id="m0004" time="2013-02-06 19:27:00 UTC" participant="139546">
      <body>انت إخبارك</body>
    </message>
    <message id="m0005" time="2013-02-06 19:27:00 UTC" participant="139376">
      <body>ماشي الحال الحمد لله</body>
    </message>
    <message id="m0006" time="2013-02-06 19:27:00 UTC" participant="139376">
      <body>طب الحمد لله</body>
    </message>
    <message id="m0007" time="2013-02-06 19:29:00 UTC" participant="139546">
      <body>الدنيا في مصر إيه عند أهلك</body>
    </message>
    <message id="m0008" time="2013-02-06 19:30:00 UTC" participant="139376">
      <body>كويسين الحمد لله</body>
    </message>
    <message id="m0009" time="2013-02-06 19:30:00 UTC" participant="139376">
      <body>انتم طنطا كان فيها لبش</body>
    </message>
    <message id="m0010" time="2013-02-06 19:30:00 UTC" participant="139546">
      <body>كتير</body>
    </message>
    <message id="m0011" time="2013-02-06 19:30:00 UTC" participant="139546">
      <body>قلق جامد</body>
    </message>
    <message id="m0012" time="2013-02-06 19:30:00 UTC" participant="139376">
      <body>البلد كلها بقت لبش</body>
    </message>
    <message id="m0013" time="2013-02-06 19:31:00 UTC" participant="139376">
      <body></body>
    </message>
    <message id="m0014" time="2013-02-06 19:31:00 UTC" participant="139546">
      <body>ؤالله الوضع وحش جدا</body>
    </message>
    <message id="m0015" time="2013-02-06 19:31:00 UTC" participant="139376">
      <body>جدا</body>
    </message>
    <message id="m0016" time="2013-02-06 19:31:00 UTC" participant="139546">
      <body>مش عارفه آخرتها إيه</body>
    </message>
    <message id="m0017" time="2013-02-06 19:31:00 UTC" participant="139376">
      <body>ولا انا</body>
    </message>
    <message id="m0018" time="2013-02-06 19:31:00 UTC" participant="139376">
      <body>حاجة صعبة الصراحة</body>
    </message>
    <message id="m0019" time="2013-02-06 19:32:00 UTC" participant="139546">
      <body>جدا ربنا يستر</body>
    </message>
    <message id="m0020" time="2013-02-06 19:32:00 UTC" participant="139376">
      <body>يارب</body>
    </message>
    <message id="m0021" time="2013-02-07 17:36:00 UTC" participant="139546">
      <body>أزيك يا مها إخبارك عامله إيه</body>
    </message>
    <message id="m0022" time="2013-02-07 17:36:00 UTC" participant="139546">
      <body>وعلى وحسين</body>
    </message>
    <message id="m0023" time="2013-02-07 17:37:00 UTC" participant="139376">
      <body>الحمد لله ماشي الحال</body>
    </message>
    <message id="m0024" time="2013-02-07 17:37:00 UTC" participant="139376">
      <body>انتم اخباركم ايإ؟؟</body>
    </message>
    <message id="m0025" time="2013-02-07 17:37:00 UTC" participant="139546">
      <body>الحمد لله بخير</body>
    </message>
    <message id="m0026" time="2013-02-07 17:37:00 UTC" participant="139376">
      <body>الحمد لله</body>
    </message>
    <message id="m0027" time="2013-02-07 17:38:00 UTC" participant="139546">
      <body>على عامل إيه في المدرسه</body>
    </message>
    <message id="m0028" time="2013-02-07 17:40:00 UTC" participant="139376">
      <body>لسه مخلص امتحانات ابشهر امبارح</body>
    </message>
    <message id="m0029" time="2013-02-07 17:42:00 UTC" participant="139546">
      <body>إهإ وعمل إيه</body>
    </message>
    <message id="m0030" time="2013-02-07 17:42:00 UTC" participant="139376">
      <body>كويس ماشي</body>
    </message>
    <message id="m0031" time="2013-02-07 17:42:00 UTC" participant="139546">
      <body>طيب الحمد لله</body>
    </message>
    <message id="m0032" time="2013-02-07 17:46:00 UTC" participant="139376">
      <body>ومانا معندهوش امتحانات؟</body>
    </message>
    <message id="m0033" time="2013-02-07 17:46:00 UTC" participant="139546">
      <body>لاء كان عندة</body>
    </message>
    <message id="m0034" time="2013-02-07 17:46:00 UTC" participant="139546">
      <body>خلصها الأسبوع اللي فات</body>
    </message>
    <message id="m0035" time="2013-02-07 17:55:00 UTC" participant="139376">
      <body>كويس</body>
    </message>
    <message id="m0036" time="2013-02-07 17:56:00 UTC" participant="139546">
      <body>كتير الامتحانات</body>
    </message>
    <message id="m0037" time="2013-02-07 17:57:00 UTC" participant="139376">
      <body>اوي</body>
    </message>
    <message id="m0038" time="2013-02-07 18:08:00 UTC" participant="139376">
      <body>انا رايحة مول جرير اشتري حاجات وكده</body>
    </message>
    <message id="m0039" time="2013-02-07 18:09:00 UTC" participant="139376">
      <body>ماتيجي نلعب العيال شوية في اللعب هناك</body>
    </message>
  </messages>
</conversation>
