<?xml version="1.0" encoding="UTF-8"?>
<conversation id="CHT_ARZ_20130214.0000" medium="CHT" donated="true">
  <messages>
    <message id="m0000" participant="138112" time="2013-02-14 18:16:16 UTC">
      <body>Andrewww</body>
    </message>
    <message id="m0005" participant="138112" time="2013-02-14 21:56:01 UTC">
      <body>Eh bt3mel eh haha</body>
    </message>
    <message id="m0006" participant="138319" time="2013-02-14 21:56:35 UTC">
      <body>Wala 7aga lasa da5el betna</body>
    </message>
    <message id="m0007" participant="138112" time="2013-02-14 21:57:46 UTC">
      <body>Kont feen?</body>
    </message>
    <message id="m0008" participant="138319" time="2013-02-14 21:58:14 UTC">
      <body>Kont mn el sob7 m3 nas so7aby fy el gam3a</body>
    </message>
    <message id="m0009" participant="138112" time="2013-02-14 21:58:34 UTC">
      <body>Ahh mashy</body>
    </message>
    <message id="m0011" participant="138319" time="2013-02-14 21:58:47 UTC">
      <body>Yes el7</body>
    </message>
    <message id="m0012" participant="138319" time="2013-02-14 21:58:54 UTC">
      <body>Anty bt3mli eh</body>
    </message>
    <message id="m0013" participant="138112" time="2013-02-14 21:59:38 UTC">
      <body>Ana lesa bardo merawaha, roht Ana w Yasmin nakol f restaurant w bas</body>
    </message>
    <message id="m0014" participant="138319" time="2013-02-14 21:59:58 UTC">
      <body>Yasmin meen :D</body>
    </message>
    <message id="m0015" participant="138112" time="2013-02-14 22:01:08 UTC">
      <body>Wahda sahbeti men zamannnnn 5ales</body>
    </message>
    <message id="m0016" participant="138112" time="2013-02-14 22:01:35 UTC">
      <body>Abl ma asafer America kont f madrasa Francais</body>
    </message>
    <message id="m0017" participant="138112" time="2013-02-14 22:02:10 UTC">
      <body>F a3rafha men henak b2a</body>
    </message>
    <message id="m0018" participant="138319" time="2013-02-14 22:02:37 UTC">
      <body>Mnmm 7lw</body>
    </message>
    <message id="m0019" participant="138319" time="2013-02-14 22:02:50 UTC">
      <body>Mabtnzlish m3 yomna wala eh</body>
    </message>
    <message id="m0020" participant="138112" time="2013-02-14 22:03:03 UTC">
      <body>Ana w yomna met5an2in.</body>
    </message>
    <message id="m0021" participant="138112" time="2013-02-14 22:03:10 UTC">
      <body>Eh ma7adsh 2alak haha</body>
    </message>
    <message id="m0022" participant="138319" time="2013-02-14 22:03:33 UTC">
      <body>Meen hay2oli ya3ni !</body>
    </message>
    <message id="m0024" participant="138112" time="2013-02-14 22:04:04 UTC">
      <body>Mina kan wa2ef lama za3a2na le ba3d</body>
    </message>
    <message id="m0025" participant="138319" time="2013-02-14 22:04:24 UTC">
      <body>La2 ma3rrfsh</body>
    </message>
    <message id="m0027" participant="138319" time="2013-02-14 22:05:49 UTC">
      <body>Bardo</body>
    </message>
    <message id="m0028" participant="138112" time="2013-02-14 22:05:59 UTC">
      <body>Bardo ehhh</body>
    </message>
    <message id="m0029" participant="138319" time="2013-02-14 22:06:11 UTC">
      <body>Ma 3lana</body>
    </message>
    <message id="m0030" participant="138112" time="2013-02-14 22:07:19 UTC">
      <body>Bezabt haha bt3mel eh</body>
    </message>
  </messages>
</conversation>
