<?xml version="1.0" encoding="UTF-8"?>
<conversation id="CHT_ARZ_20130215.0000" medium="CHT" donated="true">
  <messages>
    <message id="m0000" participant="138327" time="2013-02-15 12:24:49 UTC">
      <body>:O</body>
    </message>
    <message id="m0001" participant="138112" time="2013-02-15 13:25:37 UTC">
      <body>Eh</body>
    </message>
    <message id="m0002" participant="138327" time="2013-02-15 13:40:01 UTC">
      <body>3amla ehh</body>
    </message>
    <message id="m0003" participant="138112" time="2013-02-15 13:47:36 UTC">
      <body>Kwayesa w enta</body>
    </message>
    <message id="m0004" participant="138327" time="2013-02-15 13:48:06 UTC">
      <body>Kois</body>
    </message>
    <message id="m0005" participant="138327" time="2013-02-15 13:48:11 UTC">
      <body>L otta 3amla ehh</body>
    </message>
    <message id="m0006" participant="138112" time="2013-02-15 13:52:09 UTC">
      <body>Kwayesa el7</body>
    </message>
    <message id="m0007" participant="138327" time="2013-02-15 13:54:40 UTC">
      <body>Malek</body>
    </message>
    <message id="m0008" participant="138112" time="2013-02-15 13:56:11 UTC">
      <body>Mafish!</body>
    </message>
    <message id="m0009" participant="138327" time="2013-02-15 14:11:10 UTC">
      <body>Rayha school bokra</body>
    </message>
    <message id="m0010" participant="138112" time="2013-02-15 14:11:40 UTC">
      <body>Ah</body>
    </message>
    <message id="m0011" participant="138112" time="2013-02-15 14:15:44 UTC">
      <body>Eh</body>
    </message>
    <message id="m0012" participant="138327" time="2013-02-15 14:16:27 UTC">
      <body>Ana hagy</body>
    </message>
    <message id="m0013" participant="138112" time="2013-02-15 14:28:06 UTC">
      <body>Begad! Leh</body>
    </message>
    <message id="m0014" participant="138327" time="2013-02-15 14:28:33 UTC">
      <body>Hashofek</body>
    </message>
    <message id="m0016" participant="138327" time="2013-02-16 13:00:19 UTC">
      <body>Yaraaaa </body>
    </message>
    <message id="m0019" participant="138327" time="2013-02-16 14:33:12 UTC">
      <body>Ana tale3 ahoh</body>
    </message>
    <message id="m0020" participant="138112" time="2013-02-16 14:41:24 UTC">
      <body>Ana odam bab el American</body>
    </message>
    <message id="m0021" participant="138327" time="2013-02-16 18:12:19 UTC">
      <body>Psssssst</body>
    </message>
    <message id="m0022" participant="138112" time="2013-02-16 20:55:55 UTC">
      <body>Eh ya kareem</body>
    </message>
    <message id="m0023" participant="138327" time="2013-02-16 20:59:09 UTC">
      <body>Ehhh ya hilwaa</body>
    </message>
    <message id="m0025" participant="138112" time="2013-02-16 21:00:01 UTC">
      <body>Ana nemt awel ma rawaht</body>
    </message>
    <message id="m0026" participant="138112" time="2013-02-16 21:00:20 UTC">
      <body>W se7et t3bana fsh5</body>
    </message>
    <message id="m0027" participant="138327" time="2013-02-16 21:05:27 UTC">
      <body>:S</body>
    </message>
    <message id="m0028" participant="138327" time="2013-02-16 21:05:32 UTC">
      <body>Tyb namy :*</body>
    </message>
    <message id="m0029" participant="138112" time="2013-02-16 21:06:00 UTC">
      <body>Ma lama arawah men 3and el doctor hanam tany</body>
    </message>
    <message id="m0030" participant="138327" time="2013-02-16 21:12:49 UTC">
      <body>Edaa</body>
    </message>
    <message id="m0031" participant="138112" time="2013-02-16 21:20:02 UTC">
      <body>Eh</body>
    </message>
    <message id="m0032" participant="138327" time="2013-02-16 21:21:13 UTC">
      <body>alek eh l dr</body>
    </message>
    <message id="m0033" participant="138112" time="2013-02-16 21:21:33 UTC">
      <body>Lesa mada5altsh</body>
    </message>
    <message id="m0034" participant="138327" time="2013-02-16 21:22:47 UTC">
      <body>Tyb tamemeni &lt;3</body>
    </message>
    <message id="m0036" participant="138112" time="2013-02-16 22:09:27 UTC">
      <body>Edani vitamin w Creme</body>
    </message>
    <message id="m0037" participant="138327" time="2013-02-16 22:41:50 UTC">
      <body>5alasty x</body>
    </message>
    <message id="m0038" participant="138112" time="2013-02-16 22:46:57 UTC">
      <body>Ah</body>
    </message>
    <message id="m0039" participant="138327" time="2013-02-16 22:47:28 UTC">
      <body>Tyb ehh are you okay x</body>
    </message>
    <message id="m0040" participant="138112" time="2013-02-16 22:55:51 UTC">
      <body>Ahhh</body>
    </message>
    <message id="m0041" participant="138327" time="2013-02-16 22:58:05 UTC">
      <body>:** rawahty</body>
    </message>
    <message id="m0042" participant="138112" time="2013-02-17 00:11:45 UTC">
      <body>Men zaman</body>
    </message>
    <message id="m0043" participant="138327" time="2013-02-17 00:12:31 UTC">
      <body>Tab w ehh bete3meli ehh x</body>
    </message>
    <message id="m0045" participant="138327" time="2013-02-17 00:20:08 UTC">
      <body>Hahhhahah fakaretni beeki now :D</body>
    </message>
    <message id="m0046" participant="138112" time="2013-02-17 08:55:45 UTC">
      <body>Hahahahaa</body>
    </message>
    <message id="m0047" participant="138112" time="2013-02-17 08:55:48 UTC">
      <body>!!!</body>
    </message>
    <message id="m0048" participant="138112" time="2013-02-17 08:55:54 UTC">
      <body>F3lan</body>
    </message>
    <message id="m0049" participant="138327" time="2013-02-17 10:29:05 UTC">
      <body>Sabah el 5iiir :*</body>
    </message>
    <message id="m0051" participant="138327" time="2013-02-17 10:32:52 UTC">
      <body>Ezaiek</body>
    </message>
    <message id="m0052" participant="138112" time="2013-02-17 10:33:07 UTC">
      <body>Kwayesa elh w enta</body>
    </message>
    <message id="m0053" participant="138327" time="2013-02-17 10:33:23 UTC">
      <body>Ana kois</body>
    </message>
    <message id="m0054" participant="138327" time="2013-02-17 10:33:31 UTC">
      <body>Ehhh hate3meli eh enahardaa</body>
    </message>
    <message id="m0055" participant="138112" time="2013-02-17 10:38:47 UTC">
      <body>Msh 3arfaaa</body>
    </message>
    <message id="m0056" participant="138327" time="2013-02-17 10:39:08 UTC">
      <body>Ana shaklek 3eyeet :(</body>
    </message>
    <message id="m0057" participant="138112" time="2013-02-17 10:39:20 UTC">
      <body>Ehhhh</body>
    </message>
    <message id="m0058" participant="138327" time="2013-02-17 10:39:51 UTC">
      <body>Eh :D</body>
    </message>
    <message id="m0060" participant="138327" time="2013-02-17 19:16:05 UTC">
      <body>??**</body>
    </message>
    <message id="m0061" participant="138112" time="2013-02-17 19:25:49 UTC">
      <body>Ahhh el7</body>
    </message>
    <message id="m0062" participant="138327" time="2013-02-17 19:26:01 UTC">
      <body>:* tyb</body>
    </message>
    <message id="m0063" participant="138327" time="2013-02-17 19:26:08 UTC">
      <body>Bete3emeli ehh</body>
    </message>
    <message id="m0065" participant="138327" time="2013-02-17 19:39:41 UTC">
      <body>Hmmmm</body>
    </message>
    <message id="m0067" participant="138327" time="2013-02-17 19:43:06 UTC">
      <body>Ahwaa :D</body>
    </message>
    <message id="m0068" participant="138112" time="2013-02-17 19:43:12 UTC">
      <body>-__-</body>
    </message>
    <message id="m0069" participant="138327" time="2013-02-17 19:45:03 UTC">
      <body>Ehhh malek</body>
    </message>
    <message id="m0070" participant="138112" time="2013-02-17 19:45:09 UTC">
      <body>Mafeesh</body>
    </message>
    <message id="m0071" participant="138327" time="2013-02-17 19:49:34 UTC">
      <body>Bgd :D</body>
    </message>
    <message id="m0072" participant="138327" time="2013-02-17 19:49:34 UTC">
      <body>Feh eh</body>
    </message>
    <message id="m0073" participant="138112" time="2013-02-17 19:54:55 UTC">
      <body>Walahi mafeesh</body>
    </message>
    <message id="m0074" participant="138327" time="2013-02-17 19:56:46 UTC">
      <body>:D tyb</body>
    </message>
  </messages>
</conversation>
