<?xml version="1.0" encoding="UTF-8"?>
<conversation id="CHT_ARZ_20121008.0000" medium="CHT" donated="true">
  <messages>
    <message id="m0000" time="2012-10-08 11:31:57 UTC" participant="139275">
      <body>sarah</body>
    </message>
    <message id="m0001" time="2012-10-08 11:32:11 UTC" participant="139275">
      <body>يعني ايه الي كتبتهولي ده؟</body>
    </message>
    <message id="m0002" time="2012-10-08 13:10:26 UTC" participant="139275">
      <body>لا انا خفت تكوني بتحسبينا لسة متجوزناش اصلا</body>
    </message>
    <message id="m0003" time="2012-10-08 13:10:53 UTC" participant="139275">
      <body>اصل عمالة اقابل ناس متعرفش اني اتجوزت فقلت مش معقول انتي كمان</body>
    </message>
    <message id="m0004" time="2012-10-08 13:15:31 UTC" participant="139554">
      <body>هي جت في بالك ايه :))))</body>
    </message>
    <message id="m0005" time="2012-10-08 13:15:38 UTC" participant="139554">
      <body>توترتي اوي :)))))))</body>
    </message>
    <message id="m0006" time="2012-10-08 13:17:44 UTC" participant="139554">
      <body>لوووووووووووووووووووول</body>
    </message>
    <message id="m0007" time="2012-10-08 13:18:05 UTC" participant="139554">
      <body>آه خدتى النص الاولانى يعنى :)))))))))</body>
    </message>
  </messages>
</conversation>
