<?xml version="1.0" encoding="UTF-8"?>
<conversation id="CHT_ARZ_20130512.0004" medium="CHT" donated="true">
  <messages>
    <message id="m0000" time="2013-05-12 13:15:23 UTC" participant="139591">
      <body>Wa7ashtinyy</body>
    </message>
    <message id="m0001" time="2013-05-12 13:18:22 UTC" participant="139134">
      <body>walhy lesa shyfa sortk w b2ol nafs el kala</body>
    </message>
    <message id="m0002" time="2013-05-12 13:18:24 UTC" participant="139134">
      <body>kalam</body>
    </message>
    <message id="m0003" time="2013-05-12 13:19:51 UTC" participant="139591">
      <body>7bbty ya ririi</body>
    </message>
    <message id="m0004" time="2013-05-12 13:19:54 UTC" participant="139591">
      <body>3amla a</body>
    </message>
    <message id="m0005" time="2013-05-12 13:29:50 UTC" participant="139134">
      <body>kowyssAaa uuu</body>
    </message>
    <message id="m0006" time="2013-05-12 13:32:29 UTC" participant="139591">
      <body>Tamam ya riri</body>
    </message>
    <message id="m0007" time="2013-05-12 13:32:33 UTC" participant="139591">
      <body>Hws college</body>
    </message>
    <message id="m0008" time="2013-05-12 13:32:36 UTC" participant="139591">
      <body>E5laso b2a</body>
    </message>
    <message id="m0009" time="2013-05-12 13:32:54 UTC" participant="139134">
      <body>aywaaaaaaaa</body>
    </message>
    <message id="m0010" time="2013-05-12 13:32:58 UTC" participant="139134">
      <body>yaaaraaaa b</body>
    </message>
    <message id="m0011" time="2013-05-12 13:34:24 UTC" participant="139591">
      <body>Gaya nady 2dy?</body>
    </message>
    <message id="m0012" time="2013-05-12 13:37:03 UTC" participant="139134">
      <body>yess isaa</body>
    </message>
    <message id="m0013" time="2013-05-12 13:37:15 UTC" participant="139134">
      <body>hya yasmine gaya ?</body>
    </message>
    <message id="m0014" time="2013-05-12 13:37:20 UTC" participant="139591">
      <body>Ahh isa</body>
    </message>
  </messages>
</conversation>
