<?xml version="1.0" encoding="UTF-8"?>
<conversation id="CHT_ARZ_20130320.0008" medium="CHT" donated="true">
  <messages>
    <message id="m0000" time="2013-03-20 19:51:35 UTC" participant="139570">
      <body>امانه عليكي يا امنيه تدعيلي و انتي رايحه يوم الجمعه علشان عندي امتحان نفسي  انجح
و انا كمان هدعيلك ☺</body>
    </message>
    <message id="m0001" time="2013-03-20 20:29:38 UTC" participant="139275">
      <body>حاضر حبيبتي اكيد وقولي لمحمود يفكرني :)</body>
    </message>
  </messages>
</conversation>
