<?xml version="1.0" encoding="UTF-8"?>
<conversation id="CHT_ARZ_20121204.0009" medium="CHT" donated="true">
  <messages>
    <message id="m0000" time="2012-12-04 22:05:54 UTC" participant="139275">
      <body>el 7aba ale 23dthom m3aki kano a7la 7aga :)</body>
    </message>
    <message id="m0001" time="2012-12-04 22:06:19 UTC" participant="139275">
      <body>bgd </body>
    </message>
    <message id="m0002" time="2012-12-04 22:18:44 UTC" participant="139566">
      <body>Wlahy ana mtn7a bs 3shan et5n2t mn el mozakra , ana mn zman nfsy a3od w atklm m3aky </body>
    </message>
  </messages>
</conversation>
