<?xml version="1.0" encoding="UTF-8"?>
<conversation id="CHT_ARZ_20130409.0001" medium="CHT" donated="true">
  <messages>
    <message id="m0000" time="2013-04-09 20:23:00 UTC" participant="139376">
      <body>قمر ياخواتي قمر</body>
    </message>
    <message id="m0001" time="2013-04-09 20:23:00 UTC" participant="139376">
      <body>يحفظه ربنا ويحميه</body>
    </message>
    <message id="m0002" time="2013-04-09 21:40:00 UTC" participant="139547">
      <body/>
    </message>
    <message id="m0003" time="2013-04-09 21:40:00 UTC" participant="139547">
      <body>Sayfna kman</body>
    </message>
    <message id="m0004" time="2013-04-09 21:40:00 UTC" participant="139547">
      <body>&lt;Media omitted&gt;</body>
    </message>
    <message id="m0005" time="2013-04-09 21:40:00 UTC" participant="139376">
      <body></body>
    </message>
  </messages>
</conversation>
