<?xml version="1.0" encoding="UTF-8"?>
<conversation id="CHT_ARZ_20130408.0004" medium="CHT" donated="true">
  <messages>
    <message id="m0000" time="2013-04-08 17:54:41 UTC" participant="139275">
      <body>heey</body>
    </message>
    <message id="m0001" time="2013-04-08 17:54:45 UTC" participant="139275">
      <body>birooo</body>
    </message>
    <message id="m0002" time="2013-04-08 18:22:45 UTC" participant="139275">
      <body>w enty kaman wally wa7shny</body>
    </message>
    <message id="m0003" time="2013-04-08 18:22:52 UTC" participant="139555">
      <body>Eeh ya benty</body>
    </message>
    <message id="m0004" time="2013-04-08 18:23:00 UTC" participant="139275">
      <body>m3lsh ana dyman mobily silent</body>
    </message>
    <message id="m0005" time="2013-04-08 18:23:01 UTC" participant="139555">
      <body>Wa7shany</body>
    </message>
    <message id="m0006" time="2013-04-08 18:23:14 UTC" participant="139275">
      <body>e7na el 7amdo leallah b7'er</body>
    </message>
    <message id="m0007" time="2013-04-08 18:23:28 UTC" participant="139275">
      <body>enty 3amla eh ? w el nona 3amla eh?</body>
    </message>
    <message id="m0008" time="2013-04-08 18:23:44 UTC" participant="139275">
      <body>el 7amdo leallah aho bn3afer m3 b3d</body>
    </message>
    <message id="m0009" time="2013-04-08 18:23:53 UTC" participant="139555">
      <body>W elbaby 3amel eeh kamlemtek maradetesh bas etkasaft atesel tany</body>
    </message>
    <message id="m0010" time="2013-04-08 18:24:01 UTC" participant="139275">
      <body>ana halkana wallhy w mesh b3rf anam 7ata lw howa nayem</body>
    </message>
    <message id="m0011" time="2013-04-08 18:24:18 UTC" participant="139555">
      <body>Tameneny 3aleke</body>
    </message>
    <message id="m0012" time="2013-04-08 18:24:36 UTC" participant="139275">
      <body>el nom ml7'bat w lisa mesh 3arfa ard3 3edk</body>
    </message>
    <message id="m0013" time="2013-04-08 18:24:40 UTC" participant="139275">
      <body>3edl</body>
    </message>
    <message id="m0014" time="2013-04-08 18:24:51 UTC" participant="139275">
      <body>fa kol 7aga t3bany</body>
    </message>
    <message id="m0015" time="2013-04-08 18:25:00 UTC" participant="139275">
      <body>enty emta isA?</body>
    </message>
    <message id="m0016" time="2013-04-08 18:25:12 UTC" participant="139555">
      <body>Mesh moshkela</body>
    </message>
    <message id="m0017" time="2013-04-08 18:25:22 UTC" participant="139555">
      <body>Elbaby 3amel eeh</body>
    </message>
    <message id="m0018" time="2013-04-08 18:25:27 UTC" participant="139555">
      <body>Ya mamy</body>
    </message>
    <message id="m0019" time="2013-04-08 18:25:46 UTC" participant="139555">
      <body/>
    </message>
    <message id="m0020" time="2013-04-08 18:25:59 UTC" participant="139555">
      <body>Le bas</body>
    </message>
    <message id="m0021" time="2013-04-08 18:26:53 UTC" participant="139555">
      <body>Kol elnas aloly keda</body>
    </message>
    <message id="m0022" time="2013-04-08 18:27:19 UTC" participant="139555">
      <body>Ya 3eny</body>
    </message>
    <message id="m0023" time="2013-04-08 18:27:53 UTC" participant="139555">
      <body>3ashan enty waladt kaysary</body>
    </message>
    <message id="m0024" time="2013-04-08 18:28:24 UTC" participant="139555">
      <body>Ana 20/5 isa</body>
    </message>
    <message id="m0025" time="2013-04-08 18:28:41 UTC" participant="139555">
      <body>7asety be2eh awel mashofteeh</body>
    </message>
    <message id="m0026" time="2013-04-08 18:29:16 UTC" participant="139275">
      <body>mesh 3arfa :D</body>
    </message>
    <message id="m0027" time="2013-04-08 18:29:44 UTC" participant="139275">
      <body>wallhy kont 3arfa en 7ad 7ys2lni elso2ql da bs wallhy ma 3arfa</body>
    </message>
    <message id="m0028" time="2013-04-08 18:30:09 UTC" participant="139275">
      <body>aslo gali kan mtkdr awe w mdaye2</body>
    </message>
    <message id="m0029" time="2013-04-08 18:30:27 UTC" participant="139275">
      <body>fa kont mrkeza fe keda ba</body>
    </message>
    <message id="m0030" time="2013-04-08 18:30:37 UTC" participant="139275">
      <body>mesh 3arfa :D</body>
    </message>
    <message id="m0031" time="2013-04-08 18:30:45 UTC" participant="139275">
      <body>nas kter ba2a w dawsha</body>
    </message>
    <message id="m0032" time="2013-04-08 18:31:19 UTC" participant="139275">
      <body>aked</body>
    </message>
    <message id="m0033" time="2013-04-08 18:31:32 UTC" participant="139555">
      <body>:)</body>
    </message>
    <message id="m0034" time="2013-04-08 18:31:39 UTC" participant="139275">
      <body>ahh el 7amdo leallah</body>
    </message>
    <message id="m0035" time="2013-04-08 18:31:55 UTC" participant="139555">
      <body>:)</body>
    </message>
    <message id="m0036" time="2013-04-08 18:31:56 UTC" participant="139275">
      <body>lisa fa alam bs 3shan el 3adlat btshed w keda</body>
    </message>
    <message id="m0037" time="2013-04-08 18:32:20 UTC" participant="139275">
      <body>ed3ili bgd</body>
    </message>
    <message id="m0038" time="2013-04-08 18:32:27 UTC" participant="139555">
      <body>Leeh</body>
    </message>
    <message id="m0039" time="2013-04-08 18:32:27 UTC" participant="139555">
      <body>:(</body>
    </message>
    <message id="m0040" time="2013-04-08 18:32:38 UTC" participant="139275">
      <body>ana da3etlk w ana bawled</body>
    </message>
    <message id="m0041" time="2013-04-08 18:32:49 UTC" participant="139275">
      <body>en rbna yeshlhalk ya rb</body>
    </message>
    <message id="m0042" time="2013-04-08 18:33:00 UTC" participant="139555">
      <body>Mesta3'rab eldonya elgadeda</body>
    </message>
    <message id="m0043" time="2013-04-08 18:33:26 UTC" participant="139555">
      <body>W elgar7 bada2 yet7asen</body>
    </message>
    <message id="m0044" time="2013-04-08 18:33:55 UTC" participant="139555">
      <body>7amdolilah</body>
    </message>
    <message id="m0045" time="2013-04-08 18:34:09 UTC" participant="139555">
      <body>5ody balek men nafsek</body>
    </message>
    <message id="m0046" time="2013-04-08 18:34:38 UTC" participant="139555">
      <body>W koly kowayes 5ososan 5odar w fakha w laban</body>
    </message>
    <message id="m0047" time="2013-04-08 18:34:55 UTC" participant="139555">
      <body>Rabena yekremek</body>
    </message>
    <message id="m0048" time="2013-04-08 18:35:11 UTC" participant="139555">
      <body>W ana da3tlek wallahi</body>
    </message>
    <message id="m0049" time="2013-04-08 18:35:28 UTC" participant="139555">
      <body>Rabena yeyasar elomor kolaha</body>
    </message>
    <message id="m0050" time="2013-04-08 18:35:45 UTC" participant="139555">
      <body>W 2e2reli koran</body>
    </message>
    <message id="m0051" time="2013-04-08 18:36:03 UTC" participant="139555">
      <body>W 2e3melilo roqya kol yom</body>
    </message>
    <message id="m0052" time="2013-04-08 18:36:31 UTC" participant="139555">
      <body>7ab3athalek 3ala elfacebook fe message</body>
    </message>
    <message id="m0053" time="2013-04-08 18:36:38 UTC" participant="139555">
      <body>Mashy</body>
    </message>
    <message id="m0054" time="2013-04-08 18:46:24 UTC" participant="139555">
      <body>Ma3alesh mesh la2yaha kanet 3andy bad etmas7et</body>
    </message>
    <message id="m0055" time="2013-04-08 18:46:44 UTC" participant="139555">
      <body>:(</body>
    </message>
    <message id="m0056" time="2013-04-08 18:49:40 UTC" participant="139275">
      <body>mashy 7abbty</body>
    </message>
  </messages>
</conversation>
