<?xml version="1.0" encoding="UTF-8"?>
<conversation id="CHT_ARZ_20130419.0003" medium="CHT" donated="true">
  <messages>
    <message id="m0004" participant="138328" time="2013-04-19 10:40:22 UTC">
      <body>3amla eih</body>
    </message>
    <message id="m0005" participant="138112" time="2013-04-19 10:40:39 UTC">
      <body>Ana kwayesa, sa7ya 3la omi betza3a2 bedan haha</body>
    </message>
    <message id="m0006" participant="138112" time="2013-04-19 10:40:42 UTC">
      <body>Enti 3amla eh</body>
    </message>
    <message id="m0007" participant="138112" time="2013-04-19 10:40:50 UTC">
      <body>Nemti kwayes</body>
    </message>
    <message id="m0010" participant="138328" time="2013-04-19 10:41:12 UTC">
      <body>Ana rwa7t embra7 2t2tlt nom</body>
    </message>
    <message id="m0011" participant="138112" time="2013-04-19 10:42:28 UTC">
      <body>Heya kararet keda m3a nafsaha en Ana nemt kteer w lazem tsa7ini</body>
    </message>
    <message id="m0012" participant="138112" time="2013-04-19 10:42:38 UTC">
      <body>Akeed enti ezay betwasli keda hahaha</body>
    </message>
    <message id="m0013" participant="138328" time="2013-04-19 10:43:40 UTC">
      <body>Ahahahahahahaha :D</body>
    </message>
    <message id="m0014" participant="138328" time="2013-04-19 10:43:45 UTC">
      <body>Homa kolhm kedaa 3aduii</body>
    </message>
    <message id="m0015" participant="138328" time="2013-04-19 10:43:57 UTC">
      <body>Ma mami el ms7ianii 2day :D</body>
    </message>
    <message id="m0016" participant="138112" time="2013-04-19 13:37:24 UTC">
      <body>Bt3mli ehhh</body>
    </message>
    <message id="m0017" participant="138328" time="2013-04-19 13:42:29 UTC">
      <body>Wla hga nazla kman shwaia</body>
    </message>
    <message id="m0018" participant="138328" time="2013-04-19 13:42:31 UTC">
      <body>Wnty</body>
    </message>
    <message id="m0019" participant="138112" time="2013-04-19 13:51:32 UTC">
      <body>Ana bashwy kofta haha</body>
    </message>
    <message id="m0020" participant="138328" time="2013-04-19 13:51:41 UTC">
      <body>Eda alllahh</body>
    </message>
    <message id="m0021" participant="138112" time="2013-04-19 13:51:46 UTC">
      <body>Hahahaha ah</body>
    </message>
    <message id="m0022" participant="138112" time="2013-04-19 13:51:47 UTC">
      <body>&lt;media omitted&gt;</body>
    </message>
    <message id="m0023" participant="138328" time="2013-04-19 13:51:47 UTC">
      <body>Ana 3awza :D</body>
    </message>
    <message id="m0024" participant="138112" time="2013-04-19 13:51:50 UTC">
      <body>Rayha feen</body>
    </message>
    <message id="m0025" participant="138112" time="2013-04-19 13:51:54 UTC">
      <body>Etfadali :***</body>
    </message>
    <message id="m0026" participant="138328" time="2013-04-19 13:52:04 UTC">
      <body>Edaaaaaaaaa</body>
    </message>
    <message id="m0027" participant="138328" time="2013-04-19 13:52:12 UTC">
      <body>Yara mat3zminii 3andko enhrdaaa</body>
    </message>
    <message id="m0028" participant="138328" time="2013-04-19 13:52:14 UTC">
      <body>Ahahhaahahaha</body>
    </message>
    <message id="m0029" participant="138112" time="2013-04-19 13:52:27 UTC">
      <body>T3ali walahi haha</body>
    </message>
    <message id="m0030" participant="138328" time="2013-04-19 13:52:49 UTC">
      <body>Ray7a anzel m3 5ateb julie  then agib el dog men hazem</body>
    </message>
    <message id="m0031" participant="138112" time="2013-04-19 13:53:12 UTC">
      <body>Eda hata5di anhi wa7ed</body>
    </message>
    <message id="m0035" participant="138328" time="2013-04-19 14:35:11 UTC">
      <body>Hahahahah:D </body>
    </message>
    <message id="m0036" participant="138328" time="2013-04-19 14:35:18 UTC">
      <body>Ht3mli eih 2day aslun</body>
    </message>
    <message id="m0037" participant="138112" time="2013-04-19 14:36:47 UTC">
      <body>Lina gayali hanet3'ada w no5rog</body>
    </message>
    <message id="m0038" participant="138328" time="2013-04-19 14:50:06 UTC">
      <body>Lina men :D</body>
    </message>
    <message id="m0039" participant="138112" time="2013-04-19 14:52:16 UTC">
      <body>Lina w Rana, so7ab a5ooya</body>
    </message>
    <message id="m0040" participant="138328" time="2013-04-19 14:53:55 UTC">
      <body>Ah okiii :D</body>
    </message>
    <message id="m0041" participant="138328" time="2013-04-19 14:53:56 UTC">
      <body>Ahhhahaha</body>
    </message>
    <message id="m0042" participant="138112" time="2013-04-19 14:55:23 UTC">
      <body>Hahaha :***</body>
    </message>
    <message id="m0044" participant="138328" time="2013-04-19 14:56:22 UTC">
      <body>Haderr hbebee</body>
    </message>
    <message id="m0046" participant="138328" time="2013-04-19 14:56:30 UTC">
      <body>Enty gayaa bukra?</body>
    </message>
    <message id="m0047" participant="138112" time="2013-04-19 14:56:47 UTC">
      <body>Ah isa, you?</body>
    </message>
    <message id="m0048" participant="138328" time="2013-04-19 14:56:56 UTC">
      <body>Ahh hbbebe isa</body>
    </message>
    <message id="m0049" participant="138328" time="2013-04-19 14:57:11 UTC">
      <body>Bas msh hd5ol l bta3 el mo3wkin dah</body>
    </message>
    <message id="m0050" participant="138328" time="2013-04-19 14:57:16 UTC">
      <body>Ana harou7 el tani</body>
    </message>
    <message id="m0051" participant="138112" time="2013-04-19 14:57:20 UTC">
      <body>Ah wala Ana</body>
    </message>
    <message id="m0052" participant="138112" time="2013-04-19 14:57:28 UTC">
      <body>Hanestana fel bus</body>
    </message>
    <message id="m0053" participant="138328" time="2013-04-19 14:57:37 UTC">
      <body>Bas el moshkila 2n lazem nrou7 m3ahom wa nstna fel bis</body>
    </message>
    <message id="m0054" participant="138328" time="2013-04-19 14:57:40 UTC">
      <body>Bus*</body>
    </message>
    <message id="m0055" participant="138112" time="2013-04-19 14:58:36 UTC">
      <body>Mesh moshkela homa mesh hayta5aro</body>
    </message>
    <message id="m0056" participant="138328" time="2013-04-19 15:00:34 UTC">
      <body>Ahh eshtaa</body>
    </message>
    <message id="m0057" participant="138328" time="2013-04-19 15:00:44 UTC">
      <body>Ana nfsi arou7 fash5 aslun</body>
    </message>
    <message id="m0058" participant="138112" time="2013-04-19 15:03:14 UTC">
      <body>Ana ma2darsh</body>
    </message>
    <message id="m0059" participant="138112" time="2013-04-19 15:03:34 UTC">
      <body>Roht abl keda w ba3od ba3diha met2asara awy</body>
    </message>
    <message id="m0060" participant="138328" time="2013-04-19 15:03:35 UTC">
      <body>L2 ana asdi 3al tani</body>
    </message>
    <message id="m0061" participant="138112" time="2013-04-19 15:03:41 UTC">
      <body>Ahhh</body>
    </message>
    <message id="m0062" participant="138328" time="2013-04-19 15:03:48 UTC">
      <body>Ana msh h3rf at3mel m3ahom aslunn</body>
    </message>
    <message id="m0063" participant="138112" time="2013-04-19 15:03:56 UTC">
      <body>Isa han5osh el tani b2a</body>
    </message>
    <message id="m0064" participant="138328" time="2013-04-19 15:04:03 UTC">
      <body>Ahh hbebe</body>
    </message>
    <message id="m0065" participant="138112" time="2013-04-19 15:38:14 UTC">
      <body>&lt;media omitted&gt;</body>
    </message>
    <message id="m0067" participant="138328" time="2013-04-19 15:55:33 UTC">
      <body>Ahahahahhaahhahaah</body>
    </message>
    <message id="m0068" participant="138328" time="2013-04-19 15:56:30 UTC">
      <body>&lt;media omitted&gt;</body>
    </message>
    <message id="m0069" participant="138328" time="2013-04-19 15:56:45 UTC">
      <body>Ahahahhahaha shyfa ana helwa ezay</body>
    </message>
    <message id="m0070" participant="138328" time="2013-04-19 15:56:47 UTC">
      <body>?</body>
    </message>
    <message id="m0071" participant="138328" time="2013-04-19 16:07:39 UTC">
      <body>&lt;media omitted&gt;</body>
    </message>
    <message id="m0072" participant="138112" time="2013-04-19 16:08:05 UTC">
      <body>Hahahaha amar :**</body>
    </message>
    <message id="m0073" participant="138328" time="2013-04-19 17:34:20 UTC">
      <body>&lt;media omitted&gt;</body>
    </message>
    <message id="m0074" participant="138328" time="2013-04-19 17:34:34 UTC">
      <body>&lt;media omitted&gt;</body>
    </message>
    <message id="m0075" participant="138112" time="2013-04-19 18:09:41 UTC">
      <body>Alllllllllaaaaahh</body>
    </message>
    <message id="m0077" participant="138328" time="2013-04-19 18:09:57 UTC">
      <body>Ahhh fsh5 enty mah fhma ezayyy</body>
    </message>
    <message id="m0080" participant="138112" time="2013-04-19 18:15:05 UTC">
      <body>Ya lahwi</body>
    </message>
    <message id="m0081" participant="138328" time="2013-04-19 18:15:21 UTC">
      <body>Hahahah t3ali batty 3andi youm my bd wana asbholkkkk br7tk</body>
    </message>
    <message id="m0083" participant="138328" time="2013-04-19 18:16:15 UTC">
      <body>:D ana lazem agi l mamtkk</body>
    </message>
    <message id="m0084" participant="138112" time="2013-04-19 18:20:12 UTC">
      <body>Aywa lazem</body>
    </message>
    <message id="m0085" participant="138328" time="2013-04-20 07:32:02 UTC">
      <body>Yaraaaa</body>
    </message>
    <message id="m0086" participant="138328" time="2013-04-20 07:32:08 UTC">
      <body>Entyyy fen</body>
    </message>
    <message id="m0087" participant="138112" time="2013-04-20 07:32:27 UTC">
      <body>Ana balbes aho</body>
    </message>
    <message id="m0088" participant="138328" time="2013-04-20 07:32:47 UTC">
      <body>Mashi :D bt2ked 2nk gayaa</body>
    </message>
    <message id="m0090" participant="138112" time="2013-04-20 07:33:13 UTC">
      <body>Ana 3ayza albes jeans</body>
    </message>
    <message id="m0091" participant="138328" time="2013-04-20 07:33:14 UTC">
      <body/>
    </message>
    <message id="m0092" participant="138328" time="2013-04-20 07:33:19 UTC">
      <body>Ma ana lbsa jeans</body>
    </message>
    <message id="m0093" participant="138112" time="2013-04-20 07:33:26 UTC">
      <body>7ad hay2oli haga</body>
    </message>
    <message id="m0094" participant="138328" time="2013-04-20 07:33:27 UTC">
      <body>Bas tshirt el mdrsa</body>
    </message>
    <message id="m0096" participant="138112" time="2013-04-20 07:33:38 UTC">
      <body>Enti labsa jeans?</body>
    </message>
    <message id="m0098" participant="138112" time="2013-04-20 07:33:53 UTC">
      <body>Yaani 3adi mesh Ana bas</body>
    </message>
    <message id="m0103" participant="138328" time="2013-04-20 07:34:24 UTC">
      <body>Okii hbebe</body>
    </message>
    <message id="m0104" participant="138112" time="2013-04-20 07:35:07 UTC">
      <body>:*</body>
    </message>
    <message id="m0105" participant="138328" time="2013-04-20 07:35:18 UTC">
      <body>:***</body>
    </message>
    <message id="m0106" participant="138328" time="2013-04-20 07:51:48 UTC">
      <body>Yaraaa</body>
    </message>
    <message id="m0107" participant="138328" time="2013-04-20 07:51:50 UTC">
      <body>Yallla</body>
    </message>
    <message id="m0108" participant="138328" time="2013-04-20 07:52:27 UTC">
      <body>Miss menna bt2ol el busat htmshi at 8</body>
    </message>
    <message id="m0110" participant="138112" time="2013-04-20 21:40:56 UTC">
      <body>Kwayesa</body>
    </message>
    <message id="m0111" participant="138112" time="2013-04-20 21:40:58 UTC">
      <body>?</body>
    </message>
    <message id="m0113" participant="138328" time="2013-04-20 21:41:07 UTC">
      <body>Enty kwaica?</body>
    </message>
    <message id="m0115" participant="138112" time="2013-04-20 21:41:35 UTC">
      <body>Bt3mli eh</body>
    </message>
    <message id="m0116" participant="138328" time="2013-04-20 21:41:40 UTC">
      <body>Htigi bukra el kora ?</body>
    </message>
    <message id="m0117" participant="138328" time="2013-04-20 21:41:48 UTC">
      <body>Wla hga a3da m3 el family</body>
    </message>
    <message id="m0118" participant="138328" time="2013-04-20 21:41:51 UTC">
      <body>Wenty?</body>
    </message>
    <message id="m0119" participant="138112" time="2013-04-20 21:42:06 UTC">
      <body>Ha7awel 3ashan 3andi dars</body>
    </message>
    <message id="m0120" participant="138112" time="2013-04-20 21:42:15 UTC">
      <body>Ana msh b3ml haga</body>
    </message>
    <message id="m0121" participant="138328" time="2013-04-20 21:42:17 UTC">
      <body>Darskk when ?</body>
    </message>
    <message id="m0122" participant="138112" time="2013-04-20 21:42:24 UTC">
      <body>6</body>
    </message>
    <message id="m0123" participant="138328" time="2013-04-20 21:42:49 UTC">
      <body>Manzltish 2day leh ?</body>
    </message>
    <message id="m0124" participant="138328" time="2013-04-20 21:42:57 UTC">
      <body>Eda hwa el kora at 5</body>
    </message>
    <message id="m0125" participant="138328" time="2013-04-20 21:43:07 UTC">
      <body>Tayb mat2gli el dars shwaia</body>
    </message>
    <message id="m0126" participant="138112" time="2013-04-20 21:44:29 UTC">
      <body>Ana sahya aslan 8 haha</body>
    </message>
    <message id="m0127" participant="138112" time="2013-04-20 21:44:38 UTC">
      <body>Msh arfa mana h7awel b2a</body>
    </message>
    <message id="m0128" participant="138328" time="2013-04-20 21:45:07 UTC">
      <body>Ana rwa7t bardo wa at 5 30 keda at2tlt nom</body>
    </message>
    <message id="m0130" participant="138112" time="2013-04-20 21:46:04 UTC">
      <body>Hahahaha w bardo hanla2iki 10:35 e5tafeti</body>
    </message>
    <message id="m0131" participant="138112" time="2013-04-20 21:46:07 UTC">
      <body>Hahaha</body>
    </message>
    <message id="m0133" participant="138328" time="2013-04-20 21:46:44 UTC">
      <body>Ahahahahahahah l2 3eb 3aliki</body>
    </message>
    <message id="m0134" participant="138328" time="2013-04-20 21:46:51 UTC">
      <body>Ana msh gayli nom 2day :D</body>
    </message>
    <message id="m0135" participant="138112" time="2013-04-20 21:48:09 UTC">
      <body>Hanshoof</body>
    </message>
    <message id="m0136" participant="138112" time="2013-04-20 21:48:16 UTC">
      <body/>
    </message>
    <message id="m0137" participant="138328" time="2013-04-20 21:50:57 UTC">
      <body>Ahahahahahha :D</body>
    </message>
    <message id="m0138" participant="138328" time="2013-04-20 21:51:07 UTC">
      <body>Ana zh2ana fsh5</body>
    </message>
    <message id="m0139" participant="138112" time="2013-04-20 21:51:08 UTC">
      <body>:***</body>
    </message>
    <message id="m0141" participant="138328" time="2013-04-20 21:51:24 UTC">
      <body>Tayb n3ml eih ysalina</body>
    </message>
    <message id="m0142" participant="138112" time="2013-04-20 21:51:28 UTC">
      <body>Howa enti rohti el pool party</body>
    </message>
    <message id="m0144" participant="138112" time="2013-04-20 21:51:52 UTC">
      <body>Amr mobilo we2a3</body>
    </message>
    <message id="m0145" participant="138112" time="2013-04-20 21:51:56 UTC">
      <body>Hahaha</body>
    </message>
    <message id="m0146" participant="138328" time="2013-04-20 21:52:05 UTC">
      <body>Ahahahahah ahhh ahahahaha</body>
    </message>
    <message id="m0147" participant="138112" time="2013-04-20 21:52:13 UTC">
      <body>Delwa2ty mafish tar5im 3leh :(</body>
    </message>
    <message id="m0148" participant="138328" time="2013-04-20 21:52:16 UTC">
      <body>Samni w23o fel pool bih</body>
    </message>
    <message id="m0149" participant="138112" time="2013-04-20 21:52:17 UTC">
      <body>Hahahaha</body>
    </message>
    <message id="m0150" participant="138328" time="2013-04-20 21:52:26 UTC">
      <body>T3ali 3ala joe shwaia :D</body>
    </message>
    <message id="m0151" participant="138112" time="2013-04-20 21:52:58 UTC">
      <body>Yala :D</body>
    </message>
    <message id="m0152" participant="138112" time="2013-04-20 21:54:33 UTC">
      <body>Ezay:D</body>
    </message>
    <message id="m0153" participant="138328" time="2013-04-20 21:54:50 UTC">
      <body>Group</body>
    </message>
    <message id="m0154" participant="138112" time="2013-04-20 21:54:54 UTC">
      <body>Ok haha</body>
    </message>
    <message id="m0155" participant="138112" time="2013-04-20 21:54:59 UTC">
      <body>7oti Edward</body>
    </message>
    <message id="m0156" participant="138112" time="2013-04-20 21:55:01 UTC">
      <body>Hahahaha</body>
    </message>
    <message id="m0157" participant="138328" time="2013-04-20 21:56:14 UTC">
      <body>Hattoo</body>
    </message>
    <message id="m0158" participant="138112" time="2013-04-20 23:14:54 UTC">
      <body>Yala n3od n2olo I love you w nsal7o b2a haha</body>
    </message>
    <message id="m0159" participant="138112" time="2013-04-20 23:27:17 UTC">
      <body>Myrna Ana mesh la2ya conversation abd el halim 3andi</body>
    </message>
    <message id="m0160" participant="138328" time="2013-04-20 23:27:28 UTC">
      <body>Eda bgd</body>
    </message>
    <message id="m0161" participant="138328" time="2013-04-20 23:27:34 UTC">
      <body>Ana 3andi</body>
    </message>
    <message id="m0162" participant="138112" time="2013-04-20 23:27:36 UTC">
      <body>Please eb3ateeli el soora el fdi7a hahahaha</body>
    </message>
    <message id="m0163" participant="138328" time="2013-04-20 23:28:09 UTC">
      <body>&lt;media omitted&gt;</body>
    </message>
    <message id="m0164" participant="138328" time="2013-04-20 23:28:20 UTC">
      <body>&lt;media omitted&gt;</body>
    </message>
    <message id="m0165" participant="138112" time="2013-04-20 23:28:31 UTC">
      <body>Hahahahahahahhahahahahaahhaahahahhaahhaahahahahahahaaha msh adra</body>
    </message>
    <message id="m0166" participant="138328" time="2013-04-20 23:28:34 UTC">
      <body>&lt;media omitted&gt;</body>
    </message>
    <message id="m0167" participant="138328" time="2013-04-20 23:29:08 UTC">
      <body>Ahahahahahahahahahahahhaahhahabaha</body>
    </message>
    <message id="m0170" participant="138328" time="2013-04-20 23:29:35 UTC">
      <body>Mah msd2a ezay 3amel ked</body>
    </message>
    <message id="m0171" participant="138112" time="2013-04-20 23:29:44 UTC">
      <body>Hahahaha ahhh fsh5</body>
    </message>
    <message id="m0173" participant="138112" time="2013-04-20 23:42:07 UTC">
      <body>Hahahaa</body>
    </message>
    <message id="m0174" participant="138112" time="2013-04-21 00:18:55 UTC">
      <body>Ye5rbetek nemti wala eh</body>
    </message>
    <message id="m0175" participant="138328" time="2013-04-21 07:32:18 UTC">
      <body>Ahh ahahahhahahaha :D</body>
    </message>
    <message id="m0176" participant="138112" time="2013-04-21 12:57:02 UTC">
      <body>Myyyyyyyyrrrrrrrna</body>
    </message>
    <message id="m0177" participant="138328" time="2013-04-21 13:02:23 UTC">
      <body>Hbebeeeeeeeeeeeeeee</body>
    </message>
    <message id="m0180" participant="138328" time="2013-04-21 13:05:59 UTC">
      <body>B2ilkkk eihh</body>
    </message>
    <message id="m0182" participant="138328" time="2013-04-21 13:08:09 UTC">
      <body>Hatigii 2dayy?</body>
    </message>
    <message id="m0184" participant="138112" time="2013-04-21 13:10:30 UTC">
      <body>Bosi 7ata law get mesh hage abl 6</body>
    </message>
    <message id="m0185" participant="138328" time="2013-04-21 13:10:54 UTC">
      <body>Hwa msh enty darsk at 7</body>
    </message>
    <message id="m0186" participant="138112" time="2013-04-21 13:12:34 UTC">
      <body>La2 5 keda</body>
    </message>
    <message id="m0187" participant="138328" time="2013-04-21 13:23:34 UTC">
      <body>Tayb dah helw awe t5lsi wa tglna</body>
    </message>
    <message id="m0189" participant="138112" time="2013-04-21 13:47:36 UTC">
      <body>Myrna</body>
    </message>
    <message id="m0190" participant="138112" time="2013-04-21 13:48:07 UTC">
      <body>Ana law geet enaharda hageeb m3aya el bt3a el betkahrab d</body>
    </message>
    <message id="m0191" participant="138112" time="2013-04-21 13:48:52 UTC">
      <body>Hahahaha</body>
    </message>
    <message id="m0192" participant="138328" time="2013-04-21 13:49:16 UTC">
      <body>Ahahahahhahahahahahaha</body>
    </message>
    <message id="m0193" participant="138112" time="2013-04-21 13:49:36 UTC">
      <body>Hahaha walahi</body>
    </message>
    <message id="m0194" participant="138328" time="2013-04-21 13:52:27 UTC">
      <body>Ehna youssef hymotnaaaa</body>
    </message>
    <message id="m0195" participant="138112" time="2013-04-21 13:52:55 UTC">
      <body>Enti msh Ana</body>
    </message>
    <message id="m0196" participant="138112" time="2013-04-21 13:53:06 UTC">
      <body>Ana m7adsh y2dar hahaha :D</body>
    </message>
    <message id="m0197" participant="138328" time="2013-04-21 13:53:17 UTC">
      <body>Ana hadrebb bel nar</body>
    </message>
    <message id="m0198" participant="138328" time="2013-04-21 13:53:19 UTC">
      <body>Ahahhahahahhaa</body>
    </message>
    <message id="m0199" participant="138328" time="2013-04-21 13:53:23 UTC">
      <body>Ana ht3la2</body>
    </message>
    <message id="m0200" participant="138112" time="2013-04-21 13:53:33 UTC">
      <body>Ah hahahaha ya 7aram</body>
    </message>
    <message id="m0201" participant="138328" time="2013-04-21 16:52:18 UTC">
      <body>Yaraa</body>
    </message>
    <message id="m0202" participant="138328" time="2013-04-21 16:52:39 UTC">
      <body>Matgbili el charger m3aki</body>
    </message>
    <message id="m0204" participant="138112" time="2013-04-21 17:42:11 UTC">
      <body>Enti feen</body>
    </message>
    <message id="m0205" participant="138328" time="2013-04-21 18:43:39 UTC">
      <body>Bnl3ab</body>
    </message>
    <message id="m0206" participant="138112" time="2013-04-21 22:17:52 UTC">
      <body>Rawahti?</body>
    </message>
    <message id="m0207" participant="138112" time="2013-04-21 22:19:53 UTC">
      <body>Oleeli lama trawa7i</body>
    </message>
    <message id="m0208" participant="138328" time="2013-04-21 22:20:06 UTC">
      <body>Hbebee am home</body>
    </message>
    <message id="m0209" participant="138328" time="2013-04-21 22:20:10 UTC">
      <body>Enty rwa7ty emta</body>
    </message>
    <message id="m0210" participant="138112" time="2013-04-21 22:20:20 UTC">
      <body>Lesa men 10 minutes</body>
    </message>
    <message id="m0211" participant="138328" time="2013-04-21 22:20:51 UTC">
      <body>Tayb tant 2ltlkk hgaa ?</body>
    </message>
    <message id="m0212" participant="138112" time="2013-04-21 22:21:01 UTC">
      <body>La22</body>
    </message>
    <message id="m0213" participant="138328" time="2013-04-21 22:21:15 UTC">
      <body>Taybb el77</body>
    </message>
    <message id="m0214" participant="138112" time="2013-04-21 22:21:22 UTC">
      <body>Wenti?</body>
    </message>
    <message id="m0215" participant="138328" time="2013-04-21 22:21:55 UTC">
      <body>No 5aless</body>
    </message>
    <message id="m0217" participant="138328" time="2013-04-21 22:22:09 UTC">
      <body>Dih 2ltli enty gaty bsor3a</body>
    </message>
    <message id="m0218" participant="138328" time="2013-04-21 22:22:19 UTC">
      <body>Hbebe enty z3ltyyy 2day?</body>
    </message>
    <message id="m0219" participant="138112" time="2013-04-21 22:22:27 UTC">
      <body>Hahaha tab kwayes</body>
    </message>
    <message id="m0220" participant="138112" time="2013-04-21 22:22:42 UTC">
      <body>Mami 7asbetni 3la every minute haha bas eshta</body>
    </message>
    <message id="m0221" participant="138112" time="2013-04-21 22:23:00 UTC">
      <body>La2 maz3ltsh enti shofteni ma2afashtsh</body>
    </message>
    <message id="m0222" participant="138328" time="2013-04-21 22:23:20 UTC">
      <body>5oft tkonii z3ltyyy</body>
    </message>
    <message id="m0223" participant="138112" time="2013-04-21 22:23:21 UTC">
      <body>Bas heya bethazar hezar matz3lsh lama my reaction yeb2a nafs hezarha</body>
    </message>
    <message id="m0224" participant="138328" time="2013-04-21 22:23:37 UTC">
      <body>Tayb haasall hga wento fel tari2</body>
    </message>
    <message id="m0225" participant="138112" time="2013-04-21 22:23:51 UTC">
      <body>La2 msh hz3l Akeed I know she's joking bas gashama shwaya haha</body>
    </message>
    <message id="m0226" participant="138112" time="2013-04-21 22:23:54 UTC">
      <body>La2 wala haga</body>
    </message>
    <message id="m0227" participant="138112" time="2013-04-21 22:24:22 UTC">
      <body>Mardetsh t3od wara gambi bas haha</body>
    </message>
    <message id="m0228" participant="138328" time="2013-04-21 22:24:32 UTC">
      <body>Hahahahahah :D enty faze3a bgddddd</body>
    </message>
    <message id="m0229" participant="138328" time="2013-04-21 22:24:34 UTC">
      <body/>
    </message>
    <message id="m0230" participant="138112" time="2013-04-21 22:24:51 UTC">
      <body>Bas 5las a3melaha Ana hazart nafs hezarha msh asdi adaye2ha, heya hatfok</body>
    </message>
    <message id="m0231" participant="138112" time="2013-04-21 22:25:27 UTC">
      <body>Eg*</body>
    </message>
    <message id="m0232" participant="138112" time="2013-04-21 22:25:30 UTC">
      <body>*eh</body>
    </message>
    <message id="m0233" participant="138328" time="2013-04-21 22:25:35 UTC">
      <body>Yesss hatfok akiiiiddd</body>
    </message>
    <message id="m0234" participant="138328" time="2013-04-21 22:25:56 UTC">
      <body>Hezarr y3ni kan re5m men el awl wa 5las fhmaaa</body>
    </message>
    <message id="m0235" participant="138112" time="2013-04-21 22:26:54 UTC">
      <body>Bezabt</body>
    </message>
    <message id="m0237" participant="138112" time="2013-04-21 22:27:12 UTC">
      <body>Ana 3eni fsh5tni bas msh hadaye2 I know heya kanet bethazar</body>
    </message>
    <message id="m0238" participant="138112" time="2013-04-21 22:27:30 UTC">
      <body>Ana hast7ama baby brb</body>
    </message>
    <message id="m0239" participant="138328" time="2013-04-21 22:27:41 UTC">
      <body>Yea i knwww wlahiii entyy faze3aa bgdd</body>
    </message>
    <message id="m0241" participant="138328" time="2013-04-21 22:27:53 UTC">
      <body>Tyt hyatie </body>
    </message>
    <message id="m0243" participant="138112" time="2013-04-21 22:50:09 UTC">
      <body>Ana ta3bana fsh5</body>
    </message>
    <message id="m0244" participant="138328" time="2013-04-21 22:50:18 UTC">
      <body>Wana t3bnaa fsh5</body>
    </message>
    <message id="m0245" participant="138328" time="2013-04-21 22:50:28 UTC">
      <body>Msh 3arfa leeh</body>
    </message>
    <message id="m0246" participant="138112" time="2013-04-21 22:55:35 UTC">
      <body>Men el kora haha</body>
    </message>
    <message id="m0247" participant="138328" time="2013-04-21 22:56:01 UTC">
      <body>Dah 3ala asas 2ni 3mlt hgaaa ahahahahha</body>
    </message>
    <message id="m0248" participant="138112" time="2013-04-21 22:56:03 UTC">
      <body>Ana tle3t la2et mami farsha w mtal3q out pictures w7na kids haga</body>
    </message>
    <message id="m0249" participant="138112" time="2013-04-21 22:56:08 UTC">
      <body>Hahahaha</body>
    </message>
    <message id="m0250" participant="138328" time="2013-04-21 22:56:36 UTC">
      <body>Ahahahahahahaha</body>
    </message>
    <message id="m0251" participant="138328" time="2013-04-21 22:56:58 UTC">
      <body>Ana lazem a5li your mother t7bni :D</body>
    </message>
    <message id="m0252" participant="138112" time="2013-04-21 22:57:08 UTC">
      <body>Ah lazem ya Myrna begad hahaha</body>
    </message>
    <message id="m0253" participant="138328" time="2013-04-21 22:57:18 UTC">
      <body>Agilekk emta taybb</body>
    </message>
    <message id="m0254" participant="138328" time="2013-04-21 22:57:33 UTC">
      <body>3lshan hya tb2a merta7a wenty 3andi :D</body>
    </message>
    <message id="m0255" participant="138328" time="2013-04-21 22:57:48 UTC">
      <body>Dana a5li mamii tklmha :D</body>
    </message>
    <message id="m0256" participant="138112" time="2013-04-21 23:03:14 UTC">
      <body>Yes!!!! Lazem haha</body>
    </message>
    <message id="m0257" participant="138112" time="2013-04-21 23:03:23 UTC">
      <body>Rawahi m3aya f ay yom haha</body>
    </message>
    <message id="m0258" participant="138328" time="2013-04-21 23:03:51 UTC">
      <body>Hahahaha haderrr</body>
    </message>
    <message id="m0259" participant="138112" time="2013-04-21 23:07:13 UTC">
      <body>W 5ali mami te call her w keda haha</body>
    </message>
    <message id="m0260" participant="138328" time="2013-04-22 06:21:49 UTC">
      <body>Aiwaaaaaa ana h5lihon yheboo b3d fash5</body>
    </message>
    <message id="m0261" participant="138328" time="2013-04-22 06:21:59 UTC">
      <body>3lshan tb2a tsebak m3aia</body>
    </message>
    <message id="m0263" participant="138112" time="2013-04-22 07:57:24 UTC">
      <body>Enti feen</body>
    </message>
    <message id="m0264" participant="138328" time="2013-04-22 08:01:02 UTC">
      <body>Ana f skoool</body>
    </message>
    <message id="m0265" participant="138328" time="2013-04-22 08:01:07 UTC">
      <body>Entyy feeen</body>
    </message>
    <message id="m0266" participant="138112" time="2013-04-22 08:04:59 UTC">
      <body>Ana tal3a aho</body>
    </message>
    <message id="m0267" participant="138328" time="2013-04-22 08:06:08 UTC">
      <body>Oki</body>
    </message>
    <message id="m0268" participant="138112" time="2013-04-22 11:34:23 UTC">
      <body>Myrna e2feli mobilak</body>
    </message>
    <message id="m0269" participant="138112" time="2013-04-22 12:07:08 UTC">
      <body>2a3da lewa7dek fel fasl</body>
    </message>
    <message id="m0270" participant="138112" time="2013-04-22 12:07:11 UTC">
      <body>Hahahahahaha</body>
    </message>
  </messages>
</conversation>
