<?xml version="1.0" encoding="UTF-8"?>
<conversation id="CHT_ARZ_20130129.0002" medium="CHT" donated="true">
  <messages>
    <message id="m0000" participant="138112" time="2013-01-29 22:11:08 UTC">
      <body>Enty zebala awy 3la fekra</body>
    </message>
    <message id="m0001" participant="138323" time="2013-01-29 22:50:34 UTC">
      <body>oksssem blah bamt7en</body>
    </message>
    <message id="m0002" participant="138323" time="2013-01-29 22:50:46 UTC">
      <body>Walahy ma5adtsh agaza</body>
    </message>
    <message id="m0003" participant="138112" time="2013-01-30 15:47:28 UTC">
      <body>Tab ezayak?</body>
    </message>
    <message id="m0004" participant="138323" time="2013-01-30 17:58:06 UTC">
      <body>El7 :*</body>
    </message>
    <message id="m0005" participant="138323" time="2013-01-30 17:58:10 UTC">
      <body>Wenty</body>
    </message>
    <message id="m0006" participant="138323" time="2013-01-30 17:58:17 UTC">
      <body>W7shteny</body>
    </message>
    <message id="m0007" participant="138112" time="2013-01-30 21:54:52 UTC">
      <body>Enty kaman wanashtini</body>
    </message>
    <message id="m0008" participant="138112" time="2013-01-30 21:55:00 UTC">
      <body>*wahashteeni</body>
    </message>
    <message id="m0009" participant="138323" time="2013-01-30 23:11:00 UTC">
      <body>Enty aktaarr</body>
    </message>
    <message id="m0010" participant="138112" time="2013-01-31 17:04:20 UTC">
      <body>Hat3mely eh enaharda</body>
    </message>
    <message id="m0011" participant="138323" time="2013-01-31 17:05:34 UTC">
      <body>Msshh 3arfa</body>
    </message>
    <message id="m0012" participant="138323" time="2013-01-31 17:05:34 UTC">
      <body>Wenty?</body>
    </message>
    <message id="m0013" participant="138112" time="2013-01-31 17:08:36 UTC">
      <body>Wala Ana</body>
    </message>
    <message id="m0014" participant="138323" time="2013-01-31 17:08:59 UTC">
      <body>3ayza tenzely</body>
    </message>
    <message id="m0015" participant="138112" time="2013-01-31 17:09:42 UTC">
      <body>Yala beena</body>
    </message>
    <message id="m0016" participant="138323" time="2013-01-31 17:10:29 UTC">
      <body>Fen</body>
    </message>
    <message id="m0017" participant="138112" time="2013-01-31 17:13:49 UTC">
      <body>Msh arfa :/</body>
    </message>
    <message id="m0018" participant="138112" time="2013-01-31 17:13:53 UTC">
      <body>Ana zah2ana awy</body>
    </message>
    <message id="m0019" participant="138323" time="2013-01-31 17:14:08 UTC">
      <body>Wana w 3ayanaa awy :D</body>
    </message>
  </messages>
</conversation>
