<?xml version="1.0" encoding="UTF-8"?>
<conversation id="CHT_ARZ_20120721.0001" medium="CHT" donated="true">
  <messages>
    <message id="m0001" time="2012-07-21 22:59:26 UTC" participant="139275">
      <body>ba2ol le 7ussen rel fen?</body>
    </message>
    <message id="m0002" time="2012-07-21 22:59:47 UTC" participant="139275">
      <body>2ali leeeem la7et 3and mai w 3amo karel</body>
    </message>
    <message id="m0003" time="2012-07-21 23:05:19 UTC" participant="139566">
      <body>?</body>
    </message>
    <message id="m0005" time="2012-07-21 23:05:47 UTC" participant="139566">
      <body>Kda na2s el vedio bs el flasha bta3ty 2 G bs</body>
    </message>
    <message id="m0006" time="2012-07-21 23:05:49 UTC" participant="139275">
      <body>el moshkila ene 7asa en kan shkli we7sh :(</body>
    </message>
    <message id="m0007" time="2012-07-21 23:06:05 UTC" participant="139275">
      <body>3ala mhlek :)</body>
    </message>
    <message id="m0008" time="2012-07-21 23:07:05 UTC" participant="139566">
      <body>La2 wlahy konty gamela gdaaan</body>
    </message>
    <message id="m0009" time="2012-07-21 23:07:05 UTC" participant="139566">
      <body>w swrk lw7dk gamila bs el camera makntsh mtzbta m3 el eda2a w el nas msh btsbor l7d ma azbt el swra</body>
    </message>
    <message id="m0010" time="2012-07-21 23:07:19 UTC" participant="139275">
      <body>yes sa7</body>
    </message>
    <message id="m0011" time="2012-07-21 23:07:34 UTC" participant="139275">
      <body>bt3mli eh now?</body>
    </message>
    <message id="m0012" time="2012-07-21 23:08:03 UTC" participant="139566">
      <body>Braw7 </body>
    </message>
    <message id="m0013" time="2012-07-21 23:08:03 UTC" participant="139566">
      <body>Enty 3amla eh ?</body>
    </message>
    <message id="m0014" time="2012-07-21 23:08:13 UTC" participant="139275">
      <body>batbo7'</body>
    </message>
    <message id="m0015" time="2012-07-21 23:08:16 UTC" participant="139275">
      <body>:D</body>
    </message>
    <message id="m0016" time="2012-07-21 23:08:38 UTC" participant="139275">
      <body>w regli warmt mn el wa2fa gedn fa 23da raf3aha shewaya</body>
    </message>
    <message id="m0017" time="2012-07-21 23:08:40 UTC" participant="139566">
      <body></body>
    </message>
    <message id="m0018" time="2012-07-21 23:09:19 UTC" participant="139566">
      <body>A5bar el akl eh tyb bytl3 7elw ?</body>
    </message>
    <message id="m0019" time="2012-07-21 23:09:38 UTC" participant="139275">
      <body>de awel mara fe 7yaty sa3dtk</body>
    </message>
    <message id="m0020" time="2012-07-21 23:09:49 UTC" participant="139275">
      <body>w batbo7'ha 3and mama</body>
    </message>
    <message id="m0021" time="2012-07-21 23:10:31 UTC" participant="139275">
      <body>msa23a</body>
    </message>
    <message id="m0022" time="2012-07-21 23:10:39 UTC" participant="139275">
      <body>w batates boreh</body>
    </message>
    <message id="m0023" time="2012-07-21 23:10:52 UTC" participant="139275">
      <body>3shan a7'odhom m3aya el qahera</body>
    </message>
    <message id="m0024" time="2012-07-21 23:10:59 UTC" participant="139275">
      <body>isa</body>
    </message>
    <message id="m0025" time="2012-07-21 23:11:00 UTC" participant="139566">
      <body>Eh da de 7agat s3ba</body>
    </message>
    <message id="m0026" time="2012-07-21 23:11:35 UTC" participant="139566">
      <body>Konty bd2ty b el fra5 el baneh</body>
    </message>
    <message id="m0027" time="2012-07-21 23:11:39 UTC" participant="139566">
      <body>W el btats el m7mra</body>
    </message>
    <message id="m0028" time="2012-07-21 23:12:45 UTC" participant="139275">
      <body>bzabt :(</body>
    </message>
    <message id="m0029" time="2012-07-21 23:12:56 UTC" participant="139275">
      <body>da raheeeb</body>
    </message>
    <message id="m0030" time="2012-07-21 23:13:01 UTC" participant="139566">
      <body>Heehheee</body>
    </message>
    <message id="m0031" time="2012-07-21 23:13:15 UTC" participant="139275">
      <body>w fad7ny 3and ay 7d yeshofo</body>
    </message>
    <message id="m0032" time="2012-07-21 23:13:25 UTC" participant="139275">
      <body>enty mraw7a mnen ya bet?</body>
    </message>
    <message id="m0033" time="2012-07-21 23:13:26 UTC" participant="139566">
      <body>Ya bnty koys 3la el a2l msh by3rf ykdb</body>
    </message>
    <message id="m0034" time="2012-07-21 23:14:09 UTC" participant="139566">
      <body>Hehheheh kan 3ndy course w b3den ro7t ashof acasia feha sala wla l2 mal2tsh w wslna rowida w mrwa7a</body>
    </message>
    <message id="m0035" time="2012-07-21 23:14:21 UTC" participant="139275">
      <body>:D</body>
    </message>
    <message id="m0036" time="2012-07-21 23:14:26 UTC" participant="139275">
      <body>lewa7dk?</body>
    </message>
    <message id="m0037" time="2012-07-21 23:14:32 UTC" participant="139566">
      <body>W b3den Ramdan byvvb el sahar </body>
    </message>
    <message id="m0038" time="2012-07-21 23:15:06 UTC" participant="139566">
      <body>M3aia Ramy bs el ksa de momkn akon btletha lw7dy bardo </body>
    </message>
    <message id="m0039" time="2012-07-21 23:15:47 UTC" participant="139275">
      <body>hehehhe saye3 enta ya man</body>
    </message>
    <message id="m0040" time="2012-07-21 23:17:46 UTC" participant="139275">
      <body>ma agmalek :D</body>
    </message>
    <message id="m0041" time="2012-07-21 23:17:57 UTC" participant="139275">
      <body>w a3batek :D</body>
    </message>
    <message id="m0042" time="2012-07-21 23:18:32 UTC" participant="139566">
      <body></body>
    </message>
    <message id="m0043" time="2012-07-21 23:18:47 UTC" participant="139275">
      <body>kont habla habla ya3ny :D</body>
    </message>
    <message id="m0044" time="2012-07-21 23:18:48 UTC" participant="139566">
      <body>Omal lma as2l b3d sana</body>
    </message>
    <message id="m0045" time="2012-07-21 23:19:01 UTC" participant="139566">
      <body></body>
    </message>
    <message id="m0046" time="2012-07-21 23:19:04 UTC" participant="139275">
      <body>7ttshm bardo</body>
    </message>
    <message id="m0047" time="2012-07-21 23:19:08 UTC" participant="139275">
      <body>3ady</body>
    </message>
    <message id="m0048" time="2012-07-21 23:20:21 UTC" participant="139566">
      <body>7akol konafa b2a w asly </body>
    </message>
    <message id="m0049" time="2012-07-21 23:20:36 UTC" participant="139566">
      <body>Isa ashofk lma agy tany</body>
    </message>
    <message id="m0050" time="2012-07-21 23:20:37 UTC" participant="139275">
      <body>allah ma3kii</body>
    </message>
    <message id="m0051" time="2012-07-21 23:20:42 UTC" participant="139275">
      <body>isa :)</body>
    </message>
    <message id="m0052" time="2012-07-21 23:20:49 UTC" participant="139275">
      <body>salam ya 7obyyy</body>
    </message>
    <message id="m0054" time="2012-07-21 23:21:12 UTC" participant="139275">
      <body>salaaam</body>
    </message>
    <message id="m0055" time="2012-07-22 00:09:31 UTC" participant="139566">
      <body></body>
    </message>
    <message id="m0056" time="2012-07-22 00:09:47 UTC" participant="139566">
      <body>Ya 5lasy b7b tary2t klamo gdan</body>
    </message>
    <message id="m0057" time="2012-07-22 00:09:48 UTC" participant="139566">
      <body>Nfsy yfdl kda baby</body>
    </message>
    <message id="m0058" time="2012-07-22 00:09:57 UTC" participant="139566">
      <body>3gbk el swr</body>
    </message>
    <message id="m0059" time="2012-07-22 00:14:57 UTC" participant="139566">
      <body></body>
    </message>
    <message id="m0060" time="2012-07-22 00:15:05 UTC" participant="139566">
      <body>Bt3mly eh y3ni ?</body>
    </message>
    <message id="m0061" time="2012-07-22 00:17:05 UTC" participant="139566">
      <body>3moman ma7mod msh mogaml f 7an3rf el akl 7elw wla we7sh </body>
    </message>
    <message id="m0063" time="2012-07-22 00:21:38 UTC" participant="139566">
      <body>5las b2a enty wa7da married w btetbo5y </body>
    </message>
    <message id="m0064" time="2012-07-22 00:22:10 UTC" participant="139566">
      <body>Married omnia t7b t2ol eh l omnia ely kant btl3b f el 7osh ?</body>
    </message>
    <message id="m0065" time="2012-07-22 00:24:55 UTC" participant="139566">
      <body>Hehehhe</body>
    </message>
    <message id="m0066" time="2012-07-22 00:24:55 UTC" participant="139566">
      <body>7osh b2a el bnt ba2t wa3ia w md2d2a</body>
    </message>
    <message id="m0067" time="2012-07-22 00:24:55 UTC" participant="139566">
      <body>At last wslt</body>
    </message>
  </messages>
</conversation>
