<?xml version="1.0" encoding="UTF-8"?>
<conversation id="CHT_ARZ_20121126.0002" medium="CHT" donated="true">
  <messages>
    <message id="m0000" participant="138112" time="2012-11-26 22:29:26 UTC">
      <body>Feenek</body>
    </message>
    <message id="m0001" participant="138323" time="2012-11-26 22:57:07 UTC">
      <body>Manty mklmtiniish embare7 :(</body>
    </message>
    <message id="m0002" participant="138112" time="2012-11-27 10:23:16 UTC">
      <body>Ya salam !!!!!!!</body>
    </message>
    <message id="m0003" participant="138112" time="2012-11-27 10:23:31 UTC">
      <body>T3ali enaharda tayeb ya tes7i yala</body>
    </message>
    <message id="m0004" participant="138112" time="2012-11-27 10:23:39 UTC">
      <body>Lma*</body>
    </message>
    <message id="m0005" participant="138323" time="2012-11-27 11:00:25 UTC">
      <body>Ahahahahahahaha :D</body>
    </message>
    <message id="m0006" participant="138323" time="2012-11-27 11:00:42 UTC">
      <body>Hagilek shwya abl el dars :')</body>
    </message>
    <message id="m0007" participant="138112" time="2012-11-27 11:01:02 UTC">
      <body>Mashy :)</body>
    </message>
    <message id="m0008" participant="138323" time="2012-11-27 11:01:16 UTC">
      <body>Zakri</body>
    </message>
    <message id="m0009" participant="138112" time="2012-11-27 11:01:19 UTC">
      <body>El dars emta?</body>
    </message>
    <message id="m0010" participant="138323" time="2012-11-27 11:01:27 UTC">
      <body>El dars 3la 6</body>
    </message>
    <message id="m0011" participant="138112" time="2012-11-27 11:01:27 UTC">
      <body>Ana mafish 7aga azakerha haha</body>
    </message>
    <message id="m0012" participant="138112" time="2012-11-27 11:01:36 UTC">
      <body>5alas ta3aleeli 4</body>
    </message>
    <message id="m0013" participant="138323" time="2012-11-27 11:01:45 UTC">
      <body>Hast7ama w a3ml sha3ri w agi</body>
    </message>
    <message id="m0014" participant="138112" time="2012-11-27 11:03:07 UTC">
      <body>Okay yalaaaaa enshala yeegi Delwa2ty</body>
    </message>
    <message id="m0015" participant="138323" time="2012-11-27 11:03:42 UTC">
      <body>7adr bs atsara7 wla ab2a shabaah heba el bawaba y3ni? :P</body>
    </message>
    <message id="m0016" participant="138112" time="2012-11-27 11:04:00 UTC">
      <body>Hena el bawaba</body>
    </message>
    <message id="m0017" participant="138112" time="2012-11-27 11:04:14 UTC">
      <body>T3ali e3meli sha3rek 3andi</body>
    </message>
    <message id="m0018" participant="138112" time="2012-11-27 11:04:21 UTC">
      <body>Ana ha3melhoolek</body>
    </message>
    <message id="m0019" participant="138323" time="2012-11-27 11:04:43 UTC">
      <body>Eh da bgd? *dancing*</body>
    </message>
    <message id="m0020" participant="138112" time="2012-11-27 11:09:52 UTC">
      <body>Ahhh yala</body>
    </message>
    <message id="m0021" participant="138323" time="2012-11-27 11:10:32 UTC">
      <body>7adr :D</body>
    </message>
    <message id="m0022" participant="138323" time="2012-11-27 12:34:47 UTC">
      <body>Ana nazlla</body>
    </message>
    <message id="m0024" participant="138323" time="2012-11-27 13:03:03 UTC">
      <body>Efta7y elbab</body>
    </message>
    <message id="m0025" participant="138323" time="2012-11-27 13:03:17 UTC">
      <body>Bta3 el3omara</body>
    </message>
    <message id="m0026" participant="138323" time="2012-11-27 17:28:21 UTC">
      <body>Rayy7a ashof mr wael *dancing*$</body>
    </message>
    <message id="m0027" participant="138112" time="2012-11-27 17:29:39 UTC">
      <body>Meen da??</body>
    </message>
    <message id="m0028" participant="138323" time="2012-11-27 17:29:58 UTC">
      <body>El mr bta3 el chemistry &lt;3</body>
    </message>
    <message id="m0029" participant="138112" time="2012-11-27 21:00:12 UTC">
      <body>5alasty dars!</body>
    </message>
    <message id="m0030" participant="138323" time="2012-11-27 21:20:23 UTC">
      <body>Aaaaaah 5alast</body>
    </message>
    <message id="m0031" participant="138112" time="2012-11-27 22:01:53 UTC">
      <body>Hate3meli ehhh delwa2ty</body>
    </message>
    <message id="m0032" participant="138323" time="2012-11-27 22:08:30 UTC">
      <body>msh 3arfa, wenty?</body>
    </message>
    <message id="m0033" participant="138112" time="2012-11-27 22:08:55 UTC">
      <body>Ana fel serir</body>
    </message>
    <message id="m0034" participant="138112" time="2012-11-27 22:08:59 UTC">
      <body>Haha</body>
    </message>
    <message id="m0035" participant="138323" time="2012-11-27 22:10:03 UTC">
      <body>Hahahaha naamy b2a :P</body>
    </message>
    <message id="m0036" participant="138112" time="2012-11-27 22:10:10 UTC">
      <body>Msh 3ayza:D</body>
    </message>
    <message id="m0037" participant="138323" time="2012-11-27 22:10:19 UTC">
      <body>Leh :(</body>
    </message>
    <message id="m0038" participant="138112" time="2012-11-27 22:12:00 UTC">
      <body>Keda!!</body>
    </message>
    <message id="m0039" participant="138112" time="2012-11-27 22:12:09 UTC">
      <body>Mesh gayeli nom</body>
    </message>
    <message id="m0040" participant="138323" time="2012-11-27 22:12:28 UTC">
      <body>A7kilek 7adota?</body>
    </message>
    <message id="m0041" participant="138323" time="2012-11-27 22:12:33 UTC">
      <body>Btw 3mltlek follow</body>
    </message>
    <message id="m0042" participant="138112" time="2012-11-27 22:12:34 UTC">
      <body>Ahhhhhhhhhh</body>
    </message>
    <message id="m0043" participant="138112" time="2012-11-27 22:12:40 UTC">
      <body>Okay!</body>
    </message>
    <message id="m0044" participant="138323" time="2012-11-27 22:13:12 UTC">
      <body>Ha7kilek 7adotet snow white dlwa2ty</body>
    </message>
    <message id="m0046" participant="138323" time="2012-11-28 00:04:35 UTC">
      <body>Yaraaa</body>
    </message>
    <message id="m0047" participant="138323" time="2012-11-28 00:04:47 UTC">
      <body>Kan fi princess esmaha yara</body>
    </message>
    <message id="m0048" participant="138112" time="2012-11-28 00:06:07 UTC">
      <body>Okay</body>
    </message>
    <message id="m0049" participant="138112" time="2012-11-28 00:06:10 UTC">
      <body>Haaaa</body>
    </message>
    <message id="m0050" participant="138323" time="2012-11-28 00:08:59 UTC">
      <body>W kanet mo2daba w kol elnas bt7bha</body>
    </message>
    <message id="m0051" participant="138323" time="2012-11-28 00:09:07 UTC">
      <body>W kan 3andaha o5taha yasmine :P</body>
    </message>
    <message id="m0052" participant="138323" time="2012-11-28 00:09:15 UTC">
      <body>W kano bey7bo ba3d awi</body>
    </message>
    <message id="m0053" participant="138323" time="2012-11-28 00:09:51 UTC">
      <body>W kano bey3melo dafayer l b3d</body>
    </message>
    <message id="m0054" participant="138112" time="2012-11-28 00:11:19 UTC">
      <body>Hahahahaha</body>
    </message>
    <message id="m0055" participant="138112" time="2012-11-28 00:11:27 UTC">
      <body>Eh da:D</body>
    </message>
    <message id="m0056" participant="138323" time="2012-11-28 00:12:16 UTC">
      <body>Da e7na :P</body>
    </message>
    <message id="m0057" participant="138323" time="2012-11-28 00:12:29 UTC">
      <body>W f yom yara gabet sab3'a</body>
    </message>
    <message id="m0058" participant="138323" time="2012-11-28 00:12:39 UTC">
      <body>3shan tesbo3' 5osal el defira</body>
    </message>
    <message id="m0059" participant="138323" time="2012-11-28 00:12:50 UTC">
      <body>Bs sha3rha baz w w2e3 w ba2et ar3a</body>
    </message>
    <message id="m0060" participant="138112" time="2012-11-28 00:12:53 UTC">
      <body>Hahahaha!!! For prom?</body>
    </message>
    <message id="m0061" participant="138323" time="2012-11-28 00:12:59 UTC">
      <body>W yasmine 3ayatet w matet</body>
    </message>
    <message id="m0062" participant="138323" time="2012-11-28 00:13:04 UTC">
      <body>Aaah for prom :P</body>
    </message>
    <message id="m0063" participant="138112" time="2012-11-28 00:13:06 UTC">
      <body/>
    </message>
    <message id="m0064" participant="138112" time="2012-11-28 00:13:13 UTC">
      <body>Eh da Ana kda msh hanam</body>
    </message>
    <message id="m0065" participant="138323" time="2012-11-28 00:13:41 UTC">
      <body>Ahahahahahaha :$ :$</body>
    </message>
    <message id="m0066" participant="138323" time="2012-11-28 00:13:45 UTC">
      <body>Sorry 5alas</body>
    </message>
    <message id="m0067" participant="138323" time="2012-11-28 00:13:51 UTC">
      <body>Sha3rha b2a 7elw</body>
    </message>
    <message id="m0068" participant="138323" time="2012-11-28 00:13:59 UTC">
      <body>W ra7t el prom w 3agab kol elnas</body>
    </message>
    <message id="m0069" participant="138323" time="2012-11-28 00:14:09 UTC">
      <body>W esht3'alet model w ba2et mash-houra</body>
    </message>
    <message id="m0070" participant="138323" time="2012-11-28 00:14:16 UTC">
      <body>W yasmine el t3mlhaa shaa3rha</body>
    </message>
    <message id="m0071" participant="138112" time="2012-11-28 00:14:18 UTC">
      <body>Hahahaha</body>
    </message>
    <message id="m0072" participant="138323" time="2012-11-28 00:14:26 UTC">
      <body>W ba2et miss USA</body>
    </message>
    <message id="m0073" participant="138112" time="2012-11-28 00:17:17 UTC">
      <body>Eh el 7alawa di ya salam:D haha</body>
    </message>
    <message id="m0074" participant="138323" time="2012-11-28 00:19:26 UTC">
      <body>Kda 3agbaki? :P</body>
    </message>
    <message id="m0075" participant="138112" time="2012-11-28 00:19:34 UTC">
      <body>Hahaha ah</body>
    </message>
    <message id="m0076" participant="138323" time="2012-11-28 00:19:45 UTC">
      <body>Tyb el7 :*</body>
    </message>
  </messages>
</conversation>
