<?xml version="1.0" encoding="UTF-8"?>
<conversation id="CHT_ARZ_20121130.0002" medium="CHT" donated="true">
  <messages>
    <message id="m0000" participant="138112" time="2012-11-30 01:26:55 UTC">
      <body>Ezayak?</body>
    </message>
    <message id="m0001" participant="138326" time="2012-11-30 01:27:48 UTC">
      <body>tmam</body>
    </message>
    <message id="m0002" participant="138326" time="2012-11-30 01:27:48 UTC">
      <body>W enty ?</body>
    </message>
    <message id="m0003" participant="138112" time="2012-11-30 01:28:00 UTC">
      <body>Bt3mel eh</body>
    </message>
    <message id="m0007" participant="138112" time="2012-11-30 02:03:16 UTC">
      <body>Hahaha ehh leh fag2a keda :p</body>
    </message>
    <message id="m0008" participant="138326" time="2012-11-30 02:04:04 UTC">
      <body>Men zaman walahy :D</body>
    </message>
    <message id="m0009" participant="138112" time="2012-11-30 02:04:24 UTC">
      <body>La2 asdi fag2a bet2oli keda gaga</body>
    </message>
    <message id="m0010" participant="138112" time="2012-11-30 02:04:26 UTC">
      <body>*haha</body>
    </message>
    <message id="m0011" participant="138326" time="2012-11-30 02:04:58 UTC">
      <body>3ashan wahashteny</body>
    </message>
    <message id="m0012" participant="138326" time="2012-11-30 02:12:21 UTC">
      <body>Yara :D</body>
    </message>
    <message id="m0013" participant="138112" time="2012-11-30 02:38:32 UTC">
      <body>Enta kaman!!! Haha</body>
    </message>
    <message id="m0014" participant="138112" time="2012-11-30 02:38:45 UTC">
      <body>Ana hanam ya Ahmed ta3bana awy</body>
    </message>
    <message id="m0016" participant="138326" time="2012-11-30 02:39:32 UTC">
      <body>Hakalemek bokra</body>
    </message>
    <message id="m0017" participant="138112" time="2012-11-30 02:40:06 UTC">
      <body>7awel tes7a Badry shwaya</body>
    </message>
    <message id="m0018" participant="138326" time="2012-11-30 02:40:27 UTC">
      <body>Saheny :D</body>
    </message>
    <message id="m0019" participant="138112" time="2012-11-30 02:57:51 UTC">
      <body>Ezay?</body>
    </message>
    <message id="m0020" participant="138112" time="2012-11-30 02:57:55 UTC">
      <body>Betes7a?</body>
    </message>
    <message id="m0021" participant="138326" time="2012-11-30 02:58:15 UTC">
      <body>Kalemeny</body>
    </message>
    <message id="m0022" participant="138112" time="2012-11-30 02:59:23 UTC">
      <body>Hahaha 7ader :D</body>
    </message>
    <message id="m0023" participant="138112" time="2012-11-30 02:59:34 UTC">
      <body>Law Ana se7et ableek!</body>
    </message>
    <message id="m0024" participant="138112" time="2012-11-30 02:59:43 UTC">
      <body>Yala nam enta kaman</body>
    </message>
    <message id="m0025" participant="138112" time="2012-11-30 02:59:50 UTC">
      <body>Matnamsh meta5ar</body>
    </message>
    <message id="m0026" participant="138326" time="2012-11-30 03:01:08 UTC">
      <body>Ok hanam delwa2Ty :D</body>
    </message>
    <message id="m0029" participant="138326" time="2012-11-30 16:56:43 UTC">
      <body>Yaraa</body>
    </message>
    <message id="m0030" participant="138112" time="2012-11-30 17:11:52 UTC">
      <body>Ahmed</body>
    </message>
    <message id="m0031" participant="138326" time="2012-11-30 17:45:43 UTC">
      <body>sebteny nayem :D</body>
    </message>
    <message id="m0032" participant="138326" time="2012-11-30 18:02:13 UTC">
      <body>Ya yaraaaaa</body>
    </message>
    <message id="m0033" participant="138112" time="2012-11-30 18:11:32 UTC">
      <body>Sanya</body>
    </message>
    <message id="m0035" participant="138112" time="2012-11-30 18:33:36 UTC">
      <body>Bt3mel eh</body>
    </message>
    <message id="m0038" participant="138112" time="2012-11-30 18:55:36 UTC">
      <body>Ana fel coiffeure</body>
    </message>
    <message id="m0039" participant="138326" time="2012-11-30 18:59:44 UTC">
      <body>Tayeb khalas w 2olely</body>
    </message>
    <message id="m0041" participant="138112" time="2012-11-30 19:45:03 UTC">
      <body>Rawa7t</body>
    </message>
    <message id="m0042" participant="138326" time="2012-11-30 20:06:03 UTC">
      <body>Masahetnesh leih BA2a :D</body>
    </message>
    <message id="m0043" participant="138112" time="2012-11-30 20:32:44 UTC">
      <body>3ashan Ana aslan el sa7any bent 5aly 3ashan homa gom 3amdena f neset 5ales haha</body>
    </message>
    <message id="m0044" participant="138326" time="2012-11-30 21:19:48 UTC">
      <body>Hahahaha mashy mashy</body>
    </message>
    <message id="m0046" participant="138326" time="2012-11-30 21:42:53 UTC">
      <body>Bet3mely eh</body>
    </message>
    <message id="m0047" participant="138112" time="2012-11-30 21:48:20 UTC">
      <body>A3da m3a Yomna</body>
    </message>
    <message id="m0048" participant="138326" time="2012-11-30 21:49:08 UTC">
      <body>Maadi ?</body>
    </message>
    <message id="m0049" participant="138112" time="2012-11-30 21:49:46 UTC">
      <body>La2 Beth's</body>
    </message>
    <message id="m0050" participant="138326" time="2012-11-30 21:51:20 UTC">
      <body>Ah</body>
    </message>
    <message id="m0051" participant="138326" time="2012-11-30 21:51:56 UTC">
      <body>Hatedkholy sat bokra ?</body>
    </message>
    <message id="m0052" participant="138112" time="2012-11-30 21:57:36 UTC">
      <body>La2!! :D</body>
    </message>
    <message id="m0053" participant="138326" time="2012-11-30 22:28:15 UTC">
      <body>Bala waga3 demagh :D</body>
    </message>
    <message id="m0054" participant="138112" time="2012-11-30 22:29:22 UTC">
      <body>Aywa keda haha</body>
    </message>
  </messages>
</conversation>
