<?xml version="1.0" encoding="UTF-8"?>
<conversation id="CHT_ARZ_20121113.0001" medium="CHT" donated="true">
  <messages>
    <message id="m0000" participant="138326" time="2012-11-13 18:14:53 UTC">
      <body>Yanfa3 tayeb ?</body>
    </message>
    <message id="m0001" participant="138112" time="2012-11-13 18:27:17 UTC">
      <body>La2 mayenf3sh</body>
    </message>
    <message id="m0002" participant="138326" time="2012-11-13 18:34:27 UTC">
      <body>Za3lan walahy</body>
    </message>
    <message id="m0003" participant="138112" time="2012-11-13 18:40:15 UTC">
      <body>Leh?</body>
    </message>
    <message id="m0004" participant="138326" time="2012-11-13 18:43:53 UTC">
      <body>Akher Mara kamlteny lama konty fe  chilis w. Kalmtek mardetesh</body>
    </message>
    <message id="m0005" participant="138112" time="2012-11-13 19:06:37 UTC">
      <body>Msh fahma</body>
    </message>
    <message id="m0006" participant="138326" time="2012-11-13 19:08:08 UTC">
      <body>Akher mara nafadtely</body>
    </message>
    <message id="m0007" participant="138112" time="2012-11-13 19:09:06 UTC">
      <body>Ana bansa arod walahi</body>
    </message>
    <message id="m0008" participant="138326" time="2012-11-13 19:10:14 UTC">
      <body>Elmohem enty 3amla eh</body>
    </message>
    <message id="m0009" participant="138112" time="2012-11-13 19:52:10 UTC">
      <body>Ana kwayesa enta 3amel eh</body>
    </message>
    <message id="m0010" participant="138326" time="2012-11-13 19:52:39 UTC">
      <body>Tamam</body>
    </message>
    <message id="m0011" participant="138112" time="2012-11-13 21:28:27 UTC">
      <body>Bt3mel eh?</body>
    </message>
    <message id="m0012" participant="138326" time="2012-11-13 21:29:31 UTC">
      <body>2a3ed ma3a ashaby fel maadi</body>
    </message>
    <message id="m0013" participant="138326" time="2012-11-13 21:29:41 UTC">
      <body>Enty bet3mely eh</body>
    </message>
    <message id="m0014" participant="138112" time="2012-11-13 21:29:58 UTC">
      <body>Wala 7aga, lesa m5alasa el GUC application</body>
    </message>
    <message id="m0015" participant="138326" time="2012-11-13 22:59:25 UTC">
      <body>Hahaha gam3a w beta3</body>
    </message>
    <message id="m0016" participant="138112" time="2012-11-13 23:05:59 UTC">
      <body>Ahhh b2a haha</body>
    </message>
    <message id="m0017" participant="138326" time="2012-11-13 23:09:19 UTC">
      <body>Bet3mely eh</body>
    </message>
    <message id="m0018" participant="138112" time="2012-11-13 23:09:41 UTC">
      <body>A3da fel serir</body>
    </message>
    <message id="m0019" participant="138326" time="2012-11-13 23:11:55 UTC">
      <body>Rayha bokra elmadrasa :D</body>
    </message>
    <message id="m0020" participant="138112" time="2012-11-13 23:12:11 UTC">
      <body>Ahhhh haha</body>
    </message>
    <message id="m0021" participant="138326" time="2012-11-13 23:12:34 UTC">
      <body>Khalas akher sana BA2a ;)</body>
    </message>
    <message id="m0022" participant="138112" time="2012-11-13 23:12:40 UTC">
      <body>Ahhhhh :D</body>
    </message>
    <message id="m0023" participant="138112" time="2012-11-13 23:12:48 UTC">
      <body>W b3d arba3 kaman</body>
    </message>
    <message id="m0024" participant="138326" time="2012-11-13 23:13:24 UTC">
      <body>Enty hatkhosy major eh</body>
    </message>
    <message id="m0025" participant="138112" time="2012-11-13 23:13:35 UTC">
      <body>Msh 3arfa lesa</body>
    </message>
    <message id="m0026" participant="138112" time="2012-11-13 23:13:41 UTC">
      <body>3ayza psychology</body>
    </message>
    <message id="m0027" participant="138326" time="2012-11-13 23:14:41 UTC">
      <body>Demaghek helwa fash5</body>
    </message>
    <message id="m0028" participant="138112" time="2012-11-13 23:17:21 UTC">
      <body>Begad? Tab eh</body>
    </message>
    <message id="m0029" participant="138112" time="2012-11-13 23:17:24 UTC">
      <body>Major eh</body>
    </message>
    <message id="m0030" participant="138112" time="2012-11-13 23:17:35 UTC">
      <body>Mamty msh 3ayzany a5osh psychology</body>
    </message>
    <message id="m0031" participant="138326" time="2012-11-13 23:18:21 UTC">
      <body>psychology helwa</body>
    </message>
    <message id="m0032" participant="138112" time="2012-11-13 23:18:38 UTC">
      <body>W mafish psychology 3'er fel AUC bas</body>
    </message>
    <message id="m0033" participant="138326" time="2012-11-13 23:18:48 UTC">
      <body>W momken law teheby engineering ;)</body>
    </message>
    <message id="m0034" participant="138112" time="2012-11-13 23:19:17 UTC">
      <body>Msh 3arfa b2a</body>
    </message>
    <message id="m0035" participant="138112" time="2012-11-13 23:19:42 UTC">
      <body>Eh f engineering?</body>
    </message>
    <message id="m0036" participant="138326" time="2012-11-13 23:20:36 UTC">
      <body>Architecture</body>
    </message>
    <message id="m0037" participant="138326" time="2012-11-13 23:21:18 UTC">
      <body>W 3ala ma tekhalasy neshta3'Al ma3a BA3d ;)</body>
    </message>
    <message id="m0039" participant="138326" time="2012-11-13 23:22:34 UTC">
      <body>Mesh bet3rafy tersemy !!</body>
    </message>
    <message id="m0040" participant="138112" time="2012-11-13 23:28:26 UTC">
      <body>La2, 5ales</body>
    </message>
    <message id="m0041" participant="138326" time="2012-11-13 23:29:38 UTC">
      <body>Enty shatraa fel math</body>
    </message>
    <message id="m0042" participant="138112" time="2012-11-13 23:30:18 UTC">
      <body>Ah awyyyy</body>
    </message>
    <message id="m0043" participant="138112" time="2012-11-13 23:30:29 UTC">
      <body>Enta tala3t el fekra f mo5i</body>
    </message>
    <message id="m0044" participant="138112" time="2012-11-13 23:30:41 UTC">
      <body>Ana bokra ha7awel men business l engineering</body>
    </message>
    <message id="m0046" participant="138326" time="2012-11-13 23:31:16 UTC">
      <body>Business !! Fakes fash5</body>
    </message>
    <message id="m0047" participant="138112" time="2012-11-13 23:31:52 UTC">
      <body>Ahh Ana aslan msh 7asa nafsi feeha</body>
    </message>
    <message id="m0048" participant="138326" time="2012-11-13 23:32:55 UTC">
      <body>Ya benty shify 7aga tesha3'aly feha dema3'ek if u want to be smart</body>
    </message>
    <message id="m0049" participant="138112" time="2012-11-13 23:33:34 UTC">
      <body>Bzabt...</body>
    </message>
    <message id="m0050" participant="138112" time="2012-11-13 23:44:10 UTC">
      <body>Tab a3mel eh :D</body>
    </message>
    <message id="m0051" participant="138326" time="2012-11-13 23:44:49 UTC">
      <body>2agy ma3aky bokra neshof :D</body>
    </message>
    <message id="m0052" participant="138112" time="2012-11-13 23:45:19 UTC">
      <body>Ana haroo7, mami moktane3a awi bel mawdoo3 haha</body>
    </message>
    <message id="m0053" participant="138326" time="2012-11-13 23:46:06 UTC">
      <body>Eh da .. Mesh 3aizany agy ma3aky ya3ny</body>
    </message>
    <message id="m0054" participant="138326" time="2012-11-13 23:46:10 UTC">
      <body>Mashy mashy</body>
    </message>
    <message id="m0055" participant="138112" time="2012-11-13 23:49:06 UTC">
      <body>Ta3ala :D</body>
    </message>
    <message id="m0056" participant="138326" time="2012-11-13 23:50:50 UTC">
      <body>Enty hatrohy ma3a mein asln</body>
    </message>
    <message id="m0057" participant="138112" time="2012-11-13 23:52:21 UTC">
      <body>Omi</body>
    </message>
    <message id="m0058" participant="138326" time="2012-11-13 23:53:13 UTC">
      <body>3aiz asalem 3aliha</body>
    </message>
    <message id="m0059" participant="138112" time="2012-11-13 23:55:34 UTC">
      <body>Leh :D haha</body>
    </message>
    <message id="m0060" participant="138326" time="2012-11-13 23:56:20 UTC">
      <body>3ashan 3andaha bent cute kada esmaha yara</body>
    </message>
    <message id="m0061" participant="138112" time="2012-11-14 00:01:38 UTC">
      <body>:) haha enta el cute walahi w nice!!</body>
    </message>
    <message id="m0062" participant="138326" time="2012-11-14 00:02:56 UTC">
      <body>3aiz ashofek BA2a</body>
    </message>
    <message id="m0063" participant="138112" time="2012-11-14 00:04:37 UTC">
      <body>Tab a3mel eh :D</body>
    </message>
    <message id="m0064" participant="138326" time="2012-11-14 00:05:46 UTC">
      <body>Okhrogy ma3aya</body>
    </message>
    <message id="m0065" participant="138326" time="2012-11-14 00:06:21 UTC">
      <body>Ta3aly ma3ana club elkhames law 3aiza</body>
    </message>
    <message id="m0066" participant="138326" time="2012-11-14 00:06:53 UTC">
      <body>Aw momken neroh ay makan enty 3aizah</body>
    </message>
    <message id="m0067" participant="138112" time="2012-11-14 00:08:01 UTC">
      <body>Club eh bas haha</body>
    </message>
    <message id="m0068" participant="138112" time="2012-11-14 00:08:17 UTC">
      <body>Ana msh bta3t el Kalam da!!</body>
    </message>
    <message id="m0069" participant="138326" time="2012-11-14 00:09:52 UTC">
      <body>Tayeb Ta3aly nokhrog 3ady</body>
    </message>
    <message id="m0070" participant="138112" time="2012-11-14 00:10:29 UTC">
      <body>Okay feen?</body>
    </message>
    <message id="m0071" participant="138112" time="2012-11-14 00:10:47 UTC">
      <body>W lazem no5rog lwa7dens ya3ni</body>
    </message>
    <message id="m0072" participant="138326" time="2012-11-14 00:11:10 UTC">
      <body>Lazem eh !</body>
    </message>
    <message id="m0073" participant="138112" time="2012-11-14 00:11:16 UTC">
      <body>Eh?</body>
    </message>
    <message id="m0074" participant="138326" time="2012-11-14 00:11:36 UTC">
      <body>Teheby terohy zamalek</body>
    </message>
    <message id="m0075" participant="138326" time="2012-11-14 00:11:50 UTC">
      <body>Wala 3aiza makan 2orayeb manek</body>
    </message>
    <message id="m0076" participant="138326" time="2012-11-14 00:16:21 UTC">
      <body>Nemty :(</body>
    </message>
    <message id="m0077" participant="138112" time="2012-11-14 00:17:09 UTC">
      <body>La2 lesa haha</body>
    </message>
    <message id="m0078" participant="138112" time="2012-11-14 00:17:25 UTC">
      <body>Tayeb haneb2a neshoof b2a</body>
    </message>
    <message id="m0079" participant="138326" time="2012-11-14 00:17:52 UTC">
      <body>La2 bagad BA2a mesh zai akher mars</body>
    </message>
    <message id="m0080" participant="138112" time="2012-11-14 00:18:05 UTC">
      <body>3ayza anam tayeb</body>
    </message>
    <message id="m0081" participant="138326" time="2012-11-14 00:18:05 UTC">
      <body>Mara *</body>
    </message>
    <message id="m0085" participant="138326" time="2012-11-14 17:50:11 UTC">
      <body>3amalty eh</body>
    </message>
    <message id="m0086" participant="138112" time="2012-11-14 19:07:57 UTC">
      <body>Nemt !!</body>
    </message>
    <message id="m0087" participant="138326" time="2012-11-14 19:09:37 UTC">
      <body>Marohtesh :D</body>
    </message>
    <message id="m0088" participant="138112" time="2012-11-14 19:15:45 UTC">
      <body>Feen?</body>
    </message>
    <message id="m0089" participant="138326" time="2012-11-14 19:16:13 UTC">
      <body>Guc</body>
    </message>
    <message id="m0090" participant="138326" time="2012-11-14 19:16:37 UTC">
      <body>Enty nesety kol HAGA</body>
    </message>
    <message id="m0091" participant="138112" time="2012-11-14 19:19:27 UTC">
      <body>Ehh msh fahma 7aga</body>
    </message>
    <message id="m0092" participant="138112" time="2012-11-14 19:19:36 UTC">
      <body>Betekalem 3la eh</body>
    </message>
    <message id="m0093" participant="138326" time="2012-11-14 19:24:22 UTC">
      <body>Engineering</body>
    </message>
    <message id="m0094" participant="138326" time="2012-11-14 19:24:49 UTC">
      <body>Enty nesety kol 7aga etkalemna feha embareh shaklek :O</body>
    </message>
    <message id="m0095" participant="138112" time="2012-11-14 19:26:15 UTC">
      <body>GUC mal el mawdoo3? Haha</body>
    </message>
    <message id="m0096" participant="138326" time="2012-11-14 19:28:14 UTC">
      <body>Hahaha enty 2oltely hatedkholy fel guc</body>
    </message>
    <message id="m0097" participant="138112" time="2012-11-14 19:28:55 UTC">
      <body>Ana oltelak 3amalt el application haha</body>
    </message>
    <message id="m0098" participant="138326" time="2012-11-14 19:30:10 UTC">
      <body>W kaman nasety HAGA tanyaaa mohema awii</body>
    </message>
    <message id="m0099" participant="138112" time="2012-11-14 19:35:11 UTC">
      <body>Ehhhh</body>
    </message>
    <message id="m0101" participant="138112" time="2012-11-14 19:40:12 UTC">
      <body>7ader hab2a atesel</body>
    </message>
    <message id="m0102" participant="138326" time="2012-11-14 19:41:05 UTC">
      <body>Lalala</body>
    </message>
    <message id="m0103" participant="138326" time="2012-11-14 19:41:09 UTC">
      <body>Eh elkalam da</body>
    </message>
    <message id="m0104" participant="138326" time="2012-11-14 19:41:23 UTC">
      <body>Hakalemek Ana now</body>
    </message>
    <message id="m0105" participant="138112" time="2012-11-14 19:41:41 UTC">
      <body>Ana nayma gamb omi</body>
    </message>
    <message id="m0106" participant="138326" time="2012-11-14 19:41:54 UTC">
      <body>Hahahaha ya cute</body>
    </message>
    <message id="m0107" participant="138112" time="2012-11-14 19:42:06 UTC">
      <body>Ehh haha</body>
    </message>
    <message id="m0108" participant="138326" time="2012-11-14 19:42:22 UTC">
      <body>Tayb emtaaa</body>
    </message>
    <message id="m0109" participant="138112" time="2012-11-14 19:42:36 UTC">
      <body>Lama a2oom:D</body>
    </message>
    <message id="m0110" participant="138326" time="2012-11-14 19:42:56 UTC">
      <body>Hahahahaha tayeb yalla 2oomy :P</body>
    </message>
    <message id="m0111" participant="138112" time="2012-11-14 19:43:17 UTC">
      <body>Shwaya tayeb haha</body>
    </message>
    <message id="m0112" participant="138326" time="2012-11-14 19:45:08 UTC">
      <body>Hahaha mashy</body>
    </message>
    <message id="m0113" participant="138326" time="2012-11-14 19:45:17 UTC">
      <body>Enty 3amalty eh elnahrda</body>
    </message>
    <message id="m0114" participant="138112" time="2012-11-14 20:08:59 UTC">
      <body>Ro7t el madrasa w rege3t w kalt w nemt</body>
    </message>
    <message id="m0115" participant="138112" time="2012-11-14 20:09:04 UTC">
      <body>Enta 3amalat eh</body>
    </message>
    <message id="m0116" participant="138326" time="2012-11-14 20:09:58 UTC">
      <body>W Ana roht elgam3a w kalt w Bas kada</body>
    </message>
    <message id="m0117" participant="138112" time="2012-11-14 20:10:50 UTC">
      <body>E7na 7ayatna momela awy</body>
    </message>
    <message id="m0118" participant="138326" time="2012-11-14 20:22:30 UTC">
      <body>Elmohem enek tekony mabsouta Bas</body>
    </message>
    <message id="m0119" participant="138112" time="2012-11-14 20:24:09 UTC">
      <body>Ana 7asa en Ana mesh 3aysha</body>
    </message>
    <message id="m0120" participant="138112" time="2012-11-14 20:24:15 UTC">
      <body>Aslan</body>
    </message>
    <message id="m0122" participant="138112" time="2012-11-14 20:43:09 UTC">
      <body>Lah lesa</body>
    </message>
    <message id="m0123" participant="138326" time="2012-11-14 20:43:39 UTC">
      <body>Tayeb</body>
    </message>
    <message id="m0124" participant="138326" time="2012-11-14 20:44:02 UTC">
      <body>Kol da nayma gamb mamtek</body>
    </message>
    <message id="m0125" participant="138112" time="2012-11-14 20:44:24 UTC">
      <body>Ah mamti w el bent di</body>
    </message>
    <message id="m0126" participant="138112" time="2012-11-14 20:44:26 UTC">
      <body>Haha</body>
    </message>
    <message id="m0127" participant="138326" time="2012-11-14 20:44:44 UTC">
      <body>Meen ?</body>
    </message>
    <message id="m0128" participant="138112" time="2012-11-14 20:44:58 UTC">
      <body>&lt;media omitted&gt;</body>
    </message>
    <message id="m0129" participant="138326" time="2012-11-14 20:46:39 UTC">
      <body>Ya cute</body>
    </message>
    <message id="m0130" participant="138326" time="2012-11-14 20:46:43 UTC">
      <body>Meen diiiiii</body>
    </message>
    <message id="m0131" participant="138112" time="2012-11-14 20:47:30 UTC">
      <body>Bent garti haha</body>
    </message>
    <message id="m0132" participant="138326" time="2012-11-14 20:48:16 UTC">
      <body>Cute awiiiii</body>
    </message>
    <message id="m0133" participant="138326" time="2012-11-14 20:48:52 UTC">
      <body>2Edha met3awara</body>
    </message>
    <message id="m0134" participant="138112" time="2012-11-14 20:49:45 UTC">
      <body>La2 heya mesha3'bata 3aleha haha</body>
    </message>
    <message id="m0135" participant="138112" time="2012-11-14 20:50:17 UTC">
      <body>&lt;media omitted&gt;</body>
    </message>
    <message id="m0136" participant="138326" time="2012-11-14 20:51:29 UTC">
      <body>Hahahahaha 2Edha so3'ayara awii</body>
    </message>
    <message id="m0137" participant="138326" time="2012-11-14 20:51:40 UTC">
      <body>Heya 3andaha kam sana</body>
    </message>
    <message id="m0138" participant="138112" time="2012-11-14 20:51:59 UTC">
      <body>Ahhh haha</body>
    </message>
    <message id="m0140" participant="138112" time="2012-11-14 20:55:08 UTC">
      <body>&lt;media omitted&gt;</body>
    </message>
    <message id="m0141" participant="138326" time="2012-11-14 20:59:19 UTC">
      <body>3andaha kam sanaaaaa ya mastoula enty :D</body>
    </message>
    <message id="m0142" participant="138112" time="2012-11-14 20:59:44 UTC">
      <body>Ana mesh 3arfa :D</body>
    </message>
    <message id="m0143" participant="138326" time="2012-11-14 21:02:41 UTC">
      <body>Hahahaha</body>
    </message>
    <message id="m0144" participant="138326" time="2012-11-14 21:03:53 UTC">
      <body>3aiz Al3ab ma3aha</body>
    </message>
    <message id="m0145" participant="138112" time="2012-11-14 21:04:23 UTC">
      <body>Yomna bet2ool 3aleha 5ara haha</body>
    </message>
    <message id="m0146" participant="138112" time="2012-11-14 21:04:47 UTC">
      <body>W bet2oli tala3i el bet di bara</body>
    </message>
    <message id="m0147" participant="138112" time="2012-11-14 21:06:22 UTC">
      <body/>
    </message>
    <message id="m0148" participant="138326" time="2012-11-14 21:09:20 UTC">
      <body>Hahaha Ana asln za3lan .men Yomna awii</body>
    </message>
    <message id="m0149" participant="138112" time="2012-11-14 21:09:37 UTC">
      <body>Lehhh?</body>
    </message>
    <message id="m0150" participant="138326" time="2012-11-14 21:10:02 UTC">
      <body>Mesh kwaysa ma3aya</body>
    </message>
    <message id="m0151" participant="138326" time="2012-11-14 21:10:27 UTC">
      <body>w kaman bethawar kater w Ana bakrah ely bay7awar fash5</body>
    </message>
    <message id="m0152" participant="138326" time="2012-11-14 21:10:44 UTC">
      <body>Mesh bentakalem asln kateer</body>
    </message>
    <message id="m0153" participant="138112" time="2012-11-14 21:12:25 UTC">
      <body>Mesh 3rfa</body>
    </message>
    <message id="m0154" participant="138326" time="2012-11-14 21:25:58 UTC">
      <body>Hahahahaha</body>
    </message>
    <message id="m0155" participant="138326" time="2012-11-14 21:26:09 UTC">
      <body>Mesh 3arfa eh bas</body>
    </message>
    <message id="m0156" participant="138326" time="2012-11-14 21:32:04 UTC">
      <body>Sanatein khamsa hahahahahahahahahaha</body>
    </message>
    <message id="m0157" participant="138112" time="2012-11-14 21:43:30 UTC">
      <body>Ahhh sanaten 5amsa haha</body>
    </message>
    <message id="m0158" participant="138326" time="2012-11-14 21:45:16 UTC">
      <body>Heya messh bet3raf tetkalem lessa :D</body>
    </message>
    <message id="m0159" participant="138112" time="2012-11-14 21:51:15 UTC">
      <body>Ahh haha lesa baby</body>
    </message>
    <message id="m0160" participant="138326" time="2012-11-14 21:52:00 UTC">
      <body>Law shofty BA2a ebn khaly hatetganeny</body>
    </message>
    <message id="m0161" participant="138326" time="2012-11-14 22:01:57 UTC">
      <body>Bet3mely eh</body>
    </message>
    <message id="m0162" participant="138112" time="2012-11-14 22:25:46 UTC">
      <body>Haha wareeny</body>
    </message>
    <message id="m0163" participant="138326" time="2012-11-14 22:26:13 UTC">
      <body>Mesh 3andy sorto</body>
    </message>
    <message id="m0164" participant="138326" time="2012-11-14 22:26:45 UTC">
      <body>Bas lama yegely hagebholek Tel3aby ma3ah shwaya </body>
    </message>
    <message id="m0165" participant="138326" time="2012-11-14 22:27:14 UTC">
      <body>Aktar baby cute fel 3alam</body>
    </message>
    <message id="m0166" participant="138112" time="2012-11-14 22:35:41 UTC">
      <body>Mashy haha</body>
    </message>
    <message id="m0167" participant="138326" time="2012-11-14 22:36:53 UTC">
      <body>Bet3mely eh</body>
    </message>
    <message id="m0170" participant="138326" time="2012-11-14 22:49:22 UTC">
      <body>2A3ed fel 3arabya</body>
    </message>
    <message id="m0171" participant="138112" time="2012-11-14 22:49:38 UTC">
      <body>Bt3mel eh?</body>
    </message>
    <message id="m0172" participant="138326" time="2012-11-14 22:49:39 UTC">
      <body>Mestany wahed sahby yaanzel</body>
    </message>
    <message id="m0173" participant="138326" time="2012-11-14 22:49:50 UTC">
      <body>3aiz akalemek</body>
    </message>
    <message id="m0174" participant="138112" time="2012-11-14 22:50:00 UTC">
      <body>Ray7een feen</body>
    </message>
    <message id="m0175" participant="138112" time="2012-11-14 22:50:18 UTC">
      <body>Mesh enta mestani sa7bak haha</body>
    </message>
    <message id="m0176" participant="138326" time="2012-11-14 23:06:28 UTC">
      <body>Yaraaaaaaa</body>
    </message>
    <message id="m0177" participant="138112" time="2012-11-14 23:09:12 UTC">
      <body>Ahmedddd</body>
    </message>
    <message id="m0178" participant="138326" time="2012-11-14 23:10:53 UTC">
      <body>Momken so2Al</body>
    </message>
    <message id="m0179" participant="138112" time="2012-11-14 23:11:02 UTC">
      <body>Momken</body>
    </message>
    <message id="m0180" participant="138112" time="2012-11-14 23:11:04 UTC">
      <body>Haha</body>
    </message>
    <message id="m0181" participant="138326" time="2012-11-14 23:12:33 UTC">
      <body>Howa enty barda ?</body>
    </message>
    <message id="m0182" participant="138326" time="2012-11-14 23:13:28 UTC">
      <body>Hahahaha so2Al 3'areb ha </body>
    </message>
    <message id="m0183" participant="138112" time="2012-11-14 23:16:15 UTC">
      <body>Ya3ni eh</body>
    </message>
    <message id="m0184" participant="138326" time="2012-11-14 23:19:37 UTC">
      <body>Ya3ny</body>
    </message>
    <message id="m0186" participant="138112" time="2012-11-14 23:21:40 UTC">
      <body>3aref ya3ni eh ignorant? Ya3ni gahla</body>
    </message>
    <message id="m0187" participant="138112" time="2012-11-14 23:21:50 UTC">
      <body>La2 Ana msh gahla</body>
    </message>
    <message id="m0188" participant="138326" time="2012-11-14 23:22:43 UTC">
      <body>Hahahahaha ya3ny ignoring every thing</body>
    </message>
    <message id="m0189" participant="138112" time="2012-11-14 23:23:26 UTC">
      <body>La2 haha</body>
    </message>
    <message id="m0190" participant="138112" time="2012-11-14 23:23:33 UTC">
      <body>Ignorant ya3ni gahla</body>
    </message>
    <message id="m0191" participant="138326" time="2012-11-14 23:24:38 UTC">
      <body>Hahaha tayeb Ana asdy HAGA Tanya</body>
    </message>
    <message id="m0192" participant="138326" time="2012-11-14 23:26:18 UTC">
      <body>Ya3ny masalan law sahbtek meday2a .. Do u care</body>
    </message>
    <message id="m0193" participant="138112" time="2012-11-14 23:40:46 UTC">
      <body>Ah haha eh el ento bet2olo dah</body>
    </message>
    <message id="m0194" participant="138326" time="2012-11-14 23:43:11 UTC">
      <body>Hahahaha la khalas</body>
    </message>
    <message id="m0195" participant="138326" time="2012-11-14 23:43:31 UTC">
      <body>Mesh 3aref afahemek</body>
    </message>
    <message id="m0196" participant="138112" time="2012-11-14 23:43:39 UTC">
      <body>Msh fahma asdak</body>
    </message>
    <message id="m0197" participant="138112" time="2012-11-14 23:44:19 UTC">
      <body>Ana sa2alt mami bet2oli ah enti barda meen el fehmek 3alatool kda haha</body>
    </message>
    <message id="m0198" participant="138326" time="2012-11-14 23:45:02 UTC">
      <body>hahahahahahahaha</body>
    </message>
    <message id="m0199" participant="138112" time="2012-11-14 23:45:14 UTC">
      <body>Bas Ana msh barda, Ana calm awyyyy, ya3ny sa3b awy lama 7aga te2asar feya, sa3b enak tetala3 reaction meny 3la 7aga haha</body>
    </message>
    <message id="m0201" participant="138112" time="2012-11-14 23:46:40 UTC">
      <body>Hahahaha</body>
    </message>
    <message id="m0204" participant="138112" time="2012-11-14 23:56:12 UTC">
      <body>*haha</body>
    </message>
    <message id="m0206" participant="138112" time="2012-11-14 23:59:36 UTC">
      <body>Begad haha</body>
    </message>
    <message id="m0216" participant="138326" time="2012-11-15 00:08:55 UTC">
      <body>walla eh</body>
    </message>
    <message id="m0217" participant="138112" time="2012-11-15 00:09:55 UTC">
      <body>Mafish attraction betefdal</body>
    </message>
    <message id="m0218" participant="138326" time="2012-11-15 00:10:14 UTC">
      <body>Hahahaha la2</body>
    </message>
    <message id="m0219" participant="138326" time="2012-11-15 00:10:29 UTC">
      <body>My ex kanet barda awii</body>
    </message>
    <message id="m0220" participant="138112" time="2012-11-15 00:10:56 UTC">
      <body>La2n el personalities betetla3</body>
    </message>
    <message id="m0222" participant="138112" time="2012-11-15 00:13:19 UTC">
      <body>Da Kalam w bas</body>
    </message>
    <message id="m0223" participant="138326" time="2012-11-15 00:13:30 UTC">
      <body>La2 walahy</body>
    </message>
    <message id="m0224" participant="138326" time="2012-11-15 00:13:46 UTC">
      <body>Enty mesh 3arfany Bas kwayes</body>
    </message>
    <message id="m0225" participant="138326" time="2012-11-15 00:22:03 UTC">
      <body>Sakety ha :P</body>
    </message>
    <message id="m0226" participant="138112" time="2012-11-15 00:23:16 UTC">
      <body>La2 asdy enta 3'alat haha</body>
    </message>
    <message id="m0227" participant="138326" time="2012-11-15 00:25:39 UTC">
      <body>Hahahahahahahaha</body>
    </message>
    <message id="m0228" participant="138326" time="2012-11-15 00:25:47 UTC">
      <body>Ana sah</body>
    </message>
    <message id="m0229" participant="138326" time="2012-11-15 00:26:01 UTC">
      <body>Enty mesh 3arfa 7aga bas</body>
    </message>
    <message id="m0233" participant="138326" time="2012-11-15 00:30:25 UTC">
      <body>Hahahaha mesh 3aref 2a2ol eh</body>
    </message>
    <message id="m0234" participant="138112" time="2012-11-15 00:30:56 UTC">
      <body>Mashy bye</body>
    </message>
    <message id="m0235" participant="138326" time="2012-11-15 00:31:45 UTC">
      <body>Estany Ana saye2</body>
    </message>
    <message id="m0236" participant="138326" time="2012-11-15 00:31:47 UTC">
      <body>Bye eh Bas :D</body>
    </message>
    <message id="m0237" participant="138326" time="2012-11-15 00:32:45 UTC">
      <body>Barda barda ya3ny :p</body>
    </message>
    <message id="m0238" participant="138112" time="2012-11-15 00:35:15 UTC">
      <body>Mashy haha</body>
    </message>
    <message id="m0239" participant="138326" time="2012-11-15 00:37:07 UTC">
      <body>Beta3mili eh ? </body>
    </message>
    <message id="m0240" participant="138112" time="2012-11-15 00:37:16 UTC">
      <body>A3da m3a omi</body>
    </message>
    <message id="m0241" participant="138326" time="2012-11-15 00:38:24 UTC">
      <body>TB salimili 3aliha</body>
    </message>
    <message id="m0242" participant="138112" time="2012-11-15 00:43:47 UTC">
      <body>Inshallah haha</body>
    </message>
    <message id="m0243" participant="138326" time="2012-11-15 01:16:40 UTC">
      <body>W eeeh</body>
    </message>
    <message id="m0244" participant="138112" time="2012-11-15 01:25:48 UTC">
      <body>Eh</body>
    </message>
    <message id="m0245" participant="138326" time="2012-11-15 01:26:10 UTC">
      <body>Sakta leeh w enty helwa kada hahahaha</body>
    </message>
    <message id="m0246" participant="138112" time="2012-11-15 01:26:34 UTC">
      <body>Ehhh?</body>
    </message>
    <message id="m0247" participant="138112" time="2012-11-15 01:26:38 UTC">
      <body>Enta shareb</body>
    </message>
    <message id="m0248" participant="138112" time="2012-11-15 01:26:40 UTC">
      <body>Haha</body>
    </message>
    <message id="m0249" participant="138326" time="2012-11-15 01:27:45 UTC">
      <body>La2 walahy mesh shareb HAGA khales</body>
    </message>
    <message id="m0251" participant="138326" time="2012-11-15 01:29:05 UTC">
      <body>Bet3mely eh ma3a mamtek</body>
    </message>
    <message id="m0252" participant="138112" time="2012-11-15 01:29:15 UTC">
      <body>Wala 7aga</body>
    </message>
    <message id="m0253" participant="138326" time="2012-11-15 01:31:21 UTC">
      <body>Mesh 3aiza teklmeny BA2a 3ashan Ana hyper active w kada haa</body>
    </message>
    <message id="m0254" participant="138326" time="2012-11-15 01:31:21 UTC">
      <body>Hahahahahahahaha</body>
    </message>
    <message id="m0255" participant="138112" time="2012-11-15 01:31:56 UTC">
      <body>Hahaha l2a 3ady Ana bat3amel m3a kol el sha5seyat</body>
    </message>
    <message id="m0256" participant="138326" time="2012-11-15 01:33:10 UTC">
      <body>Eh elrakhama di ya yara :D</body>
    </message>
    <message id="m0257" participant="138326" time="2012-11-15 01:49:27 UTC">
      <body>Lessa fakra eny kalemtel walla nesety :D</body>
    </message>
    <message id="m0258" participant="138112" time="2012-11-15 02:01:45 UTC">
      <body>Lesa fkra haha</body>
    </message>
    <message id="m0259" participant="138326" time="2012-11-15 02:04:10 UTC">
      <body>Tayeb elhamdulelah</body>
    </message>
    <message id="m0260" participant="138326" time="2012-11-15 02:09:24 UTC">
      <body>Hatnamy emta</body>
    </message>
    <message id="m0261" participant="138112" time="2012-11-15 02:19:16 UTC">
      <body>3ayza anam</body>
    </message>
    <message id="m0262" participant="138112" time="2012-11-15 02:19:21 UTC">
      <body>Eskot shwaya</body>
    </message>
    <message id="m0263" participant="138326" time="2012-11-15 02:19:50 UTC">
      <body>Eh da !</body>
    </message>
    <message id="m0265" participant="138112" time="2012-11-15 02:21:48 UTC">
      <body>5osh nam</body>
    </message>
    <message id="m0267" participant="138112" time="2012-11-15 23:30:15 UTC">
      <body>Tab 3ayezni ashoofak w mesh betkalemni</body>
    </message>
    <message id="m0268" participant="138112" time="2012-11-15 23:30:15 UTC">
      <body>Enta bared?</body>
    </message>
    <message id="m0269" participant="138112" time="2012-11-15 23:30:26 UTC">
      <body>Hahaha</body>
    </message>
    <message id="m0270" participant="138326" time="2012-11-15 23:30:45 UTC">
      <body>Hahaha ah bared fash5</body>
    </message>
    <message id="m0271" participant="138326" time="2012-11-15 23:31:23 UTC">
      <body>Ma enty ebareh etkalemy ma3aya batare2a 3'areba !</body>
    </message>
    <message id="m0272" participant="138112" time="2012-11-15 23:33:48 UTC">
      <body>Ahahaha</body>
    </message>
    <message id="m0273" participant="138326" time="2012-11-15 23:34:15 UTC">
      <body>Mesh 7aga helwa 3alafikra</body>
    </message>
    <message id="m0274" participant="138112" time="2012-11-15 23:34:19 UTC">
      <body>3ashan Ana barda zayak</body>
    </message>
    <message id="m0276" participant="138326" time="2012-11-15 23:35:24 UTC">
      <body>Ah Bas mesh 3ashan bared haklemek batare2a wehsha !!</body>
    </message>
    <message id="m0277" participant="138112" time="2012-11-15 23:36:18 UTC">
      <body>Ana makalemtaksh b tari2a we7sha</body>
    </message>
    <message id="m0278" participant="138326" time="2012-11-15 23:38:17 UTC">
      <body>Kan momken Ta2oly night a7san mat2oly bahawel anam .. Eskot shwaya !</body>
    </message>
    <message id="m0279" participant="138326" time="2012-11-15 23:38:20 UTC">
      <body>Wala eh</body>
    </message>
    <message id="m0280" participant="138112" time="2012-11-15 23:39:48 UTC">
      <body>I was joking</body>
    </message>
    <message id="m0281" participant="138112" time="2012-11-15 23:39:51 UTC">
      <body>3ka fekra</body>
    </message>
    <message id="m0282" participant="138112" time="2012-11-15 23:40:00 UTC">
      <body>Msh asdy ya3ni</body>
    </message>
    <message id="m0283" participant="138112" time="2012-11-15 23:40:08 UTC">
      <body>Enta edaye2t?</body>
    </message>
    <message id="m0284" participant="138326" time="2012-11-15 23:40:31 UTC">
      <body>Ah</body>
    </message>
    <message id="m0285" participant="138326" time="2012-11-15 23:40:44 UTC">
      <body>Makontsh 3aref enek bethazary</body>
    </message>
    <message id="m0286" participant="138112" time="2012-11-15 23:42:40 UTC">
      <body>5alas matez3alsh</body>
    </message>
    <message id="m0287" participant="138326" time="2012-11-15 23:45:04 UTC">
      <body>Mesh za3lan 3ashan u r so nice</body>
    </message>
    <message id="m0288" participant="138112" time="2012-11-15 23:45:19 UTC">
      <body>Msh Kont barda embare7</body>
    </message>
    <message id="m0289" participant="138326" time="2012-11-15 23:45:51 UTC">
      <body>Ana kont Bas2alek Bas 3alafikra hahaha</body>
    </message>
    <message id="m0290" participant="138112" time="2012-11-15 23:46:25 UTC">
      <body>Mashy</body>
    </message>
    <message id="m0291" participant="138326" time="2012-11-15 23:46:46 UTC">
      <body>Embasaty elnahrda</body>
    </message>
    <message id="m0292" participant="138112" time="2012-11-15 23:47:40 UTC">
      <body>La2</body>
    </message>
    <message id="m0293" participant="138112" time="2012-11-15 23:47:44 UTC">
      <body>Ta3bana awy</body>
    </message>
    <message id="m0294" participant="138326" time="2012-11-15 23:48:02 UTC">
      <body>Leh malek !!</body>
    </message>
    <message id="m0295" participant="138112" time="2012-11-15 23:48:12 UTC">
      <body>Period</body>
    </message>
    <message id="m0296" participant="138112" time="2012-11-15 23:48:18 UTC">
      <body>W gali bard</body>
    </message>
    <message id="m0297" participant="138112" time="2012-11-15 23:48:23 UTC">
      <body/>
    </message>
    <message id="m0298" participant="138326" time="2012-11-15 23:49:48 UTC">
      <body>Alf salama 3aleky</body>
    </message>
    <message id="m0299" participant="138326" time="2012-11-15 23:49:56 UTC">
      <body>Khadty dawa ?</body>
    </message>
    <message id="m0300" participant="138112" time="2012-11-15 23:52:11 UTC">
      <body>Ahhh</body>
    </message>
    <message id="m0301" participant="138112" time="2012-11-15 23:52:18 UTC">
      <body>5at antibiotic</body>
    </message>
    <message id="m0302" participant="138326" time="2012-11-15 23:53:44 UTC">
      <body>enshallah tekony kwaysa when u wake up tomorrow</body>
    </message>
    <message id="m0303" participant="138112" time="2012-11-15 23:54:49 UTC">
      <body>Inshallah</body>
    </message>
    <message id="m0304" participant="138326" time="2012-11-15 23:55:38 UTC">
      <body>Hatnamy emta ?</body>
    </message>
    <message id="m0305" participant="138112" time="2012-11-15 23:55:54 UTC">
      <body>Msh 3arfa</body>
    </message>
    <message id="m0307" participant="138326" time="2012-11-15 23:59:06 UTC">
      <body>2oly enek 3aiza tetkalemy ma3aya BA2a</body>
    </message>
    <message id="m0308" participant="138112" time="2012-11-16 00:01:11 UTC">
      <body>3ayza atkalem m3ak hhaha</body>
    </message>
    <message id="m0309" participant="138326" time="2012-11-16 00:01:33 UTC">
      <body>Hahahahahaha</body>
    </message>
    <message id="m0310" participant="138326" time="2012-11-16 00:02:15 UTC">
      <body>Tayeb ehkely ba2a</body>
    </message>
    <message id="m0311" participant="138112" time="2012-11-16 00:02:18 UTC">
      <body>Bt3nel eh</body>
    </message>
    <message id="m0312" participant="138326" time="2012-11-16 00:03:21 UTC">
      <body>Kont bakol w haro7 tagamo3</body>
    </message>
    <message id="m0313" participant="138112" time="2012-11-16 00:04:20 UTC">
      <body>Delwa2ty????</body>
    </message>
    <message id="m0314" participant="138112" time="2012-11-16 00:04:26 UTC">
      <body>Mayenf3sh!</body>
    </message>
    <message id="m0315" participant="138326" time="2012-11-16 00:04:34 UTC">
      <body>BA3nel 7agat kateer</body>
    </message>
    <message id="m0316" participant="138112" time="2012-11-16 00:04:43 UTC">
      <body>Msh fahma</body>
    </message>
    <message id="m0317" participant="138326" time="2012-11-16 00:04:45 UTC">
      <body>Leeh :D</body>
    </message>
    <message id="m0318" participant="138326" time="2012-11-16 00:05:40 UTC">
      <body>Hahaha enty katabty Bet3nel eh</body>
    </message>
    <message id="m0319" participant="138326" time="2012-11-16 00:06:01 UTC">
      <body>Fa BA2olek BA3nel hagat kateer :P</body>
    </message>
    <message id="m0320" participant="138326" time="2012-11-16 00:06:38 UTC">
      <body>Leeh maynfa3sh aroh BA2a :D</body>
    </message>
    <message id="m0321" participant="138112" time="2012-11-16 00:06:38 UTC">
      <body>Ahhh haha</body>
    </message>
    <message id="m0322" participant="138112" time="2012-11-16 00:06:50 UTC">
      <body>W 3ashan el wa2t meta5ar</body>
    </message>
    <message id="m0323" participant="138326" time="2012-11-16 00:08:18 UTC">
      <body>hahaha ah Bas ma3mtsh 7aga elnahrda fa zah2an</body>
    </message>
    <message id="m0324" participant="138112" time="2012-11-16 00:08:44 UTC">
      <body>Kont te3mel men Badry ya3ni</body>
    </message>
    <message id="m0325" participant="138326" time="2012-11-16 00:09:41 UTC">
      <body>Hahaha ah Ana 3'aby BA2a</body>
    </message>
    <message id="m0326" participant="138112" time="2012-11-16 00:10:11 UTC">
      <body>Ed5ol nam yala haha</body>
    </message>
    <message id="m0327" participant="138326" time="2012-11-16 00:10:34 UTC">
      <body>Hahahaha mesh 3andy noom</body>
    </message>
    <message id="m0329" participant="138326" time="2012-11-16 00:15:12 UTC">
      <body>Nemty wala eh :D</body>
    </message>
    <message id="m0330" participant="138112" time="2012-11-16 00:18:21 UTC">
      <body>Ahhh banam:D</body>
    </message>
    <message id="m0331" participant="138326" time="2012-11-16 00:28:18 UTC">
      <body>3aiz 2a2olek night 2abl matnamy</body>
    </message>
    <message id="m0332" participant="138112" time="2012-11-16 00:40:20 UTC">
      <body>Ana se7it raga3t</body>
    </message>
    <message id="m0333" participant="138112" time="2012-11-16 00:40:26 UTC">
      <body>Ta3bana awy</body>
    </message>
    <message id="m0334" participant="138112" time="2012-11-16 00:40:35 UTC">
      <body>Ana ezay bokra haroo7 el trip</body>
    </message>
    <message id="m0335" participant="138326" time="2012-11-16 00:40:51 UTC">
      <body>Hatet3aby</body>
    </message>
    <message id="m0336" participant="138326" time="2012-11-16 00:41:29 UTC">
      <body>2eshraby 7aga sokhna</body>
    </message>
    <message id="m0337" participant="138112" time="2012-11-16 00:42:19 UTC">
      <body>Ashrab eh</body>
    </message>
    <message id="m0338" participant="138326" time="2012-11-16 00:43:12 UTC">
      <body>Lamon w 3aleh 3asal</body>
    </message>
    <message id="m0339" participant="138326" time="2012-11-16 00:43:28 UTC">
      <body>Aw shay w 3asal w lamon</body>
    </message>
    <message id="m0340" participant="138112" time="2012-11-16 00:44:09 UTC">
      <body>Ya3 :(</body>
    </message>
    <message id="m0341" participant="138112" time="2012-11-16 00:44:18 UTC">
      <body>Bokra b2a</body>
    </message>
    <message id="m0342" participant="138112" time="2012-11-16 00:44:29 UTC">
      <body>Mesh 2adra a2oom</body>
    </message>
    <message id="m0343" participant="138326" time="2012-11-16 00:44:34 UTC">
      <body>Hahaha</body>
    </message>
    <message id="m0344" participant="138326" time="2012-11-16 00:44:40 UTC">
      <body>A3melek Ana</body>
    </message>
    <message id="m0345" participant="138112" time="2012-11-16 00:45:15 UTC">
      <body>Ahhh ya ret</body>
    </message>
    <message id="m0346" participant="138326" time="2012-11-16 00:46:04 UTC">
      <body>Hader</body>
    </message>
    <message id="m0347" participant="138326" time="2012-11-16 00:46:20 UTC">
      <body>Mesh 3aiza 7agga Tanya</body>
    </message>
    <message id="m0348" participant="138326" time="2012-11-16 00:47:50 UTC">
      <body>tayeb edafy kada fel serer</body>
    </message>
    <message id="m0349" participant="138326" time="2012-11-16 00:48:05 UTC">
      <body>W hawly tenamy</body>
    </message>
    <message id="m0350" participant="138112" time="2012-11-16 03:12:26 UTC">
      <body>7ader :D haha</body>
    </message>
    <message id="m0351" participant="138326" time="2012-11-16 03:14:29 UTC">
      <body>Sahya leeh delwa2ty</body>
    </message>
    <message id="m0354" participant="138112" time="2012-11-16 07:58:07 UTC">
      <body>3amalt tea bel honey and lemon w ta3mo w7sh awwyyyyyyyyyyyyyy</body>
    </message>
    <message id="m0355" participant="138112" time="2012-11-16 07:58:25 UTC">
      <body>7aram 3alek </body>
    </message>
    <message id="m0356" participant="138326" time="2012-11-16 13:26:50 UTC">
      <body>Ma3lash</body>
    </message>
    <message id="m0357" participant="138326" time="2012-11-16 13:27:08 UTC">
      <body>Enty a7San ?</body>
    </message>
    <message id="m0358" participant="138112" time="2012-11-17 01:40:36 UTC">
      <body>Ahmed ana etbahdelt</body>
    </message>
    <message id="m0359" participant="138326" time="2012-11-17 03:18:01 UTC">
      <body>Leeh</body>
    </message>
    <message id="m0360" participant="138326" time="2012-11-17 03:18:02 UTC">
      <body>Eh ely hassal</body>
    </message>
    <message id="m0361" participant="138326" time="2012-11-17 04:26:46 UTC">
      <body>Ana elnahrda awhash youm fee hayaty</body>
    </message>
    <message id="m0362" participant="138326" time="2012-11-17 04:27:02 UTC">
      <body>Ana medaye2 fash5</body>
    </message>
    <message id="m0363" participant="138112" time="2012-11-17 09:32:52 UTC">
      <body>Call me lma tes7a</body>
    </message>
    <message id="m0365" participant="138326" time="2012-11-17 16:16:08 UTC">
      <body>Yara ana kalmtek w mardtesh</body>
    </message>
    <message id="m0366" participant="138326" time="2012-11-17 19:38:23 UTC">
      <body>Enty kwaaysa ?</body>
    </message>
    <message id="m0367" participant="138112" time="2012-11-17 20:57:03 UTC">
      <body>3ayana awy w so5nq</body>
    </message>
    <message id="m0368" participant="138112" time="2012-11-17 20:57:07 UTC">
      <body>Enta el kwayes?</body>
    </message>
    <message id="m0369" participant="138326" time="2012-11-17 20:58:19 UTC">
      <body>Eshta</body>
    </message>
    <message id="m0370" participant="138326" time="2012-11-17 20:58:27 UTC">
      <body>Alf salama 3aleky</body>
    </message>
    <message id="m0371" participant="138112" time="2012-11-17 20:58:34 UTC">
      <body>Tab eh el 7asal</body>
    </message>
    <message id="m0372" participant="138112" time="2012-11-17 20:58:50 UTC">
      <body>Leh Kont medaye2 embare7</body>
    </message>
    <message id="m0373" participant="138112" time="2012-11-17 20:59:07 UTC">
      <body>W leh kan el wa2t meta5ar kda</body>
    </message>
    <message id="m0375" participant="138326" time="2012-11-17 21:00:10 UTC">
      <body>Hagat kateir awii ya yara</body>
    </message>
    <message id="m0376" participant="138112" time="2012-11-17 21:00:24 UTC">
      <body>Eh ya3ny</body>
    </message>
    <message id="m0377" participant="138112" time="2012-11-17 21:00:29 UTC">
      <body>Kont sakran</body>
    </message>
    <message id="m0378" participant="138112" time="2012-11-17 21:00:31 UTC">
      <body>Sa7</body>
    </message>
    <message id="m0379" participant="138326" time="2012-11-17 21:00:54 UTC">
      <body>W aktar 7aga en fei wahed sahby galo cancer</body>
    </message>
    <message id="m0380" participant="138112" time="2012-11-17 21:01:06 UTC">
      <body>Cancer eh?</body>
    </message>
    <message id="m0381" participant="138326" time="2012-11-17 21:01:14 UTC">
      <body>La2 Bas mesh 3aref leh 2oltelek enty kada</body>
    </message>
    <message id="m0382" participant="138326" time="2012-11-17 21:01:20 UTC">
      <body>Fee dahro</body>
    </message>
    <message id="m0383" participant="138112" time="2012-11-17 21:03:13 UTC">
      <body>Di 7aga bta3t rabena ya Ahmed</body>
    </message>
    <message id="m0384" participant="138326" time="2012-11-17 21:03:53 UTC">
      <body>ah Bas da sahby awii w kaman fee 7agat Tanya</body>
    </message>
    <message id="m0385" participant="138326" time="2012-11-17 21:04:52 UTC">
      <body>Hewarat hasalet beny w my ex w ana kont bahebha bagad w she don't deserve it</body>
    </message>
    <message id="m0386" participant="138112" time="2012-11-17 21:05:08 UTC">
      <body>What happened?</body>
    </message>
    <message id="m0387" participant="138112" time="2012-11-17 21:05:43 UTC">
      <body>Howa sa7bak ahh and it's okay to be sad but in the end lazem tefham en di 7aga beta3t rabena</body>
    </message>
    <message id="m0388" participant="138326" time="2012-11-17 21:06:13 UTC">
      <body>Ah ma Ana 3aref .. Rabena yashfeh</body>
    </message>
    <message id="m0389" participant="138112" time="2012-11-17 21:06:32 UTC">
      <body>Eh el 7asal b2a</body>
    </message>
    <message id="m0391" participant="138326" time="2012-11-17 21:08:31 UTC">
      <body>Ana w my ex sebna BA3d men aktar men sana w nos w heya elsabab 3ashan fee bent 2A3Det Tew2A3 w BA3d kada kol shwaya teklemny w te flirt ma3aya w awel ma 3olaha eny bahebha tebatal rekalemny tany</body>
    </message>
    <message id="m0392" participant="138326" time="2012-11-17 21:08:55 UTC">
      <body>W embareh kalemtny</body>
    </message>
    <message id="m0393" participant="138112" time="2012-11-17 21:11:18 UTC">
      <body>El bent di meen aslan w 3andaha kam sana</body>
    </message>
    <message id="m0395" participant="138326" time="2012-11-17 21:12:34 UTC">
      <body>Esmaha Reem w 2adek w di elbent elwaheda elhabetha fee hayaty</body>
    </message>
    <message id="m0396" participant="138326" time="2012-11-17 21:12:51 UTC">
      <body>Heya ely betkalemny</body>
    </message>
    <message id="m0397" participant="138326" time="2012-11-17 21:13:28 UTC">
      <body>Heya bethebny Bas 3aiza tel3ab</body>
    </message>
    <message id="m0398" participant="138112" time="2012-11-17 21:13:30 UTC">
      <body>Eh m3andaksh ignore button 3la mobilak</body>
    </message>
    <message id="m0399" participant="138326" time="2012-11-17 21:13:38 UTC">
      <body>Zai ay bent 2adaha</body>
    </message>
    <message id="m0400" participant="138112" time="2012-11-17 21:14:04 UTC">
      <body>Ya3ni eh 3ayela 2ad di w heya el tel3ab beek</body>
    </message>
    <message id="m0401" participant="138326" time="2012-11-17 21:14:29 UTC">
      <body>3ashan bahebha</body>
    </message>
    <message id="m0403" participant="138326" time="2012-11-17 21:15:00 UTC">
      <body>Bas Ana Ma2oltlhash eny bahebha embareh</body>
    </message>
    <message id="m0404" participant="138326" time="2012-11-17 21:15:12 UTC">
      <body>3ashan khalas mesh far2aly</body>
    </message>
    <message id="m0405" participant="138112" time="2012-11-17 21:15:21 UTC">
      <body>Etasalet beek embare7 bet2olak eh</body>
    </message>
    <message id="m0406" participant="138326" time="2012-11-17 21:15:44 UTC">
      <body>Bas ely meday2a enha don't respect eny bagad kont bahebha</body>
    </message>
    <message id="m0407" participant="138326" time="2012-11-17 21:15:52 UTC">
      <body>BA t flirt</body>
    </message>
    <message id="m0408" participant="138112" time="2012-11-17 21:16:01 UTC">
      <body>Flirt ezay</body>
    </message>
    <message id="m0409" participant="138326" time="2012-11-17 21:16:09 UTC">
      <body>W ana 2oltelha bye 3ashan 3aiz anam</body>
    </message>
    <message id="m0410" participant="138326" time="2012-11-17 21:16:23 UTC">
      <body>Wahashteny</body>
    </message>
    <message id="m0411" participant="138112" time="2012-11-17 21:16:46 UTC">
      <body>Olaha t3ali shofeeni</body>
    </message>
    <message id="m0412" participant="138326" time="2012-11-17 21:17:01 UTC">
      <body>W faker mesh 3aref eh w sotak wahashny w Ana mesh 3arfa asaheb 7ad tany</body>
    </message>
    <message id="m0413" participant="138326" time="2012-11-17 21:17:08 UTC">
      <body>W 3aiza ashofak</body>
    </message>
    <message id="m0414" participant="138326" time="2012-11-17 21:17:20 UTC">
      <body>Bas kol Mara kanet bet2ol elkalam</body>
    </message>
    <message id="m0415" participant="138326" time="2012-11-17 21:17:22 UTC">
      <body>Da</body>
    </message>
    <message id="m0416" participant="138326" time="2012-11-17 21:17:33 UTC">
      <body>W BA3d kada tabatal takalemny</body>
    </message>
    <message id="m0417" participant="138112" time="2012-11-17 21:17:59 UTC">
      <body>Heya akeed mesh 3arfa heya 3ayza eh</body>
    </message>
    <message id="m0418" participant="138326" time="2012-11-17 21:18:18 UTC">
      <body>Ennty 3arfa eny sahebt marten Bas w awel Mara kanet bitch w eltanya magnona</body>
    </message>
    <message id="m0419" participant="138112" time="2012-11-17 21:18:29 UTC">
      <body>Hahaaha</body>
    </message>
    <message id="m0420" participant="138112" time="2012-11-17 21:18:31 UTC">
      <body>!!!!!!</body>
    </message>
    <message id="m0421" participant="138326" time="2012-11-17 21:18:42 UTC">
      <body>Hahahaha</body>
    </message>
    <message id="m0422" participant="138112" time="2012-11-17 21:18:43 UTC">
      <body>El banat KOLAHA magnoona</body>
    </message>
    <message id="m0423" participant="138112" time="2012-11-17 21:18:50 UTC">
      <body>Lama bet7eb bas</body>
    </message>
    <message id="m0424" participant="138326" time="2012-11-17 21:19:31 UTC">
      <body>Bas fee genan helw w Genan mesh kwayes</body>
    </message>
    <message id="m0425" participant="138112" time="2012-11-17 21:19:51 UTC">
      <body>Mafish genan 7lw 5ales</body>
    </message>
    <message id="m0426" participant="138326" time="2012-11-17 21:20:39 UTC">
      <body>Hahaha mesh 3aref</body>
    </message>
    <message id="m0427" participant="138326" time="2012-11-17 21:20:55 UTC">
      <body>Bas elnas kolaha maganen asln</body>
    </message>
    <message id="m0428" participant="138112" time="2012-11-17 21:24:49 UTC">
      <body>Sa7 haha</body>
    </message>
    <message id="m0429" participant="138326" time="2012-11-17 21:32:58 UTC">
      <body>Bet3mely eh</body>
    </message>
    <message id="m0430" participant="138112" time="2012-11-17 21:38:57 UTC">
      <body>Bataba2 3'aseel</body>
    </message>
    <message id="m0432" participant="138326" time="2012-11-17 21:40:02 UTC">
      <body>Ah</body>
    </message>
    <message id="m0435" participant="138112" time="2012-11-17 21:41:09 UTC">
      <body>Ahhh!!!!!!!!</body>
    </message>
    <message id="m0437" participant="138326" time="2012-11-17 21:41:21 UTC">
      <body>Hahahahaha bahazar</body>
    </message>
    <message id="m0439" participant="138326" time="2012-11-17 21:42:33 UTC">
      <body>Enty sahebty kam Mara ?</body>
    </message>
    <message id="m0441" participant="138326" time="2012-11-17 21:43:25 UTC">
      <body>Da helw</body>
    </message>
    <message id="m0442" participant="138326" time="2012-11-17 21:43:44 UTC">
      <body>Ana bakrah elbanat ely betsaheb kateir</body>
    </message>
    <message id="m0443" participant="138112" time="2012-11-17 21:45:29 UTC">
      <body>La2 ana sa3b awy aslan lma 7ad beyshed entebahi</body>
    </message>
    <message id="m0444" participant="138326" time="2012-11-17 21:46:24 UTC">
      <body>Ah ma Ana hases kada :D</body>
    </message>
    <message id="m0445" participant="138326" time="2012-11-17 21:47:30 UTC">
      <body>Eh BA2a exactly ely bayshed entbahek</body>
    </message>
    <message id="m0446" participant="138112" time="2012-11-17 21:48:00 UTC">
      <body>Msh 3arfa haha</body>
    </message>
    <message id="m0447" participant="138326" time="2012-11-17 21:49:04 UTC">
      <body>Hahaha Ana kaman lama benty BA attract me bakon mesh 3aref leih</body>
    </message>
    <message id="m0448" participant="138326" time="2012-11-17 21:49:24 UTC">
      <body>W mesh 3aref leh kont baheb Reem</body>
    </message>
    <message id="m0449" participant="138326" time="2012-11-17 22:01:53 UTC">
      <body>W eh :D</body>
    </message>
    <message id="m0450" participant="138112" time="2012-11-17 22:16:15 UTC">
      <body>Ana keda haha w bterga3 t2ool ana eh el 7abeto fel sha5a da</body>
    </message>
    <message id="m0451" participant="138326" time="2012-11-17 22:18:46 UTC">
      <body>Aywa</body>
    </message>
    <message id="m0452" participant="138326" time="2012-11-17 22:18:55 UTC">
      <body>HAGA 3'areba walahy</body>
    </message>
    <message id="m0453" participant="138112" time="2012-11-17 22:22:14 UTC">
      <body>Begad awy haha</body>
    </message>
    <message id="m0454" participant="138326" time="2012-11-17 22:22:59 UTC">
      <body>Howa enty 3andek ekhwat ?</body>
    </message>
    <message id="m0455" participant="138112" time="2012-11-17 22:23:30 UTC">
      <body>Ahh Mohamed</body>
    </message>
    <message id="m0456" participant="138326" time="2012-11-17 22:24:14 UTC">
      <body>Kam sana ?</body>
    </message>
    <message id="m0457" participant="138112" time="2012-11-17 22:25:01 UTC">
      <body>19</body>
    </message>
    <message id="m0458" participant="138326" time="2012-11-17 22:31:53 UTC">
      <body>Fe gam3a ?</body>
    </message>
    <message id="m0459" participant="138112" time="2012-11-17 22:32:14 UTC">
      <body>Ahh el Arab academy</body>
    </message>
    <message id="m0460" participant="138112" time="2012-11-17 22:32:20 UTC">
      <body>Mass communications</body>
    </message>
    <message id="m0461" participant="138112" time="2012-11-17 22:32:42 UTC">
      <body>Bas howa mesafer aslan 2nd semester le pappi henak</body>
    </message>
    <message id="m0462" participant="138326" time="2012-11-17 22:32:46 UTC">
      <body>Helw</body>
    </message>
    <message id="m0463" participant="138112" time="2012-11-17 22:33:15 UTC">
      <body>Haneb2a 2 badal 3 haha</body>
    </message>
    <message id="m0464" participant="138326" time="2012-11-17 22:33:28 UTC">
      <body>Hahahaha</body>
    </message>
    <message id="m0465" participant="138326" time="2012-11-17 22:33:55 UTC">
      <body>Lama tekony mehtaga 7aga 2olely</body>
    </message>
    <message id="m0466" participant="138112" time="2012-11-17 22:34:39 UTC">
      <body>Mashy</body>
    </message>
    <message id="m0470" participant="138326" time="2012-11-17 22:35:33 UTC">
      <body>Yalla :D</body>
    </message>
    <message id="m0471" participant="138112" time="2012-11-17 22:35:43 UTC">
      <body>Beyeb3at estana haha</body>
    </message>
    <message id="m0472" participant="138112" time="2012-11-17 22:36:14 UTC">
      <body>&lt;media omitted&gt;</body>
    </message>
    <message id="m0473" participant="138326" time="2012-11-17 22:36:16 UTC">
      <body>bared awii el video da :P</body>
    </message>
    <message id="m0474" participant="138112" time="2012-11-17 22:36:20 UTC">
      <body>Hahaha</body>
    </message>
    <message id="m0475" participant="138326" time="2012-11-17 22:36:41 UTC">
      <body>Dii el bent el cute</body>
    </message>
    <message id="m0476" participant="138326" time="2012-11-17 22:37:03 UTC">
      <body>Rokaya</body>
    </message>
    <message id="m0477" participant="138326" time="2012-11-17 22:37:16 UTC">
      <body>Sah</body>
    </message>
    <message id="m0478" participant="138112" time="2012-11-17 22:37:39 UTC">
      <body>Ahh haha</body>
    </message>
    <message id="m0479" participant="138112" time="2012-11-17 22:38:01 UTC">
      <body>&lt;media omitted&gt;</body>
    </message>
    <message id="m0480" participant="138112" time="2012-11-17 22:38:10 UTC">
      <body>El Yomna bet2ool 3aleha m3afena hahaha</body>
    </message>
    <message id="m0481" participant="138112" time="2012-11-17 22:38:21 UTC">
      <body>Bos betakol ezay hahaha</body>
    </message>
    <message id="m0482" participant="138326" time="2012-11-17 22:39:40 UTC">
      <body>Di teganen</body>
    </message>
    <message id="m0483" participant="138326" time="2012-11-17 22:39:49 UTC">
      <body>Hahahaha helwa awii</body>
    </message>
    <message id="m0484" participant="138112" time="2012-11-17 22:39:52 UTC">
      <body>Awyyy haha</body>
    </message>
    <message id="m0485" participant="138112" time="2012-11-17 22:40:12 UTC">
      <body>Ana shabah mamti?</body>
    </message>
    <message id="m0486" participant="138112" time="2012-11-17 22:40:14 UTC">
      <body>Estana</body>
    </message>
    <message id="m0487" participant="138326" time="2012-11-17 22:41:27 UTC">
      <body>Ah shabah BA3d awiii</body>
    </message>
    <message id="m0488" participant="138112" time="2012-11-17 22:42:11 UTC">
      <body>Hahaha!!! Enta shabah mamtak?</body>
    </message>
    <message id="m0489" participant="138326" time="2012-11-17 22:42:26 UTC">
      <body>Bas enty a7la</body>
    </message>
    <message id="m0490" participant="138326" time="2012-11-17 22:42:39 UTC">
      <body>Ah Bas okhty shabaha aktar</body>
    </message>
    <message id="m0491" participant="138326" time="2012-11-17 22:43:19 UTC">
      <body>An shabah babya shwaya</body>
    </message>
    <message id="m0492" participant="138112" time="2012-11-17 22:46:26 UTC">
      <body>3ayza ashoof babak!</body>
    </message>
    <message id="m0493" participant="138326" time="2012-11-17 22:46:50 UTC">
      <body>Estany kada ashof law 3andy pics</body>
    </message>
    <message id="m0494" participant="138326" time="2012-11-17 22:47:34 UTC">
      <body>3andy 3al memory el2adema :S</body>
    </message>
    <message id="m0495" participant="138326" time="2012-11-17 22:51:32 UTC">
      <body>Bas fee 3al laptop ..hagebhom w awareky :D</body>
    </message>
    <message id="m0496" participant="138112" time="2012-11-17 23:01:58 UTC">
      <body>Okay! Haha</body>
    </message>
    <message id="m0497" participant="138326" time="2012-11-17 23:02:45 UTC">
      <body>Bet3mely 7aga ?</body>
    </message>
    <message id="m0498" participant="138112" time="2012-11-18 09:01:58 UTC">
      <body>Ana ga3ana awy w Yomna lesa nayma</body>
    </message>
    <message id="m0501" participant="138326" time="2012-11-18 16:18:00 UTC">
      <body>Sahya badry awii w 3aiza Yomna 3al Sobh kada leeh :D</body>
    </message>
    <message id="m0502" participant="138112" time="2012-11-18 16:18:57 UTC">
      <body>Kont 3ayzaha t2oom te3mely all</body>
    </message>
    <message id="m0503" participant="138112" time="2012-11-18 16:19:00 UTC">
      <body>*akl</body>
    </message>
    <message id="m0504" participant="138326" time="2012-11-18 16:19:20 UTC">
      <body>Hahaha</body>
    </message>
    <message id="m0505" participant="138326" time="2012-11-18 16:19:31 UTC">
      <body>Enty konty nayma 3andaha</body>
    </message>
    <message id="m0506" participant="138112" time="2012-11-18 16:20:44 UTC">
      <body>La2 getlaha 3la 7:30 el sob7 keda haha</body>
    </message>
    <message id="m0507" participant="138326" time="2012-11-18 16:21:15 UTC">
      <body>Hahahahaha</body>
    </message>
    <message id="m0508" participant="138326" time="2012-11-18 16:21:25 UTC">
      <body>Heya lessa 3andek ?</body>
    </message>
    <message id="m0509" participant="138326" time="2012-11-18 16:23:12 UTC">
      <body>Bet3melo eh</body>
    </message>
    <message id="m0510" participant="138112" time="2012-11-18 16:33:36 UTC">
      <body>E7na fel GUC</body>
    </message>
    <message id="m0513" participant="138326" time="2012-11-18 16:49:57 UTC">
      <body>Khalsteh walla lessa ?</body>
    </message>
    <message id="m0514" participant="138112" time="2012-11-18 16:51:16 UTC">
      <body>Ahh 5alast</body>
    </message>
    <message id="m0515" participant="138326" time="2012-11-18 16:52:31 UTC">
      <body>Sahl ?</body>
    </message>
    <message id="m0516" participant="138112" time="2012-11-18 17:25:02 UTC">
      <body>Ahh fsh5 haha</body>
    </message>
    <message id="m0517" participant="138326" time="2012-11-18 18:11:38 UTC">
      <body>Tayeb helw</body>
    </message>
    <message id="m0518" participant="138112" time="2012-11-18 21:12:15 UTC">
      <body>Enta bt3mel eh</body>
    </message>
    <message id="m0519" participant="138326" time="2012-11-18 21:12:45 UTC">
      <body>Fel maadi BA chill</body>
    </message>
    <message id="m0521" participant="138112" time="2012-11-18 21:13:00 UTC">
      <body>Ba chill? Hahahahaha</body>
    </message>
    <message id="m0522" participant="138112" time="2012-11-18 21:13:11 UTC">
      <body>Ana lesa rag3a el bet delwa2ty</body>
    </message>
    <message id="m0523" participant="138326" time="2012-11-18 21:14:20 UTC">
      <body>3amalty eh BA3d guc</body>
    </message>
    <message id="m0524" participant="138112" time="2012-11-18 21:14:51 UTC">
      <body>Ro7t azoor wa7ed m3ana fel madrasa 3ayan ma3a so7abna</body>
    </message>
    <message id="m0525" participant="138112" time="2012-11-18 21:15:00 UTC">
      <body>W ba3d keda ro7t 3and Yomna</body>
    </message>
    <message id="m0526" participant="138112" time="2012-11-18 21:15:13 UTC">
      <body>W delwa2ty rawa7t</body>
    </message>
    <message id="m0527" participant="138326" time="2012-11-18 21:18:03 UTC">
      <body>Alf salama 3aleh</body>
    </message>
    <message id="m0528" participant="138326" time="2012-11-18 21:18:19 UTC">
      <body>Khalas hatedkholy engineering</body>
    </message>
    <message id="m0529" participant="138112" time="2012-11-18 21:20:38 UTC">
      <body>Msh 3arfa aslan Ana had5ol gam3a hena wla f America :D</body>
    </message>
    <message id="m0530" participant="138326" time="2012-11-18 21:56:53 UTC">
      <body>Hahahaha matsebesh mamtek lawahdaha Bas</body>
    </message>
    <message id="m0531" participant="138112" time="2012-11-18 21:58:38 UTC">
      <body>7ader!!</body>
    </message>
    <message id="m0532" participant="138326" time="2012-11-18 23:05:05 UTC">
      <body>Yara I think eny kalemtek men 3'er asd</body>
    </message>
    <message id="m0534" participant="138326" time="2012-11-18 23:10:02 UTC">
      <body>3ashab 2afalt besor3a</body>
    </message>
    <message id="m0535" participant="138326" time="2012-11-18 23:10:08 UTC">
      <body>3ashan *</body>
    </message>
    <message id="m0536" participant="138326" time="2012-11-18 23:10:57 UTC">
      <body>Mobily baykalem lawahdo ;)</body>
    </message>
    <message id="m0537" participant="138112" time="2012-11-18 23:14:47 UTC">
      <body>Hahaha 3ady</body>
    </message>
    <message id="m0538" participant="138112" time="2012-11-19 21:21:43 UTC">
      <body>&lt;media omitted&gt;</body>
    </message>
    <message id="m0539" participant="138326" time="2012-11-19 21:30:15 UTC">
      <body>Yara</body>
    </message>
    <message id="m0540" participant="138326" time="2012-11-19 21:33:41 UTC">
      <body>Momken al3ab ma3aha</body>
    </message>
    <message id="m0542" participant="138112" time="2012-11-19 21:42:23 UTC">
      <body>Ahhhh t3ala haha</body>
    </message>
    <message id="m0543" participant="138326" time="2012-11-19 21:49:56 UTC">
      <body>Bagad 3aiz ashofek</body>
    </message>
    <message id="m0544" participant="138326" time="2012-11-19 21:49:57 UTC">
      <body>Hahaha la2 al3ab ma3aky enty ahsan</body>
    </message>
    <message id="m0545" participant="138112" time="2012-11-19 21:50:46 UTC">
      <body>Tel3ab m3aya ezay Ana kebert :D</body>
    </message>
    <message id="m0546" participant="138326" time="2012-11-19 21:53:43 UTC">
      <body>Ma kol age w leeh le3bo ;)</body>
    </message>
    <message id="m0547" participant="138326" time="2012-11-19 21:53:58 UTC">
      <body>Mesh hashofek sah ?</body>
    </message>
    <message id="m0549" participant="138112" time="2012-11-19 21:54:22 UTC">
      <body>La2 hatshofny</body>
    </message>
    <message id="m0550" participant="138326" time="2012-11-19 21:55:22 UTC">
      <body>Emta ?</body>
    </message>
    <message id="m0551" participant="138112" time="2012-11-19 21:55:58 UTC">
      <body>Bos!! This weekend I'm busy bas hashoofak 7ata law wa2t olayel!!</body>
    </message>
    <message id="m0552" participant="138112" time="2012-11-19 21:56:01 UTC">
      <body>Mashy?</body>
    </message>
    <message id="m0554" participant="138326" time="2012-11-19 21:57:31 UTC">
      <body>Mashy :D</body>
    </message>
    <message id="m0555" participant="138326" time="2012-11-19 21:57:58 UTC">
      <body>Hakalemha Isa</body>
    </message>
    <message id="m0558" participant="138326" time="2012-11-19 22:00:59 UTC">
      <body>Hakalemha walahy 2a2olaha happy birthday</body>
    </message>
    <message id="m0559" participant="138326" time="2012-11-19 22:01:07 UTC">
      <body>Ana kaman youm 6 :D</body>
    </message>
    <message id="m0560" participant="138112" time="2012-11-19 22:01:45 UTC">
      <body>Emta?</body>
    </message>
    <message id="m0561" participant="138326" time="2012-11-19 22:02:46 UTC">
      <body>6 Dec</body>
    </message>
    <message id="m0562" participant="138112" time="2012-11-19 22:05:07 UTC">
      <body>Hateb2a kam</body>
    </message>
    <message id="m0563" participant="138326" time="2012-11-19 22:05:49 UTC">
      <body>21</body>
    </message>
    <message id="m0564" participant="138112" time="2012-11-19 22:07:06 UTC">
      <body>Eda enta so3'ayar!!</body>
    </message>
    <message id="m0565" participant="138326" time="2012-11-19 22:07:43 UTC">
      <body>W f akher sana engineering</body>
    </message>
    <message id="m0566" participant="138326" time="2012-11-19 22:07:58 UTC">
      <body>Hahahahaha</body>
    </message>
    <message id="m0567" participant="138112" time="2012-11-19 22:14:37 UTC">
      <body>Bardo so3'ayar!!</body>
    </message>
    <message id="m0568" participant="138112" time="2012-11-19 22:15:47 UTC">
      <body>Haha</body>
    </message>
    <message id="m0569" participant="138326" time="2012-11-19 22:18:09 UTC">
      <body>Di 7aga helwa 3alafikra</body>
    </message>
    <message id="m0570" participant="138112" time="2012-11-19 22:18:17 UTC">
      <body>Ahhh</body>
    </message>
    <message id="m0571" participant="138326" time="2012-11-19 22:18:41 UTC">
      <body>Matnsesh BA2a eny hashofek this week please :D</body>
    </message>
    <message id="m0575" participant="138326" time="2012-11-19 22:24:22 UTC">
      <body>Bet3mely eh</body>
    </message>
    <message id="m0576" participant="138112" time="2012-11-19 22:25:03 UTC">
      <body>&lt;media omitted&gt;</body>
    </message>
    <message id="m0577" participant="138326" time="2012-11-19 22:25:45 UTC">
      <body>Hahaha</body>
    </message>
    <message id="m0578" participant="138112" time="2012-11-19 22:25:56 UTC">
      <body>Bakol:D</body>
    </message>
    <message id="m0580" participant="138326" time="2012-11-19 22:27:09 UTC">
      <body>Bal3ab</body>
    </message>
    <message id="m0581" participant="138326" time="2012-11-19 22:27:11 UTC">
      <body>&lt;media omitted&gt;</body>
    </message>
    <message id="m0582" participant="138112" time="2012-11-19 22:27:32 UTC">
      <body>Betel3ab eh!!</body>
    </message>
    <message id="m0585" participant="138326" time="2012-11-19 22:28:17 UTC">
      <body>Bet3rafy tel3abeha</body>
    </message>
    <message id="m0588" participant="138326" time="2012-11-19 22:28:49 UTC">
      <body>3 ?</body>
    </message>
    <message id="m0589" participant="138112" time="2012-11-19 22:28:53 UTC">
      <body>Ahhh!</body>
    </message>
    <message id="m0590" participant="138326" time="2012-11-19 22:29:59 UTC">
      <body>Ana mesh 3andy warfare 3ashan akhoya khadha</body>
    </message>
    <message id="m0591" participant="138326" time="2012-11-19 22:30:50 UTC">
      <body>Enty professional ?</body>
    </message>
    <message id="m0592" participant="138112" time="2012-11-19 22:33:57 UTC">
      <body>La2 mesh awy haha</body>
    </message>
    <message id="m0593" participant="138112" time="2012-11-19 22:34:14 UTC">
      <body>A5ooya lesa me3alemni men 3 months keda</body>
    </message>
    <message id="m0596" participant="138326" time="2012-11-19 22:35:53 UTC">
      <body>Ana BA2aly 3 years bal3abha</body>
    </message>
    <message id="m0597" participant="138112" time="2012-11-19 22:36:38 UTC">
      <body>Yaaaaaa hahaha</body>
    </message>
    <message id="m0598" participant="138326" time="2012-11-19 22:38:10 UTC">
      <body>Hahahahaha</body>
    </message>
    <message id="m0599" participant="138326" time="2012-11-19 22:38:16 UTC">
      <body>Ha3alemek</body>
    </message>
    <message id="m0600" participant="138112" time="2012-11-19 22:38:29 UTC">
      <body>Eshta mwaf2a haha</body>
    </message>
    <message id="m0601" participant="138326" time="2012-11-19 22:38:40 UTC">
      <body>EB2y garaby black ops zombies</body>
    </message>
    <message id="m0602" participant="138112" time="2012-11-19 22:38:50 UTC">
      <body>Zombies???</body>
    </message>
    <message id="m0603" participant="138326" time="2012-11-19 22:39:12 UTC">
      <body>Ah</body>
    </message>
    <message id="m0604" participant="138326" time="2012-11-19 22:39:13 UTC">
      <body>Helwa fasha5</body>
    </message>
    <message id="m0605" participant="138112" time="2012-11-19 22:42:15 UTC">
      <body>Msh 3arfaha</body>
    </message>
    <message id="m0606" participant="138326" time="2012-11-19 22:45:59 UTC">
      <body>Helwa awii Bas lazem 7ad yal3ab ma3aky</body>
    </message>
    <message id="m0607" participant="138326" time="2012-11-19 22:46:01 UTC">
      <body>Call of duty black obs feha le3ba esmha zombies</body>
    </message>
    <message id="m0608" participant="138326" time="2012-11-19 22:59:46 UTC">
      <body>Akeed manmtesh :D</body>
    </message>
    <message id="m0609" participant="138112" time="2012-11-19 23:08:34 UTC">
      <body>La2 ba3mel sambosak</body>
    </message>
    <message id="m0610" participant="138326" time="2012-11-19 23:17:06 UTC">
      <body>BA3raf A3melha</body>
    </message>
    <message id="m0611" participant="138326" time="2012-11-19 23:17:38 UTC">
      <body>Bas akeed bata3tek ahla</body>
    </message>
    <message id="m0612" participant="138112" time="2012-11-19 23:18:41 UTC">
      <body>Ahhh a7la tab3an!</body>
    </message>
    <message id="m0613" participant="138326" time="2012-11-19 23:19:29 UTC">
      <body>Hahaha mashy mashy</body>
    </message>
    <message id="m0615" participant="138326" time="2012-11-19 23:20:26 UTC">
      <body>Tayeb law beta3ek ahla mesh hagarbo ! :D</body>
    </message>
    <message id="m0616" participant="138112" time="2012-11-19 23:30:48 UTC">
      <body>Ahhh garabt</body>
    </message>
    <message id="m0617" participant="138112" time="2012-11-19 23:30:53 UTC">
      <body>*garabo</body>
    </message>
    <message id="m0618" participant="138326" time="2012-11-19 23:33:36 UTC">
      <body>Fein da BA2a :P</body>
    </message>
    <message id="m0619" participant="138112" time="2012-11-19 23:34:03 UTC">
      <body>Ha2olak ezay te3melo :p</body>
    </message>
    <message id="m0620" participant="138326" time="2012-11-19 23:35:14 UTC">
      <body>Haahahahahahahaha</body>
    </message>
    <message id="m0621" participant="138326" time="2012-11-19 23:37:03 UTC">
      <body>La2 akeed mesh ha3melo ahsan manek</body>
    </message>
    <message id="m0622" participant="138112" time="2012-11-19 23:38:11 UTC">
      <body>Sa7 bardo:p</body>
    </message>
    <message id="m0623" participant="138112" time="2012-11-19 23:38:25 UTC">
      <body>Hagee a3melholak bet bet</body>
    </message>
    <message id="m0624" participant="138112" time="2012-11-19 23:38:33 UTC">
      <body>W a3alem o5tak bel mara</body>
    </message>
    <message id="m0625" participant="138326" time="2012-11-19 23:40:19 UTC">
      <body>E3mely ennty w haklo :P</body>
    </message>
    <message id="m0626" participant="138112" time="2012-11-19 23:42:08 UTC">
      <body/>
    </message>
    <message id="m0627" participant="138326" time="2012-11-19 23:52:56 UTC">
      <body>La2 hasa3dek :P</body>
    </message>
    <message id="m0628" participant="138326" time="2012-11-19 23:52:57 UTC">
      <body>Sorry kont bal3ab</body>
    </message>
    <message id="m0629" participant="138112" time="2012-11-19 23:58:53 UTC">
      <body>It's okay haha</body>
    </message>
    <message id="m0630" participant="138326" time="2012-11-20 00:13:37 UTC">
      <body>Mesh 3aref abatal Le3B hahahahahahaha</body>
    </message>
    <message id="m0632" participant="138326" time="2012-11-20 00:19:44 UTC">
      <body>Ah awii</body>
    </message>
    <message id="m0633" participant="138326" time="2012-11-20 00:20:04 UTC">
      <body>Enty 3andek madrasa bokra ?</body>
    </message>
    <message id="m0634" participant="138112" time="2012-11-20 00:20:23 UTC">
      <body>Ahh:</body>
    </message>
    <message id="m0635" participant="138112" time="2012-11-20 00:20:27 UTC">
      <body>Ahh:(</body>
    </message>
    <message id="m0636" participant="138326" time="2012-11-20 00:21:05 UTC">
      <body>W ana kaman 3andy gam3a Bas haro7 at 2</body>
    </message>
    <message id="m0637" participant="138326" time="2012-11-20 00:21:24 UTC">
      <body>Enty hatnamy emta ?</body>
    </message>
    <message id="m0638" participant="138112" time="2012-11-20 00:23:07 UTC">
      <body>Msh 3arfa orayeb ya3ny</body>
    </message>
    <message id="m0639" participant="138326" time="2012-11-20 00:25:54 UTC">
      <body>Hahahaha</body>
    </message>
    <message id="m0640" participant="138112" time="2012-11-20 00:26:26 UTC">
      <body>Ana bakol aslan</body>
    </message>
    <message id="m0641" participant="138326" time="2012-11-20 00:27:44 UTC">
      <body>Hahahaha tayeb khalasy akl w 2olely</body>
    </message>
    <message id="m0642" participant="138112" time="2012-11-20 00:29:06 UTC">
      <body>5alast akl!</body>
    </message>
    <message id="m0643" participant="138326" time="2012-11-20 00:30:50 UTC">
      <body>Besor3a kada</body>
    </message>
    <message id="m0644" participant="138112" time="2012-11-20 00:30:59 UTC">
      <body>Ahh haha</body>
    </message>
    <message id="m0645" participant="138326" time="2012-11-20 00:31:07 UTC">
      <body>Enty batakly besor3a ?</body>
    </message>
    <message id="m0646" participant="138112" time="2012-11-20 00:31:11 UTC">
      <body>Geedan</body>
    </message>
    <message id="m0647" participant="138326" time="2012-11-20 00:31:46 UTC">
      <body>W Ana kaman :O</body>
    </message>
    <message id="m0648" participant="138112" time="2012-11-20 00:31:54 UTC">
      <body>Begad??? Hahaha</body>
    </message>
    <message id="m0649" participant="138326" time="2012-11-20 00:33:24 UTC">
      <body>Ah walahy</body>
    </message>
    <message id="m0650" participant="138326" time="2012-11-20 00:33:42 UTC">
      <body>Ana awel wahed bakhalas akl fel nas</body>
    </message>
    <message id="m0651" participant="138112" time="2012-11-20 00:33:53 UTC">
      <body>Ana kaman!!!!</body>
    </message>
    <message id="m0652" participant="138112" time="2012-11-20 00:34:01 UTC">
      <body>Bas d 7aga we7sha aslan</body>
    </message>
    <message id="m0653" participant="138326" time="2012-11-20 00:34:43 UTC">
      <body>Ana w enty law kalna ma3a BA3d el nas hatedhak</body>
    </message>
    <message id="m0654" participant="138326" time="2012-11-20 00:34:45 UTC">
      <body>Haha</body>
    </message>
    <message id="m0655" participant="138112" time="2012-11-20 00:35:03 UTC">
      <body>Ahhhh haha</body>
    </message>
  </messages>
</conversation>
