<?xml version="1.0" encoding="UTF-8"?>
<conversation id="CHT_ARZ_20120716.0001" medium="CHT" donated="true">
  <messages>
    <message id="m0000" time="2012-07-16 14:20:57 UTC" participant="139275">
      <body>bgd?</body>
    </message>
    <message id="m0001" time="2012-07-16 14:21:27 UTC" participant="139275">
      <body>geran fen ? fe fesl wala myami?</body>
    </message>
    <message id="m0002" time="2012-07-16 14:21:51 UTC" participant="139275">
      <body>heya 3rftna mnen asln :D</body>
    </message>
    <message id="m0003" time="2012-07-16 14:22:18 UTC" participant="139566">
      <body>Estny brb</body>
    </message>
    <message id="m0004" time="2012-07-16 14:22:24 UTC" participant="139275">
      <body>tyt</body>
    </message>
    <message id="m0005" time="2012-07-16 15:13:08 UTC" participant="139566">
      <body>Ezayk ya bet</body>
    </message>
    <message id="m0006" time="2012-07-16 15:14:01 UTC" participant="139566">
      <body>Ektshft ambar7 en sa7bty t3rf ma7moud kano geran w hia ely sa2ltny 3aliko 3amlen eh</body>
    </message>
    <message id="m0007" time="2012-07-16 15:28:38 UTC" participant="139275">
      <body>3agmy ?!</body>
    </message>
    <message id="m0008" time="2012-07-16 15:28:52 UTC" participant="139275">
      <body>tab w heya shaft sortna fen?</body>
    </message>
    <message id="m0009" time="2012-07-16 15:31:05 UTC" participant="139275">
      <body>esmha eman?</body>
    </message>
    <message id="m0010" time="2012-07-16 15:31:27 UTC" participant="139275">
      <body>tab w heya 3rftny mnen :D</body>
    </message>
    <message id="m0011" time="2012-07-16 15:32:10 UTC" participant="139275">
      <body>ana 3ayza el tafasel :D</body>
    </message>
    <message id="m0012" time="2012-07-16 15:32:15 UTC" participant="139566">
      <body>Looool y3ni eh eshm3na eman</body>
    </message>
    <message id="m0013" time="2012-07-16 15:32:20 UTC" participant="139566">
      <body>Y5rb betk</body>
    </message>
    <message id="m0014" time="2012-07-16 15:32:30 UTC" participant="139275">
      <body>esmha eman?</body>
    </message>
    <message id="m0016" time="2012-07-16 15:33:08 UTC" participant="139566">
      <body>W e5watha esmohm m7md w marwa</body>
    </message>
    <message id="m0017" time="2012-07-16 15:34:17 UTC" participant="139275">
      <body>eman sa7btk enty w shaza?</body>
    </message>
    <message id="m0018" time="2012-07-16 15:34:42 UTC" participant="139566">
      <body>W msh fakra esmt tant </body>
    </message>
    <message id="m0019" time="2012-07-16 15:34:43 UTC" participant="139566">
      <body>La2 5als de dof3ty mn el kolia</body>
    </message>
    <message id="m0020" time="2012-07-16 15:34:58 UTC" participant="139566">
      <body>Bs est3'rbt awy enha t3rfk</body>
    </message>
    <message id="m0021" time="2012-07-16 15:35:10 UTC" participant="139275">
      <body>w ana :$</body>
    </message>
    <message id="m0022" time="2012-07-16 15:35:13 UTC" participant="139566">
      <body>Sob7an Allah el nas kolha connected</body>
    </message>
    <message id="m0023" time="2012-07-16 15:38:02 UTC" participant="139275">
      <body>mashy</body>
    </message>
    <message id="m0024" time="2012-07-16 15:38:49 UTC" participant="139275">
      <body>aked 3arftny mn rl fb</body>
    </message>
    <message id="m0025" time="2012-07-16 16:24:16 UTC" participant="139566">
      <body>Bosy hia eman zman kant f 3gmy</body>
    </message>
    <message id="m0026" time="2012-07-16 16:34:50 UTC" participant="139566">
      <body>La2  de bts2lny enty t3rfy omnia ely mtgwza ma7mod ?</body>
    </message>
    <message id="m0027" time="2012-07-16 16:34:50 UTC" participant="139566">
      <body>F 2oltlha ah 2altly w homa 3amlen eh de mama et2srt awy asl ma7mod da garna mn zman w kda</body>
    </message>
    <message id="m0028" time="2012-07-16 16:40:28 UTC" participant="139566">
      <body>Ask ma7mod b2a</body>
    </message>
    <message id="m0029" time="2012-07-16 16:51:00 UTC" participant="139566">
      <body>Ah akeed</body>
    </message>
  </messages>
</conversation>
