<?xml version="1.0" encoding="UTF-8"?>
<conversation id="CHT_ARZ_20130429.0006" medium="CHT" donated="true">
  <messages>
    <message id="m0000" time="2013-04-29 20:11:00 UTC" participant="139230">
      <body>matenseenash bel doaa</body>
    </message>
    <message id="m0001" time="2013-04-29 20:12:00 UTC" participant="139230">
      <body>shokran</body>
    </message>
    <message id="m0002" time="2013-04-29 22:30:00 UTC" participant="139853">
      <body>3amalt el 3omra el hamdullelah</body>
    </message>
    <message id="m0003" time="2013-04-29 22:30:00 UTC" participant="139853">
      <body>w eftakartoko kolloko</body>
    </message>
    <message id="m0004" time="2013-04-29 22:58:00 UTC" participant="139230">
      <body>da3awatek,InshAllah kheir</body>
    </message>
    <message id="m0005" time="2013-04-29 23:00:00 UTC" participant="139853">
      <body>Rabena maai</body>
    </message>
    <message id="m0006" time="2013-04-29 23:01:00 UTC" participant="139230">
      <body>el wa7id bey7awil yekoon 3ando amal</body>
    </message>
    <message id="m0007" time="2013-04-29 23:02:00 UTC" participant="139853">
      <body>inshalla maykonsh fiy 7aga we7sha</body>
    </message>
    <message id="m0008" time="2013-04-29 23:02:00 UTC" participant="139230">
      <body>el 7amdullelah gebt el ta7aleel elnaharda
23:04, 29 Apr – Afl: w bokra 7awariha lel doctor</body>
    </message>
    <message id="m0009" time="2013-04-29 23:05:00 UTC" participant="139230">
      <body>El Hamdullelah</body>
    </message>
    <message id="m0010" time="2013-04-29 23:05:00 UTC" participant="139853">
      <body>ربنا معك ان شاء الله لايكون شيئ مهم</body>
    </message>
    <message id="m0011" time="2013-04-29 23:05:00 UTC" participant="139853">
      <body>الله يطمئنا عليكي</body>
    </message>
    <message id="m0012" time="2013-04-29 23:05:00 UTC" participant="139230">
      <body>inshallah 7atamen 7adretek bokra asap</body>
    </message>
    <message id="m0013" time="2013-04-29 23:07:00 UTC" participant="139230">
      <body>ana bagahez el wara2</body>
    </message>
    <message id="m0014" time="2013-04-29 23:07:00 UTC" participant="139853">
      <body>fi makan kwayes 7a2olek 3aleeh</body>
    </message>
    <message id="m0015" time="2013-04-29 23:07:00 UTC" participant="139230">
      <body>7awli testamte3i bel agaza</body>
    </message>
    <message id="m0016" time="2013-04-29 23:08:00 UTC" participant="139853">
      <body>Alhamdollah</body>
    </message>
    <message id="m0017" time="2013-04-29 23:08:00 UTC" participant="139230">
      <body>inshallah rabena kbiir</body>
    </message>
    <message id="m0018" time="2013-04-29 23:09:00 UTC" participant="139230">
      <body>salami lelgamee3</body>
    </message>
    <message id="m0019" time="2013-04-29 23:11:00 UTC" participant="139853">
      <body>Yewsal inshallah</body>
    </message>
    <message id="m0020" time="2013-04-29 23:11:00 UTC" participant="139853">
      <body>7awli tnami kwayes</body>
    </message>
    <message id="m0021" time="2013-04-29 23:13:00 UTC" participant="139230">
      <body>rabena ma3aha w yedeha w yedi 7adretek el se7a ya Rab</body>
    </message>
    <message id="m0022" time="2013-04-29 23:13:00 UTC" participant="139230">
      <body>tesba7i 3ala kheir</body>
    </message>
    <message id="m0023" time="2013-04-29 23:14:00 UTC" participant="139853">
      <body>wenti men ahlo</body>
    </message>
    <message id="m0024" time="2013-04-29 23:15:00 UTC" participant="139230">
      <body>salam</body>
    </message>
    <message id="m0027" time="2013-04-30 13:35:00 UTC" participant="139853">
      <body>eh el akhbar</body>
    </message>
    <message id="m0028" time="2013-04-30 15:22:00 UTC" participant="139230">
      <body>el natiiga tetla3 bokra</body>
    </message>
    <message id="m0029" time="2013-04-30 15:23:00 UTC" participant="139853">
      <body>ربنا معك</body>
    </message>
    <message id="m0030" time="2013-04-30 15:23:00 UTC" participant="139230">
      <body>el hamdullelah en el mail wasal</body>
    </message>
    <message id="m0031" time="2013-04-30 15:24:00 UTC" participant="139853">
      <body>ana ma fata7toush</body>
    </message>
    <message id="m0032" time="2013-04-30 15:24:00 UTC" participant="139853">
      <body>ana ba3atholek</body>
    </message>
    <message id="m0033" time="2013-04-30 15:24:00 UTC" participant="139230">
      <body>ma3ana l 7ad nos el leel</body>
    </message>
    <message id="m0034" time="2013-04-30 15:25:00 UTC" participant="139853">
      <body>ana mesh 7a3raf afta7</body>
    </message>
    <message id="m0035" time="2013-04-30 15:25:00 UTC" participant="139853">
      <body>eb3ati enti</body>
    </message>
    <message id="m0036" time="2013-04-30 15:25:00 UTC" participant="139230">
      <body>kollo tamam</body>
    </message>
    <message id="m0037" time="2013-04-30 15:25:00 UTC" participant="139230">
      <body>ana ba3at khalas</body>
    </message>
    <message id="m0038" time="2013-04-30 15:26:00 UTC" participant="139853">
      <body>7az sa3iid</body>
    </message>
    <message id="m0039" time="2013-04-30 15:27:00 UTC" participant="139230">
      <body>rabena yeqaddim el kheir</body>
    </message>
    <message id="m0040" time="2013-04-30 15:27:00 UTC" participant="139230">
      <body>7az sa3iid leena e7na el etneen</body>
    </message>
    <message id="m0041" time="2013-04-30 15:28:00 UTC" participant="139230">
      <body>shokran geddan 3ala mosandetek</body>
    </message>
    <message id="m0042" time="2013-04-30 15:28:00 UTC" participant="139230">
      <body>w inshallah atamenk bokra</body>
    </message>
    <message id="m0043" time="2013-04-30 15:29:00 UTC" participant="139853">
      <body>7astanaki</body>
    </message>
    <message id="m0044" time="2013-04-30 15:30:00 UTC" participant="139230">
      <body>inshalla</body>
    </message>
  </messages>
</conversation>
