<?xml version="1.0" encoding="UTF-8"?>
<conversation id="CHT_ARZ_20130203.0000" medium="CHT" donated="true">
  <messages>
    <message id="m0000" participant="138112" time="2013-02-03 20:30:56 UTC">
      <body>Ana shoftek mashya le city stars enaharda!</body>
    </message>
    <message id="m0001" participant="138311" time="2013-02-03 20:41:17 UTC">
      <body>Meen?</body>
    </message>
    <message id="m0002" participant="138311" time="2013-02-03 20:41:18 UTC">
      <body>Ana fe3lan f city</body>
    </message>
    <message id="m0003" participant="138112" time="2013-02-03 20:46:13 UTC">
      <body>Ana Yara!</body>
    </message>
    <message id="m0004" participant="138311" time="2013-02-03 20:50:53 UTC">
      <body>Ente knte henak emta ? W mageteesh tesalme leh?</body>
    </message>
    <message id="m0005" participant="138112" time="2013-02-03 21:04:12 UTC">
      <body>Ya benti shoftek betemshi w Ana m3adeya bel car</body>
    </message>
    <message id="m0006" participant="138311" time="2013-02-03 21:17:16 UTC">
      <body>Ahaaa</body>
    </message>
  </messages>
</conversation>
