<?xml version="1.0" encoding="UTF-8"?>
<conversation id="CHT_ARZ_20130102.0004" medium="CHT" donated="true">
  <messages>
    <message id="m0001" participant="138328" time="2013-01-02 13:23:00 UTC">
      <body>B2olk</body>
    </message>
    <message id="m0002" participant="138328" time="2013-01-02 13:23:06 UTC">
      <body>Gaya enhrda m3ana</body>
    </message>
    <message id="m0003" participant="138112" time="2013-01-02 13:25:24 UTC">
      <body>Feeeen?</body>
    </message>
    <message id="m0004" participant="138328" time="2013-01-02 13:25:33 UTC">
      <body>Korba</body>
    </message>
    <message id="m0005" participant="138328" time="2013-01-02 13:25:34 UTC">
      <body>Mex</body>
    </message>
    <message id="m0006" participant="138328" time="2013-01-02 13:25:45 UTC">
      <body>Ana wenty wa rochane wa farah wa michael wa amr wa adel</body>
    </message>
    <message id="m0007" participant="138328" time="2013-01-02 13:25:49 UTC">
      <body>Ha htigi</body>
    </message>
    <message id="m0008" participant="138112" time="2013-01-02 13:25:59 UTC">
      <body>Eda Farah ray7a??</body>
    </message>
    <message id="m0009" participant="138112" time="2013-01-02 13:26:04 UTC">
      <body>Ahhh agee</body>
    </message>
    <message id="m0010" participant="138112" time="2013-01-02 13:26:26 UTC">
      <body>Enti ray7a?</body>
    </message>
    <message id="m0011" participant="138328" time="2013-01-02 13:26:45 UTC">
      <body>Ahh ray7a</body>
    </message>
    <message id="m0012" participant="138112" time="2013-01-02 13:27:00 UTC">
      <body>Ray7een emta</body>
    </message>
    <message id="m0013" participant="138328" time="2013-01-02 13:27:16 UTC">
      <body>Bosi ana wa rochane hnnzel at 3 keda</body>
    </message>
    <message id="m0014" participant="138112" time="2013-01-02 13:36:03 UTC">
      <body>Tayeb hashoof la2n Ana msh 3arfa el korba d feen :D</body>
    </message>
    <message id="m0015" participant="138328" time="2013-01-02 13:37:05 UTC">
      <body>Bosi hya farah fkst</body>
    </message>
    <message id="m0016" participant="138328" time="2013-01-02 13:37:07 UTC">
      <body>:D</body>
    </message>
    <message id="m0017" participant="138112" time="2013-01-02 13:37:23 UTC">
      <body>Annaaaaa lesa mekalemaha heya msh hat3raf trooh</body>
    </message>
    <message id="m0018" participant="138328" time="2013-01-02 13:37:58 UTC">
      <body>Ahh I knwww</body>
    </message>
    <message id="m0019" participant="138112" time="2013-01-02 13:47:47 UTC">
      <body>Ana hashoof Catherine tayeb 3ashan heya sakna gambi</body>
    </message>
    <message id="m0020" participant="138328" time="2013-01-02 13:48:00 UTC">
      <body>Mazonsh 2nha gaya</body>
    </message>
    <message id="m0021" participant="138112" time="2013-01-02 13:48:08 UTC">
      <body>Whyyy?</body>
    </message>
    <message id="m0022" participant="138328" time="2013-01-02 13:48:13 UTC">
      <body>Msh 3arfa</body>
    </message>
    <message id="m0023" participant="138328" time="2013-01-02 13:48:22 UTC">
      <body>Shofi bas hya el 5roga fkst</body>
    </message>
    <message id="m0024" participant="138112" time="2013-01-02 13:48:33 UTC">
      <body>Bardo? Leh haha</body>
    </message>
    <message id="m0025" participant="138328" time="2013-01-02 13:48:52 UTC">
      <body>:d ahahahahahaha kolo shklo hyfkes lw nzlna h2olk</body>
    </message>
    <message id="m0026" participant="138328" time="2013-01-02 13:48:58 UTC">
      <body>Rochane gyli nw</body>
    </message>
    <message id="m0027" participant="138328" time="2013-01-02 13:49:04 UTC">
      <body>Lw ro7na heta h2olk :*</body>
    </message>
    <message id="m0028" participant="138112" time="2013-01-02 13:49:08 UTC">
      <body>Okay mashy haha :*</body>
    </message>
    <message id="m0029" participant="138328" time="2013-01-02 13:49:16 UTC">
      <body>:* :*</body>
    </message>
    <message id="m0030" participant="138112" time="2013-01-02 14:05:18 UTC">
      <body>3amalti ehhh fel New Years :D</body>
    </message>
    <message id="m0031" participant="138328" time="2013-01-02 14:05:40 UTC">
      <body>Partyyy babee</body>
    </message>
    <message id="m0032" participant="138328" time="2013-01-02 14:05:42 UTC">
      <body>Wentyy</body>
    </message>
    <message id="m0033" participant="138112" time="2013-01-02 14:05:52 UTC">
      <body>Party w eh kaman :D</body>
    </message>
    <message id="m0034" participant="138112" time="2013-01-02 14:06:23 UTC">
      <body>I went out with friends</body>
    </message>
    <message id="m0035" participant="138328" time="2013-01-02 14:06:51 UTC">
      <body>Partyy bas :d party l5yt 6 el sob7 :d</body>
    </message>
    <message id="m0036" participant="138112" time="2013-01-02 14:07:45 UTC">
      <body>Hahaha ya lahwy;)</body>
    </message>
    <message id="m0037" participant="138328" time="2013-01-02 14:07:56 UTC">
      <body>:D</body>
    </message>
    <message id="m0038" participant="138112" time="2013-01-02 14:08:00 UTC">
      <body>Enty w rochane ht3mlo ehh</body>
    </message>
    <message id="m0039" participant="138328" time="2013-01-02 14:08:14 UTC">
      <body>Ma3rfsh hya lesa magtlish</body>
    </message>
    <message id="m0040" participant="138112" time="2013-01-02 14:08:49 UTC">
      <body>Catherine w Farah msh rayheen</body>
    </message>
    <message id="m0041" participant="138328" time="2013-01-02 14:08:58 UTC">
      <body>Ahh</body>
    </message>
    <message id="m0042" participant="138112" time="2013-01-02 17:20:55 UTC">
      <body>Ento ray7een emta</body>
    </message>
    <message id="m0043" participant="138328" time="2013-01-02 17:21:22 UTC">
      <body>Msh 3arfen lesa</body>
    </message>
    <message id="m0044" participant="138328" time="2013-01-02 17:21:25 UTC">
      <body>Enty gaya wala eih ?</body>
    </message>
    <message id="m0045" participant="138112" time="2013-01-02 17:21:34 UTC">
      <body>Ahh Ana w Catherine</body>
    </message>
    <message id="m0046" participant="138112" time="2013-01-02 17:21:48 UTC">
      <body>Bas ento hatro7o emta</body>
    </message>
    <message id="m0047" participant="138328" time="2013-01-02 17:21:57 UTC">
      <body>Msh 3arfen</body>
    </message>
    <message id="m0048" participant="138112" time="2013-01-02 17:22:10 UTC">
      <body>Howa ento momken mate3rafosh?</body>
    </message>
    <message id="m0049" participant="138328" time="2013-01-02 17:22:39 UTC">
      <body>E7na fel tari2 bas fen bzabt msh 3arfen</body>
    </message>
    <message id="m0050" participant="138328" time="2013-01-02 17:22:43 UTC">
      <body>Lma nwsal hn2olkoo</body>
    </message>
    <message id="m0051" participant="138328" time="2013-01-02 17:22:49 UTC">
      <body>Entoo gayen el sa3a kam</body>
    </message>
    <message id="m0052" participant="138112" time="2013-01-02 17:24:11 UTC">
      <body>Ento fel tari2??</body>
    </message>
    <message id="m0053" participant="138328" time="2013-01-02 17:25:10 UTC">
      <body>Ah bas msh 3arfen hn3od fen</body>
    </message>
    <message id="m0054" participant="138328" time="2013-01-02 17:25:14 UTC">
      <body>Bosi homa gayen at 8</body>
    </message>
    <message id="m0055" participant="138112" time="2013-01-02 17:25:41 UTC">
      <body>Homa meen?</body>
    </message>
    <message id="m0056" participant="138328" time="2013-01-02 17:26:24 UTC">
      <body>Han3od fe mex</body>
    </message>
    <message id="m0057" participant="138328" time="2013-01-02 17:26:55 UTC">
      <body>Fih nas gayen 3ala 7 wa shwaia at 8 matrkzi shwaia :D</body>
    </message>
    <message id="m0059" participant="138328" time="2013-01-02 17:31:59 UTC">
      <body>Oki :*</body>
    </message>
    <message id="m0060" participant="138328" time="2013-01-02 18:34:07 UTC">
      <body>Enty feen vv</body>
    </message>
    <message id="m0061" participant="138328" time="2013-01-02 18:34:08 UTC">
      <body>??*</body>
    </message>
  </messages>
</conversation>
