<?xml version="1.0" encoding="UTF-8"?>
<conversation id="CHT_ARZ_20130428.0005" medium="CHT" donated="true">
  <messages>
    <message id="m0000" time="2013-04-28 09:50:00 UTC" participant="139230">
      <body>3awza 7aga men el supermarket?</body>
    </message>
    <message id="m0001" time="2013-04-28 09:51:00 UTC" participant="139880">
      <body>shokran ya 7abebtiy</body>
    </message>
    <message id="m0002" time="2013-04-28 09:52:00 UTC" participant="139880">
      <body>7angeeb fool , 3awza?</body>
    </message>
    <message id="m0003" time="2013-04-28 09:58:00 UTC" participant="139230">
      <body>away , wa7ed bas</body>
    </message>
    <message id="m0004" time="2013-04-28 19:58:00 UTC" participant="139230">
      <body>eh akhbar el ghassala</body>
    </message>
    <message id="m0005" time="2013-04-28 19:59:00 UTC" participant="139880">
      <body>Eshme3nas</body>
    </message>
    <message id="m0006" time="2013-04-28 20:04:00 UTC" participant="139230">
      <body>asli bafakr ageebha l henak</body>
    </message>
    <message id="m0007" time="2013-04-28 20:05:00 UTC" participant="139230">
      <body>olt as2al megarab</body>
    </message>
    <message id="m0008" time="2013-04-28 20:09:00 UTC" participant="139880">
      <body>7atgeebi nafs el model?</body>
    </message>
    <message id="m0009" time="2013-04-28 20:10:00 UTC" participant="139230">
      <body>law kwayes , ah</body>
    </message>
    <message id="m0010" time="2013-04-28 20:11:00 UTC" participant="139230">
      <body>w Kaman se3raha 7elw w 7agmaha kwayes</body>
    </message>
    <message id="m0011" time="2013-04-28 20:12:00 UTC" participant="139880">
      <body>garrabtaha marra, mesh battala</body>
    </message>
    <message id="m0012" time="2013-04-28 20:12:00 UTC" participant="139230">
      <body>lessa 3andi shahr aqarrar feeh</body>
    </message>
    <message id="m0013" time="2013-04-28 20:13:00 UTC" participant="139230">
      <body>ana bazaker french</body>
    </message>
    <message id="m0014" time="2013-04-28 20:13:00 UTC" participant="139230">
      <body>ma3a ebni tab3an</body>
    </message>
    <message id="m0015" time="2013-04-28 20:16:00 UTC" participant="139880">
      <body>law me7taga 7aga olili</body>
    </message>
    <message id="m0016" time="2013-04-28 20:18:00 UTC" participant="139230">
      <body>kollo tamam l7ad delwa2ti</body>
    </message>
    <message id="m0017" time="2013-04-28 20:34:00 UTC" participant="139880">
      <body>Rabena ma3ako</body>
    </message>
  </messages>
</conversation>
