<?xml version="1.0" encoding="UTF-8"?>
<conversation id="CHT_ARZ_20130517.0002" medium="CHT" donated="true">
  <messages>
    <message id="m0000" time="2013-05-17 19:29:00 UTC" participant="139376">
      <body>يا عيني يا هبه</body>
    </message>
    <message id="m0001" time="2013-05-17 19:30:00 UTC" participant="139376">
      <body>انا لسه شايفة صورك على الانستجرام</body>
    </message>
    <message id="m0002" time="2013-05-17 19:30:00 UTC" participant="139376">
      <body>ايه ده؟؟ ده انتي متبهدلة خالص يا حبيبتي</body>
    </message>
    <message id="m0003" time="2013-05-17 19:30:00 UTC" participant="139376">
      <body>عاملة ايه دلوقتي؟؟</body>
    </message>
    <message id="m0004" time="2013-05-17 21:46:00 UTC" participant="139547">
      <body>موها كنا بره و لسه جايين</body>
    </message>
    <message id="m0005" time="2013-05-17 21:46:00 UTC" participant="139547">
      <body>الحمد لله والله</body>
    </message>
    <message id="m0006" time="2013-05-17 21:47:00 UTC" participant="139547">
      <body>احسن من امبارح</body>
    </message>
    <message id="m0007" time="2013-05-17 22:20:00 UTC" participant="139376">
      <body>طب الحمد لل</body>
    </message>
    <message id="m0008" time="2013-05-17 22:20:00 UTC" participant="139376">
      <body>لله</body>
    </message>
    <message id="m0009" time="2013-05-17 22:20:00 UTC" participant="139376">
      <body>كنتي برة عادي ولا رحتي للدكتور ؟؟</body>
    </message>
    <message id="m0010" time="2013-05-17 22:22:00 UTC" participant="139547">
      <body>لا كان عيد ميلاد بنت صحابنا</body>
    </message>
    <message id="m0011" time="2013-05-17 22:22:00 UTC" participant="139547">
      <body>عادى</body>
    </message>
    <message id="m0012" time="2013-05-17 22:22:00 UTC" participant="139547">
      <body>غيرت جو</body>
    </message>
    <message id="m0013" time="2013-05-17 22:22:00 UTC" participant="139376">
      <body>طب قشطة</body>
    </message>
    <message id="m0014" time="2013-05-17 22:22:00 UTC" participant="139547">
      <body>بدل كآبه العيا</body>
    </message>
    <message id="m0015" time="2013-05-17 22:22:00 UTC" participant="139376">
      <body>اه فعلا</body>
    </message>
    <message id="m0016" time="2013-05-18 14:49:00 UTC" participant="139547">
      <body>&lt;Media omitted&gt;</body>
    </message>
    <message id="m0017" time="2013-05-18 14:50:00 UTC" participant="139547">
      <body>صباح الخير </body>
    </message>
    <message id="m0018" time="2013-05-18 14:51:00 UTC" participant="139376">
      <body>صباح الورد والياسمين و كل حاجة حلوة للواد الحلو ده</body>
    </message>
    <message id="m0019" time="2013-05-18 14:51:00 UTC" participant="139376">
      <body></body>
    </message>
    <message id="m0020" time="2013-05-18 14:52:00 UTC" participant="139376">
      <body>عاملة ايه النهاردة؟؟</body>
    </message>
    <message id="m0021" time="2013-05-18 14:52:00 UTC" participant="139547">
      <body>الحمد لله والله</body>
    </message>
    <message id="m0022" time="2013-05-18 14:52:00 UTC" participant="139547">
      <body>احسن</body>
    </message>
    <message id="m0023" time="2013-05-18 14:52:00 UTC" participant="139547">
      <body></body>
    </message>
    <message id="m0024" time="2013-05-18 14:53:00 UTC" participant="139376">
      <body>الحمد لله</body>
    </message>
    <message id="m0025" time="2013-05-18 14:53:00 UTC" participant="139376">
      <body>يارب دايما يارب</body>
    </message>
    <message id="m0026" time="2013-05-18 14:53:00 UTC" participant="139547">
      <body></body>
    </message>
    <message id="m0027" time="2013-05-18 14:54:00 UTC" participant="139376">
      <body></body>
    </message>
  </messages>
</conversation>
