<?xml version="1.0" encoding="UTF-8"?>
<conversation id="CHT_ARZ_20130506.0000" medium="CHT" donated="true">
  <messages>
    <message id="m0001" participant="138112" time="2013-05-06 11:58:14 UTC">
      <body>Wahashteeeeni</body>
    </message>
    <message id="m0002" participant="138328" time="2013-05-06 12:17:03 UTC">
      <body>Wentyyyy kmannn hbebee awee</body>
    </message>
    <message id="m0003" participant="138328" time="2013-05-06 12:17:06 UTC">
      <body>3mlaa eih</body>
    </message>
    <message id="m0004" participant="138112" time="2013-05-06 12:20:04 UTC">
      <body>Ana kwayesa el7</body>
    </message>
    <message id="m0005" participant="138112" time="2013-05-06 12:20:06 UTC">
      <body>Wenti?</body>
    </message>
    <message id="m0007" participant="138328" time="2013-05-06 12:20:12 UTC">
      <body>Goood hbebee</body>
    </message>
    <message id="m0008" participant="138112" time="2013-05-06 12:21:08 UTC">
      <body>Hashoofek emta b2a</body>
    </message>
    <message id="m0009" participant="138328" time="2013-05-06 12:21:19 UTC">
      <body>Shofoo any time hbebee</body>
    </message>
    <message id="m0010" participant="138112" time="2013-05-06 12:21:43 UTC">
      <body>Ana olt le Youssef 5 keda</body>
    </message>
    <message id="m0011" participant="138328" time="2013-05-06 12:21:58 UTC">
      <body>Dahh 2day ?</body>
    </message>
    <message id="m0012" participant="138112" time="2013-05-06 12:22:07 UTC">
      <body>Tessa</body>
    </message>
    <message id="m0014" participant="138112" time="2013-05-06 12:22:14 UTC">
      <body>Hat3rafi</body>
    </message>
    <message id="m0015" participant="138328" time="2013-05-06 12:23:03 UTC">
      <body>Tayb bosii shofo ht3melo eih wa tell me 3lshan ana nzla with mami wa julie wa so7bha down town nakol bara then belell hnrou7 nshar i think bas mmken agilko</body>
    </message>
    <message id="m0016" participant="138112" time="2013-05-06 12:23:37 UTC">
      <body>Tayeb hader lama n3raf for sure w nzabat ha2olak</body>
    </message>
    <message id="m0017" participant="138112" time="2013-05-06 12:23:39 UTC">
      <body>:*</body>
    </message>
    <message id="m0019" participant="138112" time="2013-05-06 12:24:30 UTC">
      <body>Tell Julie I said happy Easter w badeeha bosa :*</body>
    </message>
    <message id="m0020" participant="138328" time="2013-05-06 12:39:42 UTC">
      <body>Eheehe bt2olkkk hya ahsan menekk wa htdilkkk bostennnn</body>
    </message>
    <message id="m0021" participant="138328" time="2013-05-06 12:39:57 UTC">
      <body>Wa hodn kman :D</body>
    </message>
    <message id="m0022" participant="138112" time="2013-05-06 12:45:23 UTC">
      <body>Hahaha :***</body>
    </message>
    <message id="m0023" participant="138112" time="2013-05-06 12:45:40 UTC">
      <body>Bamooootfeeko</body>
    </message>
    <message id="m0024" participant="138112" time="2013-05-06 12:45:43 UTC">
      <body/>
    </message>
    <message id="m0025" participant="138328" time="2013-05-06 13:23:32 UTC">
      <body>Ahahahahahahhaha </body>
    </message>
    <message id="m0026" participant="138112" time="2013-05-06 18:05:10 UTC">
      <body>Ha ya Myrna hateegi</body>
    </message>
    <message id="m0027" participant="138328" time="2013-05-06 18:08:57 UTC">
      <body>Bosii mazonsh msh la2ia had ygbni</body>
    </message>
    <message id="m0028" participant="138112" time="2013-05-06 18:15:01 UTC">
      <body>Mashy:(</body>
    </message>
    <message id="m0030" participant="138328" time="2013-05-06 18:22:26 UTC">
      <body>B2olk eih aftkrt</body>
    </message>
    <message id="m0031" participant="138328" time="2013-05-06 18:22:56 UTC">
      <body>Enty el sabt el gai htkon mamtk lesa magtsh sa7??</body>
    </message>
    <message id="m0033" participant="138112" time="2013-05-07 19:16:39 UTC">
      <body>Myrna habebti</body>
    </message>
    <message id="m0034" participant="138112" time="2013-05-07 19:16:54 UTC">
      <body>Ehna lazemmmm nebtedi el project</body>
    </message>
    <message id="m0035" participant="138112" time="2013-05-07 19:16:56 UTC">
      <body>Bta3 art</body>
    </message>
    <message id="m0036" participant="138328" time="2013-05-07 21:24:33 UTC">
      <body>Mashi hbbeee shofi when wa tell me</body>
    </message>
    <message id="m0038" participant="138328" time="2013-05-07 22:08:56 UTC">
      <body/>
    </message>
    <message id="m0040" participant="138112" time="2013-05-07 23:26:09 UTC">
      <body>Bt3mli eh</body>
    </message>
    <message id="m0044" participant="138328" time="2013-05-08 09:20:24 UTC">
      <body>3amlaa eihh</body>
    </message>
    <message id="m0045" participant="138112" time="2013-05-08 11:01:26 UTC">
      <body>Kwayesa el7</body>
    </message>
    <message id="m0047" participant="138328" time="2013-05-08 11:53:07 UTC">
      <body>Goood hbebe</body>
    </message>
    <message id="m0048" participant="138112" time="2013-05-08 12:24:24 UTC">
      <body>Hannzl emta lel project?</body>
    </message>
    <message id="m0049" participant="138328" time="2013-05-08 13:12:36 UTC">
      <body>Shofii any time</body>
    </message>
    <message id="m0050" participant="138112" time="2013-05-08 15:22:53 UTC">
      <body>Tayeb bokra?</body>
    </message>
    <message id="m0051" participant="138328" time="2013-05-08 15:26:31 UTC">
      <body>Tayb harood 3alikii belell ok ?</body>
    </message>
    <message id="m0052" participant="138112" time="2013-05-08 15:28:10 UTC">
      <body>Mashy</body>
    </message>
  </messages>
</conversation>
