<?xml version="1.0" encoding="UTF-8"?>
<conversation id="CHT_ARZ_20130512.0003" medium="CHT" donated="true">
  <messages>
    <message id="m0000" time="2013-05-12 11:13:00 UTC" participant="139548">
      <body>صباح الخبر ازيك يا مها واحشاني</body>
    </message>
    <message id="m0001" time="2013-05-12 11:13:00 UTC" participant="139376">
      <body>ازيك يا منمن</body>
    </message>
    <message id="m0002" time="2013-05-12 11:13:00 UTC" participant="139376">
      <body>انتي كمان وحشاني</body>
    </message>
    <message id="m0003" time="2013-05-12 11:13:00 UTC" participant="139548">
      <body>فبنك يا بنتي غاطسانه فيم</body>
    </message>
    <message id="m0004" time="2013-05-12 11:13:00 UTC" participant="139376">
      <body>اخبارك ايه؟؟</body>
    </message>
    <message id="m0005" time="2013-05-12 11:13:00 UTC" participant="139376">
      <body>انتي الي فينك</body>
    </message>
    <message id="m0006" time="2013-05-12 11:14:00 UTC" participant="139376">
      <body>اخر كام مرة كلمتك فيها حسيتك مشغوله</body>
    </message>
    <message id="m0007" time="2013-05-12 11:14:00 UTC" participant="139548">
      <body>الحمد لله</body>
    </message>
    <message id="m0008" time="2013-05-12 11:15:00 UTC" participant="139548">
      <body>اه كما بنحضر للسفر روحما شارم زي ما قولتلك</body>
    </message>
    <message id="m0009" time="2013-05-12 11:15:00 UTC" participant="139376">
      <body>اه</body>
    </message>
    <message id="m0010" time="2013-05-12 11:15:00 UTC" participant="139376">
      <body>طب كويس</body>
    </message>
    <message id="m0011" time="2013-05-12 11:15:00 UTC" participant="139376">
      <body>كانت حلوة؟</body>
    </message>
    <message id="m0012" time="2013-05-12 11:16:00 UTC" participant="139548">
      <body>بس عمر طلع عينا مش عايز يقعد ابدا"مكناش بنعرف ناكل منو</body>
    </message>
    <message id="m0013" time="2013-05-12 11:16:00 UTC" participant="139376">
      <body></body>
    </message>
    <message id="m0014" time="2013-05-12 11:16:00 UTC" participant="139376">
      <body>فرحان</body>
    </message>
    <message id="m0015" time="2013-05-12 11:17:00 UTC" participant="139548">
      <body>غير الفضيحة في الطيارة مش عايز يربط الحزام</body>
    </message>
    <message id="m0016" time="2013-05-12 11:17:00 UTC" participant="139376">
      <body>حسين</body>
    </message>
    <message id="m0017" time="2013-05-12 11:17:00 UTC" participant="139376">
      <body></body>
    </message>
    <message id="m0018" time="2013-05-12 11:17:00 UTC" participant="139548">
      <body>بس اتبسط الحمدلله</body>
    </message>
    <message id="m0019" time="2013-05-12 11:17:00 UTC" participant="139376">
      <body>الحمد لله</body>
    </message>
    <message id="m0020" time="2013-05-12 11:18:00 UTC" participant="139376">
      <body>المهم انكم اتبسطم</body>
    </message>
    <message id="m0021" time="2013-05-12 11:18:00 UTC" participant="139548">
      <body>اه الحمدلله</body>
    </message>
    <message id="m0022" time="2013-05-12 11:19:00 UTC" participant="139548">
      <body>بس نفسي اشوفلي حل في عمر مبيقعدش ختى في الحضانة بيشتكو منه</body>
    </message>
    <message id="m0023" time="2013-05-12 11:19:00 UTC" participant="139376">
      <body/>
    </message>
    <message id="m0025" time="2013-05-12 11:20:00 UTC" participant="139376">
      <body>طب مشفتيش متخصص؟؟</body>
    </message>
    <message id="m0026" time="2013-05-12 11:21:00 UTC" participant="139548">
      <body>بالزات لو اللي بيعملوه مش مهتم بيه بس لو بحاجه بيحبها بيقعد و يركز</body>
    </message>
    <message id="m0027" time="2013-05-12 11:22:00 UTC" participant="139548">
      <body>مانا واديتو لمنال عمر عشان الكلام كمان</body>
    </message>
    <message id="m0028" time="2013-05-12 11:23:00 UTC" participant="139548">
      <body>بس قالتلي طلاما بيتحرك كتير عشان عندو فضول مش منغير هدف ميبقاش هايبر</body>
    </message>
    <message id="m0029" time="2013-05-12 11:23:00 UTC" participant="139376">
      <body>ممممم</body>
    </message>
    <message id="m0030" time="2013-05-12 11:25:00 UTC" participant="139548">
      <body>و الكلام قالتلي هو متأخر لاسباب غير معلومه وده السبب الاكتر لتاخر الكلام عند الولاد</body>
    </message>
    <message id="m0031" time="2013-05-12 11:25:00 UTC" participant="139376">
      <body>طب قليلي له الشكولاتات والحاجات الحلوة</body>
    </message>
    <message id="m0032" time="2013-05-12 11:25:00 UTC" participant="139376">
      <body>انا اعرف انها بتزود الحاجات دي</body>
    </message>
    <message id="m0033" time="2013-05-12 11:26:00 UTC" participant="139548">
      <body>بس ان شاء الله عند 4 او 5 سنين حيبقى زيه زي باقي زمايله</body>
    </message>
    <message id="m0034" time="2013-05-12 11:26:00 UTC" participant="139376">
      <body>ان شاء الله</body>
    </message>
    <message id="m0035" time="2013-05-12 11:26:00 UTC" participant="139548">
      <body>ولو مستعجله اديه تخاطب</body>
    </message>
    <message id="m0036" time="2013-05-12 11:27:00 UTC" participant="139376">
      <body>انتي طبعا عايزاه يتكلم علشان المدارس</body>
    </message>
    <message id="m0037" time="2013-05-12 11:29:00 UTC" participant="139548">
      <body>اه طبعت" ربنا يسهل بقى مانا بديلو تخاطب ادعيلو بقى يا مها ربنا يفك عقدة لسانه ويهدى شويه كده</body>
    </message>
    <message id="m0038" time="2013-05-12 11:29:00 UTC" participant="139376">
      <body>يعني ابتديتي معاه تخاطب خلاص؟؟</body>
    </message>
    <message id="m0039" time="2013-05-12 11:30:00 UTC" participant="139548">
      <body>هو فعلا"عندو فضول غير طبيعي كل حاجه عايز يفتحها ويشوفها</body>
    </message>
    <message id="m0040" time="2013-05-12 11:30:00 UTC" participant="139376">
      <body></body>
    </message>
    <message id="m0041" time="2013-05-12 11:30:00 UTC" participant="139376">
      <body>ماشاء الله</body>
    </message>
    <message id="m0042" time="2013-05-12 11:30:00 UTC" participant="139548">
      <body>اه من اسبوع كده</body>
    </message>
    <message id="m0043" time="2013-05-12 11:30:00 UTC" participant="139376">
      <body>طب كويس</body>
    </message>
    <message id="m0044" time="2013-05-12 11:30:00 UTC" participant="139376">
      <body>ربنا يصلح لك الحال يارب</body>
    </message>
    <message id="m0045" time="2013-05-12 11:31:00 UTC" participant="139548">
      <body>وانتي عمله اه علي وحسين اه اخبرهم</body>
    </message>
    <message id="m0046" time="2013-05-12 11:31:00 UTC" participant="139376">
      <body>الحمد لله والله</body>
    </message>
    <message id="m0047" time="2013-05-12 11:32:00 UTC" participant="139376">
      <body>ماشي الحال</body>
    </message>
    <message id="m0048" time="2013-05-12 11:33:00 UTC" participant="139548">
      <body>إه اخبار المدارس</body>
    </message>
    <message id="m0049" time="2013-05-12 11:33:00 UTC" participant="139548">
      <body>انتو حتخلصوا امتى؟</body>
    </message>
    <message id="m0050" time="2013-05-12 11:35:00 UTC" participant="139376">
      <body>لسإ</body>
    </message>
    <message id="m0051" time="2013-05-12 11:35:00 UTC" participant="139376">
      <body>على نص 6 ان شاء الله</body>
    </message>
    <message id="m0052" time="2013-05-12 11:38:00 UTC" participant="139548">
      <body>يلا ربنا معاكو</body>
    </message>
    <message id="m0053" time="2013-05-12 11:39:00 UTC" participant="139376">
      <body>الله يخليكي</body>
    </message>
    <message id="m0054" time="2013-05-12 11:39:00 UTC" participant="139548">
      <body>كلمتي نيللي قريب ولا حاجه</body>
    </message>
    <message id="m0055" time="2013-05-12 11:39:00 UTC" participant="139376">
      <body>وعمو وسهى اخبارهم ايه؟؟</body>
    </message>
    <message id="m0056" time="2013-05-12 11:39:00 UTC" participant="139376">
      <body>اه لسه امبارح</body>
    </message>
    <message id="m0057" time="2013-05-12 11:39:00 UTC" participant="139548">
      <body>و عمله اه؟</body>
    </message>
    <message id="m0058" time="2013-05-12 11:40:00 UTC" participant="139376">
      <body>الحمد لله</body>
    </message>
    <message id="m0059" time="2013-05-12 11:40:00 UTC" participant="139376">
      <body>نور كان عندها الجدري</body>
    </message>
    <message id="m0060" time="2013-05-12 11:41:00 UTC" participant="139548">
      <body>ينهر ابيض طاب نيللي اخدتو قبل كده لحسن ده غلط على الحامل؟؟</body>
    </message>
    <message id="m0061" time="2013-05-12 11:42:00 UTC" participant="139376">
      <body>لا الحمد لله عدت على خير</body>
    </message>
    <message id="m0062" time="2013-05-12 11:43:00 UTC" participant="139548">
      <body>طاب الحمد لله</body>
    </message>
    <message id="m0063" time="2013-05-12 11:43:00 UTC" participant="139376">
      <body>الحمد لله</body>
    </message>
    <message id="m0064" time="2013-05-12 11:44:00 UTC" participant="139548">
      <body>حلوه قوي صورة علي وحسين اللي انتي حطاها ما شاء الله</body>
    </message>
    <message id="m0065" time="2013-05-12 11:45:00 UTC" participant="139376">
      <body> الله يخليكي</body>
    </message>
    <message id="m0066" time="2013-05-12 11:45:00 UTC" participant="139376">
      <body>عقبال ما شوف صورة لعمر كده</body>
    </message>
    <message id="m0067" time="2013-05-12 11:49:00 UTC" participant="139548">
      <body>خلاص يا ستي ان شاء حبقى ابعتلك</body>
    </message>
    <message id="m0068" time="2013-05-12 11:49:00 UTC" participant="139548">
      <body>و نيللي عمله هه فى الحمل</body>
    </message>
    <message id="m0069" time="2013-05-12 11:49:00 UTC" participant="139548">
      <body>لسه تعبانة؟</body>
    </message>
    <message id="m0070" time="2013-05-12 11:56:00 UTC" participant="139376">
      <body>لما كلمتها امبارح كانت كويسة الحمد لله</body>
    </message>
    <message id="m0071" time="2013-05-12 11:57:00 UTC" participant="139376">
      <body>انتي الي عاملة ايه في الحمل؟؟</body>
    </message>
    <message id="m0072" time="2013-05-12 12:00:00 UTC" participant="139548">
      <body>و امنيه عمله اه مع يحي؟</body>
    </message>
    <message id="m0073" time="2013-05-12 12:10:00 UTC" participant="139376">
      <body>كويسة الحمد لله</body>
    </message>
    <message id="m0074" time="2013-05-12 12:17:00 UTC" participant="139548">
      <body>مسألتنيش يعني اذا كنت حجيب بنت ولا ولد ان شاء الله</body>
    </message>
    <message id="m0075" time="2013-05-12 12:42:00 UTC" participant="139376">
      <body>هو انا اعرف اصلا انتي في الكام؟؟</body>
    </message>
    <message id="m0076" time="2013-05-12 12:42:00 UTC" participant="139376">
      <body>وبعدين انا عارفة انك مش بتحبي نقولي</body>
    </message>
    <message id="m0077" time="2013-05-12 12:42:00 UTC" participant="139376">
      <body>بس قولي بقه  </body>
    </message>
    <message id="m0078" time="2013-05-12 13:37:00 UTC" participant="139548">
      <body>لا يابنتي انت المرة اللي فاتت قولتلك انلد على طوول</body>
    </message>
    <message id="m0079" time="2013-05-12 13:38:00 UTC" participant="139376">
      <body>لا مش فاكرة</body>
    </message>
    <message id="m0080" time="2013-05-12 13:38:00 UTC" participant="139376">
      <body>ها</body>
    </message>
    <message id="m0081" time="2013-05-12 13:38:00 UTC" participant="139376">
      <body>قولي بقه</body>
    </message>
    <message id="m0082" time="2013-05-12 13:38:00 UTC" participant="139548">
      <body>على العموم المرة دي ان شاء الله بنت</body>
    </message>
    <message id="m0083" time="2013-05-12 13:38:00 UTC" participant="139376">
      <body>الللللللللللللله</body>
    </message>
    <message id="m0084" time="2013-05-12 13:38:00 UTC" participant="139376">
      <body>هيه هيه هيه</body>
    </message>
    <message id="m0085" time="2013-05-12 13:38:00 UTC" participant="139376">
      <body>مبرووووووك</body>
    </message>
    <message id="m0086" time="2013-05-12 13:39:00 UTC" participant="139376">
      <body>مويا ان شاء الله</body>
    </message>
    <message id="m0087" time="2013-05-12 13:39:00 UTC" participant="139548">
      <body>ان شاء الله</body>
    </message>
    <message id="m0088" time="2013-05-12 13:40:00 UTC" participant="139548">
      <body>متنسيهاش هي و عمر بقى من دعاكي</body>
    </message>
    <message id="m0089" time="2013-05-12 13:41:00 UTC" participant="139376">
      <body>ان شاء الله</body>
    </message>
    <message id="m0090" time="2013-05-12 13:41:00 UTC" participant="139376">
      <body>انتي ان شاء الله مفروض تولدي امتى؟؟</body>
    </message>
    <message id="m0091" time="2013-05-12 13:42:00 UTC" participant="139548">
      <body>ان شاء الله اخر8</body>
    </message>
    <message id="m0092" time="2013-05-12 13:42:00 UTC" participant="139376">
      <body>مع نيللي ان شاء الله</body>
    </message>
    <message id="m0093" time="2013-05-12 13:43:00 UTC" participant="139548">
      <body>هي نيللي حتولد امتى</body>
    </message>
    <message id="m0094" time="2013-05-12 13:45:00 UTC" participant="139376">
      <body>المفروض8برضه</body>
    </message>
    <message id="m0095" time="2013-05-12 13:45:00 UTC" participant="139548">
      <body>هي حامل في بنت مش كده</body>
    </message>
    <message id="m0096" time="2013-05-12 13:45:00 UTC" participant="139376">
      <body>اه</body>
    </message>
    <message id="m0097" time="2013-05-12 13:46:00 UTC" participant="139548">
      <body>يا رب بس متكنش زعلانة</body>
    </message>
    <message id="m0098" time="2013-05-12 13:46:00 UTC" participant="139548">
      <body>اصلها المره اللي فاتت كانت زعلانة</body>
    </message>
    <message id="m0099" time="2013-05-12 13:51:00 UTC" participant="139376">
      <body>لا كويسة</body>
    </message>
    <message id="m0100" time="2013-05-12 13:53:00 UTC" participant="139548">
      <body>طاب الحمد لله</body>
    </message>
    <message id="m0101" time="2013-05-12 13:53:00 UTC" participant="139376">
      <body></body>
    </message>
  </messages>
</conversation>
