<?xml version="1.0" encoding="UTF-8"?>
<conversation id="CHT_ARZ_20130303.0001" medium="CHT" donated="true">
  <messages>
    <message id="m0000" participant="138112" time="2013-03-03 21:01:05 UTC">
      <body>Rayeh</body>
    </message>
    <message id="m0002" participant="138329" time="2013-03-03 22:44:51 UTC">
      <body>wenty</body>
    </message>
    <message id="m0003" participant="138112" time="2013-03-03 22:59:24 UTC">
      <body>Ah</body>
    </message>
    <message id="m0004" participant="138112" time="2013-03-03 23:56:41 UTC">
      <body>Rawaht?</body>
    </message>
    <message id="m0005" participant="138329" time="2013-03-03 23:57:12 UTC">
      <body>meen alek eny kont bara aslan</body>
    </message>
    <message id="m0006" participant="138112" time="2013-03-03 23:57:19 UTC">
      <body>Hahahaha</body>
    </message>
    <message id="m0007" participant="138329" time="2013-03-03 23:57:24 UTC">
      <body>aakeedd youssedf</body>
    </message>
    <message id="m0008" participant="138112" time="2013-03-03 23:57:36 UTC">
      <body>Hahaaha</body>
    </message>
    <message id="m0009" participant="138329" time="2013-03-03 23:57:56 UTC">
      <body>ahh rawa7t</body>
    </message>
    <message id="m0010" participant="138329" time="2013-03-04 00:29:16 UTC">
      <body>bet3mli eih</body>
    </message>
    <message id="m0011" participant="138112" time="2013-03-04 00:29:26 UTC">
      <body>Wala haga</body>
    </message>
    <message id="m0013" participant="138329" time="2013-03-04 00:29:43 UTC">
      <body>ahhh tyb  namy khals</body>
    </message>
    <message id="m0014" participant="138112" time="2013-03-04 00:31:29 UTC">
      <body>W enta</body>
    </message>
    <message id="m0015" participant="138112" time="2013-03-04 00:31:36 UTC">
      <body>Msh gayeli nom</body>
    </message>
    <message id="m0016" participant="138329" time="2013-03-04 00:31:47 UTC">
      <body>wala haga hast7ama wanam</body>
    </message>
    <message id="m0017" participant="138112" time="2013-03-04 00:32:16 UTC">
      <body>Leh masta7ametsh mn badri</body>
    </message>
    <message id="m0018" participant="138329" time="2013-03-04 00:32:34 UTC">
      <body>fakis makontsh ader</body>
    </message>
    <message id="m0019" participant="138329" time="2013-03-04 00:32:40 UTC">
      <body>kont mkasel</body>
    </message>
    <message id="m0020" participant="138112" time="2013-03-04 00:38:10 UTC">
      <body>W delwa2ti el ader</body>
    </message>
    <message id="m0021" participant="138329" time="2013-03-04 00:38:49 UTC">
      <body>ahhh yala brb</body>
    </message>
    <message id="m0022" participant="138112" time="2013-03-04 00:38:57 UTC">
      <body>Ok</body>
    </message>
    <message id="m0023" participant="138329" time="2013-03-04 00:44:28 UTC">
      <body>backk bsora3a ;)</body>
    </message>
    <message id="m0024" participant="138112" time="2013-03-04 00:44:40 UTC">
      <body>Lehe2t??</body>
    </message>
    <message id="m0025" participant="138329" time="2013-03-04 00:46:06 UTC">
      <body>ahhh</body>
    </message>
    <message id="m0026" participant="138112" time="2013-03-04 00:46:28 UTC">
      <body>Msh betlayef wala eh</body>
    </message>
    <message id="m0027" participant="138329" time="2013-03-04 00:48:16 UTC">
      <body>l2 akeed etlayft</body>
    </message>
    <message id="m0028" participant="138112" time="2013-03-04 00:48:50 UTC">
      <body>F 5 minutes hhahaah</body>
    </message>
    <message id="m0029" participant="138329" time="2013-03-04 00:49:19 UTC">
      <body>6</body>
    </message>
    <message id="m0030" participant="138329" time="2013-03-04 00:50:16 UTC">
      <body>sor3a fel ada2 w deka fel 3amal</body>
    </message>
    <message id="m0031" participant="138112" time="2013-03-04 00:50:31 UTC">
      <body>Hahahahahahaha</body>
    </message>
    <message id="m0032" participant="138112" time="2013-03-04 00:50:34 UTC">
      <body>Hahahaha</body>
    </message>
    <message id="m0033" participant="138329" time="2013-03-04 00:50:47 UTC">
      <body>hahahhaha</body>
    </message>
    <message id="m0034" participant="138112" time="2013-03-04 00:52:32 UTC">
      <body>Rayeh el mekna</body>
    </message>
    <message id="m0035" participant="138329" time="2013-03-04 00:54:53 UTC">
      <body>y3ani eih</body>
    </message>
    <message id="m0036" participant="138112" time="2013-03-04 00:55:01 UTC">
      <body>Antesh</body>
    </message>
    <message id="m0037" participant="138112" time="2013-03-04 00:55:06 UTC">
      <body>;)</body>
    </message>
    <message id="m0038" participant="138329" time="2013-03-04 00:57:06 UTC">
      <body>hahahahahahhhhhahhhhahahhhhhhhahhhhhahhahahhahajahaaahaahahhahhha</body>
    </message>
    <message id="m0039" participant="138329" time="2013-03-04 00:57:26 UTC">
      <body>wallahi el 3azeem ana mabsoot beki</body>
    </message>
    <message id="m0040" participant="138112" time="2013-03-04 00:57:44 UTC">
      <body>Hahahaha shoft :D</body>
    </message>
    <message id="m0041" participant="138329" time="2013-03-04 00:59:13 UTC">
      <body>shatra wallhi</body>
    </message>
    <message id="m0042" participant="138329" time="2013-03-04 00:59:19 UTC">
      <body>etloby ay talab</body>
    </message>
    <message id="m0043" participant="138329" time="2013-03-04 00:59:27 UTC">
      <body>w ha3melholek</body>
    </message>
    <message id="m0044" participant="138112" time="2013-03-04 00:59:49 UTC">
      <body>Gebli flowers now:)</body>
    </message>
    <message id="m0045" participant="138329" time="2013-03-04 01:00:10 UTC">
      <body>l2 mesh delw2ty</body>
    </message>
    <message id="m0046" participant="138329" time="2013-03-04 01:00:16 UTC">
      <body>momken b3deeb</body>
    </message>
    <message id="m0047" participant="138329" time="2013-03-04 01:00:26 UTC">
      <body>etloby talab tani</body>
    </message>
    <message id="m0048" participant="138112" time="2013-03-04 01:00:33 UTC">
      <body>Gebli akl now:)</body>
    </message>
    <message id="m0049" participant="138329" time="2013-03-04 01:01:12 UTC">
      <body>matetloby talab kwayes eih el talabat de</body>
    </message>
    <message id="m0050" participant="138112" time="2013-03-04 01:04:45 UTC">
      <body>E3meli articles</body>
    </message>
    <message id="m0051" participant="138329" time="2013-03-04 01:05:15 UTC">
      <body>hahhhaa ana 3alia 8 hasalemhm el talar</body>
    </message>
    <message id="m0052" participant="138329" time="2013-03-04 01:05:19 UTC">
      <body>talat</body>
    </message>
    <message id="m0053" participant="138112" time="2013-03-04 01:06:26 UTC">
      <body>-___-</body>
    </message>
    <message id="m0054" participant="138329" time="2013-03-04 01:06:40 UTC">
      <body>ahh wallhi</body>
    </message>
    <message id="m0055" participant="138329" time="2013-03-04 01:07:10 UTC">
      <body>etloby talab tani mafhosh a3mli w gebly dool</body>
    </message>
    <message id="m0056" participant="138112" time="2013-03-04 01:10:48 UTC">
      <body>mafish -__-</body>
    </message>
    <message id="m0057" participant="138329" time="2013-03-04 01:12:21 UTC">
      <body>tyb kwayes el7 :p</body>
    </message>
    <message id="m0058" participant="138112" time="2013-03-04 01:12:46 UTC">
      <body>Hahaha magnoon</body>
    </message>
    <message id="m0059" participant="138329" time="2013-03-04 01:12:47 UTC">
      <body>aana shakli hanam</body>
    </message>
    <message id="m0061" participant="138329" time="2013-03-04 01:12:58 UTC">
      <body>rabna ye5alki</body>
    </message>
    <message id="m0065" participant="138329" time="2013-03-04 16:18:20 UTC">
      <body>hatro7y el 3aza</body>
    </message>
    <message id="m0066" participant="138112" time="2013-03-04 19:09:16 UTC">
      <body>La2a</body>
    </message>
    <message id="m0067" participant="138112" time="2013-03-04 19:09:20 UTC">
      <body>B3eed awy</body>
    </message>
    <message id="m0068" participant="138112" time="2013-03-04 19:09:34 UTC">
      <body>Hab2a atesel a3azeeha</body>
    </message>
    <message id="m0069" participant="138329" time="2013-03-04 19:10:58 UTC">
      <body>tyb</body>
    </message>
    <message id="m0070" participant="138112" time="2013-03-04 19:11:18 UTC">
      <body>W enta</body>
    </message>
    <message id="m0071" participant="138329" time="2013-03-04 19:11:41 UTC">
      <body>l2 bardo</body>
    </message>
    <message id="m0072" participant="138112" time="2013-03-04 19:11:48 UTC">
      <body>Leh</body>
    </message>
    <message id="m0073" participant="138329" time="2013-03-04 19:12:00 UTC">
      <body>mesh ader</body>
    </message>
    <message id="m0074" participant="138112" time="2013-03-04 19:12:19 UTC">
      <body>3eeb</body>
    </message>
    <message id="m0075" participant="138329" time="2013-03-04 19:13:48 UTC">
      <body>haklmeha ana kamn</body>
    </message>
    <message id="m0077" participant="138112" time="2013-03-04 19:16:56 UTC">
      <body>Enta enaharda b2a 3aywz t2oli eh</body>
    </message>
    <message id="m0078" participant="138112" time="2013-03-04 19:17:07 UTC">
      <body>W kol shwaya temshi w mat2olish haha</body>
    </message>
    <message id="m0079" participant="138329" time="2013-03-04 19:17:24 UTC">
      <body>enty betst3abaty</body>
    </message>
    <message id="m0080" participant="138329" time="2013-03-04 19:17:33 UTC">
      <body>oltelek 3yzek lew7dek</body>
    </message>
    <message id="m0081" participant="138112" time="2013-03-04 19:17:53 UTC">
      <body>3ayezni lwahdi leh</body>
    </message>
    <message id="m0082" participant="138329" time="2013-03-04 19:19:28 UTC">
      <body>khalas b2a mesh mohem</body>
    </message>
    <message id="m0083" participant="138112" time="2013-03-04 19:20:04 UTC">
      <body>Asl mafish haga tet2al</body>
    </message>
    <message id="m0084" participant="138112" time="2013-03-04 19:20:11 UTC">
      <body>Olteli 2alak w 5alas haha</body>
    </message>
    <message id="m0085" participant="138112" time="2013-03-04 19:20:16 UTC">
      <body>Hateegi bokra el madrasa</body>
    </message>
    <message id="m0086" participant="138329" time="2013-03-04 19:20:26 UTC">
      <body>ahhh</body>
    </message>
    <message id="m0087" participant="138329" time="2013-03-04 19:24:00 UTC">
      <body>wenty ya habebty</body>
    </message>
    <message id="m0088" participant="138112" time="2013-03-04 19:29:03 UTC">
      <body>Inshallah</body>
    </message>
    <message id="m0089" participant="138329" time="2013-03-04 19:29:21 UTC">
      <body>:*</body>
    </message>
    <message id="m0090" participant="138112" time="2013-03-04 19:29:58 UTC">
      <body>:*</body>
    </message>
    <message id="m0091" participant="138112" time="2013-03-04 19:30:03 UTC">
      <body>Bt3ml eh</body>
    </message>
    <message id="m0092" participant="138329" time="2013-03-04 19:31:53 UTC">
      <body>wala haga batfarag 3ala movie</body>
    </message>
    <message id="m0093" participant="138329" time="2013-03-04 19:32:15 UTC">
      <body>Badawar</body>
    </message>
    <message id="m0094" participant="138112" time="2013-03-04 19:32:41 UTC">
      <body>3la eh</body>
    </message>
    <message id="m0095" participant="138329" time="2013-03-04 19:34:09 UTC">
      <body>Badawar lesa</body>
    </message>
    <message id="m0096" participant="138112" time="2013-03-04 19:37:49 UTC">
      <body>Aywa bedawar feen</body>
    </message>
    <message id="m0098" participant="138112" time="2013-03-04 19:56:14 UTC">
      <body>-___-</body>
    </message>
    <message id="m0099" participant="138329" time="2013-03-04 20:24:27 UTC">
      <body>Malek</body>
    </message>
    <message id="m0100" participant="138112" time="2013-03-04 20:25:12 UTC">
      <body>Mafishhhh</body>
    </message>
    <message id="m0101" participant="138329" time="2013-03-04 20:25:26 UTC">
      <body>------....------</body>
    </message>
    <message id="m0102" participant="138329" time="2013-03-04 20:25:30 UTC">
      <body>La wallhi</body>
    </message>
    <message id="m0103" participant="138112" time="2013-03-04 20:25:35 UTC">
      <body>Wala</body>
    </message>
    <message id="m0104" participant="138112" time="2013-03-04 20:25:38 UTC">
      <body>Walahi</body>
    </message>
    <message id="m0105" participant="138112" time="2013-03-04 20:25:49 UTC">
      <body>Bt3mel eh</body>
    </message>
    <message id="m0106" participant="138329" time="2013-03-04 20:26:10 UTC">
      <body>Wala haga facebook basali wa2ty</body>
    </message>
    <message id="m0107" participant="138329" time="2013-03-04 20:26:15 UTC">
      <body>Wenty</body>
    </message>
    <message id="m0108" participant="138112" time="2013-03-04 20:32:27 UTC">
      <body>Batfarag 3la fariha</body>
    </message>
    <message id="m0109" participant="138329" time="2013-03-04 20:32:44 UTC">
      <body>Da eih da</body>
    </message>
    <message id="m0110" participant="138112" time="2013-03-04 20:33:25 UTC">
      <body>Tamseleya</body>
    </message>
    <message id="m0111" participant="138329" time="2013-03-04 20:33:39 UTC">
      <body>Ahh tyb</body>
    </message>
    <message id="m0112" participant="138329" time="2013-03-04 21:28:00 UTC">
      <body>Bet3li eih</body>
    </message>
    <message id="m0114" participant="138112" time="2013-03-04 21:30:10 UTC">
      <body>W me2anta5a</body>
    </message>
    <message id="m0115" participant="138112" time="2013-03-04 21:30:12 UTC">
      <body>Hahaha</body>
    </message>
    <message id="m0117" participant="138329" time="2013-03-04 21:35:29 UTC">
      <body>Hahhaha zayek</body>
    </message>
    <message id="m0118" participant="138112" time="2013-03-04 21:35:46 UTC">
      <body>Zah2ananananana</body>
    </message>
    <message id="m0119" participant="138329" time="2013-03-04 22:01:13 UTC">
      <body>Tyb oli hg</body>
    </message>
    <message id="m0120" participant="138329" time="2013-03-04 22:01:14 UTC">
      <body>Haga</body>
    </message>
    <message id="m0121" participant="138112" time="2013-03-04 22:09:40 UTC">
      <body>Haga</body>
    </message>
    <message id="m0122" participant="138329" time="2013-03-04 22:21:00 UTC">
      <body>:)</body>
    </message>
    <message id="m0123" participant="138112" time="2013-03-04 22:26:12 UTC">
      <body>Ana taabana</body>
    </message>
    <message id="m0124" participant="138112" time="2013-03-04 22:26:18 UTC">
      <body>3ayza anam</body>
    </message>
    <message id="m0125" participant="138112" time="2013-03-04 22:26:24 UTC">
      <body>Bas msh 3arfa anam</body>
    </message>
    <message id="m0126" participant="138329" time="2013-03-04 22:26:25 UTC">
      <body>3andek eih</body>
    </message>
    <message id="m0127" participant="138329" time="2013-03-04 22:26:59 UTC">
      <body>Agy anaymek</body>
    </message>
    <message id="m0128" participant="138112" time="2013-03-04 22:40:11 UTC">
      <body>Hahahaha ezay</body>
    </message>
    <message id="m0129" participant="138329" time="2013-03-04 22:41:56 UTC">
      <body>M3rafsj</body>
    </message>
    <message id="m0130" participant="138329" time="2013-03-04 22:41:56 UTC">
      <body>M3rafh</body>
    </message>
    <message id="m0131" participant="138112" time="2013-03-04 22:42:07 UTC">
      <body>Msh hatnam</body>
    </message>
    <message id="m0132" participant="138329" time="2013-03-04 22:42:59 UTC">
      <body>Ezay</body>
    </message>
    <message id="m0133" participant="138112" time="2013-03-04 22:47:51 UTC">
      <body>?</body>
    </message>
    <message id="m0134" participant="138329" time="2013-03-04 22:50:41 UTC">
      <body>Mesh hanam ezay</body>
    </message>
    <message id="m0135" participant="138112" time="2013-03-04 22:52:49 UTC">
      <body>Hatnam emta yaani</body>
    </message>
    <message id="m0136" participant="138329" time="2013-03-04 22:56:38 UTC">
      <body>Mesh 3arf</body>
    </message>
  </messages>
</conversation>
