<?xml version="1.0" encoding="UTF-8"?>
<conversation id="CHT_ARZ_20120130.0000" medium="CHT" donated="true">
  <messages>
    <message id="m0000" time="2012-01-30 18:41:06 UTC" participant="139275">
      <body>nohaaa</body>
    </message>
    <message id="m0001" time="2012-01-30 18:42:00 UTC" participant="139565">
      <body>2a5eraaan</body>
    </message>
    <message id="m0002" time="2012-01-30 18:42:12 UTC" participant="139565">
      <body>Enty ya benty msh btrodii 3la elbta3 da abdan</body>
    </message>
    <message id="m0003" time="2012-01-30 18:46:02 UTC" participant="139275">
      <body>el net kan mtnayel</body>
    </message>
    <message id="m0004" time="2012-01-30 18:46:25 UTC" participant="139565">
      <body>Hoa enty lazm TB2i online</body>
    </message>
    <message id="m0006" time="2012-01-30 18:46:38 UTC" participant="139275">
      <body>:D</body>
    </message>
    <message id="m0007" time="2012-01-30 18:46:45 UTC" participant="139565">
      <body>Ahaaa ok</body>
    </message>
    <message id="m0008" time="2012-01-30 18:47:04 UTC" participant="139275">
      <body>eh akhbar el sa23a 3ndkim</body>
    </message>
    <message id="m0009" time="2012-01-30 18:47:05 UTC" participant="139565">
      <body>Tab matsha3'ali 5edmt el iphone men Vodafone</body>
    </message>
    <message id="m0010" time="2012-01-30 18:47:08 UTC" participant="139565">
      <body>?</body>
    </message>
    <message id="m0011" time="2012-01-30 18:47:18 UTC" participant="139275">
      <body>eh da nezmha eh de??!!</body>
    </message>
    <message id="m0012" time="2012-01-30 18:47:18 UTC" participant="139565">
      <body>Ana fe Alex:)</body>
    </message>
    <message id="m0013" time="2012-01-30 18:47:28 UTC" participant="139275">
      <body>bgd? tab 3azeeeem</body>
    </message>
    <message id="m0014" time="2012-01-30 18:47:31 UTC" participant="139565">
      <body>B 100 geneh felshahr</body>
    </message>
    <message id="m0015" time="2012-01-30 18:47:40 UTC" participant="139565">
      <body></body>
    </message>
    <message id="m0016" time="2012-01-30 18:48:06 UTC" participant="139565">
      <body>Bs 7atsh3'lk kol 7aga</body>
    </message>
    <message id="m0017" time="2012-01-30 18:48:37 UTC" participant="139275">
      <body>bgd?? zy eh ya3ny?</body>
    </message>
    <message id="m0018" time="2012-01-30 18:49:09 UTC" participant="139565">
      <body>Elnet w el apps</body>
    </message>
    <message id="m0019" time="2012-01-30 18:49:42 UTC" participant="139275">
      <body>7elw el kalam da</body>
    </message>
    <message id="m0020" time="2012-01-30 18:52:29 UTC" participant="139275">
      <body>el 7amdo leallah :)</body>
    </message>
    <message id="m0021" time="2012-01-30 18:52:37 UTC" participant="139275">
      <body>da7'lna fl gad ba2a</body>
    </message>
    <message id="m0022" time="2012-01-30 18:52:42 UTC" participant="139565">
      <body>Yesss tab3an</body>
    </message>
    <message id="m0023" time="2012-01-30 18:52:52 UTC" participant="139565">
      <body>Hhhhhh tayb 7elw msa</body>
    </message>
    <message id="m0024" time="2012-01-30 18:53:01 UTC" participant="139565">
      <body>3amla eiih enty weih 2a5bar el 5otoba 3la 7eseek?</body>
    </message>
    <message id="m0025" time="2012-01-30 18:53:03 UTC" participant="139565">
      <body>Btgahzo el flat!!</body>
    </message>
    <message id="m0027" time="2012-01-30 18:53:21 UTC" participant="139275">
      <body>heya mtshtba el mafrod</body>
    </message>
    <message id="m0028" time="2012-01-30 18:53:33 UTC" participant="139565">
      <body>Hia feeen</body>
    </message>
    <message id="m0029" time="2012-01-30 18:53:37 UTC" participant="139565">
      <body>Hena wla Cairo!</body>
    </message>
    <message id="m0030" time="2012-01-30 18:53:40 UTC" participant="139275">
      <body>lisa el 7'shab kolo w el agheza</body>
    </message>
    <message id="m0031" time="2012-01-30 18:53:49 UTC" participant="139275">
      <body>hena fe sede bshr isa</body>
    </message>
    <message id="m0032" time="2012-01-30 18:54:06 UTC" participant="139565">
      <body>Msa</body>
    </message>
    <message id="m0033" time="2012-01-30 19:04:10 UTC" participant="139565">
      <body>E7na fat7na restaurant ll waffles we'll crepes we'll pancakes fe kafr 3abdo</body>
    </message>
    <message id="m0034" time="2012-01-30 19:04:28 UTC" participant="139565">
      <body>Ana w Karim 2a5oya w mahmoud partners</body>
    </message>
    <message id="m0035" time="2012-01-30 19:04:36 UTC" participant="139565">
      <body>3ayznko tzbtona ba2a:)</body>
    </message>
    <message id="m0036" time="2012-01-30 19:21:52 UTC" participant="139275">
      <body>eh da bgd??</body>
    </message>
    <message id="m0037" time="2012-01-30 19:21:59 UTC" participant="139275">
      <body>fen bzabt?</body>
    </message>
    <message id="m0038" time="2012-01-30 19:22:18 UTC" participant="139275">
      <body>ya3ny 7tfdli 23da fe Alex?</body>
    </message>
    <message id="m0039" time="2012-01-30 19:24:33 UTC" participant="139565">
      <body>Fe kafr 3abdo gamb pinky</body>
    </message>
    <message id="m0040" time="2012-01-30 19:26:58 UTC" participant="139275">
      <body>eb da mesh 3arfah bardo :s</body>
    </message>
    <message id="m0041" time="2012-01-30 19:28:38 UTC" participant="139565">
      <body>Fe share3 el isma3ilia</body>
    </message>
    <message id="m0042" time="2012-01-30 19:28:54 UTC" participant="139565">
      <body>De el menu:)</body>
    </message>
    <message id="m0043" time="2012-01-30 19:30:36 UTC" participant="139275">
      <body>yareeet</body>
    </message>
    <message id="m0044" time="2012-01-30 19:30:51 UTC" participant="139565">
      <body>Mmkn tetlobi delievery kaman:)</body>
    </message>
    <message id="m0045" time="2012-01-30 19:30:51 UTC" participant="139565">
      <body>Ana 3ayza agyblko menus wlahiii</body>
    </message>
    <message id="m0047" time="2012-01-30 19:34:30 UTC" participant="139275">
      <body>send 3ala el fb lw momken</body>
    </message>
    <message id="m0048" time="2012-01-30 19:34:35 UTC" participant="139275">
      <body>heya soraa??</body>
    </message>
    <message id="m0049" time="2012-01-30 19:34:58 UTC" participant="139565">
      <body>Ma hia Dee</body>
    </message>
    <message id="m0050" time="2012-01-30 19:35:03 UTC" participant="139565">
      <body>Msh wad7a 3andaak??</body>
    </message>
    <message id="m0051" time="2012-01-30 19:37:11 UTC" participant="139565">
      <body>Mmkn ab3thalko 3la elmail:)</body>
    </message>
    <message id="m0052" time="2012-01-30 19:37:11 UTC" participant="139565">
      <body>Ok Ana ba3thalak tanii</body>
    </message>
    <message id="m0053" time="2012-01-30 19:37:11 UTC" participant="139565">
      <body>Mana 3amltlk invite ll page 3la el Fbk:)</body>
    </message>
    <message id="m0055" time="2012-01-30 19:37:15 UTC" participant="139565">
      <body>Yes hia sora:)</body>
    </message>
    <message id="m0056" time="2012-01-30 19:37:21 UTC" participant="139565">
      <body>&lt;media omitted&gt;</body>
    </message>
    <message id="m0057" time="2012-01-30 20:08:08 UTC" participant="139565">
      <body>Eih ra2yk?</body>
    </message>
    <message id="m0058" time="2012-01-30 20:08:14 UTC" participant="139275">
      <body>7elw awe</body>
    </message>
    <message id="m0059" time="2012-01-30 20:08:17 UTC" participant="139275">
      <body>momayaz</body>
    </message>
    <message id="m0060" time="2012-01-30 20:08:31 UTC" participant="139565">
      <body>Bgd??</body>
    </message>
    <message id="m0061" time="2012-01-30 20:08:45 UTC" participant="139275">
      <body>ahh tab3an msa</body>
    </message>
    <message id="m0062" time="2012-01-30 20:08:57 UTC" participant="139565">
      <body>7ab3thalkom isa 3la elmails Tom:) 3shn tzbtona:)</body>
    </message>
    <message id="m0063" time="2012-01-30 20:09:05 UTC" participant="139275">
      <body>ana mo3gaba bl mashro3 asln</body>
    </message>
    <message id="m0064" time="2012-01-30 20:12:40 UTC" participant="139565">
      <body>Bgd??</body>
    </message>
    <message id="m0065" time="2012-01-30 20:13:54 UTC" participant="139565">
      <body>Ta3alii sharkena:)</body>
    </message>
  </messages>
</conversation>
