<?xml version="1.0" encoding="UTF-8"?>
<conversation id="CHT_ARZ_20130403.0002" medium="CHT" donated="true">
  <messages>
    <message id="m0000" participant="138112" time="2013-04-03 20:29:54 UTC">
      <body>Ente feen</body>
    </message>
    <message id="m0001" participant="138324" time="2013-04-03 20:30:43 UTC">
      <body>Ana mesh gaya</body>
    </message>
    <message id="m0002" participant="138112" time="2013-04-03 20:30:57 UTC">
      <body>Lehh</body>
    </message>
    <message id="m0003" participant="138324" time="2013-04-03 20:31:05 UTC">
      <body>fakes baa</body>
    </message>
    <message id="m0004" participant="138324" time="2013-04-03 20:31:09 UTC">
      <body>Enty fen</body>
    </message>
    <message id="m0005" participant="138112" time="2013-04-03 20:31:20 UTC">
      <body>Fakes leh :(</body>
    </message>
    <message id="m0006" participant="138324" time="2013-04-03 20:31:35 UTC">
      <body>Mekasela</body>
    </message>
    <message id="m0007" participant="138112" time="2013-04-03 20:34:48 UTC">
      <body>Begad walahi</body>
    </message>
    <message id="m0008" participant="138324" time="2013-04-03 21:30:44 UTC">
      <body>Mafish had yewslni aslan</body>
    </message>
    <message id="m0009" participant="138324" time="2013-04-03 21:31:07 UTC">
      <body>enty rohti</body>
    </message>
    <message id="m0010" participant="138112" time="2013-04-03 22:46:11 UTC">
      <body>Ah Ana roht</body>
    </message>
    <message id="m0011" participant="138112" time="2013-04-03 22:46:26 UTC">
      <body>Bas el a3da makantsh helwa yaani</body>
    </message>
    <message id="m0012" participant="138324" time="2013-04-03 23:10:30 UTC">
      <body>Ah catherine haktly</body>
    </message>
    <message id="m0013" participant="138324" time="2013-04-03 23:10:34 UTC">
      <body>Kol da ashan magtsh</body>
    </message>
    <message id="m0014" participant="138112" time="2013-04-03 23:10:57 UTC">
      <body>Hahaha ah mana kont a3da gambaha</body>
    </message>
  </messages>
</conversation>
