<?xml version="1.0" encoding="UTF-8"?>
<conversation id="CHT_ARZ_20120710.0002" medium="CHT" donated="true">
  <messages>
    <message id="m0000" time="2012-07-10 16:03:22 UTC" participant="139275">
      <body>relaaaaa wa7shteneee</body>
    </message>
    <message id="m0001" time="2012-07-10 16:03:26 UTC" participant="139275">
      <body>:))))</body>
    </message>
    <message id="m0002" time="2012-07-10 17:10:03 UTC" participant="139566">
      <body>Msh 3arfa a2ol 7aga</body>
    </message>
    <message id="m0003" time="2012-07-10 17:10:08 UTC" participant="139566">
      <body>Wa7shtny kteeeeer</body>
    </message>
    <message id="m0004" time="2012-07-10 17:10:48 UTC" participant="139566">
      <body>7oda el zog 3aiz y2ol eh l 7oda el 5ateb ?</body>
    </message>
    <message id="m0005" time="2012-07-10 17:11:18 UTC" participant="139566">
      <body>3aiza ageblk el swr 3la dvd 3shan at7geg y3ni w ashofk </body>
    </message>
    <message id="m0007" time="2012-07-10 17:13:22 UTC" participant="139275">
      <body>yareeet bgd</body>
    </message>
    <message id="m0008" time="2012-07-10 17:13:33 UTC" participant="139275">
      <body>3ayza ashofek gedn gedn wallhy</body>
    </message>
    <message id="m0009" time="2012-07-10 17:14:30 UTC" participant="139275">
      <body>konty mnwarany bgd</body>
    </message>
    <message id="m0011" time="2012-07-10 17:26:35 UTC" participant="139275">
      <body>:) isa ana 73od m3 mama elesbo3 ale gay isa</body>
    </message>
    <message id="m0012" time="2012-07-10 17:27:52 UTC" participant="139275">
      <body>72olek tege w m3aki el swoer mama 7tfr7 awe beha</body>
    </message>
    <message id="m0013" time="2012-07-10 18:20:44 UTC" participant="139566">
      <body>I was so flattered aslan eny mawgoda , wlahy i feel enko my sisters f3lan w en 3li w 7sen my nephews</body>
    </message>
    <message id="m0014" time="2012-07-10 18:21:00 UTC" participant="139566">
      <body>W ana 7a3tbr da deal w eny 7ashofk soon</body>
    </message>
  </messages>
</conversation>
