<?xml version="1.0" encoding="UTF-8"?>
<conversation id="CHT_ARZ_20130319.0002" medium="CHT" donated="true">
  <messages>
    <message id="m0000" participant="138328" time="2013-03-19 12:30:21 UTC">
      <body>&lt;media omitted&gt;</body>
    </message>
    <message id="m0001" participant="138328" time="2013-03-19 12:30:21 UTC">
      <body>&lt;media omitted&gt;</body>
    </message>
    <message id="m0002" participant="138328" time="2013-03-19 12:30:26 UTC">
      <body>&lt;media omitted&gt;</body>
    </message>
    <message id="m0003" participant="138328" time="2013-03-19 12:30:36 UTC">
      <body>&lt;media omitted&gt;</body>
    </message>
    <message id="m0005" participant="138328" time="2013-03-19 21:59:42 UTC">
      <body>Rwa7ty emtaa</body>
    </message>
    <message id="m0006" participant="138112" time="2013-03-19 22:01:17 UTC">
      <body>Men 45 minutes keda</body>
    </message>
    <message id="m0007" participant="138112" time="2013-03-19 22:01:28 UTC">
      <body>Ana etkasaft awy men a5ooha</body>
    </message>
    <message id="m0008" participant="138328" time="2013-03-19 22:01:53 UTC">
      <body>Noo 3adiii mattksfish zay 25oki bardooo :D</body>
    </message>
    <message id="m0009" participant="138112" time="2013-03-19 22:02:26 UTC">
      <body>Hahaha mashy</body>
    </message>
    <message id="m0010" participant="138112" time="2013-03-19 22:02:30 UTC">
      <body>Rawahti</body>
    </message>
    <message id="m0012" participant="138328" time="2013-03-19 22:02:44 UTC">
      <body>Men shwaia</body>
    </message>
    <message id="m0013" participant="138112" time="2013-03-19 22:03:08 UTC">
      <body>Adham kalemni 3al whatsapp sa2alni 3amalt eh fel votes hahahaha</body>
    </message>
    <message id="m0014" participant="138328" time="2013-03-19 22:03:25 UTC">
      <body>Hahahahhhshahhahahahahahahahahaagahahghahahahagahaga</body>
    </message>
    <message id="m0015" participant="138328" time="2013-03-19 22:03:28 UTC">
      <body>Hamoooooot</body>
    </message>
    <message id="m0016" participant="138328" time="2013-03-19 22:03:34 UTC">
      <body>Ya7rammm bgdddd</body>
    </message>
    <message id="m0018" participant="138112" time="2013-03-19 22:04:51 UTC">
      <body>Maganeen walahi</body>
    </message>
    <message id="m0019" participant="138328" time="2013-03-19 22:05:12 UTC">
      <body>Hahahhahahhahga. Ya7rammm dahg eih dah hta el welad bt3ml keda</body>
    </message>
    <message id="m0020" participant="138112" time="2013-03-19 22:05:43 UTC">
      <body>Rabena maahom haga</body>
    </message>
    <message id="m0021" participant="138328" time="2013-03-19 22:06:19 UTC">
      <body>Ahh bgd rabena m3ahom</body>
    </message>
    <message id="m0022" participant="138112" time="2013-03-19 22:10:10 UTC">
      <body>:****</body>
    </message>
    <message id="m0023" participant="138328" time="2013-03-19 22:10:41 UTC">
      <body/>
    </message>
    <message id="m0024" participant="138112" time="2013-03-20 21:52:18 UTC">
      <body>Myrna hateegi bokra</body>
    </message>
    <message id="m0025" participant="138328" time="2013-03-21 04:19:31 UTC">
      <body>Mdhhh 3arfa entty htrou7i</body>
    </message>
    <message id="m0026" participant="138112" time="2013-03-21 07:10:18 UTC">
      <body>Ahh</body>
    </message>
    <message id="m0027" participant="138328" time="2013-03-21 07:10:36 UTC">
      <body>Ana msh harou7</body>
    </message>
    <message id="m0028" participant="138328" time="2013-03-21 07:17:28 UTC">
      <body>Babeed</body>
    </message>
    <message id="m0029" participant="138328" time="2013-03-21 07:17:45 UTC">
      <body>Enty 5lstty project el math</body>
    </message>
    <message id="m0030" participant="138112" time="2013-03-21 07:31:55 UTC">
      <body>Ya 3eni :(</body>
    </message>
    <message id="m0031" participant="138112" time="2013-03-21 07:31:58 UTC">
      <body>La2</body>
    </message>
    <message id="m0032" participant="138328" time="2013-03-21 07:32:15 UTC">
      <body>Wla anaa ahahahhahahah</body>
    </message>
    <message id="m0033" participant="138112" time="2013-03-21 07:32:34 UTC">
      <body>Ha7awl ageebo men 7ad</body>
    </message>
    <message id="m0034" participant="138328" time="2013-03-21 07:32:46 UTC">
      <body>Okii babeee</body>
    </message>
    <message id="m0035" participant="138328" time="2013-03-21 11:46:12 UTC">
      <body>Yaraaa</body>
    </message>
    <message id="m0036" participant="138328" time="2013-03-21 11:46:19 UTC">
      <body>Ento lesa f skool</body>
    </message>
    <message id="m0037" participant="138112" time="2013-03-21 11:46:35 UTC">
      <body>Yesss</body>
    </message>
    <message id="m0038" participant="138328" time="2013-03-21 11:46:53 UTC">
      <body>Htmsho el sa3a kam</body>
    </message>
    <message id="m0039" participant="138112" time="2013-03-21 12:02:06 UTC">
      <body>End of school day</body>
    </message>
    <message id="m0042" participant="138328" time="2013-03-22 08:43:49 UTC">
      <body>Entyyy klmtiniii</body>
    </message>
    <message id="m0043" participant="138112" time="2013-03-22 11:18:29 UTC">
      <body>Hajj</body>
    </message>
    <message id="m0044" participant="138112" time="2013-03-22 11:18:32 UTC">
      <body>*ahhh</body>
    </message>
    <message id="m0045" participant="138112" time="2013-03-22 11:18:43 UTC">
      <body>Kont 3ayza asalem 3aleki</body>
    </message>
    <message id="m0049" participant="138328" time="2013-03-23 08:01:40 UTC">
      <body>Bonjourrr hbebe</body>
    </message>
    <message id="m0051" participant="138328" time="2013-03-23 08:56:45 UTC">
      <body>Ro7tyyy skool</body>
    </message>
    <message id="m0052" participant="138112" time="2013-03-23 08:56:56 UTC">
      <body>Ahh hahaha</body>
    </message>
    <message id="m0053" participant="138328" time="2013-03-23 08:58:03 UTC">
      <body>Had ra7 aslunn</body>
    </message>
    <message id="m0054" participant="138112" time="2013-03-23 10:28:56 UTC">
      <body>Ah Ana w Edward w Youssef w Mostafa Khalil w Karim el masry w wezza w Omar ouff</body>
    </message>
    <message id="m0055" participant="138328" time="2013-03-23 10:39:48 UTC">
      <body>3mlto eoh fel project tayb</body>
    </message>
    <message id="m0056" participant="138112" time="2013-03-23 10:42:51 UTC">
      <body>Youssef 3amlo hasawaro</body>
    </message>
    <message id="m0058" participant="138112" time="2013-03-23 10:43:12 UTC">
      <body>:*</body>
    </message>
    <message id="m0059" participant="138328" time="2013-03-23 10:43:15 UTC">
      <body>Ab3tholii plzzz</body>
    </message>
    <message id="m0060" participant="138328" time="2013-03-23 10:43:20 UTC">
      <body>Mwaaaa</body>
    </message>
    <message id="m0061" participant="138112" time="2013-03-23 10:43:20 UTC">
      <body>Hader</body>
    </message>
    <message id="m0063" participant="138112" time="2013-03-23 17:48:49 UTC">
      <body>Fel bet</body>
    </message>
    <message id="m0064" participant="138112" time="2013-03-23 17:48:53 UTC">
      <body>Enti feen</body>
    </message>
    <message id="m0065" participant="138328" time="2013-03-23 17:49:25 UTC">
      <body>M3 rochane knt wa mami f city stars</body>
    </message>
    <message id="m0066" participant="138328" time="2013-03-23 17:49:30 UTC">
      <body>Wa nw mrw7en</body>
    </message>
    <message id="m0067" participant="138328" time="2013-03-23 17:49:35 UTC">
      <body>Babe msh htb3tili el project</body>
    </message>
    <message id="m0068" participant="138112" time="2013-03-23 17:49:41 UTC">
      <body>La2 msh enti haha</body>
    </message>
    <message id="m0069" participant="138328" time="2013-03-23 17:50:31 UTC">
      <body>Hahahhaha ana haset brdo</body>
    </message>
    <message id="m0070" participant="138328" time="2013-03-23 17:50:35 UTC">
      <body/>
    </message>
    <message id="m0071" participant="138112" time="2013-03-23 17:50:37 UTC">
      <body>Hader hab3athoolek</body>
    </message>
    <message id="m0072" participant="138328" time="2013-03-23 17:50:49 UTC">
      <body>Mwaaa</body>
    </message>
    <message id="m0073" participant="138112" time="2013-03-23 17:51:31 UTC">
      <body>:****</body>
    </message>
    <message id="m0074" participant="138112" time="2013-03-23 17:56:02 UTC">
      <body>Mosta3eda?</body>
    </message>
    <message id="m0075" participant="138328" time="2013-03-23 17:57:30 UTC">
      <body>Mr raymonddd dah 3alami</body>
    </message>
    <message id="m0076" participant="138328" time="2013-03-23 17:57:55 UTC">
      <body>Wa zakrlko kwaice</body>
    </message>
    <message id="m0077" participant="138112" time="2013-03-23 17:58:30 UTC">
      <body>Ah zakerlena kwayes</body>
    </message>
    <message id="m0078" participant="138112" time="2013-03-23 17:58:37 UTC">
      <body>Ento bete3kesa el rad</body>
    </message>
    <message id="m0079" participant="138112" time="2013-03-23 17:58:43 UTC">
      <body>Ya maganeen</body>
    </message>
    <message id="m0080" participant="138328" time="2013-03-23 17:58:55 UTC">
      <body>Taybb helww ahahahahahahhagahga</body>
    </message>
    <message id="m0081" participant="138328" time="2013-03-23 17:59:02 UTC">
      <body>Ana most3da l eih b2aa</body>
    </message>
    <message id="m0082" participant="138328" time="2013-03-23 17:59:14 UTC">
      <body>Tayb msh hts3dinaaa</body>
    </message>
    <message id="m0083" participant="138112" time="2013-03-23 17:59:46 UTC">
      <body>2ooli bas ready???</body>
    </message>
    <message id="m0084" participant="138328" time="2013-03-23 18:00:00 UTC">
      <body>Readyyy l eihhh</body>
    </message>
    <message id="m0085" participant="138112" time="2013-03-23 18:00:11 UTC">
      <body>Teeeeeez</body>
    </message>
    <message id="m0086" participant="138328" time="2013-03-23 18:00:13 UTC">
      <body>Enty ht3mlii fia hga we7sha wla eih</body>
    </message>
    <message id="m0087" participant="138112" time="2013-03-23 18:00:35 UTC">
      <body>Matekalemish b2a</body>
    </message>
    <message id="m0088" participant="138112" time="2013-03-23 18:00:37 UTC">
      <body>Stop</body>
    </message>
    <message id="m0089" participant="138112" time="2013-03-23 18:01:45 UTC">
      <body>La2 bas begad</body>
    </message>
    <message id="m0090" participant="138112" time="2013-03-23 18:01:58 UTC">
      <body>Matb3atish haga 3'er lma a2olek 5las</body>
    </message>
    <message id="m0091" participant="138328" time="2013-03-23 18:02:10 UTC">
      <body>Hahahahahagahahahahh</body>
    </message>
    <message id="m0092" participant="138328" time="2013-03-23 18:02:25 UTC">
      <body>Yaani eh</body>
    </message>
    <message id="m0093" participant="138328" time="2013-03-23 18:02:31 UTC">
      <body>Leh fe eh?</body>
    </message>
    <message id="m0094" participant="138328" time="2013-03-23 18:02:38 UTC">
      <body>bahazar ma3akiiiii</body>
    </message>
    <message id="m0095" participant="138112" time="2013-03-23 18:02:46 UTC">
      <body>Ya bet esma3i el kalam</body>
    </message>
    <message id="m0097" participant="138112" time="2013-03-23 18:03:22 UTC">
      <body>&lt;media omitted&gt;</body>
    </message>
    <message id="m0098" participant="138112" time="2013-03-23 18:03:30 UTC">
      <body>&lt;media omitted&gt;</body>
    </message>
    <message id="m0099" participant="138112" time="2013-03-23 18:03:36 UTC">
      <body>&lt;media omitted&gt;</body>
    </message>
    <message id="m0100" participant="138112" time="2013-03-23 18:03:50 UTC">
      <body>&lt;media omitted&gt;</body>
    </message>
    <message id="m0101" participant="138112" time="2013-03-23 18:03:55 UTC">
      <body>&lt;media omitted&gt;</body>
    </message>
    <message id="m0102" participant="138112" time="2013-03-23 18:04:03 UTC">
      <body>&lt;media omitted&gt;</body>
    </message>
    <message id="m0103" participant="138112" time="2013-03-23 18:04:10 UTC">
      <body>&lt;media omitted&gt;</body>
    </message>
    <message id="m0104" participant="138112" time="2013-03-23 18:04:20 UTC">
      <body>&lt;media omitted&gt;</body>
    </message>
    <message id="m0105" participant="138112" time="2013-03-23 18:04:27 UTC">
      <body>&lt;media omitted&gt;</body>
    </message>
    <message id="m0106" participant="138112" time="2013-03-23 18:04:37 UTC">
      <body>&lt;media omitted&gt;</body>
    </message>
    <message id="m0107" participant="138112" time="2013-03-23 18:04:48 UTC">
      <body>&lt;media omitted&gt;</body>
    </message>
    <message id="m0108" participant="138112" time="2013-03-23 18:04:57 UTC">
      <body>&lt;media omitted&gt;</body>
    </message>
    <message id="m0109" participant="138112" time="2013-03-23 18:05:05 UTC">
      <body>&lt;media omitted&gt;</body>
    </message>
    <message id="m0110" participant="138112" time="2013-03-23 18:05:23 UTC">
      <body>&lt;media omitted&gt;</body>
    </message>
    <message id="m0111" participant="138112" time="2013-03-23 18:05:44 UTC">
      <body>&lt;media omitted&gt;</body>
    </message>
    <message id="m0112" participant="138112" time="2013-03-23 18:06:07 UTC">
      <body>&lt;media omitted&gt;</body>
    </message>
    <message id="m0113" participant="138112" time="2013-03-23 18:06:15 UTC">
      <body>&lt;media omitted&gt;</body>
    </message>
    <message id="m0114" participant="138112" time="2013-03-23 18:06:24 UTC">
      <body>&lt;media omitted&gt;</body>
    </message>
    <message id="m0115" participant="138112" time="2013-03-23 18:06:41 UTC">
      <body>&lt;media omitted&gt;</body>
    </message>
    <message id="m0116" participant="138112" time="2013-03-23 18:06:54 UTC">
      <body>&lt;media omitted&gt;</body>
    </message>
    <message id="m0117" participant="138112" time="2013-03-23 18:07:14 UTC">
      <body>&lt;media omitted&gt;</body>
    </message>
    <message id="m0118" participant="138112" time="2013-03-23 18:09:41 UTC">
      <body>&lt;media omitted&gt;</body>
    </message>
    <message id="m0119" participant="138112" time="2013-03-23 18:09:57 UTC">
      <body>&lt;media omitted&gt;</body>
    </message>
    <message id="m0120" participant="138112" time="2013-03-23 18:10:12 UTC">
      <body>&lt;media omitted&gt;</body>
    </message>
    <message id="m0121" participant="138112" time="2013-03-23 18:10:19 UTC">
      <body>&lt;media omitted&gt;</body>
    </message>
    <message id="m0122" participant="138112" time="2013-03-23 18:10:27 UTC">
      <body>&lt;media omitted&gt;</body>
    </message>
    <message id="m0123" participant="138112" time="2013-03-23 18:10:35 UTC">
      <body>&lt;media omitted&gt;</body>
    </message>
    <message id="m0124" participant="138112" time="2013-03-23 18:10:44 UTC">
      <body>&lt;media omitted&gt;</body>
    </message>
    <message id="m0125" participant="138112" time="2013-03-23 18:10:52 UTC">
      <body>&lt;media omitted&gt;</body>
    </message>
    <message id="m0126" participant="138112" time="2013-03-23 18:11:05 UTC">
      <body>&lt;media omitted&gt;</body>
    </message>
    <message id="m0127" participant="138112" time="2013-03-23 18:11:20 UTC">
      <body>&lt;media omitted&gt;</body>
    </message>
    <message id="m0128" participant="138112" time="2013-03-23 18:11:26 UTC">
      <body>&lt;media omitted&gt;</body>
    </message>
    <message id="m0129" participant="138112" time="2013-03-23 18:11:32 UTC">
      <body>Ok 5alast :)</body>
    </message>
    <message id="m0130" participant="138112" time="2013-03-23 18:11:35 UTC">
      <body>Etkalemi</body>
    </message>
    <message id="m0131" participant="138328" time="2013-03-23 18:24:10 UTC">
      <body>A7eeehh </body>
    </message>
    <message id="m0132" participant="138328" time="2013-03-23 18:24:16 UTC">
      <body>Koll dahhh h3yat</body>
    </message>
    <message id="m0133" participant="138112" time="2013-03-23 18:38:15 UTC">
      <body>Ahhh hahaha mashi bel tartib</body>
    </message>
    <message id="m0134" participant="138112" time="2013-03-23 18:38:40 UTC">
      <body>Yaani shoofi awel problem heya wla la2 w emshi keda</body>
    </message>
    <message id="m0135" participant="138112" time="2013-03-23 18:38:43 UTC">
      <body>Fahma asdi??</body>
    </message>
    <message id="m0138" participant="138112" time="2013-03-23 19:59:35 UTC">
      <body>:*</body>
    </message>
    <message id="m0139" participant="138328" time="2013-03-23 20:05:05 UTC">
      <body>Mwaaaaa</body>
    </message>
    <message id="m0142" participant="138328" time="2013-03-24 09:06:16 UTC">
      <body>3amlaa eih hbeber</body>
    </message>
    <message id="m0143" participant="138112" time="2013-03-24 09:06:44 UTC">
      <body>Kwayesa enti 3amla eh?</body>
    </message>
    <message id="m0144" participant="138328" time="2013-03-24 09:15:22 UTC">
      <body>Goood hbebe</body>
    </message>
    <message id="m0145" participant="138328" time="2013-03-24 09:15:26 UTC">
      <body>Bt3mliii eih</body>
    </message>
    <message id="m0146" participant="138112" time="2013-03-24 09:26:06 UTC">
      <body>Wala haga a3da 3la Instagram hahaha b2ali 1 hour a3da fel serir mosh adra a2oom</body>
    </message>
    <message id="m0147" participant="138328" time="2013-03-24 09:26:26 UTC">
      <body>Ylhwiiiii</body>
    </message>
    <message id="m0148" participant="138328" time="2013-03-24 09:26:41 UTC">
      <body>Wanaaaa kmnnn 3wzaaa azakerrr fsh5</body>
    </message>
    <message id="m0149" participant="138112" time="2013-03-24 09:47:21 UTC">
      <body>Ana lazem azaker Ana bastahbel awy</body>
    </message>
    <message id="m0150" participant="138328" time="2013-03-24 09:49:04 UTC">
      <body>Wnaaa jmaaannn</body>
    </message>
    <message id="m0151" participant="138112" time="2013-03-24 09:50:34 UTC">
      <body>Ana embare7 roht city stars w msh la2ya else gold heels 5alesss msh arfa h3ml eh</body>
    </message>
    <message id="m0152" participant="138328" time="2013-03-24 09:55:35 UTC">
      <body>Maaa 5araaa el hewrrrr dahh</body>
    </message>
    <message id="m0153" participant="138112" time="2013-03-24 10:01:12 UTC">
      <body>Hageeb off-white w angez b2a</body>
    </message>
    <message id="m0154" participant="138112" time="2013-03-24 10:01:21 UTC">
      <body>Enti la2eti el heels el 3awzaha</body>
    </message>
    <message id="m0155" participant="138328" time="2013-03-24 11:07:07 UTC">
      <body>Yes bas magbthash hanzel el 5ames the whole day m3 mami wa julie adwar 3la hgaaat</body>
    </message>
    <message id="m0156" participant="138112" time="2013-03-24 11:14:51 UTC">
      <body>Tab kwayes</body>
    </message>
    <message id="m0157" participant="138328" time="2013-03-24 11:24:11 UTC">
      <body>Babeeed</body>
    </message>
    <message id="m0158" participant="138328" time="2013-03-24 11:24:24 UTC">
      <body>Hwaa el voc men lesson 9 ?</body>
    </message>
    <message id="m0159" participant="138112" time="2013-03-24 11:26:05 UTC">
      <body>Ah men 9-13</body>
    </message>
    <message id="m0160" participant="138328" time="2013-03-24 11:26:26 UTC">
      <body>Okii hyatie</body>
    </message>
    <message id="m0161" participant="138112" time="2013-03-24 11:43:03 UTC">
      <body/>
    </message>
    <message id="m0162" participant="138328" time="2013-03-24 11:47:00 UTC">
      <body>Mwaaaa</body>
    </message>
    <message id="m0164" participant="138328" time="2013-03-24 13:13:12 UTC">
      <body>B2olk eihh</body>
    </message>
    <message id="m0165" participant="138328" time="2013-03-24 13:13:24 UTC">
      <body>Enty m3aki ketab el voc sa7</body>
    </message>
    <message id="m0166" participant="138112" time="2013-03-24 13:13:47 UTC">
      <body>Ah</body>
    </message>
    <message id="m0167" participant="138328" time="2013-03-24 13:14:34 UTC">
      <body>Tayb ynfa3 tswrili lesson 12 wa 13 el hya page 49 wa 53 bas</body>
    </message>
    <message id="m0168" participant="138112" time="2013-03-24 13:15:06 UTC">
      <body>hader give me 5 minutes bas</body>
    </message>
    <message id="m0170" participant="138112" time="2013-03-24 13:44:40 UTC">
      <body>Myrna Ana msh la2ya m3aya ketab el vocab</body>
    </message>
    <message id="m0171" participant="138328" time="2013-03-24 13:45:17 UTC">
      <body>2pmal zakrtyy menin</body>
    </message>
    <message id="m0172" participant="138112" time="2013-03-24 13:45:28 UTC">
      <body>Es2ali Youssef</body>
    </message>
  </messages>
</conversation>
