<?xml version="1.0" encoding="UTF-8"?>
<conversation id="CHT_ARZ_20120524.0001" medium="CHT" donated="true">
  <messages>
    <message id="m0000" time="2012-05-24 18:55:22 UTC" participant="139275">
      <body>el sara7a ..wa7shtene :(</body>
    </message>
    <message id="m0001" time="2012-05-24 19:02:26 UTC" participant="139275">
      <body>asli 3rfaki msh3'ola :(</body>
    </message>
    <message id="m0002" time="2012-05-24 19:02:50 UTC" participant="139566">
      <body>Enty b el count down na2s ad eh 3la el wedding </body>
    </message>
    <message id="m0003" time="2012-05-24 19:03:07 UTC" participant="139275">
      <body>7aba keda :))</body>
    </message>
    <message id="m0004" time="2012-05-24 19:03:13 UTC" participant="139275">
      <body>2oli ya rab</body>
    </message>
    <message id="m0005" time="2012-05-24 19:03:17 UTC" participant="139566">
      <body>Wlahy ya omnia ana atsdmt f concept el d</body>
    </message>
    <message id="m0006" time="2012-05-24 19:03:22 UTC" participant="139566">
      <body>El donia</body>
    </message>
    <message id="m0007" time="2012-05-24 19:05:12 UTC" participant="139275">
      <body>:))))</body>
    </message>
    <message id="m0008" time="2012-05-24 19:05:22 UTC" participant="139566">
      <body>Zabty fostan tany ?</body>
    </message>
    <message id="m0009" time="2012-05-24 19:05:59 UTC" participant="139566">
      <body>Bs f el a5r el donia tl3t bet el ro3b  hehehehe</body>
    </message>
    <message id="m0010" time="2012-05-24 19:06:05 UTC" participant="139275">
      <body>yes lbsa ola</body>
    </message>
    <message id="m0011" time="2012-05-24 19:06:19 UTC" participant="139566">
      <body></body>
    </message>
    <message id="m0012" time="2012-05-24 19:06:28 UTC" participant="139275">
      <body>wallhy b3d 7ewar menna da</body>
    </message>
    <message id="m0013" time="2012-05-24 19:06:42 UTC" participant="139566">
      <body>W 7atro7y cairo bardo   ?</body>
    </message>
    <message id="m0014" time="2012-05-24 19:06:49 UTC" participant="139275">
      <body>elwa7ed ekt2b 7'ales :(</body>
    </message>
    <message id="m0015" time="2012-05-24 19:06:59 UTC" participant="139275">
      <body>rbna yesbrha bgd</body>
    </message>
    <message id="m0016" time="2012-05-24 19:07:04 UTC" participant="139566">
      <body>Bos el wa7d momkn yt3lm 7agten mn el mot</body>
    </message>
    <message id="m0017" time="2012-05-24 19:07:50 UTC" participant="139566">
      <body>Eno may3esh el 7aia l2nha kda kda 7at5ls w da by2lb ekt2ab</body>
    </message>
    <message id="m0018" time="2012-05-24 19:08:06 UTC" participant="139275">
      <body>aked laa</body>
    </message>
    <message id="m0019" time="2012-05-24 19:08:29 UTC" participant="139275">
      <body>eno ye3shan nbs ye7'af rabna aktr</body>
    </message>
    <message id="m0020" time="2012-05-24 20:04:50 UTC" participant="139566">
      <body>Tyb leh sad face ? De 7aga koysa </body>
    </message>
    <message id="m0022" time="2012-05-24 20:07:10 UTC" participant="139566">
      <body>As eny makontsh bsd2 5als nazryt el donia tlahy de</body>
    </message>
    <message id="m0023" time="2012-05-24 20:07:43 UTC" participant="139566">
      <body>Konta fakraha mlahy  </body>
    </message>
    <message id="m0024" time="2012-05-24 20:08:06 UTC" participant="139566">
      <body>Ya rb</body>
    </message>
    <message id="m0025" time="2012-05-24 20:12:35 UTC" participant="139566">
      <body>Aw eno y3esh kol la7za feha mn 3'er ma yfr2 m3ah t5ls w la tzed wla tn2s w da lel ma7zozen ka2no zohd mthlan bs zohd f ely 3ndk msh zohd f ely msh 3ndk</body>
    </message>
    <message id="m0026" time="2012-05-24 20:14:11 UTC" participant="139566">
      <body>Wlahy rbna ysabrhom e7na momkn nt3lm l2nna b3ed lakn el fora2 da leh alm m7dsh y7s beh 3'er ely grabo</body>
    </message>
    <message id="m0027" time="2012-05-24 20:14:47 UTC" participant="139566">
      <body>A3tkd fe3lan eno byseb fra3' m7dsh ynf3 ymlah</body>
    </message>
    <message id="m0028" time="2012-05-24 20:16:20 UTC" participant="139566">
      <body>Bs zay ma2oltlk lw fe drs f el mawdo3 yb2a enna n2l2 a2l msh n2l2 aktr ro7na wla gena kolna lena nfs el mser w 7ta maserna el moshtrk mayt2l2sh mno</body>
    </message>
    <message id="m0029" time="2012-05-24 20:18:09 UTC" participant="139566">
      <body>Wlahy ya omnia emana b2n rbna 3adl y5lina nsd2 enna kolna 7an5od nfs el naseb mn el de7k w nfs el naseb mn el dmo3 f msh moshkla eh bygy wra ba3do nasebna 7ana5do 7ana5do y3ni</body>
    </message>
    <message id="m0030" time="2012-05-24 20:19:00 UTC" participant="139566">
      <body>W emana en rbna latef b3bado y5lina nsd2 en ay 7aga nt3rdlha e7na wla 3'erna 7athon w t3dy</body>
    </message>
    <message id="m0031" time="2012-05-24 20:20:10 UTC" participant="139566">
      <body>Ana 7asa eny mshet el conversation f etgah ka2eb f 7ab3tlk kam smiley face kda     </body>
    </message>
    <message id="m0032" time="2012-05-24 21:01:01 UTC" participant="139275">
      <body>7abet kalamk awe :)</body>
    </message>
    <message id="m0033" time="2012-05-24 21:01:12 UTC" participant="139275">
      <body>3shan da nfs tafkery bzabt wallhy</body>
    </message>
    <message id="m0034" time="2012-05-24 21:03:39 UTC" participant="139275">
      <body>ana ba2ol dyman mahma 7asl da bardo ra7ma mn rbna ba e7na btfkerna el ma7dod bngz3 w nfz3..bs rabna ra7mto was3t kol shay2..w fe3lan kolna lna nfs el 7az w rbna mesh byzlm 7ata zara</body>
    </message>
    <message id="m0035" time="2012-05-24 21:03:52 UTC" participant="139275">
      <body>bs rabna yesbr el nas kolha bgd</body>
    </message>
    <message id="m0036" time="2012-05-24 21:04:21 UTC" participant="139275">
      <body>w yeg3lhom yedrko 7ekmt rabna</body>
    </message>
    <message id="m0037" time="2012-05-24 21:06:17 UTC" participant="139275">
      <body>w mydy3osh sawabhom len da e7'tbar mn rbna..wallhy ana kont odam mamt karel Allah yr7mo fl sala el set kant mazhoooola..ale gah fe bali lelah ma a3ta w lelah ma a7'az..w kolna bto3 rbna</body>
    </message>
    <message id="m0038" time="2012-05-25 00:11:37 UTC" participant="139275">
      <body>&lt;media omitted&gt;</body>
    </message>
    <message id="m0039" time="2012-05-25 01:35:12 UTC" participant="139566">
      <body>  tawfek el hakim once said in order to be a great person u have to feel great pain</body>
    </message>
    <message id="m0040" time="2012-05-25 10:51:38 UTC" participant="139275">
      <body>:((</body>
    </message>
    <message id="m0041" time="2012-05-25 10:51:56 UTC" participant="139275">
      <body>elsh3b kolo 7ases pain asln</body>
    </message>
    <message id="m0042" time="2012-05-25 10:52:20 UTC" participant="139275">
      <body>aw mesh kolo awe ya3nyy :D</body>
    </message>
  </messages>
</conversation>
