<?xml version="1.0" encoding="UTF-8"?>
<conversation id="CHT_ARZ_20130109.0001" medium="CHT" donated="true">
  <messages>
    <message id="m0000" participant="138112" time="2013-01-09 22:57:41 UTC">
      <body>Mesh betes2al leh</body>
    </message>
    <message id="m0001" participant="138327" time="2013-01-09 23:11:14 UTC">
      <body>Ma3lish walahii kont ma3 l 3ila l kam youm l fato</body>
    </message>
    <message id="m0002" participant="138327" time="2013-01-09 23:11:27 UTC">
      <body>3amla ehh</body>
    </message>
    <message id="m0003" participant="138327" time="2013-01-09 23:11:34 UTC">
      <body>Wahashteeni walahii &lt;3</body>
    </message>
    <message id="m0004" participant="138112" time="2013-01-09 23:11:42 UTC">
      <body>Ana kwayesa enta el 3amel eh</body>
    </message>
    <message id="m0005" participant="138327" time="2013-01-09 23:11:53 UTC">
      <body>Ana kois el7</body>
    </message>
    <message id="m0006" participant="138327" time="2013-01-09 23:12:04 UTC">
      <body>3awez ashofek walahi</body>
    </message>
    <message id="m0007" participant="138112" time="2013-01-09 23:12:09 UTC">
      <body>Ana kaman</body>
    </message>
    <message id="m0008" participant="138112" time="2013-01-09 23:12:17 UTC">
      <body>Eh el gedeed</body>
    </message>
    <message id="m0009" participant="138327" time="2013-01-09 23:12:30 UTC">
      <body>Walla ay haga</body>
    </message>
    <message id="m0010" participant="138327" time="2013-01-09 23:12:39 UTC">
      <body>Enty ehh gedeedek</body>
    </message>
    <message id="m0011" participant="138112" time="2013-01-09 23:13:02 UTC">
      <body>Lama t2oli enta eh el gedeed m3ak</body>
    </message>
    <message id="m0012" participant="138327" time="2013-01-09 23:13:55 UTC">
      <body>Walahii walla ay haga 5aliss</body>
    </message>
    <message id="m0013" participant="138112" time="2013-01-09 23:23:28 UTC">
      <body>Lah msh mesada2a</body>
    </message>
    <message id="m0014" participant="138327" time="2013-01-09 23:23:57 UTC">
      <body>La2 walahiii x</body>
    </message>
    <message id="m0015" participant="138112" time="2013-01-09 23:29:23 UTC">
      <body/>
    </message>
    <message id="m0016" participant="138327" time="2013-01-09 23:29:34 UTC">
      <body>Malek</body>
    </message>
    <message id="m0017" participant="138112" time="2013-01-09 23:29:50 UTC">
      <body>Yaani eh mafish gedeed</body>
    </message>
    <message id="m0018" participant="138112" time="2013-01-09 23:29:57 UTC">
      <body>Eh el kedb da!</body>
    </message>
    <message id="m0019" participant="138327" time="2013-01-09 23:30:18 UTC">
      <body>Ahhh asdek 3al relation ship</body>
    </message>
    <message id="m0020" participant="138327" time="2013-01-09 23:30:24 UTC">
      <body>Daa hezar :D</body>
    </message>
    <message id="m0022" participant="138327" time="2013-01-09 23:30:45 UTC">
      <body>Bahazar ana w sara sahebt amr :D</body>
    </message>
    <message id="m0023" participant="138112" time="2013-01-09 23:31:03 UTC">
      <body>Relationship eh?? Haha</body>
    </message>
    <message id="m0024" participant="138112" time="2013-01-09 23:31:05 UTC">
      <body>Facebook eh</body>
    </message>
    <message id="m0026" participant="138327" time="2013-01-09 23:31:21 UTC">
      <body>Hahahha hezar kda</body>
    </message>
    <message id="m0027" participant="138112" time="2013-01-09 23:31:49 UTC">
      <body>La2 hahaha Ana mashoftesh 7aga</body>
    </message>
    <message id="m0028" participant="138327" time="2013-01-09 23:34:56 UTC">
      <body>Hahahhahaha bs kda enty ehh gedeedek</body>
    </message>
    <message id="m0029" participant="138112" time="2013-01-09 23:35:47 UTC">
      <body>Mafish ro7t today el madrasa</body>
    </message>
    <message id="m0030" participant="138112" time="2013-01-09 23:36:02 UTC">
      <body>W pappi mashee bokra isa</body>
    </message>
    <message id="m0032" participant="138327" time="2013-01-09 23:36:22 UTC">
      <body>Tab w di haga bastaky walla meday2aki</body>
    </message>
    <message id="m0033" participant="138112" time="2013-01-09 23:36:52 UTC">
      <body>Kan bard haha 
W 3ady wla keda wla keda</body>
    </message>
    <message id="m0034" participant="138327" time="2013-01-09 23:37:23 UTC">
      <body>Hmmmm</body>
    </message>
    <message id="m0035" participant="138112" time="2013-01-09 23:42:27 UTC">
      <body>Bt3mel eh ya kalb</body>
    </message>
    <message id="m0036" participant="138327" time="2013-01-09 23:42:57 UTC">
      <body>A3ed batfarag 3ala beer pong</body>
    </message>
    <message id="m0037" participant="138112" time="2013-01-09 23:43:32 UTC">
      <body>Hahahaha 3la eh</body>
    </message>
    <message id="m0038" participant="138327" time="2013-01-09 23:43:47 UTC">
      <body>Tv</body>
    </message>
    <message id="m0039" participant="138112" time="2013-01-09 23:51:36 UTC">
      <body>Ya she5</body>
    </message>
    <message id="m0040" participant="138112" time="2013-01-09 23:51:38 UTC">
      <body>-__-</body>
    </message>
    <message id="m0041" participant="138327" time="2013-01-09 23:52:14 UTC">
      <body>:D hate3meli eh bokra</body>
    </message>
    <message id="m0042" participant="138112" time="2013-01-09 23:55:35 UTC">
      <body>Mesh 3arfa lesa :D</body>
    </message>
    <message id="m0043" participant="138112" time="2013-01-09 23:55:41 UTC">
      <body>Enta ht3mel eh</body>
    </message>
    <message id="m0044" participant="138327" time="2013-01-09 23:57:46 UTC">
      <body>Mosh 3aref bardo x</body>
    </message>
    <message id="m0045" participant="138112" time="2013-01-10 00:00:09 UTC">
      <body>X?</body>
    </message>
    <message id="m0046" participant="138327" time="2013-01-10 00:00:58 UTC">
      <body>???</body>
    </message>
    <message id="m0047" participant="138112" time="2013-01-10 00:01:35 UTC">
      <body>Msh 3arfa enta 7atet x</body>
    </message>
    <message id="m0048" participant="138327" time="2013-01-10 00:01:53 UTC">
      <body>Ahh 3adi</body>
    </message>
    <message id="m0049" participant="138112" time="2013-01-10 00:04:12 UTC">
      <body>Mashy haha</body>
    </message>
    <message id="m0050" participant="138327" time="2013-01-10 15:59:47 UTC">
      <body>Sahyaa</body>
    </message>
    <message id="m0051" participant="138112" time="2013-01-10 16:02:08 UTC">
      <body>Ah</body>
    </message>
    <message id="m0052" participant="138327" time="2013-01-10 16:03:38 UTC">
      <body>Liih</body>
    </message>
    <message id="m0053" participant="138112" time="2013-01-10 16:17:25 UTC">
      <body>?</body>
    </message>
    <message id="m0054" participant="138327" time="2013-01-10 16:22:59 UTC">
      <body>Ya yaraaaaa</body>
    </message>
    <message id="m0056" participant="138327" time="2013-01-10 16:27:54 UTC">
      <body>Ana zah2aaaaaaan</body>
    </message>
    <message id="m0057" participant="138112" time="2013-01-10 16:38:57 UTC">
      <body>Anaaaaa kaman</body>
    </message>
    <message id="m0058" participant="138327" time="2013-01-10 16:56:55 UTC">
      <body>Tab yalla ne3mel hagaa</body>
    </message>
    <message id="m0059" participant="138112" time="2013-01-10 19:12:16 UTC">
      <body>Mayenf3sh enaharda</body>
    </message>
    <message id="m0060" participant="138327" time="2013-01-10 19:13:39 UTC">
      <body>Hmmmm bete3meli ehh ?</body>
    </message>
    <message id="m0061" participant="138112" time="2013-01-10 20:05:36 UTC">
      <body>Wala ay haga</body>
    </message>
    <message id="m0062" participant="138327" time="2013-01-11 14:49:06 UTC">
      <body>Sortek </body>
    </message>
    <message id="m0063" participant="138112" time="2013-01-11 15:18:35 UTC">
      <body>:**</body>
    </message>
    <message id="m0064" participant="138327" time="2013-01-11 15:23:48 UTC">
      <body>:***</body>
    </message>
    <message id="m0065" participant="138327" time="2013-01-11 23:42:06 UTC">
      <body>Walahii wahashteeni</body>
    </message>
    <message id="m0066" participant="138112" time="2013-01-11 23:42:31 UTC">
      <body>Walahi enta kaman</body>
    </message>
    <message id="m0067" participant="138327" time="2013-01-11 23:42:44 UTC">
      <body>3amla ehh ??</body>
    </message>
    <message id="m0068" participant="138112" time="2013-01-11 23:46:41 UTC">
      <body>Ana kwayesa enta 3amel eh!</body>
    </message>
    <message id="m0069" participant="138327" time="2013-01-11 23:47:09 UTC">
      <body>Ana kois el7</body>
    </message>
    <message id="m0070" participant="138327" time="2013-01-11 23:47:20 UTC">
      <body>Ehh malek</body>
    </message>
    <message id="m0071" participant="138112" time="2013-01-11 23:50:50 UTC">
      <body>Malish walahi</body>
    </message>
    <message id="m0072" participant="138327" time="2013-01-11 23:56:42 UTC">
      <body>La2 batalana netkalem</body>
    </message>
    <message id="m0073" participant="138112" time="2013-01-11 23:57:30 UTC">
      <body>Enta batalt</body>
    </message>
    <message id="m0074" participant="138112" time="2013-01-11 23:57:32 UTC">
      <body>Msh Ana</body>
    </message>
    <message id="m0075" participant="138327" time="2013-01-11 23:58:36 UTC">
      <body>Wenty bardu -_-</body>
    </message>
    <message id="m0076" participant="138112" time="2013-01-12 00:01:24 UTC">
      <body>Wenta bardo</body>
    </message>
    <message id="m0077" participant="138327" time="2013-01-12 00:01:57 UTC">
      <body>5alas hanerga3 netkalem</body>
    </message>
    <message id="m0078" participant="138112" time="2013-01-12 00:15:42 UTC">
      <body>Okay:D</body>
    </message>
    <message id="m0079" participant="138327" time="2013-01-12 00:16:27 UTC">
      <body>Bete3meli ehh kda</body>
    </message>
    <message id="m0081" participant="138327" time="2013-01-12 00:28:11 UTC">
      <body>Da ehh</body>
    </message>
    <message id="m0082" participant="138112" time="2013-01-12 00:28:18 UTC">
      <body>:/*</body>
    </message>
    <message id="m0084" participant="138327" time="2013-01-12 00:35:43 UTC">
      <body>:S</body>
    </message>
    <message id="m0085" participant="138112" time="2013-01-12 00:40:50 UTC">
      <body>Ah:(</body>
    </message>
    <message id="m0086" participant="138327" time="2013-01-12 00:41:06 UTC">
      <body>Ray7a school bokra ??</body>
    </message>
    <message id="m0087" participant="138112" time="2013-01-12 00:41:25 UTC">
      <body>Ahhh</body>
    </message>
    <message id="m0089" participant="138327" time="2013-01-12 00:44:05 UTC">
      <body>Mabaro7sh school</body>
    </message>
    <message id="m0090" participant="138327" time="2013-01-12 00:44:08 UTC">
      <body>:D</body>
    </message>
    <message id="m0091" participant="138327" time="2013-01-12 00:44:18 UTC">
      <body>Momken agilek ba3daha w neroo7 no3od f hetta</body>
    </message>
    <message id="m0092" participant="138112" time="2013-01-12 00:44:22 UTC">
      <body>5ales???</body>
    </message>
    <message id="m0093" participant="138327" time="2013-01-12 00:44:37 UTC">
      <body>Ahhh</body>
    </message>
    <message id="m0095" participant="138112" time="2013-01-12 00:45:30 UTC">
      <body>Bas betro7</body>
    </message>
    <message id="m0096" participant="138327" time="2013-01-12 00:46:10 UTC">
      <body>La2 5aliss</body>
    </message>
    <message id="m0097" participant="138112" time="2013-01-12 00:50:11 UTC">
      <body>Tate's 5alas Ana bokra 3la 12 keda ha2olak tgeeli wla la2</body>
    </message>
    <message id="m0098" participant="138112" time="2013-01-12 00:50:34 UTC">
      <body>Tayeb**</body>
    </message>
    <message id="m0099" participant="138327" time="2013-01-12 00:51:13 UTC">
      <body>Eb2i call me law maradtsh on what's app 3ashan bab2a nayem :D</body>
    </message>
    <message id="m0100" participant="138112" time="2013-01-12 00:53:34 UTC">
      <body>7ader haha</body>
    </message>
    <message id="m0101" participant="138112" time="2013-01-12 00:53:37 UTC">
      <body>Ana hanam</body>
    </message>
    <message id="m0104" participant="138112" time="2013-01-12 01:53:59 UTC">
      <body>Msh arfa anam.. :(</body>
    </message>
    <message id="m0105" participant="138327" time="2013-01-12 02:00:50 UTC">
      <body>Akalemek tyb</body>
    </message>
    <message id="m0106" participant="138327" time="2013-01-12 13:01:58 UTC">
      <body>Yaraa</body>
    </message>
    <message id="m0107" participant="138112" time="2013-01-12 14:07:26 UTC">
      <body>Ba2olak</body>
    </message>
    <message id="m0108" participant="138112" time="2013-01-12 14:07:42 UTC">
      <body>T3ala 3:30, 4 keda</body>
    </message>
    <message id="m0109" participant="138327" time="2013-01-12 14:08:09 UTC">
      <body>Tyb :*</body>
    </message>
    <message id="m0110" participant="138327" time="2013-01-12 16:13:45 UTC">
      <body>Yara</body>
    </message>
    <message id="m0112" participant="138327" time="2013-01-12 16:14:46 UTC">
      <body>Omi reg3et mel school ta3bana w lazem aroo7 ma3aha lel dr now :S ma3lesh</body>
    </message>
    <message id="m0113" participant="138327" time="2013-01-12 16:14:59 UTC">
      <body>Momken a5alas ma3aha w nenzel 7 kda</body>
    </message>
    <message id="m0114" participant="138327" time="2013-01-12 20:02:00 UTC">
      <body>Yaraaa</body>
    </message>
    <message id="m0115" participant="138327" time="2013-01-12 20:02:16 UTC">
      <body>Ana asef fash55 walahiii</body>
    </message>
    <message id="m0116" participant="138327" time="2013-01-12 20:03:06 UTC">
      <body>Roht ma3 mama w 5alasna min sa3a w nos kda w ba3din 5adetni ma3aha moshwaar w mobiley fasal :S</body>
    </message>
    <message id="m0117" participant="138327" time="2013-01-12 20:03:13 UTC">
      <body>Ma3lesh bgd</body>
    </message>
    <message id="m0118" participant="138327" time="2013-01-12 20:03:29 UTC">
      <body>Ta3ali a5dek w nenzel bokra l sob7</body>
    </message>
    <message id="m0120" participant="138327" time="2013-01-12 20:03:58 UTC">
      <body/>
    </message>
    <message id="m0121" participant="138112" time="2013-01-12 20:42:16 UTC">
      <body>3ady, wla yehemak, el doctor 2al eh le mamtak</body>
    </message>
    <message id="m0122" participant="138327" time="2013-01-12 20:43:13 UTC">
      <body>Mafhemtesh awii :D</body>
    </message>
    <message id="m0124" participant="138112" time="2013-01-12 22:08:09 UTC">
      <body>Hahaha mashy</body>
    </message>
    <message id="m0125" participant="138327" time="2013-01-12 22:13:36 UTC">
      <body>Fadya bokra ?</body>
    </message>
    <message id="m0126" participant="138327" time="2013-01-12 22:25:30 UTC">
      <body>Ya yaraaaaaaaa</body>
    </message>
    <message id="m0127" participant="138112" time="2013-01-12 22:26:39 UTC">
      <body>Hashoof w a2olaj</body>
    </message>
    <message id="m0128" participant="138112" time="2013-01-12 22:26:46 UTC">
      <body>*a2olak</body>
    </message>
    <message id="m0129" participant="138327" time="2013-01-12 22:27:24 UTC">
      <body>La2 mafeeesh hashoof hagy a5tafek men betko w nenzel x</body>
    </message>
    <message id="m0130" participant="138112" time="2013-01-12 22:34:47 UTC">
      <body>Hahahaha mwaf2q</body>
    </message>
    <message id="m0131" participant="138112" time="2013-01-12 22:38:32 UTC">
      <body>Mwaf2a*</body>
    </message>
    <message id="m0132" participant="138327" time="2013-01-12 23:11:45 UTC">
      <body>:***</body>
    </message>
    <message id="m0133" participant="138112" time="2013-01-13 00:13:40 UTC">
      <body>Kareem eh ra2yak law 3amalt f sha3ri ombré</body>
    </message>
    <message id="m0134" participant="138327" time="2013-01-13 00:14:38 UTC">
      <body>Wareni w ana a2olek</body>
    </message>
    <message id="m0135" participant="138112" time="2013-01-13 00:18:22 UTC">
      <body>&lt;media omitted&gt;</body>
    </message>
    <message id="m0136" participant="138327" time="2013-01-13 00:18:43 UTC">
      <body>Mesh 3aref eshta hayeb2a hilw</body>
    </message>
    <message id="m0137" participant="138327" time="2013-01-13 00:18:59 UTC">
      <body>Garaby kda</body>
    </message>
    <message id="m0138" participant="138327" time="2013-01-13 00:19:00 UTC">
      <body>:D</body>
    </message>
    <message id="m0139" participant="138112" time="2013-01-13 00:21:39 UTC">
      <body>Msh 3agbak?</body>
    </message>
    <message id="m0140" participant="138327" time="2013-01-13 00:22:57 UTC">
      <body>La2 bs mesh 3aref 3aleeki hayeb2a 3amel ezai</body>
    </message>
    <message id="m0141" participant="138327" time="2013-01-13 01:03:47 UTC">
      <body>Yaraa</body>
    </message>
    <message id="m0142" participant="138112" time="2013-01-13 10:25:11 UTC">
      <body>Aywa, nemt sorry</body>
    </message>
    <message id="m0144" participant="138327" time="2013-01-13 13:41:03 UTC">
      <body>3amla ehh</body>
    </message>
    <message id="m0145" participant="138327" time="2013-01-13 14:04:16 UTC">
      <body>Saba7 l 5iir :D</body>
    </message>
    <message id="m0147" participant="138327" time="2013-01-13 15:06:00 UTC">
      <body>Ana kois enty 3amla ehh</body>
    </message>
    <message id="m0148" participant="138112" time="2013-01-13 15:35:06 UTC">
      <body>Ana kwayesa :)</body>
    </message>
    <message id="m0149" participant="138327" time="2013-01-13 15:36:48 UTC">
      <body>Hatenzely ??</body>
    </message>
    <message id="m0150" participant="138112" time="2013-01-13 17:09:27 UTC">
      <body>La2a</body>
    </message>
    <message id="m0151" participant="138112" time="2013-01-13 17:09:42 UTC">
      <body>Waraya 2 projects yet3mlo</body>
    </message>
    <message id="m0152" participant="138327" time="2013-01-13 17:09:57 UTC">
      <body>Edaa :S</body>
    </message>
    <message id="m0153" participant="138112" time="2013-01-13 17:17:30 UTC">
      <body>Ah</body>
    </message>
    <message id="m0156" participant="138327" time="2013-01-14 00:12:16 UTC">
      <body>:(</body>
    </message>
    <message id="m0157" participant="138112" time="2013-01-14 00:12:38 UTC">
      <body>Enta msh betrod Aslan</body>
    </message>
    <message id="m0158" participant="138327" time="2013-01-14 00:14:04 UTC">
      <body>Fiiin daa</body>
    </message>
    <message id="m0159" participant="138327" time="2013-01-14 00:14:11 UTC">
      <body>Walahii maba3ateeli hagaa</body>
    </message>
    <message id="m0160" participant="138327" time="2013-01-14 00:14:18 UTC">
      <body>Walahii magalii ay haga :S</body>
    </message>
    <message id="m0161" participant="138327" time="2013-01-14 00:17:46 UTC">
      <body>Ya yaraaa</body>
    </message>
    <message id="m0162" participant="138112" time="2013-01-14 06:53:11 UTC">
      <body>Sorry nemt</body>
    </message>
    <message id="m0163" participant="138327" time="2013-01-14 11:05:02 UTC">
      <body>Yaraa</body>
    </message>
    <message id="m0164" participant="138112" time="2013-01-14 11:29:59 UTC">
      <body>Aywaaaa</body>
    </message>
    <message id="m0165" participant="138327" time="2013-01-14 11:30:13 UTC">
      <body>Walahii magaliiish haga menek embare7</body>
    </message>
    <message id="m0166" participant="138327" time="2013-01-14 11:30:23 UTC">
      <body>Enty ba3aty ehh embare7</body>
    </message>
    <message id="m0167" participant="138112" time="2013-01-14 15:44:39 UTC">
      <body>Wala haga 5as</body>
    </message>
    <message id="m0168" participant="138112" time="2013-01-14 15:44:45 UTC">
      <body>*5alas</body>
    </message>
    <message id="m0169" participant="138327" time="2013-01-14 15:47:19 UTC">
      <body>Malek</body>
    </message>
    <message id="m0170" participant="138327" time="2013-01-14 15:53:47 UTC">
      <body>Matez3aliish walahii :*</body>
    </message>
    <message id="m0171" participant="138112" time="2013-01-14 15:54:18 UTC">
      <body>MSH ZA3LANA WALAHI!!</body>
    </message>
    <message id="m0172" participant="138327" time="2013-01-14 15:57:58 UTC">
      <body>:****</body>
    </message>
    <message id="m0173" participant="138112" time="2013-01-14 15:58:07 UTC">
      <body>:* :* :*</body>
    </message>
    <message id="m0174" participant="138327" time="2013-01-15 11:34:11 UTC">
      <body>Yaraaaa</body>
    </message>
    <message id="m0175" participant="138112" time="2013-01-15 15:00:21 UTC">
      <body>Sorry makansh m3aya credit w lesa rag3a el bet</body>
    </message>
    <message id="m0178" participant="138112" time="2013-01-15 17:21:35 UTC">
      <body>Lesa sahya</body>
    </message>
    <message id="m0179" participant="138327" time="2013-01-15 17:22:24 UTC">
      <body>Saba7 l 5eeer :D</body>
    </message>
    <message id="m0180" participant="138327" time="2013-01-15 17:23:13 UTC">
      <body>Yara ana helemt beeki :D</body>
    </message>
    <message id="m0181" participant="138112" time="2013-01-15 17:26:29 UTC">
      <body>Tab brb Ana f dars</body>
    </message>
    <message id="m0183" participant="138112" time="2013-01-15 18:48:02 UTC">
      <body>5alast</body>
    </message>
    <message id="m0184" participant="138327" time="2013-01-15 18:49:29 UTC">
      <body>Tyb</body>
    </message>
    <message id="m0185" participant="138327" time="2013-01-15 21:04:35 UTC">
      <body>Enty ya 5araa</body>
    </message>
    <message id="m0187" participant="138327" time="2013-01-15 21:31:12 UTC">
      <body>Akalemek ?</body>
    </message>
    <message id="m0188" participant="138112" time="2013-01-15 21:40:55 UTC">
      <body>???</body>
    </message>
    <message id="m0189" participant="138112" time="2013-01-15 21:41:04 UTC">
      <body>Heya d el minute</body>
    </message>
    <message id="m0190" participant="138327" time="2013-01-15 21:41:12 UTC">
      <body>Ana bas2alek</body>
    </message>
    <message id="m0191" participant="138327" time="2013-01-15 21:41:47 UTC">
      <body>Akalemek now ?</body>
    </message>
    <message id="m0192" participant="138327" time="2013-01-15 21:43:31 UTC">
      <body>Yara yara</body>
    </message>
    <message id="m0193" participant="138327" time="2013-01-15 21:43:33 UTC">
      <body>Ba2olek ehhh</body>
    </message>
    <message id="m0194" participant="138112" time="2013-01-15 21:46:37 UTC">
      <body>Aywa aywa</body>
    </message>
    <message id="m0195" participant="138327" time="2013-01-15 21:47:59 UTC">
      <body>Ana bahibek</body>
    </message>
    <message id="m0196" participant="138112" time="2013-01-15 21:49:00 UTC">
      <body>Ana kaman</body>
    </message>
    <message id="m0197" participant="138112" time="2013-01-15 21:49:05 UTC">
      <body>Ana ha3ayat:(</body>
    </message>
    <message id="m0198" participant="138112" time="2013-01-15 21:49:15 UTC">
      <body>Mesh la2ya el otta el soda</body>
    </message>
    <message id="m0199" participant="138327" time="2013-01-15 21:49:31 UTC">
      <body>Ma3lesh tab dawarty 3aleeha fiin</body>
    </message>
    <message id="m0200" participant="138327" time="2013-01-15 21:49:37 UTC">
      <body>Heya nezlet ezai walla ehh</body>
    </message>
    <message id="m0201" participant="138112" time="2013-01-15 21:54:39 UTC">
      <body>Dawart aywa bas isa bokra 2ala2iha</body>
    </message>
    <message id="m0202" participant="138327" time="2013-01-15 21:59:29 UTC">
      <body>Tab enty fiin</body>
    </message>
    <message id="m0203" participant="138112" time="2013-01-15 21:59:43 UTC">
      <body>Fel serir</body>
    </message>
    <message id="m0204" participant="138327" time="2013-01-15 21:59:50 UTC">
      <body>:D</body>
    </message>
    <message id="m0205" participant="138327" time="2013-01-15 22:00:36 UTC">
      <body>W ehh a5barek</body>
    </message>
    <message id="m0206" participant="138112" time="2013-01-15 22:06:48 UTC">
      <body>Ana Kwayesa</body>
    </message>
    <message id="m0207" participant="138112" time="2013-01-15 22:06:50 UTC">
      <body>Hahahaha</body>
    </message>
    <message id="m0208" participant="138112" time="2013-01-15 22:06:58 UTC">
      <body>Batfarag 3la love and basketball</body>
    </message>
    <message id="m0209" participant="138327" time="2013-01-15 22:09:09 UTC">
      <body>Hahahah da ehh da</body>
    </message>
    <message id="m0210" participant="138327" time="2013-01-15 22:09:12 UTC">
      <body>Ana ma3rafoosh</body>
    </message>
    <message id="m0211" participant="138327" time="2013-01-15 22:09:27 UTC">
      <body>Ana ba3mel download l rambo 1 ,2 ,3 ,4</body>
    </message>
    <message id="m0212" participant="138327" time="2013-01-15 22:09:38 UTC">
      <body>:D w odamhom sa3a w ye5laso</body>
    </message>
    <message id="m0213" participant="138327" time="2013-01-15 22:09:41 UTC">
      <body>3arfa rambo ?</body>
    </message>
    <message id="m0214" participant="138112" time="2013-01-15 22:23:04 UTC">
      <body>La2a</body>
    </message>
    <message id="m0215" participant="138327" time="2013-01-15 22:24:40 UTC">
      <body>Beta3 sylvester stallone</body>
    </message>
    <message id="m0216" participant="138112" time="2013-01-15 22:25:08 UTC">
      <body>Ahhhhh</body>
    </message>
    <message id="m0217" participant="138327" time="2013-01-15 22:26:41 UTC">
      <body>W ehhh</body>
    </message>
    <message id="m0218" participant="138112" time="2013-01-15 22:30:19 UTC">
      <body>Wahashteni!</body>
    </message>
    <message id="m0219" participant="138327" time="2013-01-15 22:30:57 UTC">
      <body>Wenty awiiii &lt;3</body>
    </message>
    <message id="m0220" participant="138327" time="2013-01-15 22:31:11 UTC">
      <body>Walahiii wahashteeni fash5 :**** </body>
    </message>
    <message id="m0223" participant="138327" time="2013-01-15 22:48:41 UTC">
      <body>Hatnamy emta ??</body>
    </message>
    <message id="m0225" participant="138327" time="2013-01-15 22:50:15 UTC">
      <body>La2 ana lessa a3ed ma3aki lehad matnamy</body>
    </message>
    <message id="m0226" participant="138327" time="2013-01-15 22:50:16 UTC">
      <body>:**</body>
    </message>
    <message id="m0228" participant="138327" time="2013-01-15 23:10:48 UTC">
      <body>Ba2olek ehh</body>
    </message>
    <message id="m0232" participant="138327" time="2013-01-15 23:16:00 UTC">
      <body>Lssa betetfaragy 3al film</body>
    </message>
    <message id="m0233" participant="138112" time="2013-01-15 23:16:40 UTC">
      <body>Agh</body>
    </message>
    <message id="m0234" participant="138112" time="2013-01-15 23:16:48 UTC">
      <body>Ahhh*</body>
    </message>
    <message id="m0235" participant="138327" time="2013-01-15 23:17:07 UTC">
      <body>Howa da beta3 miiin</body>
    </message>
    <message id="m0238" participant="138327" time="2013-01-15 23:17:54 UTC">
      <body>Tyb :D</body>
    </message>
    <message id="m0239" participant="138112" time="2013-01-15 23:20:21 UTC">
      <body>:*</body>
    </message>
    <message id="m0240" participant="138327" time="2013-01-15 23:20:32 UTC">
      <body>&lt;3</body>
    </message>
    <message id="m0241" participant="138327" time="2013-01-15 23:20:43 UTC">
      <body>W ehh</body>
    </message>
    <message id="m0242" participant="138112" time="2013-01-15 23:28:58 UTC">
      <body>W ehhhh</body>
    </message>
    <message id="m0243" participant="138327" time="2013-01-15 23:29:23 UTC">
      <body>3awez ashofek fash5 walahii</body>
    </message>
    <message id="m0244" participant="138112" time="2013-01-15 23:40:52 UTC">
      <body>Ana kamannnn</body>
    </message>
    <message id="m0245" participant="138327" time="2013-01-15 23:41:21 UTC">
      <body>5alas bokra law fadya sa7ini ama te5alasy miu w nenzel :*</body>
    </message>
    <message id="m0246" participant="138112" time="2013-01-15 23:41:39 UTC">
      <body>Hader :*</body>
    </message>
    <message id="m0247" participant="138327" time="2013-01-15 23:41:53 UTC">
      <body>&lt;3</body>
    </message>
    <message id="m0248" participant="138327" time="2013-01-16 00:10:31 UTC">
      <body>Nemty ??</body>
    </message>
    <message id="m0249" participant="138112" time="2013-01-16 00:12:28 UTC">
      <body>Lahhh el movie lesa 5alsa</body>
    </message>
    <message id="m0250" participant="138327" time="2013-01-16 00:12:59 UTC">
      <body>Hatnamy</body>
    </message>
    <message id="m0251" participant="138112" time="2013-01-16 00:13:04 UTC">
      <body>Ahhhh</body>
    </message>
    <message id="m0252" participant="138112" time="2013-01-16 00:13:06 UTC">
      <body>W enta</body>
    </message>
    <message id="m0253" participant="138327" time="2013-01-16 00:13:27 UTC">
      <body>La2 showaya kda w hanam</body>
    </message>
    <message id="m0254" participant="138327" time="2013-01-16 00:17:00 UTC">
      <body>W ehh</body>
    </message>
    <message id="m0255" participant="138112" time="2013-01-16 00:17:26 UTC">
      <body>Ana hanam</body>
    </message>
    <message id="m0257" participant="138112" time="2013-01-16 00:18:49 UTC">
      <body>5osh nam yala</body>
    </message>
    <message id="m0258" participant="138327" time="2013-01-16 00:18:59 UTC">
      <body>Ba2olek ehh</body>
    </message>
    <message id="m0259" participant="138112" time="2013-01-16 00:19:15 UTC">
      <body>Eh</body>
    </message>
    <message id="m0260" participant="138327" time="2013-01-16 00:19:23 UTC">
      <body>Ana bahebek :*</body>
    </message>
    <message id="m0262" participant="138327" time="2013-01-16 23:32:45 UTC">
      <body>Enty 5araa walahii</body>
    </message>
  </messages>
</conversation>
