<?xml version="1.0" encoding="UTF-8"?>
<conversation id="CHT_ARZ_20130411.0000" medium="CHT" donated="true">
  <messages>
    <message id="m0000" participant="138308" time="2013-04-11 22:36:33 UTC">
      <body>Yaraaa</body>
    </message>
    <message id="m0001" participant="138308" time="2013-04-11 22:36:39 UTC">
      <body>3amla eh ??</body>
    </message>
    <message id="m0002" participant="138112" time="2013-04-12 01:42:44 UTC">
      <body>Ana kwayesa el7, you!</body>
    </message>
    <message id="m0003" participant="138308" time="2013-04-12 12:16:02 UTC">
      <body>Tamam el7dll</body>
    </message>
    <message id="m0004" participant="138308" time="2013-04-12 12:16:15 UTC">
      <body>Eh a5bar elmozkra?</body>
    </message>
    <message id="m0005" participant="138112" time="2013-04-12 12:43:59 UTC">
      <body>Mafish mozakraaa</body>
    </message>
    <message id="m0006" participant="138308" time="2013-04-12 12:47:08 UTC">
      <body>Leh keda :D</body>
    </message>
    <message id="m0007" participant="138112" time="2013-04-12 12:51:53 UTC">
      <body>3ashan mesh benroo7 el madrasa mafish 7ad beyroo7</body>
    </message>
    <message id="m0008" participant="138308" time="2013-04-12 12:52:26 UTC">
      <body>Ya ba5toko</body>
    </message>
    <message id="m0009" participant="138112" time="2013-04-12 12:53:43 UTC">
      <body>Enti 3amla eh</body>
    </message>
    <message id="m0010" participant="138308" time="2013-04-12 12:54:34 UTC">
      <body>Ana kowesa el 7dll</body>
    </message>
    <message id="m0011" participant="138112" time="2013-04-12 12:54:56 UTC">
      <body>W a5bar el gam3a eh</body>
    </message>
    <message id="m0012" participant="138308" time="2013-04-12 12:55:50 UTC">
      <body>Byzloona 3ashan nmt7en el 7agat el fatetna</body>
    </message>
    <message id="m0013" participant="138308" time="2013-04-12 12:55:54 UTC">
      <body>Bgd mo2rfeen</body>
    </message>
    <message id="m0014" participant="138112" time="2013-04-12 12:56:28 UTC">
      <body>Leh keda</body>
    </message>
    <message id="m0015" participant="138308" time="2013-04-12 12:57:05 UTC">
      <body>M3rfsh, shwia ya2oly lama el 3ameeda tqrr ba3deen lama ngame3 kol el nas ba3deen araf</body>
    </message>
    <message id="m0016" participant="138112" time="2013-04-12 12:59:01 UTC">
      <body>Eh el habal da 3ameeda eh teqarar msh ento metef2een n3ahom abl ma tsafro</body>
    </message>
    <message id="m0017" participant="138308" time="2013-04-12 12:59:27 UTC">
      <body>Aywa keda keda hymt7noona</body>
    </message>
    <message id="m0018" participant="138308" time="2013-04-12 12:59:36 UTC">
      <body>El fekra tqrr teb2a el emt7nat emta</body>
    </message>
    <message id="m0019" participant="138112" time="2013-04-12 13:00:04 UTC">
      <body>Howa d midterms</body>
    </message>
    <message id="m0020" participant="138308" time="2013-04-12 13:00:58 UTC">
      <body>Ahhh</body>
    </message>
    <message id="m0021" participant="138308" time="2013-04-12 13:01:19 UTC">
      <body>Wallahy law msh 3aleeh 30 darga wala kont 3abrto aslan</body>
    </message>
    <message id="m0022" participant="138112" time="2013-04-12 13:06:45 UTC">
      <body>Ohh</body>
    </message>
    <message id="m0023" participant="138112" time="2013-04-12 13:06:57 UTC">
      <body>Zeni 3alehom howa da el 7al f masr hahaha</body>
    </message>
    <message id="m0024" participant="138308" time="2013-04-12 13:07:29 UTC">
      <body>Hahahahhaha</body>
    </message>
    <message id="m0025" participant="138308" time="2013-04-12 13:07:51 UTC">
      <body>Ana msh fakra kelma aslan</body>
    </message>
    <message id="m0026" participant="138112" time="2013-04-12 13:17:32 UTC">
      <body>Mafrood kano yemte7noko awel ma reg3to</body>
    </message>
    <message id="m0027" participant="138112" time="2013-04-12 13:17:44 UTC">
      <body>W baadeen da msh enti w Lina bas yaani</body>
    </message>
    <message id="m0028" participant="138112" time="2013-04-12 13:17:57 UTC">
      <body>Akeed f nas Tania kteer</body>
    </message>
    <message id="m0029" participant="138308" time="2013-04-12 13:18:05 UTC">
      <body>Ahhh e7na kaza 7ad ya3ni</body>
    </message>
    <message id="m0030" participant="138308" time="2013-04-12 13:18:07 UTC">
      <body>Ahhh belzabt</body>
    </message>
    <message id="m0031" participant="138112" time="2013-04-12 13:18:17 UTC">
      <body>Howa kol madrasa w gam3a f masr keda</body>
    </message>
    <message id="m0032" participant="138308" time="2013-04-12 13:18:18 UTC">
      <body>E7na emt7anna emt7aneen yom el 5amees</body>
    </message>
    <message id="m0033" participant="138308" time="2013-04-12 13:18:21 UTC">
      <body>We fadlna 4 keda</body>
    </message>
    <message id="m0034" participant="138308" time="2013-04-12 13:19:10 UTC">
      <body>Ahhh wallahy mafesh 7aga btmshy 3edl</body>
    </message>
    <message id="m0035" participant="138308" time="2013-04-12 13:19:43 UTC">
      <body>We enty bt3mly eh fe 7yatek ??</body>
    </message>
    <message id="m0036" participant="138112" time="2013-04-12 13:19:58 UTC">
      <body>Wala ayyyy haga</body>
    </message>
    <message id="m0037" participant="138112" time="2013-04-12 13:20:15 UTC">
      <body>B2ali men s3et el prom marohtsh el madrasa wla ay 7ad ra7</body>
    </message>
    <message id="m0038" participant="138308" time="2013-04-12 13:21:26 UTC">
      <body>Dah leh keda aslan ??</body>
    </message>
    <message id="m0039" participant="138112" time="2013-04-12 13:39:09 UTC">
      <body>3ashan el 7atsa el 7asalet w el nas el madrasa el mato feeha</body>
    </message>
    <message id="m0040" participant="138112" time="2013-04-12 13:39:16 UTC">
      <body>M7adah ader yrooh</body>
    </message>
    <message id="m0041" participant="138112" time="2013-04-12 13:39:27 UTC">
      <body>Hab2a a7kilek baadeen I'll call you later</body>
    </message>
    <message id="m0042" participant="138308" time="2013-04-12 13:41:50 UTC">
      <body>Allah yr7mhom ya rab</body>
    </message>
    <message id="m0043" participant="138308" time="2013-04-12 13:41:50 UTC">
      <body>Tayeb mashy</body>
    </message>
  </messages>
</conversation>
