<?xml version="1.0" encoding="UTF-8"?>
<conversation id="CHT_ARZ_20130430.0002" medium="CHT" donated="true">
  <messages>
    <message id="m0000" time="2013-04-30 19:09:00 UTC" participant="139376">
      <body>سااااارة  </body>
    </message>
    <message id="m0001" time="2013-04-30 19:09:00 UTC" participant="139376">
      <body>شوفتي التكنولوجيا حلوة ازاي  </body>
    </message>
    <message id="m0003" time="2013-04-30 19:28:00 UTC" participant="139376">
      <body></body>
    </message>
    <message id="m0004" time="2013-04-30 19:28:00 UTC" participant="139376">
      <body>نلعب عروستي</body>
    </message>
    <message id="m0007" time="2013-04-30 19:29:00 UTC" participant="139543">
      <body>Bas ya. Maha</body>
    </message>
    <message id="m0008" time="2013-04-30 19:29:00 UTC" participant="139543">
      <body></body>
    </message>
    <message id="m0009" time="2013-04-30 19:30:00 UTC" participant="139376">
      <body>ازيك يا جميل؟</body>
    </message>
    <message id="m0010" time="2013-04-30 19:30:00 UTC" participant="139543">
      <body>El7amdolelah</body>
    </message>
    <message id="m0011" time="2013-04-30 19:30:00 UTC" participant="139543">
      <body>Enty 3amla eih</body>
    </message>
    <message id="m0012" time="2013-04-30 19:30:00 UTC" participant="139543">
      <body>W ezay el welad</body>
    </message>
    <message id="m0013" time="2013-04-30 19:30:00 UTC" participant="139376">
      <body>والله الحمد لله</body>
    </message>
    <message id="m0014" time="2013-04-30 19:31:00 UTC" participant="139376">
      <body>كلهم كويسين الحمد لله</body>
    </message>
    <message id="m0015" time="2013-04-30 19:31:00 UTC" participant="139376">
      <body>وانتي اخبار الولاد ايه؟؟</body>
    </message>
    <message id="m0016" time="2013-04-30 19:31:00 UTC" participant="139376">
      <body>وزينة  عاملة ايه؟؟</body>
    </message>
    <message id="m0017" time="2013-04-30 19:31:00 UTC" participant="139376">
      <body>عندها أد ايه؟؟</body>
    </message>
    <message id="m0019" time="2013-04-30 20:00:00 UTC" participant="139376">
      <body>يا لولو</body>
    </message>
    <message id="m0020" time="2013-04-30 20:00:00 UTC" participant="139376">
      <body>ماشاء الله</body>
    </message>
    <message id="m0021" time="2013-04-30 20:01:00 UTC" participant="139376">
      <body>ربنا يخليهم لك يارب </body>
    </message>
    <message id="m0022" time="2013-04-30 20:06:00 UTC" participant="139543">
      <body>Rabna yakhleeky ya rab</body>
    </message>
    <message id="m0023" time="2013-04-30 20:07:00 UTC" participant="139543">
      <body>2yna3am ana 2arabt 2nkosh sha3ry w 2mshy 3ala el khat el2sfar bas el7amdolelah 3ala kol she2</body>
    </message>
    <message id="m0024" time="2013-04-30 20:08:00 UTC" participant="139376">
      <body></body>
    </message>
    <message id="m0025" time="2013-04-30 20:08:00 UTC" participant="139376">
      <body>ربنا يعينك</body>
    </message>
    <message id="m0026" time="2013-04-30 20:08:00 UTC" participant="139543">
      <body>Ya raaaaaaaab</body>
    </message>
    <message id="m0027" time="2013-04-30 20:08:00 UTC" participant="139376">
      <body>انتي من الناس القليلة الي اتجرأت وجابت طفل تالت  </body>
    </message>
    <message id="m0028" time="2013-04-30 20:11:00 UTC" participant="139543">
      <body>W adneeny bashrab</body>
    </message>
    <message id="m0029" time="2013-04-30 20:11:00 UTC" participant="139376">
      <body>لا والله جدعة</body>
    </message>
    <message id="m0030" time="2013-04-30 20:12:00 UTC" participant="139376">
      <body>انا ان شاء الله ناوية اخد الخطوة دي برضه</body>
    </message>
    <message id="m0031" time="2013-04-30 20:12:00 UTC" participant="139376">
      <body>بس شوية كده</body>
    </message>
    <message id="m0032" time="2013-04-30 20:13:00 UTC" participant="139543">
      <body>W ba3den el 20s gheir el 30s khalessssssssssss</body>
    </message>
    <message id="m0033" time="2013-04-30 20:13:00 UTC" participant="139376">
      <body>حيكون بينهم فرق كبير</body>
    </message>
    <message id="m0034" time="2013-04-30 20:13:00 UTC" participant="139376">
      <body>هي هي هي</body>
    </message>
    <message id="m0035" time="2013-04-30 20:13:00 UTC" participant="139543">
      <body></body>
    </message>
    <message id="m0036" time="2013-04-30 20:13:00 UTC" participant="139376">
      <body>بس بقه بس</body>
    </message>
    <message id="m0037" time="2013-04-30 20:13:00 UTC" participant="139543">
      <body>Walahy ana r2y lw nawya yeb2a 3ala tool</body>
    </message>
    <message id="m0038" time="2013-04-30 20:13:00 UTC" participant="139543">
      <body>El 3omr byfre2 bardo</body>
    </message>
    <message id="m0039" time="2013-04-30 20:13:00 UTC" participant="139376">
      <body>اه فعلا</body>
    </message>
    <message id="m0040" time="2013-04-30 20:14:00 UTC" participant="139376">
      <body>انا بقنع نفسي ان لسه في العشرينات</body>
    </message>
    <message id="m0041" time="2013-04-30 20:14:00 UTC" participant="139376">
      <body>بس يا سارة</body>
    </message>
    <message id="m0042" time="2013-04-30 20:14:00 UTC" participant="139376">
      <body>احنا لسه شباب </body>
    </message>
    <message id="m0043" time="2013-04-30 20:15:00 UTC" participant="139543">
      <body>Ah tab3annn tab3an</body>
    </message>
    <message id="m0044" time="2013-04-30 20:15:00 UTC" participant="139376">
      <body></body>
    </message>
    <message id="m0045" time="2013-04-30 20:16:00 UTC" participant="139543">
      <body>Walahy ya benty kan fi 2yam wara ba3d mish banam</body>
    </message>
    <message id="m0047" time="2013-04-30 20:18:00 UTC" participant="139543">
      <body>Zeina te3od li7ad 6 elsob7</body>
    </message>
    <message id="m0048" time="2013-04-30 20:18:00 UTC" participant="139543">
      <body>W tenam yekoon mi3ad sa7ayan yaseen w farah</body>
    </message>
    <message id="m0049" time="2013-04-30 20:18:00 UTC" participant="139543">
      <body>W 2kamel ana 3ady</body>
    </message>
    <message id="m0050" time="2013-04-30 20:18:00 UTC" participant="139376">
      <body/>
    </message>
    <message id="m0051" time="2013-04-30 20:18:00 UTC" participant="139543">
      <body>Li7ad ma7ygeely takhalof 3akly</body>
    </message>
    <message id="m0052" time="2013-04-30 20:19:00 UTC" participant="139376">
      <body>طبعا</body>
    </message>
    <message id="m0053" time="2013-04-30 20:19:00 UTC" participant="139376">
      <body>إلا النوم</body>
    </message>
    <message id="m0054" time="2013-04-30 20:19:00 UTC" participant="139376">
      <body>النوم سلطان</body>
    </message>
    <message id="m0055" time="2013-04-30 20:19:00 UTC" participant="139376">
      <body>ده علي لوحده مكنش بيخليني انام</body>
    </message>
    <message id="m0056" time="2013-04-30 20:20:00 UTC" participant="139376">
      <body>تخيلي بقه 3 اطفال مختلفين الطلبات</body>
    </message>
    <message id="m0057" time="2013-04-30 20:20:00 UTC" participant="139376">
      <body>ربنا يعينك والله</body>
    </message>
    <message id="m0058" time="2013-04-30 20:20:00 UTC" participant="139376">
      <body>وكمان انتي في بلد لوحدك مامتك مش موجودة تساعدك شوية</body>
    </message>
    <message id="m0059" time="2013-04-30 20:20:00 UTC" participant="139376">
      <body>كان الله في العون والله</body>
    </message>
    <message id="m0060" time="2013-04-30 20:21:00 UTC" participant="139543">
      <body>Fa khody el khatwa 3ashan yekbaro ma3 ba3d isA w tanamy mara wa7da ba2a</body>
    </message>
    <message id="m0061" time="2013-04-30 20:21:00 UTC" participant="139543">
      <body>Tab3an wgood el 2hl byfre2</body>
    </message>
    <message id="m0062" time="2013-04-30 20:22:00 UTC" participant="139543">
      <body>bas el wa7ed 2t3wed el7amdolelah</body>
    </message>
    <message id="m0063" time="2013-04-30 20:24:00 UTC" participant="139376">
      <body>الحمد لله</body>
    </message>
    <message id="m0064" time="2013-04-30 20:24:00 UTC" participant="139376">
      <body>ربنا معاكي ويعينك يارب</body>
    </message>
    <message id="m0065" time="2013-04-30 20:24:00 UTC" participant="139376">
      <body>ومحمد الي عندك زي محمد الي عندي كده؟؟ </body>
    </message>
    <message id="m0066" time="2013-04-30 20:24:00 UTC" participant="139376">
      <body>شايل ايده من كل حاجة </body>
    </message>
    <message id="m0067" time="2013-04-30 20:39:00 UTC" participant="139543">
      <body>La sheil el 2eed dah yakhod maghood meno</body>
    </message>
    <message id="m0068" time="2013-04-30 20:39:00 UTC" participant="139543">
      <body/>
    </message>
    <message id="m0069" time="2013-04-30 20:41:00 UTC" participant="139376">
      <body>هي هي هب</body>
    </message>
    <message id="m0070" time="2013-04-30 20:42:00 UTC" participant="139376">
      <body>ربنا يعينا  </body>
    </message>
    <message id="m0071" time="2013-04-30 20:42:00 UTC" participant="139376">
      <body>هو يس وفرح في سنة كام؟!</body>
    </message>
    <message id="m0072" time="2013-04-30 20:57:00 UTC" participant="139543">
      <body>Yassin grade1 w farah ray7a kg1 isA in september</body>
    </message>
    <message id="m0073" time="2013-04-30 21:00:00 UTC" participant="139376">
      <body>ان شاء الله</body>
    </message>
    <message id="m0074" time="2013-04-30 21:00:00 UTC" participant="139376">
      <body>علي وحسين قدهم بالضبط</body>
    </message>
    <message id="m0075" time="2013-04-30 21:00:00 UTC" participant="139543">
      <body>Wenty el welad ba2o fi sana kam</body>
    </message>
    <message id="m0076" time="2013-04-30 21:01:00 UTC" participant="139543">
      <body> rabna ye7fazhom</body>
    </message>
    <message id="m0077" time="2013-04-30 21:01:00 UTC" participant="139376">
      <body>الله يخليكي</body>
    </message>
    <message id="m0078" time="2013-04-30 21:01:00 UTC" participant="139543">
      <body>Kebrna ya mahmooha walahy</body>
    </message>
    <message id="m0079" time="2013-04-30 21:01:00 UTC" participant="139376">
      <body></body>
    </message>
    <message id="m0080" time="2013-04-30 21:01:00 UTC" participant="139543">
      <body>Lessa awel 2mbare7 kona 3eyal fi el koleya</body>
    </message>
    <message id="m0081" time="2013-04-30 21:02:00 UTC" participant="139376">
      <body>بدل ما كنا بنتكلم في المحاضرات والسكاشن بنتكلم في العيال والمدارس</body>
    </message>
    <message id="m0082" time="2013-04-30 21:02:00 UTC" participant="139543">
      <body>Delw2ty babos lel welad w 2a2ool meeeeeen doooollll</body>
    </message>
    <message id="m0083" time="2013-04-30 21:02:00 UTC" participant="139376">
      <body>سنة الحياة الحمد لله</body>
    </message>
    <message id="m0084" time="2013-04-30 21:02:00 UTC" participant="139376">
      <body>او انا كمان والله</body>
    </message>
    <message id="m0085" time="2013-04-30 21:03:00 UTC" participant="139376">
      <body>انا ببص لنفسي في المرايه وبقول مين دي  </body>
    </message>
    <message id="m0086" time="2013-04-30 21:03:00 UTC" participant="139376">
      <body>مش دي مها الي اعرفها ولا الي كنت عيزاها</body>
    </message>
    <message id="m0087" time="2013-04-30 21:03:00 UTC" participant="139376">
      <body>الحمد لله</body>
    </message>
    <message id="m0088" time="2013-04-30 21:03:00 UTC" participant="139376">
      <body>أحسن من غيرنا</body>
    </message>
    <message id="m0089" time="2013-04-30 21:04:00 UTC" participant="139543">
      <body>Tab3an el7amdolelah akeed 27na 27san</body>
    </message>
    <message id="m0090" time="2013-04-30 21:04:00 UTC" participant="139376">
      <body>الحمد لله</body>
    </message>
    <message id="m0091" time="2013-04-30 21:06:00 UTC" participant="139543">
      <body>Ezay nelly</body>
    </message>
    <message id="m0092" time="2013-04-30 21:06:00 UTC" participant="139376">
      <body>كويسة الحمد لله</body>
    </message>
    <message id="m0093" time="2013-04-30 21:06:00 UTC" participant="139376">
      <body>حامل دلوقتي</body>
    </message>
    <message id="m0094" time="2013-04-30 21:08:00 UTC" participant="139543">
      <body>Rabna ye2wmha belsalama</body>
    </message>
    <message id="m0095" time="2013-04-30 21:08:00 UTC" participant="139543">
      <body>3andaha 7ad gheir noor</body>
    </message>
    <message id="m0096" time="2013-04-30 21:08:00 UTC" participant="139376">
      <body>يارب ان شاء الله</body>
    </message>
    <message id="m0097" time="2013-04-30 21:08:00 UTC" participant="139376">
      <body>لا</body>
    </message>
    <message id="m0098" time="2013-04-30 21:08:00 UTC" participant="139376">
      <body>ده تاني طفل ليها</body>
    </message>
    <message id="m0099" time="2013-04-30 21:09:00 UTC" participant="139376">
      <body>دي كانت رافضة الموضوع بتاتا</body>
    </message>
    <message id="m0100" time="2013-04-30 21:09:00 UTC" participant="139376">
      <body>بس ربك بقه  </body>
    </message>
    <message id="m0101" time="2013-04-30 21:13:00 UTC" participant="139543">
      <body/>
    </message>
    <message id="m0102" time="2013-04-30 21:39:00 UTC" participant="139543">
      <body>W enty 3amla eih is Saudi</body>
    </message>
    <message id="m0103" time="2013-04-30 21:41:00 UTC" participant="139543">
      <body>In saudi</body>
    </message>
    <message id="m0104" time="2013-04-30 21:41:00 UTC" participant="139376">
      <body>ماشي الحال الحمد لله</body>
    </message>
    <message id="m0105" time="2013-04-30 21:42:00 UTC" participant="139376">
      <body>ايام وبنقضيها الحمد لله</body>
    </message>
    <message id="m0106" time="2013-04-30 21:58:00 UTC" participant="139543">
      <body>Shaklek zah2ana</body>
    </message>
    <message id="m0107" time="2013-04-30 21:59:00 UTC" participant="139376">
      <body></body>
    </message>
    <message id="m0108" time="2013-04-30 21:59:00 UTC" participant="139376">
      <body>دي كلمة قليلة</body>
    </message>
    <message id="m0109" time="2013-04-30 21:59:00 UTC" participant="139376">
      <body>امي واخواتي بيوحشوني اوي</body>
    </message>
    <message id="m0110" time="2013-04-30 22:00:00 UTC" participant="139543">
      <body>Tab3an rabna y2aweeki</body>
    </message>
    <message id="m0111" time="2013-04-30 22:00:00 UTC" participant="139376">
      <body>الله يخليكي</body>
    </message>
    <message id="m0112" time="2013-04-30 22:01:00 UTC" participant="139543">
      <body>Walahy ana kaman mish ba3rab anzel sa2at bel shahreen</body>
    </message>
    <message id="m0113" time="2013-04-30 22:01:00 UTC" participant="139376">
      <body>ياه</body>
    </message>
    <message id="m0114" time="2013-04-30 22:01:00 UTC" participant="139543">
      <body>3ashan el madares wely ta3ban</body>
    </message>
    <message id="m0115" time="2013-04-30 22:01:00 UTC" participant="139376">
      <body>طب مامتك بتعرف تجيلك؟؟</body>
    </message>
    <message id="m0116" time="2013-04-30 22:02:00 UTC" participant="139543">
      <body>Sa3at bas bardo lazem yekoon youssef w 7ala fi agaza</body>
    </message>
    <message id="m0117" time="2013-04-30 22:03:00 UTC" participant="139376">
      <body>هما قاعدين مع مامتك؟</body>
    </message>
    <message id="m0119" time="2013-04-30 22:03:00 UTC" participant="139376">
      <body>ربنا يعين مامتك والله</body>
    </message>
    <message id="m0120" time="2013-04-30 22:03:00 UTC" participant="139376">
      <body>هي لسه حتربي من أول وجديد </body>
    </message>
    <message id="m0121" time="2013-04-30 22:04:00 UTC" participant="139376">
      <body>وباباهم فين؟</body>
    </message>
    <message id="m0122" time="2013-04-30 22:05:00 UTC" participant="139543">
      <body>A walahy rabna yedeeha el se7a w homa maganeeeeeen</body>
    </message>
    <message id="m0123" time="2013-04-30 22:05:00 UTC" participant="139543">
      <body>Mawgood</body>
    </message>
    <message id="m0124" time="2013-04-30 22:06:00 UTC" participant="139543">
      <body>W metgawez</body>
    </message>
    <message id="m0125" time="2013-04-30 22:06:00 UTC" participant="139376">
      <body>يا حلاوة</body>
    </message>
    <message id="m0126" time="2013-04-30 22:06:00 UTC" participant="139376">
      <body>وسايب ولاده</body>
    </message>
    <message id="m0128" time="2013-04-30 22:08:00 UTC" participant="139543">
      <body>Byakhodhom in weekends yefasa7hom w keda</body>
    </message>
    <message id="m0129" time="2013-04-30 22:08:00 UTC" participant="139376">
      <body>طيب</body>
    </message>
    <message id="m0130" time="2013-04-30 22:12:00 UTC" participant="139543">
      <body>Aslo 3ando ajans 3arabeyat w bykhalas shoghl akher el leil fa 7ayroo7o fen</body>
    </message>
    <message id="m0131" time="2013-04-30 22:13:00 UTC" participant="139376">
      <body>ربنا معاه</body>
    </message>
    <message id="m0132" time="2013-04-30 22:13:00 UTC" participant="139376">
      <body>طب مراته مش عيزاهم معاها؟؟</body>
    </message>
    <message id="m0134" time="2013-04-30 22:14:00 UTC" participant="139376">
      <body>ربنا يهديها</body>
    </message>
    <message id="m0135" time="2013-04-30 22:18:00 UTC" participant="139543">
      <body>Ya rab </body>
    </message>
    <message id="m0136" time="2013-04-30 22:29:00 UTC" participant="139376">
      <body>ومحمد اخباره ايه؟؟</body>
    </message>
    <message id="m0137" time="2013-04-30 22:30:00 UTC" participant="139543">
      <body>el7amdolelah walahy</body>
    </message>
    <message id="m0138" time="2013-04-30 22:30:00 UTC" participant="139376">
      <body>سلامي ليه كتير</body>
    </message>
    <message id="m0139" time="2013-04-30 22:31:00 UTC" participant="139543">
      <body>Alah yesalemek</body>
    </message>
    <message id="m0140" time="2013-04-30 22:31:00 UTC" participant="139376">
      <body>في رمضان الي فات نيللي وطارق عزمونا على الفطار وكان معانا علي سامي وعويضة</body>
    </message>
    <message id="m0141" time="2013-04-30 22:31:00 UTC" participant="139376">
      <body>فرحت اوي لما شفتهم</body>
    </message>
    <message id="m0142" time="2013-04-30 22:31:00 UTC" participant="139543">
      <body>Yaaaaaaaaaah</body>
    </message>
    <message id="m0143" time="2013-04-30 22:31:00 UTC" participant="139376">
      <body>رجعت 9 سنين لورا</body>
    </message>
    <message id="m0144" time="2013-04-30 22:32:00 UTC" participant="139376">
      <body>بقالنا 9سنين ياسارة متخرجين</body>
    </message>
    <message id="m0145" time="2013-04-30 22:32:00 UTC" participant="139543">
      <body>Bas mat2oleesh 9 seneen dih</body>
    </message>
    <message id="m0146" time="2013-04-30 22:33:00 UTC" participant="139376">
      <body></body>
    </message>
    <message id="m0147" time="2013-04-30 22:33:00 UTC" participant="139376">
      <body>الواقع الأليم  </body>
    </message>
    <message id="m0148" time="2013-04-30 22:35:00 UTC" participant="139543">
      <body>2leeeeem awy</body>
    </message>
    <message id="m0149" time="2013-04-30 22:35:00 UTC" participant="139376">
      <body></body>
    </message>
    <message id="m0150" time="2013-04-30 22:38:00 UTC" participant="139543">
      <body>Bas begad sa3b awy en elwa7ed yatakabal eno ba2a 7ad kebeer</body>
    </message>
    <message id="m0151" time="2013-04-30 22:38:00 UTC" participant="139543">
      <body>Ya3ni ana 7asa eny fa3lan lessa 3ayela</body>
    </message>
    <message id="m0152" time="2013-04-30 22:38:00 UTC" participant="139543">
      <body>W rayella habla kaman</body>
    </message>
    <message id="m0153" time="2013-04-30 22:39:00 UTC" participant="139543">
      <body>3ayella*</body>
    </message>
    <message id="m0154" time="2013-04-30 22:39:00 UTC" participant="139376">
      <body>ايه ده يا سارة!!!</body>
    </message>
    <message id="m0155" time="2013-04-30 22:40:00 UTC" participant="139376">
      <body>انتي بتقولي كل الي انا حاسه بيه بالضبط</body>
    </message>
    <message id="m0156" time="2013-04-30 22:40:00 UTC" participant="139376">
      <body></body>
    </message>
    <message id="m0157" time="2013-04-30 22:40:00 UTC" participant="139376">
      <body>انا فعلا شايفة نفسي لسه في صغيرة</body>
    </message>
    <message id="m0158" time="2013-04-30 22:41:00 UTC" participant="139543">
      <body></body>
    </message>
    <message id="m0159" time="2013-04-30 22:41:00 UTC" participant="139376">
      <body>انا فعلا مش قادرة اتقبل اني خلاص في التلتينات</body>
    </message>
    <message id="m0160" time="2013-04-30 22:42:00 UTC" participant="139376">
      <body>انا عمري راح فين وامتى علشان يبقى عندي 30 سنه</body>
    </message>
    <message id="m0162" time="2013-04-30 22:45:00 UTC" participant="139543">
      <body>W sa3b awy tefakary fi 7aga li nafsak la2n kol tafkeerek fi el welad</body>
    </message>
    <message id="m0163" time="2013-04-30 22:45:00 UTC" participant="139376">
      <body>كل الوقت للولاد</body>
    </message>
    <message id="m0164" time="2013-04-30 22:45:00 UTC" participant="139376">
      <body>مافيش فرصة تعملي حاجة لنفسك</body>
    </message>
    <message id="m0165" time="2013-04-30 22:46:00 UTC" participant="139376">
      <body>انا اخر اليوم بحس ان انا كنت بجري بجري مش عارفة رايحة فين</body>
    </message>
    <message id="m0166" time="2013-04-30 22:59:00 UTC" participant="139543">
      <body></body>
    </message>
    <message id="m0167" time="2013-05-01 16:40:00 UTC" participant="139376">
      <body>&lt;Media omitted&gt;</body>
    </message>
    <message id="m0168" time="2013-05-01 17:08:00 UTC" participant="139543">
      <body></body>
    </message>
    <message id="m0169" time="2013-05-01 17:10:00 UTC" participant="139376">
      <body></body>
    </message>
  </messages>
</conversation>
