<?xml version="1.0" encoding="UTF-8"?>
<conversation id="CHT_ARZ_20130425.0007" medium="CHT" donated="true">
  <messages>
    <message id="m0000" time="2013-04-25 17:19:05 UTC" participant="139275">
      <body>mabrooook le rewaida</body>
    </message>
    <message id="m0001" time="2013-04-25 17:19:14 UTC" participant="139275">
      <body>far7t lha khales wallhy :)</body>
    </message>
    <message id="m0002" time="2013-04-25 17:19:31 UTC" participant="139275">
      <body>3o2baleeek isA 3an qareeeb keda</body>
    </message>
    <message id="m0003" time="2013-04-25 17:30:25 UTC" participant="139275">
      <body>bd3elk ya bet</body>
    </message>
    <message id="m0004" time="2013-04-25 17:30:49 UTC" participant="139566">
      <body>W enty kda btd3ely wla btd3y 3alia ?</body>
    </message>
    <message id="m0005" time="2013-04-25 17:31:27 UTC" participant="139566">
      <body>Allah ybark fiki ya om yuki</body>
    </message>
    <message id="m0006" time="2013-04-25 17:32:36 UTC" participant="139275">
      <body>ya sate</body>
    </message>
    <message id="m0007" time="2013-04-25 17:32:39 UTC" participant="139275">
      <body>sater</body>
    </message>
    <message id="m0008" time="2013-04-25 17:32:45 UTC" participant="139275">
      <body>ya ka2eba</body>
    </message>
    <message id="m0009" time="2013-04-25 17:34:27 UTC" participant="139566">
      <body>Hhhhh aslha da3wa msh madmona bardo</body>
    </message>
    <message id="m0010" time="2013-04-25 17:38:02 UTC" participant="139275">
      <body>hehe</body>
    </message>
    <message id="m0011" time="2013-04-25 17:38:30 UTC" participant="139275">
      <body>3andk 72 mt2kbesh 3alya elmwage3 ba2a</body>
    </message>
    <message id="m0012" time="2013-04-25 17:38:55 UTC" participant="139275">
      <body>&lt;media omitted&gt;</body>
    </message>
    <message id="m0013" time="2013-04-25 17:39:12 UTC" participant="139566">
      <body>Hhhhhh la ya bnty msh k2aba ana ba2ol msh madmona bs</body>
    </message>
    <message id="m0014" time="2013-04-25 17:39:59 UTC" participant="139566">
      <body>Asly ashok en fe wd3 afdl mn wd3y el 7aly </body>
    </message>
    <message id="m0015" time="2013-04-25 17:40:57 UTC" participant="139566">
      <body/>
    </message>
    <message id="m0016" time="2013-04-25 17:43:20 UTC" participant="139275">
      <body>hehehheheee</body>
    </message>
    <message id="m0017" time="2013-04-25 17:43:30 UTC" participant="139275">
      <body>ba2a shbh aboh sa7?</body>
    </message>
    <message id="m0018" time="2013-04-25 17:44:17 UTC" participant="139275">
      <body/>
    </message>
    <message id="m0019" time="2013-04-25 17:44:28 UTC" participant="139566">
      <body>Men da </body>
    </message>
    <message id="m0020" time="2013-04-25 17:44:50 UTC" participant="139566">
      <body>Da kbr w b2a m3lm 5las </body>
    </message>
    <message id="m0021" time="2013-04-25 17:45:27 UTC" participant="139566">
      <body>Eh l nzra el agramia de </body>
    </message>
    <message id="m0022" time="2013-04-25 17:45:55 UTC" participant="139566">
      <body>A7eh w ana ely kont fakrah tyb</body>
    </message>
    <message id="m0023" time="2013-04-25 17:46:07 UTC" participant="139566">
      <body>Ah alb ma7mod f3lan</body>
    </message>
    <message id="m0024" time="2013-04-25 17:46:16 UTC" participant="139566">
      <body>Kda damna eno shrer hhhhh</body>
    </message>
    <message id="m0025" time="2013-04-25 17:53:22 UTC" participant="139275">
      <body>3amlt far7ha fen?</body>
    </message>
    <message id="m0026" time="2013-04-25 18:14:29 UTC" participant="139566">
      <body>Garden kdq esmha alex moon 3nd el down town</body>
    </message>
  </messages>
</conversation>
