<?xml version="1.0" encoding="UTF-8"?>
<conversation id="CHT_ARZ_20130302.0001" medium="CHT" donated="true">
  <messages>
    <message id="m0000" participant="138319" time="2013-03-02 17:20:08 UTC">
      <body>Eh ya yara</body>
    </message>
    <message id="m0001" participant="138112" time="2013-03-02 17:25:08 UTC">
      <body>Ehna hano5rog</body>
    </message>
    <message id="m0002" participant="138319" time="2013-03-02 17:25:27 UTC">
      <body>Anto meen</body>
    </message>
    <message id="m0003" participant="138112" time="2013-03-02 17:25:53 UTC">
      <body>Me</body>
    </message>
    <message id="m0004" participant="138112" time="2013-03-02 17:26:00 UTC">
      <body>W enta</body>
    </message>
    <message id="m0005" participant="138112" time="2013-03-02 17:26:05 UTC">
      <body>W yomna</body>
    </message>
    <message id="m0006" participant="138112" time="2013-03-02 17:26:07 UTC">
      <body>W Mina</body>
    </message>
    <message id="m0007" participant="138112" time="2013-03-02 17:26:19 UTC">
      <body>La2a</body>
    </message>
    <message id="m0008" participant="138319" time="2013-03-02 17:26:44 UTC">
      <body>Ana asln afsh m3 mina b2ali kam yom</body>
    </message>
    <message id="m0009" participant="138112" time="2013-03-02 17:28:07 UTC">
      <body>Whyyy</body>
    </message>
    <message id="m0010" participant="138112" time="2013-03-02 17:28:10 UTC">
      <body>Leh Keda</body>
    </message>
    <message id="m0011" participant="138319" time="2013-03-02 17:28:42 UTC">
      <body>Ma 3lanaa</body>
    </message>
    <message id="m0012" participant="138112" time="2013-03-02 17:28:51 UTC">
      <body>Oli</body>
    </message>
    <message id="m0013" participant="138319" time="2013-03-02 17:29:17 UTC">
      <body>7aga habla kda nvm</body>
    </message>
    <message id="m0014" participant="138112" time="2013-03-02 17:30:46 UTC">
      <body/>
    </message>
    <message id="m0015" participant="138112" time="2013-03-02 17:30:50 UTC">
      <body>Mashy</body>
    </message>
    <message id="m0016" participant="138319" time="2013-03-02 17:34:09 UTC">
      <body>Law gyto el rehab momken ab2a anzel m3ako shwaya</body>
    </message>
    <message id="m0017" participant="138319" time="2013-03-02 17:34:29 UTC">
      <body>Ana lasa da5el el beit asln wa hnam kda sa3a wa has7a</body>
    </message>
    <message id="m0018" participant="138112" time="2013-03-02 17:57:17 UTC">
      <body>Okk</body>
    </message>
  </messages>
</conversation>
