<?xml version="1.0" encoding="UTF-8"?>
<conversation id="CHT_ARZ_20130412.0002" medium="CHT" donated="true">
  <messages>
    <message id="m0001" time="2013-04-12 15:46:16 UTC" participant="139368">
      <body>Di kol el info bt3t el event</body>
    </message>
    <message id="m0003" time="2013-04-13 14:13:24 UTC" participant="139368">
      <body>Rimee</body>
    </message>
    <message id="m0004" time="2013-04-13 14:13:28 UTC" participant="139368">
      <body>Enty fin</body>
    </message>
    <message id="m0006" time="2013-04-13 14:14:05 UTC" participant="139134">
      <body>hwa fiii meeting !!!!!</body>
    </message>
    <message id="m0007" time="2013-04-13 14:14:13 UTC" participant="139368">
      <body>N3m !!!</body>
    </message>
    <message id="m0008" time="2013-04-13 14:14:14 UTC" participant="139134">
      <body/>
    </message>
    <message id="m0009" time="2013-04-13 14:14:20 UTC" participant="139368">
      <body>Enzly nw 7alan diwan</body>
    </message>
    <message id="m0010" time="2013-04-13 14:14:23 UTC" participant="139134">
      <body>ana lessa fhma now </body>
    </message>
    <message id="m0011" time="2013-04-13 14:14:23 UTC" participant="139368">
      <body>Emps</body>
    </message>
    <message id="m0012" time="2013-04-13 14:14:36 UTC" participant="139134">
      <body>tyb yakhty halbs w agy</body>
    </message>
    <message id="m0013" time="2013-04-13 14:14:44 UTC" participant="139368">
      <body>Tb bsr3aaaaa</body>
    </message>
    <message id="m0014" time="2013-04-13 14:14:48 UTC" participant="139368">
      <body>Abos rglk</body>
    </message>
    <message id="m0015" time="2013-04-13 14:14:55 UTC" participant="139134">
      <body>walahi mkntsh a3rf</body>
    </message>
    <message id="m0016" time="2013-04-13 14:15:05 UTC" participant="139134">
      <body>mobili fasal badry yat</body>
    </message>
    <message id="m0017" time="2013-04-13 14:15:54 UTC" participant="139368">
      <body>Tyb yala yala yala</body>
    </message>
    <message id="m0018" time="2013-04-13 14:16:44 UTC" participant="139134">
      <body>hader</body>
    </message>
    <message id="m0019" time="2013-04-13 14:43:20 UTC" participant="139368">
      <body>Rime?</body>
    </message>
    <message id="m0020" time="2013-04-13 14:43:51 UTC" participant="139134">
      <body>aywaaa</body>
    </message>
    <message id="m0021" time="2013-04-13 14:47:58 UTC" participant="139368">
      <body>Enty fin</body>
    </message>
    <message id="m0022" time="2013-04-13 14:49:28 UTC" participant="139134">
      <body>balbs el trha aho</body>
    </message>
    <message id="m0024" time="2013-04-13 23:18:08 UTC" participant="139368">
      <body>Rime</body>
    </message>
    <message id="m0025" time="2013-04-14 00:42:50 UTC" participant="139368">
      <body>L wad 7ynt7er</body>
    </message>
    <message id="m0026" time="2013-04-14 00:43:01 UTC" participant="139368">
      <body>L sora fin </body>
    </message>
    <message id="m0027" time="2013-04-14 00:47:43 UTC" participant="139134">
      <body>ba3tahaaa</body>
    </message>
    <message id="m0028" time="2013-04-14 00:47:45 UTC" participant="139134">
      <body/>
    </message>
    <message id="m0029" time="2013-04-14 08:57:33 UTC" participant="139368">
      <body>Rime ya sisi</body>
    </message>
    <message id="m0030" time="2013-04-14 08:57:45 UTC" participant="139368">
      <body>Bkra el info desk </body>
    </message>
    <message id="m0031" time="2013-04-14 09:00:39 UTC" participant="139134">
      <body/>
    </message>
    <message id="m0032" time="2013-04-14 09:01:21 UTC" participant="139368">
      <body/>
    </message>
    <message id="m0033" time="2013-04-14 09:50:18 UTC" participant="139368">
      <body>Rime send me el cover photo bt3t el event hena</body>
    </message>
    <message id="m0034" time="2013-04-14 09:58:45 UTC" participant="139134">
      <body>ana f sc</body>
    </message>
    <message id="m0035" time="2013-04-14 09:58:48 UTC" participant="139134">
      <body>w msh ma3aya</body>
    </message>
  </messages>
</conversation>
