<?xml version="1.0" encoding="UTF-8"?>
<conversation id="CHT_ARZ_20130419.0005" medium="CHT" donated="true">
  <messages>
    <message id="m0000" time="2013-04-19 11:55:00 UTC" participant="139547">
      <body>&lt;Media omitted&gt;</body>
    </message>
    <message id="m0001" time="2013-04-19 11:56:00 UTC" participant="139376">
      <body>يارب ان شاء الله</body>
    </message>
    <message id="m0002" time="2013-04-19 11:56:00 UTC" participant="139376">
      <body>صباح الخير  </body>
    </message>
    <message id="m0003" time="2013-04-19 11:57:00 UTC" participant="139547">
      <body>صباح النور </body>
    </message>
    <message id="m0004" time="2013-04-19 11:57:00 UTC" participant="139547">
      <body></body>
    </message>
    <message id="m0005" time="2013-04-19 11:58:00 UTC" participant="139376">
      <body></body>
    </message>
    <message id="m0006" time="2013-04-19 11:58:00 UTC" participant="139376">
      <body>حبيبي عامل ايه؟!</body>
    </message>
    <message id="m0007" time="2013-04-19 11:58:00 UTC" participant="139547">
      <body>حبيبك نائما</body>
    </message>
    <message id="m0008" time="2013-04-19 11:58:00 UTC" participant="139376">
      <body></body>
    </message>
    <message id="m0009" time="2013-04-19 11:58:00 UTC" participant="139547">
      <body>&lt;Media omitted&gt;</body>
    </message>
    <message id="m0010" time="2013-04-19 11:59:00 UTC" participant="139376">
      <body>يا حبيبي</body>
    </message>
  </messages>
</conversation>
