<?xml version="1.0" encoding="UTF-8"?>
<conversation id="CHT_ARZ_20121117.0001" medium="CHT" donated="true">
  <messages>
    <message id="m0000" participant="138325" time="2012-11-17 02:10:32 UTC">
      <body>Rawa7ty?</body>
    </message>
    <message id="m0002" participant="138112" time="2012-11-17 02:20:06 UTC">
      <body>Ahh*</body>
    </message>
    <message id="m0003" participant="138112" time="2012-11-17 02:20:13 UTC">
      <body>Enta rawa7t</body>
    </message>
    <message id="m0004" participant="138325" time="2012-11-17 13:29:26 UTC">
      <body>Yooyoo❤</body>
    </message>
    <message id="m0005" participant="138325" time="2012-11-17 15:38:12 UTC">
      <body>Yaraa</body>
    </message>
    <message id="m0006" participant="138325" time="2012-11-17 23:02:33 UTC">
      <body>Yaaaraa</body>
    </message>
    <message id="m0007" participant="138112" time="2012-11-17 23:04:53 UTC">
      <body>Ehhh </body>
    </message>
    <message id="m0008" participant="138325" time="2012-11-17 23:53:03 UTC">
      <body>Ana ba7bak wLahi awiii❤</body>
    </message>
    <message id="m0009" participant="138325" time="2012-11-18 01:44:36 UTC">
      <body>Baby anty namty??!</body>
    </message>
    <message id="m0010" participant="138112" time="2012-11-18 07:35:56 UTC">
      <body>Ahhh haha</body>
    </message>
    <message id="m0011" participant="138325" time="2012-11-18 12:21:54 UTC">
      <body>Youo</body>
    </message>
    <message id="m0012" participant="138112" time="2012-11-18 12:39:09 UTC">
      <body>Saba7 el 5eir</body>
    </message>
    <message id="m0013" participant="138325" time="2012-11-18 12:41:19 UTC">
      <body>Saba7 el noor ya a7la wa7da fe el donya ❤❤</body>
    </message>
    <message id="m0015" participant="138325" time="2012-11-18 12:44:51 UTC">
      <body>Malesh 2alb wala ay 7agaa</body>
    </message>
    <message id="m0016" participant="138112" time="2012-11-18 13:57:58 UTC">
      <body>Ehhh</body>
    </message>
    <message id="m0017" participant="138325" time="2012-11-18 14:10:39 UTC">
      <body>3amla.a</body>
    </message>
    <message id="m0018" participant="138325" time="2012-11-18 15:27:26 UTC">
      <body>Bokra fe ra7laa</body>
    </message>
    <message id="m0019" participant="138325" time="2012-11-18 15:27:26 UTC">
      <body/>
    </message>
    <message id="m0020" participant="138112" time="2012-11-18 16:17:21 UTC">
      <body>5alast el test fel GUC</body>
    </message>
    <message id="m0024" participant="138325" time="2012-11-18 16:45:56 UTC">
      <body/>
    </message>
    <message id="m0025" participant="138325" time="2012-11-18 16:46:06 UTC">
      <body>Ya3ni lazam naro7</body>
    </message>
    <message id="m0026" participant="138112" time="2012-11-18 16:46:49 UTC">
      <body>Neb2a fel madrasa emta</body>
    </message>
    <message id="m0027" participant="138112" time="2012-11-18 16:47:01 UTC">
      <body>W bel uniform ya3ni wla eh</body>
    </message>
    <message id="m0028" participant="138325" time="2012-11-18 16:47:17 UTC">
      <body>Ah</body>
    </message>
    <message id="m0030" participant="138112" time="2012-11-18 16:48:13 UTC">
      <body>Msh hagi bel uniform haha</body>
    </message>
    <message id="m0031" participant="138325" time="2012-11-18 16:48:38 UTC">
      <body>Haha</body>
    </message>
    <message id="m0032" participant="138325" time="2012-11-18 16:48:50 UTC">
      <body>Wa7shtinii ya yooyoo</body>
    </message>
    <message id="m0033" participant="138325" time="2012-11-18 16:48:56 UTC">
      <body/>
    </message>
    <message id="m0034" participant="138325" time="2012-11-18 16:49:31 UTC">
      <body>Youmna 3amla a?!</body>
    </message>
    <message id="m0035" participant="138112" time="2012-11-18 16:50:14 UTC">
      <body>Kwayesa ma3aya haha</body>
    </message>
    <message id="m0036" participant="138325" time="2012-11-18 16:50:24 UTC">
      <body>Salmili 3alha</body>
    </message>
    <message id="m0037" participant="138112" time="2012-11-18 16:51:16 UTC">
      <body>Okay!! Hatroo7 feen</body>
    </message>
    <message id="m0038" participant="138325" time="2012-11-18 16:52:44 UTC">
      <body>Haro7 fan ya3ni a 2 day ya3ni</body>
    </message>
    <message id="m0039" participant="138112" time="2012-11-18 17:24:13 UTC">
      <body>Raye7 el trip</body>
    </message>
    <message id="m0040" participant="138325" time="2012-11-18 17:26:33 UTC">
      <body>Mesh 3araf lasa</body>
    </message>
    <message id="m0041" participant="138325" time="2012-11-18 17:26:33 UTC">
      <body>Anty 7atro7i ??"</body>
    </message>
    <message id="m0042" participant="138112" time="2012-11-18 17:58:28 UTC">
      <body>Msh 3arfa</body>
    </message>
    <message id="m0043" participant="138325" time="2012-11-18 17:59:21 UTC">
      <body>7a5alas el dars wa 7aklmek</body>
    </message>
    <message id="m0045" participant="138325" time="2012-11-18 21:18:23 UTC">
      <body>Babyy</body>
    </message>
    <message id="m0047" participant="138325" time="2012-11-18 21:20:59 UTC">
      <body>Ana 7aro7 bokra</body>
    </message>
    <message id="m0048" participant="138112" time="2012-11-18 21:24:13 UTC">
      <body>Ana kaman</body>
    </message>
    <message id="m0049" participant="138325" time="2012-11-18 21:24:34 UTC">
      <body/>
    </message>
    <message id="m0050" participant="138325" time="2012-11-18 21:24:46 UTC">
      <body>Youmna 7atigi??</body>
    </message>
    <message id="m0051" participant="138112" time="2012-11-18 21:24:50 UTC">
      <body>Ahhh haha</body>
    </message>
    <message id="m0053" participant="138325" time="2012-11-18 21:25:58 UTC">
      <body>Zay ma atf2na ba2a</body>
    </message>
    <message id="m0054" participant="138325" time="2012-11-18 21:25:58 UTC">
      <body>Anty youma</body>
    </message>
    <message id="m0055" participant="138325" time="2012-11-18 21:25:59 UTC">
      <body/>
    </message>
    <message id="m0056" participant="138112" time="2012-11-18 21:26:11 UTC">
      <body>Aywa hahaha</body>
    </message>
    <message id="m0057" participant="138325" time="2012-11-18 21:27:00 UTC">
      <body/>
    </message>
    <message id="m0058" participant="138112" time="2012-11-18 21:28:59 UTC">
      <body/>
    </message>
    <message id="m0059" participant="138325" time="2012-11-18 21:29:26 UTC">
      <body>Haya mash3'ala whats app?</body>
    </message>
    <message id="m0060" participant="138112" time="2012-11-18 21:35:13 UTC">
      <body>Ahhh</body>
    </message>
    <message id="m0061" participant="138325" time="2012-11-18 21:35:43 UTC">
      <body>Haty namrtha</body>
    </message>
    <message id="m0062" participant="138112" time="2012-11-18 21:36:04 UTC">
      <body>&lt;vCard omitted&gt;</body>
    </message>
    <message id="m0063" participant="138325" time="2012-11-18 21:39:16 UTC">
      <body>3'ayri el sora deh</body>
    </message>
    <message id="m0064" participant="138112" time="2012-11-18 21:59:53 UTC">
      <body>Sora eh?</body>
    </message>
    <message id="m0065" participant="138325" time="2012-11-18 22:00:18 UTC">
      <body>Bat3at el whatsapp</body>
    </message>
    <message id="m0066" participant="138112" time="2012-11-18 22:04:14 UTC">
      <body>Ana msh 7ta sora</body>
    </message>
    <message id="m0067" participant="138325" time="2012-11-18 22:04:49 UTC">
      <body>7ata anty wa wa7da kada</body>
    </message>
    <message id="m0068" participant="138112" time="2012-11-18 22:15:13 UTC">
      <body>Sheltaha</body>
    </message>
    <message id="m0069" participant="138325" time="2012-11-18 22:16:08 UTC">
      <body>7oty sortna</body>
    </message>
    <message id="m0070" participant="138325" time="2012-11-18 22:16:11 UTC">
      <body/>
    </message>
    <message id="m0071" participant="138112" time="2012-11-18 22:16:44 UTC">
      <body>Ana mesh 7ata sora aslan</body>
    </message>
    <message id="m0072" participant="138112" time="2012-11-18 22:16:48 UTC">
      <body>Efham keda!</body>
    </message>
    <message id="m0073" participant="138325" time="2012-11-18 22:17:00 UTC">
      <body>Bahzarr</body>
    </message>
    <message id="m0074" participant="138325" time="2012-11-18 22:17:06 UTC">
      <body>Fe a</body>
    </message>
    <message id="m0075" participant="138112" time="2012-11-18 22:17:27 UTC">
      <body>Mafish</body>
    </message>
    <message id="m0076" participant="138325" time="2012-11-18 22:17:36 UTC">
      <body/>
    </message>
    <message id="m0077" participant="138325" time="2012-11-18 22:18:09 UTC">
      <body>❤ba7bet ya habla</body>
    </message>
    <message id="m0078" participant="138112" time="2012-11-18 22:18:21 UTC">
      <body>Mana 3arfa</body>
    </message>
    <message id="m0079" participant="138112" time="2012-11-18 22:18:34 UTC">
      <body>W howa momken bokra astahbel w Albes jeans</body>
    </message>
    <message id="m0080" participant="138325" time="2012-11-18 22:19:10 UTC">
      <body>Haty ma3aki labs el madrsa a7tyaty</body>
    </message>
    <message id="m0081" participant="138325" time="2012-11-19 00:38:17 UTC">
      <body>Namty??</body>
    </message>
    <message id="m0082" participant="138112" time="2012-11-19 08:42:04 UTC">
      <body>Ahhhh</body>
    </message>
    <message id="m0083" participant="138325" time="2012-11-19 08:42:28 UTC">
      <body>Rakabty ma3a min</body>
    </message>
    <message id="m0084" participant="138112" time="2012-11-19 08:43:08 UTC">
      <body>Catherine w Farah w rochane</body>
    </message>
    <message id="m0086" participant="138325" time="2012-11-19 08:44:28 UTC">
      <body/>
    </message>
    <message id="m0088" participant="138112" time="2012-11-19 19:47:20 UTC">
      <body>Ezayak</body>
    </message>
    <message id="m0089" participant="138325" time="2012-11-19 19:48:05 UTC">
      <body>Tmam ya baby</body>
    </message>
    <message id="m0090" participant="138325" time="2012-11-19 19:48:12 UTC">
      <body>Anty 3amla a</body>
    </message>
    <message id="m0091" participant="138112" time="2012-11-19 19:52:33 UTC">
      <body>Lesa sa7ya w ta3bana</body>
    </message>
    <message id="m0092" participant="138325" time="2012-11-19 19:53:04 UTC">
      <body>Wa ana bardo</body>
    </message>
    <message id="m0093" participant="138325" time="2012-11-19 19:53:38 UTC">
      <body>Ana 3araf anak atbsaty ya babyy</body>
    </message>
    <message id="m0094" participant="138325" time="2012-11-19 19:53:54 UTC">
      <body>Ra7la to7fa</body>
    </message>
    <message id="m0095" participant="138112" time="2012-11-19 19:59:16 UTC">
      <body>Ahhh I discovered 7agat kteeeer haha</body>
    </message>
    <message id="m0096" participant="138325" time="2012-11-19 19:59:45 UTC">
      <body>Hahahaha</body>
    </message>
    <message id="m0097" participant="138325" time="2012-11-19 20:05:56 UTC">
      <body>Bas anty ya yara wa7ashtini</body>
    </message>
    <message id="m0098" participant="138325" time="2012-11-19 20:06:12 UTC">
      <body>Ba2ali.kam sa3a mashoftkesh</body>
    </message>
    <message id="m0099" participant="138112" time="2012-11-19 20:06:24 UTC">
      <body/>
    </message>
    <message id="m0100" participant="138325" time="2012-11-19 21:06:07 UTC">
      <body>Dah a dah</body>
    </message>
    <message id="m0101" participant="138112" time="2012-11-19 21:18:07 UTC">
      <body>Enta</body>
    </message>
    <message id="m0102" participant="138325" time="2012-11-19 21:18:35 UTC">
      <body>Mab2tesh bat7bini.walahi!!</body>
    </message>
    <message id="m0103" participant="138112" time="2012-11-19 21:19:15 UTC">
      <body>Ba7ebak!!!</body>
    </message>
    <message id="m0104" participant="138112" time="2012-11-19 21:19:25 UTC">
      <body>Matensach te3mel el articles!</body>
    </message>
    <message id="m0105" participant="138325" time="2012-11-19 21:19:26 UTC">
      <body>la22</body>
    </message>
    <message id="m0106" participant="138325" time="2012-11-19 21:19:51 UTC">
      <body>Mesh 7a3mel mesh 2ader</body>
    </message>
    <message id="m0107" participant="138112" time="2012-11-19 21:20:00 UTC">
      <body>Yala b2a</body>
    </message>
    <message id="m0108" participant="138325" time="2012-11-19 21:20:31 UTC">
      <body>Ana. A7tmal 5areg</body>
    </message>
    <message id="m0109" participant="138112" time="2012-11-19 21:21:43 UTC">
      <body>Feen!</body>
    </message>
    <message id="m0110" participant="138325" time="2012-11-19 21:22:16 UTC">
      <body>Qway el 3ala el nile</body>
    </message>
    <message id="m0111" participant="138112" time="2012-11-19 21:22:33 UTC">
      <body>Ehhh</body>
    </message>
    <message id="m0112" participant="138325" time="2012-11-19 21:22:52 UTC">
      <body>Cafee kada 3ala el nile</body>
    </message>
    <message id="m0113" participant="138112" time="2012-11-19 21:22:59 UTC">
      <body>Ah okay</body>
    </message>
    <message id="m0114" participant="138325" time="2012-11-19 21:23:09 UTC">
      <body>Tigii</body>
    </message>
    <message id="m0115" participant="138325" time="2012-11-19 21:23:11 UTC">
      <body/>
    </message>
    <message id="m0116" participant="138112" time="2012-11-19 21:24:27 UTC">
      <body>Mayenf3sh!!!</body>
    </message>
    <message id="m0117" participant="138325" time="2012-11-19 21:24:59 UTC">
      <body>Mesh 75dek couple's bas</body>
    </message>
    <message id="m0118" participant="138112" time="2012-11-19 21:25:16 UTC">
      <body>Mesh fahma?</body>
    </message>
    <message id="m0119" participant="138325" time="2012-11-19 21:25:37 UTC">
      <body>7afhmek bokra</body>
    </message>
    <message id="m0120" participant="138325" time="2012-11-19 21:25:40 UTC">
      <body/>
    </message>
    <message id="m0121" participant="138112" time="2012-11-19 21:26:48 UTC">
      <body>Mashy okay</body>
    </message>
    <message id="m0122" participant="138325" time="2012-11-20 13:08:22 UTC">
      <body>&lt;media omitted&gt;</body>
    </message>
    <message id="m0123" participant="138325" time="2012-11-20 13:10:45 UTC">
      <body>3ala fakra ana manzlthash !!</body>
    </message>
    <message id="m0125" participant="138325" time="2012-11-20 13:16:19 UTC">
      <body>Wa mesh kol ma3mlek 7aga ta2fshi</body>
    </message>
    <message id="m0126" participant="138325" time="2012-11-20 15:54:46 UTC">
      <body>Wa7ashtek sa77??</body>
    </message>
    <message id="m0127" participant="138325" time="2012-11-21 13:34:32 UTC">
      <body>Anty fan</body>
    </message>
    <message id="m0128" participant="138325" time="2012-11-21 13:34:42 UTC">
      <body>7a2ol lall MR</body>
    </message>
    <message id="m0129" participant="138325" time="2012-11-21 13:50:49 UTC">
      <body>&lt;media omitted&gt;</body>
    </message>
  </messages>
</conversation>
