<?xml version="1.0" encoding="UTF-8"?>
<conversation id="CHT_ARZ_20130425.0004" medium="CHT" donated="true">
  <messages>
    <message id="m0000" time="2013-04-25 17:19:44 UTC" participant="139275">
      <body>sarsor</body>
    </message>
    <message id="m0001" time="2013-04-25 17:19:58 UTC" participant="139275">
      <body>3amla eh ya bnty :)</body>
    </message>
    <message id="m0002" time="2013-04-25 19:39:44 UTC" participant="139275">
      <body>والله ابدااا</body>
    </message>
    <message id="m0003" time="2013-04-25 19:39:53 UTC" participant="139275">
      <body>انا بس نعنديش نت في بيتي</body>
    </message>
    <message id="m0004" time="2013-04-25 19:40:05 UTC" participant="139275">
      <body>انا عند حمايا دلوقتي</body>
    </message>
    <message id="m0005" time="2013-04-25 19:41:36 UTC" participant="139554">
      <body>الحمد لله يا حبيبتى</body>
    </message>
    <message id="m0006" time="2013-04-25 19:41:44 UTC" participant="139554">
      <body>يحيى واخدك منا خالص :)</body>
    </message>
    <message id="m0007" time="2013-04-25 19:58:04 UTC" participant="139554">
      <body>اها</body>
    </message>
    <message id="m0008" time="2013-04-25 19:58:11 UTC" participant="139554">
      <body>معلش يا حبيبي</body>
    </message>
    <message id="m0009" time="2013-04-25 19:58:34 UTC" participant="139554">
      <body>طب ما تشتركي ب 20 جنيه في الموبايل :)))</body>
    </message>
    <message id="m0010" time="2013-04-25 20:04:31 UTC" participant="139275">
      <body>الايفون متخلف</body>
    </message>
    <message id="m0011" time="2013-04-25 20:04:38 UTC" participant="139275">
      <body>كل حاجته اغلى</body>
    </message>
    <message id="m0012" time="2013-04-25 20:05:00 UTC" participant="139275">
      <body>انتي عارفة النت الي بجنيه في اليوم في الايفون ب ٥</body>
    </message>
    <message id="m0013" time="2013-04-25 20:08:32 UTC" participant="139275">
      <body>لا فودافون</body>
    </message>
    <message id="m0014" time="2013-04-25 20:08:44 UTC" participant="139275">
      <body>ممكن اسال والله</body>
    </message>
    <message id="m0015" time="2013-04-25 20:09:05 UTC" participant="139275">
      <body>اصل انا فاتورة وكمان يو اس بي</body>
    </message>
    <message id="m0016" time="2013-04-25 20:09:15 UTC" participant="139275">
      <body>فبدفع كتير :(</body>
    </message>
    <message id="m0017" time="2013-04-25 20:09:53 UTC" participant="139275">
      <body>انا مدفعتش الفاتورة فقاعدة من غير موبايل ولا تت</body>
    </message>
    <message id="m0018" time="2013-04-25 20:10:06 UTC" participant="139275">
      <body>نت مش تت </body>
    </message>
    <message id="m0019" time="2013-04-25 20:10:39 UTC" participant="139554">
      <body>موبينيل مش كدة</body>
    </message>
    <message id="m0020" time="2013-04-25 20:10:49 UTC" participant="139554">
      <body>عادي صاحبتى مشتركة ب 20 جنيه في الشهر</body>
    </message>
    <message id="m0021" time="2013-04-25 20:11:05 UTC" participant="139554">
      <body>و نت 1 جيجا</body>
    </message>
    <message id="m0022" time="2013-04-25 20:11:15 UTC" participant="139554">
      <body>اكيد غيروا النظام</body>
    </message>
    <message id="m0023" time="2013-04-25 20:11:22 UTC" participant="139554">
      <body>عشان المنافسة :)</body>
    </message>
    <message id="m0024" time="2013-04-25 20:11:41 UTC" participant="139554">
      <body>اهاااا</body>
    </message>
    <message id="m0025" time="2013-04-25 20:11:56 UTC" participant="139554">
      <body>هاتى موبينيل :))))))))))</body>
    </message>
    <message id="m0026" time="2013-04-25 20:13:17 UTC" participant="139275">
      <body>w entyu gedn</body>
    </message>
    <message id="m0028" time="2013-04-25 20:13:35 UTC" participant="139554">
      <body>de a5retha</body>
    </message>
    <message id="m0029" time="2013-04-25 20:13:37 UTC" participant="139275">
      <body>reglki et7snt el 7amdo leallah?</body>
    </message>
    <message id="m0030" time="2013-04-25 20:13:38 UTC" participant="139554">
      <body>Sayba ye7ya</body>
    </message>
    <message id="m0031" time="2013-04-25 20:13:45 UTC" participant="139554">
      <body>W a3da 3al tet :p</body>
    </message>
    <message id="m0032" time="2013-04-25 20:13:57 UTC" participant="139554">
      <body>Wa7shany awi fe3lan</body>
    </message>
    <message id="m0033" time="2013-04-25 20:14:26 UTC" participant="139275">
      <body>بجد والله؟</body>
    </message>
    <message id="m0034" time="2013-04-25 20:14:52 UTC" participant="139275">
      <body>ربنا يشفيكي شفاء كامل يارب ومتتعبيش تاني ابداا</body>
    </message>
    <message id="m0035" time="2013-04-25 20:15:53 UTC" participant="139275">
      <body>لسة بتروحي لدكتور علي حبيبي؟</body>
    </message>
    <message id="m0036" time="2013-04-25 20:16:07 UTC" participant="139554">
      <body>آه ياحبيبتى</body>
    </message>
    <message id="m0037" time="2013-04-25 20:16:12 UTC" participant="139554">
      <body>كنا فين :)</body>
    </message>
    <message id="m0038" time="2013-04-25 20:16:18 UTC" participant="139554">
      <body>الحمد لله</body>
    </message>
    <message id="m0039" time="2013-04-25 20:16:53 UTC" participant="139275">
      <body>لما تيجي رايحاله قوليلي اروح معاكي</body>
    </message>
    <message id="m0040" time="2013-04-25 20:17:09 UTC" participant="139275">
      <body>المفروض اروح وانا مطنشة</body>
    </message>
    <message id="m0041" time="2013-04-25 20:17:21 UTC" participant="139275">
      <body>بس متنسيييش بليييز</body>
    </message>
    <message id="m0042" time="2013-04-25 20:17:27 UTC" participant="139554">
      <body>آميييييين</body>
    </message>
    <message id="m0043" time="2013-04-25 20:17:28 UTC" participant="139275">
      <body>مش مهم</body>
    </message>
    <message id="m0044" time="2013-04-25 20:17:35 UTC" participant="139554">
      <body>ربنا يكرمك </body>
    </message>
    <message id="m0045" time="2013-04-25 20:18:00 UTC" participant="139275">
      <body>انا حالتي مزمنة ومفهاش جديد بس هي وارمة من ايام الحمل ومش بتخف</body>
    </message>
    <message id="m0046" time="2013-04-25 20:18:20 UTC" participant="139275">
      <body>لا عادي مش بعيد</body>
    </message>
    <message id="m0047" time="2013-04-25 20:18:46 UTC" participant="139554">
      <body>هارحله مرة كمان شهر و مرة تانية بعديها بشهر و نص</body>
    </message>
    <message id="m0048" time="2013-04-25 20:19:16 UTC" participant="139275">
      <body>مش مهم اصلا اروح انا بكلمه في التليفون بس برضو المتابعة متضرش</body>
    </message>
    <message id="m0049" time="2013-04-25 20:19:21 UTC" participant="139275">
      <body>لا ومش حرجعله</body>
    </message>
    <message id="m0050" time="2013-04-25 20:19:25 UTC" participant="139554">
      <body>ماشي ان شاء الله :)</body>
    </message>
    <message id="m0051" time="2013-04-25 20:19:25 UTC" participant="139275">
      <body>انا بكرهه</body>
    </message>
    <message id="m0052" time="2013-04-25 20:19:34 UTC" participant="139275">
      <body>وبيخلي نفسيتي زفت</body>
    </message>
    <message id="m0053" time="2013-04-25 20:19:36 UTC" participant="139554">
      <body>بس انا لسة بدري</body>
    </message>
    <message id="m0054" time="2013-04-25 20:19:59 UTC" participant="139554">
      <body>23 مايو</body>
    </message>
    <message id="m0055" time="2013-04-25 20:20:04 UTC" participant="139554">
      <body>مش بعيد عليكي ؟</body>
    </message>
    <message id="m0056" time="2013-04-25 20:20:04 UTC" participant="139275">
      <body>وعادي كل ما حد يشوفي يقولي انتي رجعليكي وارمة اوي كده ليه</body>
    </message>
    <message id="m0057" time="2013-04-25 20:20:12 UTC" participant="139275">
      <body>وارمة ومحمرة</body>
    </message>
    <message id="m0058" time="2013-04-25 20:20:34 UTC" participant="139554">
      <body>فاهماكي</body>
    </message>
    <message id="m0059" time="2013-04-25 20:20:41 UTC" participant="139554">
      <body>بعد الولادة برضه ؟</body>
    </message>
    <message id="m0060" time="2013-04-25 20:20:50 UTC" participant="139554">
      <body>ما رجعتيش للشراب ؟</body>
    </message>
    <message id="m0061" time="2013-04-25 20:21:35 UTC" participant="139275">
      <body>مش فاكرة بابا الله يرحمه كان بيجبلي واحد من السعودية</body>
    </message>
    <message id="m0062" time="2013-04-25 20:21:40 UTC" participant="139275">
      <body>بريطاني</body>
    </message>
    <message id="m0063" time="2013-04-25 20:21:50 UTC" participant="139275">
      <body>قطن ١٠٠٪</body>
    </message>
    <message id="m0064" time="2013-04-25 20:21:52 UTC" participant="139554">
      <body>ماهو مقرف</body>
    </message>
    <message id="m0065" time="2013-04-25 20:21:58 UTC" participant="139275">
      <body>كان حلو الصراحة</body>
    </message>
    <message id="m0069" time="2013-04-25 20:22:46 UTC" participant="139275">
      <body>بكام؟</body>
    </message>
    <message id="m0070" time="2013-04-25 20:22:52 UTC" participant="139554">
      <body>But u know kont sa3at lama regly betet3ab awi w agy albeso w arta7</body>
    </message>
    <message id="m0071" time="2013-04-25 20:22:56 UTC" participant="139554">
      <body>Ba7ess eno ne3ma</body>
    </message>
    <message id="m0072" time="2013-04-25 20:23:13 UTC" participant="139554">
      <body>Le 7ad ma ansa el waga3 w aktr2eb tany menno :)</body>
    </message>
    <message id="m0073" time="2013-04-25 20:23:26 UTC" participant="139554">
      <body>انت كنت بتجيبى انهو ماركة ؟</body>
    </message>
    <message id="m0074" time="2013-04-25 20:24:04 UTC" participant="139554">
      <body>اها</body>
    </message>
    <message id="m0075" time="2013-04-25 20:24:23 UTC" participant="139554">
      <body>ماهو في مصر</body>
    </message>
    <message id="m0076" time="2013-04-25 20:24:32 UTC" participant="139554">
      <body>الي فيه النوع ده</body>
    </message>
    <message id="m0077" time="2013-04-25 20:24:36 UTC" participant="139554">
      <body>Sigvaris</body>
    </message>
    <message id="m0078" time="2013-04-25 20:24:41 UTC" participant="139554">
      <body>سويدي</body>
    </message>
    <message id="m0079" time="2013-04-25 20:24:45 UTC" participant="139554">
      <body>غالي جدا</body>
    </message>
    <message id="m0080" time="2013-04-25 20:24:59 UTC" participant="139554">
      <body>بس الصراحة ارحم من فينوسان و القرف ده</body>
    </message>
    <message id="m0081" time="2013-04-25 20:25:14 UTC" participant="139554">
      <body>معرفش القطن بكام</body>
    </message>
    <message id="m0082" time="2013-04-25 20:25:22 UTC" participant="139554">
      <body>بس العادي الي باجيبه</body>
    </message>
    <message id="m0083" time="2013-04-25 20:25:44 UTC" participant="139554">
      <body>للركبة 360 ... نص الفخد 500 ... الكولون 700</body>
    </message>
    <message id="m0084" time="2013-04-25 20:25:56 UTC" participant="139554">
      <body>يمكن دلوقتى يكون أزيد عشان الدولار</body>
    </message>
    <message id="m0085" time="2013-04-25 20:26:15 UTC" participant="139554">
      <body>انا عندي نص الفخد للبيت و الكولون للخروج</body>
    </message>
    <message id="m0086" time="2013-04-25 20:26:23 UTC" participant="139554">
      <body>قالي هافضل 6 شهور بيه</body>
    </message>
    <message id="m0087" time="2013-04-25 20:26:32 UTC" participant="139554">
      <body>بعدين نشوف هنعمل ايه</body>
    </message>
    <message id="m0088" time="2013-04-25 20:27:39 UTC" participant="139275">
      <body>يااه غالي جدا فعلا</body>
    </message>
    <message id="m0089" time="2013-04-25 20:28:01 UTC" participant="139275">
      <body>انا كنت بجيبه بحوالي ٢٠٠ جنيه مثلا تقريبا</body>
    </message>
    <message id="m0090" time="2013-04-25 20:28:29 UTC" participant="139275">
      <body>للركبة</body>
    </message>
    <message id="m0091" time="2013-04-25 20:30:22 UTC" participant="139554">
      <body>هو غالبا الي بابا كان بيجيبه كان آراوند السعر ده برضه :)</body>
    </message>
    <message id="m0092" time="2013-04-25 20:30:30 UTC" participant="139554">
      <body>يمكن السعودية ارخص</body>
    </message>
    <message id="m0093" time="2013-04-25 20:30:37 UTC" participant="139554">
      <body>طوله ايه ؟</body>
    </message>
    <message id="m0094" time="2013-04-25 20:31:27 UTC" participant="139554">
      <body>بتقولي كنت باجيبه ... ياعنى لما جربتى تجيبي من هنا ؟!</body>
    </message>
    <message id="m0095" time="2013-04-25 20:32:42 UTC" participant="139275">
      <body>لا</body>
    </message>
    <message id="m0096" time="2013-04-25 20:32:54 UTC" participant="139275">
      <body>انا قصدي بما يعادل</body>
    </message>
    <message id="m0097" time="2013-04-25 20:33:07 UTC" participant="139275">
      <body>كل سنة كنت بجرب نوع</body>
    </message>
    <message id="m0098" time="2013-04-25 20:33:10 UTC" participant="139275">
      <body>ويخلص</body>
    </message>
    <message id="m0099" time="2013-04-25 20:33:36 UTC" participant="139275">
      <body>وبابا يلف جدة كلها بمعنى الكلمة يدور تاني</body>
    </message>
  </messages>
</conversation>
