<?xml version="1.0" encoding="UTF-8"?>
<conversation id="CHT_ARZ_20130405.0005" medium="CHT" donated="true">
  <messages>
    <message id="m0000" time="2013-04-05 02:24:20 UTC" participant="139591">
      <body>Riirri</body>
    </message>
    <message id="m0001" time="2013-04-05 02:24:37 UTC" participant="139134">
      <body>babyyy</body>
    </message>
    <message id="m0002" time="2013-04-05 13:49:57 UTC" participant="139591">
      <body>Rimeee??</body>
    </message>
    <message id="m0003" time="2013-04-05 13:50:08 UTC" participant="139134">
      <body>yessss walahyy</body>
    </message>
    <message id="m0004" time="2013-04-05 13:50:16 UTC" participant="139591">
      <body>Hahahhaa</body>
    </message>
    <message id="m0005" time="2013-04-05 13:50:21 UTC" participant="139591">
      <body>Han3mel a fel bd ? :D</body>
    </message>
    <message id="m0006" time="2013-04-05 13:50:30 UTC" participant="139134">
      <body>wait bas</body>
    </message>
    <message id="m0007" time="2013-04-05 13:50:33 UTC" participant="139134">
      <body>aba ma3 ahli nw</body>
    </message>
    <message id="m0008" time="2013-04-05 13:50:37 UTC" participant="139134">
      <body>hakmlk lama akhls</body>
    </message>
    <message id="m0009" time="2013-04-05 13:50:39 UTC" participant="139134">
      <body>stryb</body>
    </message>
    <message id="m0010" time="2013-04-05 13:50:44 UTC" participant="139591">
      <body>7aderrr</body>
    </message>
    <message id="m0011" time="2013-04-05 13:50:46 UTC" participant="139591">
      <body>Enty fin</body>
    </message>
    <message id="m0012" time="2013-04-05 13:51:59 UTC" participant="139134">
      <body>tekja</body>
    </message>
    <message id="m0013" time="2013-04-05 13:52:06 UTC" participant="139591">
      <body>Allah :D</body>
    </message>
    <message id="m0014" time="2013-04-05 13:52:09 UTC" participant="139591">
      <body>Enjoyy ya riri</body>
    </message>
  </messages>
</conversation>
