<?xml version="1.0" encoding="UTF-8"?>
<conversation id="CHT_ARZ_20130208.0000" medium="CHT" donated="true">
  <messages>
    <message id="m0000" participant="138112" time="2013-02-08 17:21:30 UTC">
      <body>Ezayak</body>
    </message>
    <message id="m0001" participant="138305" time="2013-02-08 17:25:46 UTC">
      <body>El7 enty 3amla eh ?</body>
    </message>
    <message id="m0002" participant="138112" time="2013-02-08 20:01:53 UTC">
      <body>Kwayesa :)</body>
    </message>
    <message id="m0003" participant="138305" time="2013-02-09 00:44:43 UTC">
      <body>Eh mabsoota fe Sharm ?</body>
    </message>
    <message id="m0004" participant="138112" time="2013-02-09 17:40:12 UTC">
      <body>Ahhhh :D</body>
    </message>
    <message id="m0005" participant="138305" time="2013-02-10 14:42:53 UTC">
      <body>El7</body>
    </message>
  </messages>
</conversation>
