<?xml version="1.0" encoding="UTF-8"?>
<conversation id="CHT_ARZ_20130407.0003" medium="CHT" donated="true">
  <messages>
    <message id="m0000" time="2013-04-07 17:29:00 UTC" participant="139230">
      <body>Ezayek ya memo </body>
    </message>
    <message id="m0001" time="2013-04-07 17:29:00 UTC" participant="139552">
      <body>Kef halek</body>
    </message>
    <message id="m0002" time="2013-04-07 17:30:00 UTC" participant="139230">
      <body>Elhamdullelah</body>
    </message>
    <message id="m0003" time="2013-04-07 17:30:00 UTC" participant="139552">
      <body>Alhamdu lellah</body>
    </message>
    <message id="m0004" time="2013-04-07 17:39:00 UTC" participant="139230">
      <body>البلد بقت كلها سرقة</body>
    </message>
    <message id="m0005" time="2013-04-07 17:42:00 UTC" participant="139230">
      <body>وعلى فكرة الدعم لعربية واحدة في الاسرة</body>
    </message>
    <message id="m0006" time="2013-04-07 17:43:00 UTC" participant="139230">
      <body>Ya3ni kolena 7anedfa3</body>
    </message>
    <message id="m0007" time="2013-04-07 17:44:00 UTC" participant="139230">
      <body>Shofy ba2a 7ayeddi el da3m loh walla l 3arabeto</body>
    </message>
  </messages>
</conversation>
