<?xml version="1.0" encoding="UTF-8"?>
<conversation id="CHT_ARZ_20130512.0005" medium="CHT" donated="true">
  <messages>
    <message id="m0000" time="2013-05-12 00:39:59 UTC" participant="139592">
      <body>W eh ser el 7alawa el zeyada showaya el youmeen dol?</body>
    </message>
    <message id="m0001" time="2013-05-12 00:42:13 UTC" participant="139592">
      <body>Ya tara cream set el 7eta? Wala da el tabee3y?</body>
    </message>
    <message id="m0002" time="2013-05-12 00:42:56 UTC" participant="139134">
      <body/>
    </message>
    <message id="m0003" time="2013-05-12 00:43:00 UTC" participant="139134">
      <body>bass </body>
    </message>
    <message id="m0004" time="2013-05-12 00:43:04 UTC" participant="139134">
      <body>hahahaahah</body>
    </message>
    <message id="m0005" time="2013-05-12 00:43:11 UTC" participant="139134">
      <body>wala halawa wala haga walahi</body>
    </message>
    <message id="m0006" time="2013-05-12 00:43:25 UTC" participant="139592">
      <body>Tab walahy deih el 7a2ee2a mesh ba2alef</body>
    </message>
    <message id="m0007" time="2013-05-12 00:44:12 UTC" participant="139134">
      <body>aww</body>
    </message>
    <message id="m0008" time="2013-05-12 00:44:15 UTC" participant="139134">
      <body>enta cuteee</body>
    </message>
    <message id="m0009" time="2013-05-12 00:44:17 UTC" participant="139134">
      <body>shokrann</body>
    </message>
    <message id="m0010" time="2013-05-12 00:44:25 UTC" participant="139134">
      <body>i needed to hear that</body>
    </message>
    <message id="m0011" time="2013-05-12 00:44:27 UTC" participant="139592">
      <body>Hahahahaha</body>
    </message>
    <message id="m0012" time="2013-05-12 00:46:40 UTC" participant="139592">
      <body>I'm glad to have provided it then :)</body>
    </message>
    <message id="m0014" time="2013-05-12 00:51:59 UTC" participant="139134">
      <body>hahahahahahha</body>
    </message>
    <message id="m0015" time="2013-05-12 00:52:02 UTC" participant="139134">
      <body>yesss ahhahaahha</body>
    </message>
    <message id="m0016" time="2013-05-12 00:52:09 UTC" participant="139592">
      <body>Shit</body>
    </message>
    <message id="m0017" time="2013-05-12 00:52:20 UTC" participant="139134">
      <body>hahahahahh</body>
    </message>
    <message id="m0018" time="2013-05-12 01:08:49 UTC" participant="139134">
      <body>y shit keda arya7</body>
    </message>
    <message id="m0019" time="2013-05-12 01:34:02 UTC" participant="139592">
      <body>Quista</body>
    </message>
    <message id="m0022" time="2013-05-12 01:34:36 UTC" participant="139592">
      <body>3ashan rab3a asnan</body>
    </message>
    <message id="m0023" time="2013-05-12 01:34:53 UTC" participant="139592">
      <body>A3adt afkes afkes le7ad makolo et3ak 3ala demaghy</body>
    </message>
    <message id="m0026" time="2013-05-12 01:41:29 UTC" participant="139134">
      <body>whyyy bas</body>
    </message>
    <message id="m0027" time="2013-05-12 01:41:36 UTC" participant="139134">
      <body>bgd kola 2 months</body>
    </message>
    <message id="m0028" time="2013-05-12 01:41:39 UTC" participant="139134">
      <body>walahyyy</body>
    </message>
    <message id="m0029" time="2013-05-12 01:41:44 UTC" participant="139134">
      <body>w u will</body>
    </message>
    <message id="m0031" time="2013-05-12 01:42:35 UTC" participant="139592">
      <body>sometimes I think I should just runaway</body>
    </message>
    <message id="m0032" time="2013-05-12 01:42:51 UTC" participant="139134">
      <body>if u run nw</body>
    </message>
    <message id="m0033" time="2013-05-12 01:42:57 UTC" participant="139134">
      <body>u wint ever face a challeneg</body>
    </message>
    <message id="m0036" time="2013-05-12 01:45:17 UTC" participant="139134">
      <body>ma fa ghalat</body>
    </message>
    <message id="m0037" time="2013-05-12 01:45:47 UTC" participant="139592">
      <body>Akeed I'm in and there's nothing I can do</body>
    </message>
    <message id="m0038" time="2013-05-12 01:46:20 UTC" participant="139592">
      <body>Ana khalas topic el asnan mesh ader asta7melo</body>
    </message>
  </messages>
</conversation>
