<?xml version="1.0" encoding="UTF-8"?>
<conversation id="CHT_ARZ_20130501.0005" medium="CHT" donated="true">
  <messages>
    <message id="m0000" time="2013-05-01 22:18:00 UTC" participant="139230">
      <body>shokran gedan waffarti li maghoud kbeer</body>
    </message>
    <message id="m0001" time="2013-05-01 23:59:00 UTC" participant="139880">
      <body>eh elli bet2olleh da bas</body>
    </message>
    <message id="m0002" time="2013-05-02 00:00:00 UTC" participant="139880">
      <body>Ana ma3amaltesh ay 7aga aslan</body>
    </message>
    <message id="m0003" time="2013-05-02 00:00:00 UTC" participant="139880">
      <body>Da ana kan nefsy agy m3aki aslan</body>
    </message>
    <message id="m0004" time="2013-05-02 00:00:00 UTC" participant="139880">
      <body>Bas 7asseitek msh 3ayza 7ad</body>
    </message>
    <message id="m0005" time="2013-05-02 00:00:00 UTC" participant="139880">
      <body>Bas el mohem el7md enek ettamenty</body>
    </message>
    <message id="m0006" time="2013-05-02 00:10:00 UTC" participant="139230">
      <body>la wallahi kefaya enek ro7ty ba3d el shogl kaman ana makontesh 3awzaki teegy ma3aya 3ashan da yooom agaza momken ur parents ye7ebo yeshofoki feeh</body>
    </message>
    <message id="m0007" time="2013-05-02 00:11:00 UTC" participant="139230">
      <body>el 7amd lelah fe3lan eniy etament bas mama w baba elli kano 2al2aneen w so7abha 2a3ado yekhawefoha</body>
    </message>
    <message id="m0008" time="2013-05-02 00:13:00 UTC" participant="139230">
      <body>7ata baba kaman kan 3awez yeegy ma3aya 3and el doctor
00:13, 2 May – Hom: kan 2al2an bas mesh 3awez yebayen</body>
    </message>
  </messages>
</conversation>
