<?xml version="1.0" encoding="UTF-8"?>
<conversation id="CHT_ARZ_20130109.0000" medium="CHT" donated="true">
  <messages>
    <message id="m0000" time="2013-01-09 21:05:06 UTC" participant="138307">
      <body>Yaraa</body>
    </message>
    <message id="m0001" time="2013-01-09 21:05:10 UTC" participant="138307">
      <body>Enty ray7a bokra el mdrsa?</body>
    </message>
    <message id="m0002" time="2013-01-09 21:05:17 UTC" participant="138112">
      <body>Lahh</body>
    </message>
    <message id="m0003" time="2013-01-09 21:05:44 UTC" participant="138307">
      <body>Tayb mmkn nenzel ana wenty w adham el sob7 m3 b3d n3mel 7aga?</body>
    </message>
    <message id="m0004" time="2013-01-09 21:08:19 UTC" participant="138307">
      <body>??</body>
    </message>
    <message id="m0005" time="2013-01-09 21:08:42 UTC" participant="138112">
      <body>7aga eh??</body>
    </message>
    <message id="m0006" time="2013-01-09 21:08:53 UTC" participant="138307">
      <body>7aga fel histroy</body>
    </message>
    <message id="m0007" time="2013-01-09 21:09:26 UTC" participant="138112">
      <body>Ana aslan bokra msh ray7a el madrasa 3ashan awasal abooya el matar</body>
    </message>
    <message id="m0008" time="2013-01-09 21:11:22 UTC" participant="138307">
      <body>Tayebb</body>
    </message>
  </messages>
</conversation>
