<?xml version="1.0" encoding="UTF-8"?>
<conversation id="CHT_ARZ_20130510.0006" medium="CHT" donated="true">
  <messages>
    <message id="m0000" time="2013-05-10 18:04:00 UTC" participant="139230">
      <body>معلش الايباد فصل شحن</body>
    </message>
    <message id="m0001" time="2013-05-10 18:04:00 UTC" participant="139230">
      <body>كان 1%</body>
    </message>
    <message id="m0002" time="2013-05-10 18:05:00 UTC" participant="139230">
      <body>حاشحنه واكلمك</body>
    </message>
    <message id="m0003" time="2013-05-10 18:05:00 UTC" participant="139698">
      <body>mafish moshkela</body>
    </message>
  </messages>
</conversation>
