<?xml version="1.0" encoding="UTF-8"?>
<conversation id="CHT_ARZ_20130105.0000" medium="CHT" donated="true">
  <messages>
    <message id="m0000" participant="138325" time="2013-01-05 18:34:38 UTC">
      <body>Ya yaraa ya gamilaaaaa</body>
    </message>
    <message id="m0002" participant="138325" time="2013-01-05 18:35:06 UTC">
      <body>Wa7ashtini</body>
    </message>
    <message id="m0003" participant="138325" time="2013-01-05 18:35:19 UTC">
      <body>Ba2aly sa3tan man3'arek</body>
    </message>
    <message id="m0004" participant="138325" time="2013-01-05 18:35:25 UTC">
      <body/>
    </message>
    <message id="m0006" participant="138325" time="2013-01-05 18:37:30 UTC">
      <body>Lma trw7i call me</body>
    </message>
    <message id="m0007" participant="138112" time="2013-01-05 18:37:55 UTC">
      <body>Hahaha leh fe haga?</body>
    </message>
    <message id="m0008" participant="138325" time="2013-01-05 18:38:12 UTC">
      <body>Wa7ashti </body>
    </message>
    <message id="m0009" participant="138325" time="2013-01-05 18:38:24 UTC">
      <body>3ayaz asma3 sotek </body>
    </message>
    <message id="m0010" participant="138112" time="2013-01-05 18:40:01 UTC">
      <body>-__-</body>
    </message>
    <message id="m0012" participant="138325" time="2013-01-05 18:41:06 UTC">
      <body/>
    </message>
    <message id="m0013" participant="138325" time="2013-01-05 18:43:11 UTC">
      <body>?</body>
    </message>
    <message id="m0014" participant="138112" time="2013-01-05 18:44:43 UTC">
      <body>-___- la2</body>
    </message>
    <message id="m0015" participant="138112" time="2013-01-05 18:44:52 UTC">
      <body>W Ana bo2i kbeer 3la fekra</body>
    </message>
    <message id="m0016" participant="138325" time="2013-01-05 18:45:14 UTC">
      <body>Anty so3'yora awii ya yaraa</body>
    </message>
    <message id="m0017" participant="138325" time="2013-01-05 18:45:20 UTC">
      <body/>
    </message>
    <message id="m0018" participant="138112" time="2013-01-05 18:46:01 UTC">
      <body>Ahhhh 3arfa :D</body>
    </message>
    <message id="m0019" participant="138325" time="2013-01-05 18:46:30 UTC">
      <body>Anty fan?</body>
    </message>
    <message id="m0020" participant="138112" time="2013-01-05 18:47:06 UTC">
      <body>Fel 3zooma</body>
    </message>
    <message id="m0021" participant="138325" time="2013-01-05 18:47:30 UTC">
      <body>Kan fe bay2klek zayii</body>
    </message>
    <message id="m0022" participant="138325" time="2013-01-05 18:47:33 UTC">
      <body/>
    </message>
    <message id="m0023" participant="138112" time="2013-01-05 18:52:11 UTC">
      <body>Ehhhhh???</body>
    </message>
    <message id="m0024" participant="138325" time="2013-01-05 18:52:45 UTC">
      <body>Fe 7ad bay2klek za ma ana kont ba2klek?</body>
    </message>
    <message id="m0025" participant="138325" time="2013-01-05 18:52:49 UTC">
      <body/>
    </message>
    <message id="m0026" participant="138112" time="2013-01-05 19:50:34 UTC">
      <body>Lah!! :D</body>
    </message>
    <message id="m0027" participant="138325" time="2013-01-06 15:27:28 UTC">
      <body>Yara ya yara</body>
    </message>
    <message id="m0029" participant="138325" time="2013-01-06 19:06:53 UTC">
      <body>Wa7ashtek ?</body>
    </message>
    <message id="m0030" participant="138112" time="2013-01-06 19:12:13 UTC">
      <body>Ana wahashtak?</body>
    </message>
    <message id="m0031" participant="138325" time="2013-01-06 19:37:10 UTC">
      <body>Ah</body>
    </message>
    <message id="m0032" participant="138325" time="2013-01-06 19:37:16 UTC">
      <body>:D</body>
    </message>
    <message id="m0033" participant="138112" time="2013-01-06 19:39:25 UTC">
      <body>Tayeb kwayes </body>
    </message>
    <message id="m0034" participant="138325" time="2013-01-06 19:45:30 UTC">
      <body>Anty fan ?</body>
    </message>
    <message id="m0035" participant="138112" time="2013-01-06 19:45:46 UTC">
      <body>Fel bet!!</body>
    </message>
    <message id="m0036" participant="138325" time="2013-01-06 20:00:06 UTC">
      <body>Wa7ashtek ya baby wala la2</body>
    </message>
    <message id="m0037" participant="138325" time="2013-01-06 20:00:15 UTC">
      <body/>
    </message>
    <message id="m0038" participant="138112" time="2013-01-06 20:00:41 UTC">
      <body>La2 ya gazma</body>
    </message>
    <message id="m0040" participant="138325" time="2013-01-06 20:01:09 UTC">
      <body>:D</body>
    </message>
    <message id="m0042" participant="138325" time="2013-01-06 20:01:39 UTC">
      <body>Mot2kda?</body>
    </message>
    <message id="m0043" participant="138112" time="2013-01-07 19:58:49 UTC">
      <body>F eh???</body>
    </message>
    <message id="m0044" participant="138325" time="2013-01-07 19:59:14 UTC">
      <body>3ayzin falos el phy</body>
    </message>
    <message id="m0045" participant="138112" time="2013-01-07 19:59:51 UTC">
      <body>Delwa2ty ya3ni wla eh?</body>
    </message>
    <message id="m0046" participant="138325" time="2013-01-07 20:11:15 UTC">
      <body>Momkan bokra el sob7</body>
    </message>
    <message id="m0047" participant="138112" time="2013-01-07 20:12:04 UTC">
      <body>Msh lama ashoof el awel m3a mr. Youssef Ana m3ako akeed wla la2?</body>
    </message>
    <message id="m0048" participant="138325" time="2013-01-07 20:12:31 UTC">
      <body>Anty ma3ana</body>
    </message>
    <message id="m0049" participant="138112" time="2013-01-07 20:12:57 UTC">
      <body>La3 msh akeed Ana lesa masa2althoosh</body>
    </message>
    <message id="m0050" participant="138325" time="2013-01-07 20:13:57 UTC">
      <body>Ab3tlek namrto taklmeh ?</body>
    </message>
    <message id="m0051" participant="138112" time="2013-01-07 20:14:22 UTC">
      <body>Lah has2alo ba3d bokra fel madrasa</body>
    </message>
    <message id="m0052" participant="138325" time="2013-01-07 20:14:51 UTC">
      <body>Yara a7na bokra 7an5les el 3arbya lazam tarodi 3alya now</body>
    </message>
    <message id="m0053" participant="138325" time="2013-01-08 18:20:51 UTC">
      <body>Yaraaa</body>
    </message>
    <message id="m0055" participant="138325" time="2013-01-08 19:12:03 UTC">
      <body>salmtek ya yara ya gamila</body>
    </message>
    <message id="m0056" participant="138325" time="2013-01-08 19:12:05 UTC">
      <body/>
    </message>
    <message id="m0057" participant="138112" time="2013-01-08 19:17:47 UTC">
      <body>:*</body>
    </message>
    <message id="m0058" participant="138325" time="2013-01-08 19:18:53 UTC">
      <body>Ana 7anzal now</body>
    </message>
    <message id="m0059" participant="138325" time="2013-01-08 19:18:57 UTC">
      <body>Aglek fan ?</body>
    </message>
    <message id="m0060" participant="138112" time="2013-01-08 19:19:32 UTC">
      <body>El bet</body>
    </message>
    <message id="m0061" participant="138325" time="2013-01-08 19:37:12 UTC">
      <body>Ma3rfsh agilek</body>
    </message>
    <message id="m0062" participant="138112" time="2013-01-08 19:46:33 UTC">
      <body>A5ali ya2ablak feen</body>
    </message>
    <message id="m0063" participant="138325" time="2013-01-08 19:47:10 UTC">
      <body>Law ya3raf yagili 3and genana mol</body>
    </message>
    <message id="m0064" participant="138112" time="2013-01-08 19:47:34 UTC">
      <body>Ahhh ye3raf odam el bab el ra2isi</body>
    </message>
    <message id="m0065" participant="138112" time="2013-01-08 19:48:09 UTC">
      <body>W oli abl ma tewsal b 7 minutes 3ashan anazelo</body>
    </message>
    <message id="m0069" participant="138325" time="2013-01-09 18:27:30 UTC">
      <body>Kalmini darorii</body>
    </message>
  </messages>
</conversation>
