<?xml version="1.0" encoding="UTF-8"?>
<conversation id="CHT_ARZ_20121208.0000" medium="CHT" donated="true">
  <messages>
    <message id="m0000" participant="138323" time="2012-12-08 00:53:25 UTC">
      <body>W7ashtini</body>
    </message>
    <message id="m0001" participant="138112" time="2012-12-08 00:54:01 UTC">
      <body>Enti kaman! 3amla eh</body>
    </message>
    <message id="m0002" participant="138323" time="2012-12-08 00:54:56 UTC">
      <body>El7</body>
    </message>
    <message id="m0003" participant="138323" time="2012-12-08 00:54:59 UTC">
      <body>Wenty?</body>
    </message>
    <message id="m0004" participant="138112" time="2012-12-08 00:55:09 UTC">
      <body>Ana kwayesa</body>
    </message>
    <message id="m0005" participant="138323" time="2012-12-08 00:57:04 UTC">
      <body>El7 :*</body>
    </message>
    <message id="m0006" participant="138112" time="2012-12-08 01:15:06 UTC">
      <body>Hatnamy emta!</body>
    </message>
    <message id="m0007" participant="138323" time="2012-12-08 01:26:41 UTC">
      <body>Msh 3arfa</body>
    </message>
    <message id="m0008" participant="138323" time="2012-12-08 01:26:46 UTC">
      <body>Wenty?</body>
    </message>
    <message id="m0009" participant="138112" time="2012-12-08 13:18:10 UTC">
      <body>Saba7 el 5er haha</body>
    </message>
    <message id="m0010" participant="138323" time="2012-12-08 15:22:35 UTC">
      <body>Sba7 elnor ya5ty :*</body>
    </message>
  </messages>
</conversation>
