<?xml version="1.0" encoding="UTF-8"?>
<conversation id="CHT_ARZ_20130511.0002" medium="CHT" donated="true">
  <messages>
    <message id="m0000" time="2013-05-11 03:13:23 UTC" participant="139360">
      <body>ashufk emta tahh</body>
    </message>
    <message id="m0001" time="2013-05-11 06:50:03 UTC" participant="139370">
      <body>Kont henak Thursday ya 3am</body>
    </message>
    <message id="m0002" time="2013-05-11 07:07:00 UTC" participant="139360">
      <body>tb mys tani</body>
    </message>
    <message id="m0003" time="2013-05-11 07:07:04 UTC" participant="139360">
      <body>emta?</body>
    </message>
    <message id="m0004" time="2013-05-11 07:07:42 UTC" participant="139370">
      <body>Today mush rayha.   Momken tomorrow masalan</body>
    </message>
    <message id="m0005" time="2013-05-11 09:34:06 UTC" participant="139370">
      <body>I'll let you know because Ana f round nessa w mehtasa shewaya.</body>
    </message>
  </messages>
</conversation>
