<?xml version="1.0" encoding="UTF-8"?>
<conversation id="CHT_ARZ_20130408.0003" medium="CHT" donated="true">
  <messages>
    <message id="m0000" time="2013-04-08 16:57:31 UTC" participant="139508">
      <body>babyy ana sisi</body>
    </message>
    <message id="m0001" time="2013-04-08 16:59:09 UTC" participant="139540">
      <body>Yenfa3 yb2aa3afna 4 30</body>
    </message>
    <message id="m0002" time="2013-04-08 16:59:17 UTC" participant="139540">
      <body>3ashan ana hawa2af tahfeez aslan</body>
    </message>
    <message id="m0003" time="2013-04-08 16:59:23 UTC" participant="139540">
      <body>Except enty w wahda esmaha hoda bs</body>
    </message>
    <message id="m0004" time="2013-04-08 17:00:00 UTC" participant="139508">
      <body>bgd</body>
    </message>
    <message id="m0005" time="2013-04-08 17:00:02 UTC" participant="139508">
      <body>shokrannb</body>
    </message>
    <message id="m0006" time="2013-04-08 17:00:08 UTC" participant="139508">
      <body>tyb ana ha25rk ?!</body>
    </message>
    <message id="m0007" time="2013-04-08 17:00:12 UTC" participant="139508">
      <body>ashan nzkra ?</body>
    </message>
    <message id="m0008" time="2013-04-08 17:00:18 UTC" participant="139508">
      <body>tyb ok habibi</body>
    </message>
    <message id="m0009" time="2013-04-08 17:17:47 UTC" participant="139540">
      <body>Lala isA 4 30 baby</body>
    </message>
    <message id="m0011" time="2013-04-09 14:37:59 UTC" participant="139508">
      <body>amiraaaa</body>
    </message>
    <message id="m0012" time="2013-04-09 14:38:02 UTC" participant="139508">
      <body>enty fin ?!</body>
    </message>
    <message id="m0013" time="2013-04-09 14:38:04 UTC" participant="139508">
      <body>bossi</body>
    </message>
    <message id="m0014" time="2013-04-09 14:38:10 UTC" participant="139508">
      <body>fi mshkla nw</body>
    </message>
    <message id="m0015" time="2013-04-09 14:38:18 UTC" participant="139508">
      <body>walahy msh hatsd2o</body>
    </message>
    <message id="m0016" time="2013-04-09 14:38:32 UTC" participant="139508">
      <body>hamat khali hat3mli amlia tom</body>
    </message>
  </messages>
</conversation>
