<?xml version="1.0" encoding="UTF-8"?>
<conversation id="CHT_ARZ_20121222.0002" medium="CHT" donated="true">
  <messages>
    <message id="m0000" participant="138112" time="2012-12-22 09:35:18 UTC">
      <body>Yali msh betes2al</body>
    </message>
    <message id="m0001" participant="138326" time="2012-12-22 13:09:36 UTC">
      <body>Kont lessa bafaakar feky embareh</body>
    </message>
    <message id="m0002" participant="138326" time="2012-12-22 13:09:50 UTC">
      <body>Enty nafadtely akher Mara kalemtek</body>
    </message>
    <message id="m0003" participant="138112" time="2012-12-22 14:08:48 UTC">
      <body>Begad walahi</body>
    </message>
    <message id="m0004" participant="138112" time="2012-12-22 14:08:51 UTC">
      <body>Mashy okay</body>
    </message>
    <message id="m0005" participant="138326" time="2012-12-22 14:09:23 UTC">
      <body>Kont hakalemek elnahrda 3al mobile asln</body>
    </message>
    <message id="m0006" participant="138326" time="2012-12-22 14:09:55 UTC">
      <body>Enty leeh 2afsha 3ashan BA2olek nafadtely akher Mara ya3ny :D</body>
    </message>
    <message id="m0007" participant="138112" time="2012-12-22 14:59:11 UTC">
      <body>Estana mash3'oola</body>
    </message>
    <message id="m0008" participant="138326" time="2012-12-22 15:00:02 UTC">
      <body>Barahtek</body>
    </message>
    <message id="m0009" participant="138112" time="2012-12-22 16:00:52 UTC">
      <body>Ezayak</body>
    </message>
    <message id="m0010" participant="138326" time="2012-12-22 16:04:33 UTC">
      <body>Tamam</body>
    </message>
    <message id="m0011" participant="138326" time="2012-12-22 16:04:38 UTC">
      <body>Enty 3amla eh</body>
    </message>
    <message id="m0012" participant="138112" time="2012-12-22 16:05:49 UTC">
      <body>Ana kwayesa el7</body>
    </message>
    <message id="m0013" participant="138326" time="2012-12-22 16:06:23 UTC">
      <body>Kan 3andek dars ?</body>
    </message>
    <message id="m0014" participant="138112" time="2012-12-22 16:08:14 UTC">
      <body>La2 Kont balbes</body>
    </message>
    <message id="m0016" participant="138326" time="2012-12-22 16:08:45 UTC">
      <body>Ana eftakrtek naseteny</body>
    </message>
    <message id="m0017" participant="138112" time="2012-12-22 16:09:05 UTC">
      <body>Lahhh haha</body>
    </message>
    <message id="m0018" participant="138326" time="2012-12-22 16:09:41 UTC">
      <body>Esta3'rabt fash5 lama sa2lty</body>
    </message>
    <message id="m0019" participant="138326" time="2012-12-22 16:09:59 UTC">
      <body>Bas farahteny ;)</body>
    </message>
    <message id="m0020" participant="138112" time="2012-12-22 16:10:17 UTC">
      <body>Ana edaye2t enak msh betes2al</body>
    </message>
    <message id="m0021" participant="138112" time="2012-12-22 16:10:26 UTC">
      <body>F olt Ana as2al</body>
    </message>
    <message id="m0022" participant="138326" time="2012-12-22 16:18:03 UTC">
      <body>Ma 3ashan Ana kont medaye2 manek</body>
    </message>
    <message id="m0023" participant="138326" time="2012-12-22 16:18:43 UTC">
      <body>Akher Mara kalemtek konty betbdeny 3alaya e kan 3andek dars w 2oltelek khalasy w 2olely w nafadtely</body>
    </message>
    <message id="m0024" participant="138112" time="2012-12-22 16:23:01 UTC">
      <body>Begad? Akeed neset</body>
    </message>
    <message id="m0025" participant="138326" time="2012-12-22 16:23:18 UTC">
      <body>Shofty BA2a</body>
    </message>
    <message id="m0026" participant="138112" time="2012-12-22 17:33:40 UTC">
      <body>Neset</body>
    </message>
    <message id="m0027" participant="138326" time="2012-12-22 17:34:18 UTC">
      <body>3ady BA2a</body>
    </message>
    <message id="m0028" participant="138326" time="2012-12-22 17:34:27 UTC">
      <body>Bet3mely eh</body>
    </message>
    <message id="m0029" participant="138112" time="2012-12-22 17:35:32 UTC">
      <body>Wla haga m3a yomna</body>
    </message>
    <message id="m0030" participant="138326" time="2012-12-22 17:36:08 UTC">
      <body>Salemely 3aleha</body>
    </message>
    <message id="m0031" participant="138112" time="2012-12-22 18:05:40 UTC">
      <body>7ader</body>
    </message>
  </messages>
</conversation>
