<?xml version="1.0" encoding="UTF-8"?>
<conversation id="CHT_ARZ_20121222.0000" medium="CHT" donated="true">
  <messages>
    <message id="m0000" participant="138319" time="2012-12-22 12:21:21 UTC">
      <body>Yara anty kalmtini el sob7</body>
    </message>
    <message id="m0002" participant="138319" time="2012-12-22 15:18:06 UTC">
      <body>Yara am sorry yes kolo 7lw , kan fy bas 7aga mina kan 3ayz yawarhani fa geh 25dni mn ta7t el beit</body>
    </message>
    <message id="m0003" participant="138112" time="2012-12-22 15:35:58 UTC">
      <body>Tab el7, w wala yehemak</body>
    </message>
    <message id="m0004" participant="138112" time="2012-12-22 15:36:31 UTC">
      <body>W sha3rak ma2sersh:D haha</body>
    </message>
    <message id="m0005" participant="138319" time="2012-12-22 15:38:57 UTC">
      <body>Mana ba7l2 kda 3ala tool :D</body>
    </message>
    <message id="m0006" participant="138112" time="2012-12-22 15:45:05 UTC">
      <body>3andak e5wat welad??</body>
    </message>
    <message id="m0009" participant="138112" time="2012-12-22 15:46:56 UTC">
      <body>Ya3ni da5el gesh??</body>
    </message>
    <message id="m0010" participant="138319" time="2012-12-22 15:47:36 UTC">
      <body>Yes :(</body>
    </message>
    <message id="m0011" participant="138319" time="2012-12-22 15:49:51 UTC">
      <body>Wa eh bt3mli eh</body>
    </message>
    <message id="m0012" participant="138112" time="2012-12-22 15:51:02 UTC">
      <body>Yanhareswed:D</body>
    </message>
    <message id="m0013" participant="138112" time="2012-12-22 15:51:46 UTC">
      <body>Ana lesa 7alan nazla l mamet yomna m3a mamti ray7een le designer 3ashan f dress 3andi 3ayza azabato lel prom</body>
    </message>
    <message id="m0014" participant="138112" time="2012-12-22 15:52:03 UTC">
      <body>Enta bt3mel eh</body>
    </message>
    <message id="m0015" participant="138319" time="2012-12-22 15:53:38 UTC">
      <body>Ana ha3od azaker 3ndy quiz bokra</body>
    </message>
    <message id="m0016" participant="138112" time="2012-12-22 15:54:35 UTC">
      <body>Quiz eh? Msh lesa me5alas exams</body>
    </message>
    <message id="m0017" participant="138319" time="2012-12-22 15:54:50 UTC">
      <body>Mabyr7monash :D</body>
    </message>
    <message id="m0018" participant="138112" time="2012-12-22 15:58:19 UTC">
      <body>Hahaha ya 3eny tab 5alas roo7 zaker</body>
    </message>
    <message id="m0019" participant="138319" time="2012-12-22 15:59:08 UTC">
      <body>Eshta yala tc</body>
    </message>
    <message id="m0020" participant="138112" time="2012-12-22 16:00:35 UTC">
      <body>:* bye</body>
    </message>
    <message id="m0021" participant="138319" time="2012-12-22 16:00:45 UTC">
      <body>:*</body>
    </message>
    <message id="m0022" participant="138319" time="2012-12-22 16:00:47 UTC">
      <body>Bye</body>
    </message>
  </messages>
</conversation>
