<?xml version="1.0" encoding="UTF-8"?>
<conversation id="CHT_ARZ_20130506.0004" medium="CHT" donated="true">
  <messages>
    <message id="m0000" time="2013-05-06 13:21:35 UTC" participant="139134">
      <body>meeennnooos</body>
    </message>
    <message id="m0001" time="2013-05-06 13:22:40 UTC" participant="139593">
      <body>Msh btrody alaia leh</body>
    </message>
    <message id="m0002" time="2013-05-06 13:22:44 UTC" participant="139593">
      <body/>
    </message>
    <message id="m0003" time="2013-05-06 13:22:54 UTC" participant="139134">
      <body>mah san3aa</body>
    </message>
    <message id="m0004" time="2013-05-06 13:23:29 UTC" participant="139593">
      <body>Tyb hat3mlo eh</body>
    </message>
    <message id="m0005" time="2013-05-06 13:23:34 UTC" participant="139593">
      <body>Rayha nadines?</body>
    </message>
    <message id="m0006" time="2013-05-06 13:23:47 UTC" participant="139134">
      <body>ges bs at 4</body>
    </message>
    <message id="m0007" time="2013-05-06 13:23:56 UTC" participant="139134">
      <body>soo ruhi le raghdaa nwww</body>
    </message>
    <message id="m0008" time="2013-05-06 13:24:08 UTC" participant="139593">
      <body>3la 3 b2a</body>
    </message>
    <message id="m0010" time="2013-05-06 13:24:26 UTC" participant="139593">
      <body>Hanrg3 when</body>
    </message>
    <message id="m0011" time="2013-05-06 13:25:05 UTC" participant="139593">
      <body>Hanlawn beid wla la</body>
    </message>
    <message id="m0013" time="2013-05-06 14:02:28 UTC" participant="139593">
      <body/>
    </message>
    <message id="m0015" time="2013-05-06 15:55:26 UTC" participant="139593">
      <body>Ha anzel</body>
    </message>
    <message id="m0016" time="2013-05-06 15:55:33 UTC" participant="139593">
      <body>La twsali fondo2 haram oleli</body>
    </message>
    <message id="m0017" time="2013-05-06 16:09:44 UTC" participant="139134">
      <body>enzliiiiiii</body>
    </message>
    <message id="m0019" time="2013-05-06 16:14:24 UTC" participant="139593">
      <body>Raghda ayza cardigan</body>
    </message>
    <message id="m0020" time="2013-05-06 16:14:30 UTC" participant="139593">
      <body>Bgebholha</body>
    </message>
    <message id="m0021" time="2013-05-06 16:14:30 UTC" participant="139593">
      <body>Aletli now</body>
    </message>
    <message id="m0023" time="2013-05-06 16:15:15 UTC" participant="139593">
      <body>Enty fen</body>
    </message>
    <message id="m0024" time="2013-05-06 16:15:29 UTC" participant="139134">
      <body>and ninanar</body>
    </message>
    <message id="m0025" time="2013-05-06 16:15:31 UTC" participant="139593">
      <body>Ana 3lbahr ah</body>
    </message>
    <message id="m0026" time="2013-05-06 16:15:38 UTC" participant="139593">
      <body>Talalk</body>
    </message>
    <message id="m0027" time="2013-05-06 16:16:12 UTC" participant="139593">
      <body>Shayfaki</body>
    </message>
    <message id="m0028" time="2013-05-06 16:16:29 UTC" participant="139593">
      <body>Matthakesh</body>
    </message>
    <message id="m0029" time="2013-05-06 16:16:51 UTC" participant="139134">
      <body>pkk</body>
    </message>
  </messages>
</conversation>
