<?xml version="1.0" encoding="UTF-8"?>
<conversation id="CHT_ARZ_20130309.0008" medium="CHT" donated="true">
  <messages>
    <message id="m0000" time="2013-03-09 18:56:00 UTC" participant="139574">
      <body>&lt;Media omitted&gt;</body>
    </message>
    <message id="m0001" time="2013-03-09 18:56:00 UTC" participant="139574">
      <body>Good luck;)</body>
    </message>
    <message id="m0002" time="2013-03-09 18:56:00 UTC" participant="139275">
      <body>دي سهلة و الله</body>
    </message>
    <message id="m0003" time="2013-03-09 18:56:00 UTC" participant="139275">
      <body>خسارة تفلت من تحت ايد الواحد :D</body>
    </message>
    <message id="m0004" time="2013-03-09 18:56:00 UTC" participant="139574">
      <body>Hahahahahaha</body>
    </message>
    <message id="m0005" time="2013-03-09 18:57:00 UTC" participant="139574">
      <body>:)</body>
    </message>
    <message id="m0006" time="2013-03-09 19:37:00 UTC" participant="139275">
      <body>مروة ... معلش ممكن صورة تانية للورقة كلها على بعض </body>
    </message>
    <message id="m0007" time="2013-03-09 23:21:00 UTC" participant="139574">
      <body>Wr2t eh??</body>
    </message>
    <message id="m0008" time="2013-03-09 23:21:00 UTC" participant="139574">
      <body>El SOAP</body>
    </message>
    <message id="m0009" time="2013-03-09 23:21:00 UTC" participant="139574">
      <body>??</body>
    </message>
    <message id="m0010" time="2013-03-09 23:22:00 UTC" participant="139574">
      <body>Saraaa</body>
    </message>
    <message id="m0011" time="2013-03-09 23:24:00 UTC" participant="139275">
      <body>الي فيها الامضا</body>
    </message>
    <message id="m0012" time="2013-03-09 23:24:00 UTC" participant="139275">
      <body>:D</body>
    </message>
    <message id="m0013" time="2013-03-09 23:24:00 UTC" participant="139275">
      <body>عشان اعرف كبيرة ولا صغيرة :)))))</body>
    </message>
    <message id="m0014" time="2013-03-09 23:27:00 UTC" participant="139574">
      <body>&lt;Media omitted&gt;</body>
    </message>
    <message id="m0015" time="2013-03-09 23:28:00 UTC" participant="139574">
      <body>Msh msda2akiii hahahahahahaahha</body>
    </message>
    <message id="m0016" time="2013-03-09 23:29:00 UTC" participant="139574">
      <body>&lt;Media omitted&gt;</body>
    </message>
    <message id="m0017" time="2013-03-09 23:35:00 UTC" participant="139275">
      <body/>
    </message>
    <message id="m0018" time="2013-03-09 23:35:00 UTC" participant="139275">
      <body>تشكر</body>
    </message>
  </messages>
</conversation>
