<?xml version="1.0" encoding="UTF-8"?>
<conversation id="CHT_ARZ_20121225.0000" medium="CHT" donated="true">
  <messages>
    <message id="m0000" participant="138112" time="2012-12-25 20:26:39 UTC">
      <body>Amr enta leh Kont meday2 today?</body>
    </message>
    <message id="m0001" participant="138306" time="2012-12-26 00:59:33 UTC">
      <body>Yaraaaa :D</body>
    </message>
    <message id="m0002" participant="138306" time="2012-12-26 00:59:36 UTC">
      <body>Msh 3aref :D</body>
    </message>
    <message id="m0003" participant="138112" time="2012-12-26 01:00:19 UTC">
      <body>La2 2oly</body>
    </message>
    <message id="m0004" participant="138306" time="2012-12-26 01:01:42 UTC">
      <body>Walahy msh 3aref</body>
    </message>
    <message id="m0005" participant="138306" time="2012-12-26 01:01:49 UTC">
      <body>No certain reason :D</body>
    </message>
    <message id="m0006" participant="138306" time="2012-12-26 01:01:54 UTC">
      <body>Kont 2afesh :D</body>
    </message>
    <message id="m0007" participant="138112" time="2012-12-26 01:03:11 UTC">
      <body>Ya3ni wla meni wla men yomna?</body>
    </message>
    <message id="m0008" participant="138306" time="2012-12-26 01:04:04 UTC">
      <body>La la walahyyyy :D</body>
    </message>
    <message id="m0009" participant="138306" time="2012-12-26 01:04:24 UTC">
      <body>Ana ma2darsh :D</body>
    </message>
    <message id="m0010" participant="138112" time="2012-12-26 01:04:50 UTC">
      <body>Begad? Swear?</body>
    </message>
    <message id="m0011" participant="138112" time="2012-12-26 01:05:19 UTC">
      <body>Kont 7asa enak medaye2 en e7na shayeshna</body>
    </message>
    <message id="m0012" participant="138306" time="2012-12-26 01:05:30 UTC">
      <body>Walahyyy el 3aziiim :D</body>
    </message>
    <message id="m0013" participant="138306" time="2012-12-26 01:05:34 UTC">
      <body>Akiiid la2</body>
    </message>
    <message id="m0014" participant="138306" time="2012-12-26 01:05:45 UTC">
      <body>W btw ana asln bshayesh :D</body>
    </message>
    <message id="m0015" participant="138112" time="2012-12-26 01:06:40 UTC">
      <body>Hahaha bas 3ashan we're girls ya3ni w kda f eftakartak edaye2t</body>
    </message>
    <message id="m0016" participant="138112" time="2012-12-26 01:06:47 UTC">
      <body>Bas eshta 5alas</body>
    </message>
    <message id="m0017" participant="138306" time="2012-12-26 01:07:03 UTC">
      <body>La2 tb3n :D</body>
    </message>
    <message id="m0018" participant="138112" time="2012-12-26 01:07:46 UTC">
      <body>Ana aslan d 3rd time ashayesh f 7yati haha w 5aletni akrah nafsi :p</body>
    </message>
    <message id="m0019" participant="138306" time="2012-12-26 01:08:16 UTC">
      <body>Hahaha :D</body>
    </message>
    <message id="m0020" participant="138306" time="2012-12-26 01:08:24 UTC">
      <body>Kanet we7sha ?</body>
    </message>
    <message id="m0021" participant="138112" time="2012-12-26 01:08:42 UTC">
      <body>Lahhhh enta Kont medaye2ni haha</body>
    </message>
    <message id="m0022" participant="138306" time="2012-12-26 01:09:53 UTC">
      <body>Bgd walahyy ? :D 
Lel daraga di :D</body>
    </message>
    <message id="m0023" participant="138112" time="2012-12-26 01:10:15 UTC">
      <body>Ah</body>
    </message>
    <message id="m0024" participant="138306" time="2012-12-26 01:10:28 UTC">
      <body>Sorryyyy :(</body>
    </message>
    <message id="m0025" participant="138306" time="2012-12-26 01:10:40 UTC">
      <body>Ha3awadhalek :D</body>
    </message>
    <message id="m0026" participant="138112" time="2012-12-26 01:11:01 UTC">
      <body>It's okayyyy 3ady kolena sa3at beneb2aa keda</body>
    </message>
    <message id="m0027" participant="138306" time="2012-12-26 01:12:09 UTC">
      <body>Aywaa :D</body>
    </message>
    <message id="m0028" participant="138112" time="2012-12-26 01:12:37 UTC">
      <body>Haha malak far7an awy kda leh :D</body>
    </message>
    <message id="m0029" participant="138112" time="2012-12-26 01:12:45 UTC">
      <body>Bt3mel eh?</body>
    </message>
    <message id="m0030" participant="138306" time="2012-12-26 01:13:03 UTC">
      <body>Bat3asha w watching friends :D</body>
    </message>
    <message id="m0031" participant="138112" time="2012-12-26 01:13:16 UTC">
      <body>Hahaha betakol eh</body>
    </message>
    <message id="m0032" participant="138306" time="2012-12-26 01:13:40 UTC">
      <body>Lanshon :D</body>
    </message>
    <message id="m0033" participant="138112" time="2012-12-26 01:14:14 UTC">
      <body>Hahahahaha!!!! Tab akel el otta ma3ak b2a</body>
    </message>
    <message id="m0034" participant="138306" time="2012-12-26 01:14:34 UTC">
      <body>7ader men 3enaya :D</body>
    </message>
    <message id="m0035" participant="138306" time="2012-12-26 01:14:55 UTC">
      <body>Omi lesa m2akelaha lanshon w hya bte3meli el sandwiches</body>
    </message>
    <message id="m0036" participant="138112" time="2012-12-26 01:15:16 UTC">
      <body>Hahaha heya el otta bt3mel peepee feen</body>
    </message>
    <message id="m0037" participant="138306" time="2012-12-26 01:15:59 UTC">
      <body>Leha beta3a kda 7atino f 7amam kda that we dont use</body>
    </message>
    <message id="m0038" participant="138112" time="2012-12-26 01:16:22 UTC">
      <body>Beta3a eh? Toilette?</body>
    </message>
    <message id="m0039" participant="138306" time="2012-12-26 01:18:39 UTC">
      <body>7aga zay 3elba kda :D</body>
    </message>
    <message id="m0040" participant="138112" time="2012-12-26 01:18:59 UTC">
      <body>W 7ateen f eh</body>
    </message>
    <message id="m0041" participant="138112" time="2012-12-26 01:19:13 UTC">
      <body>W esmo litter box :p haha</body>
    </message>
    <message id="m0042" participant="138306" time="2012-12-26 01:19:57 UTC">
      <body>Mmken :D</body>
    </message>
    <message id="m0043" participant="138306" time="2012-12-26 01:19:57 UTC">
      <body>7atteen fii something like sand kda bta3 el cats :D</body>
    </message>
  </messages>
</conversation>
