<?xml version="1.0" encoding="UTF-8"?>
<conversation id="CHT_ARZ_20121031.0001" medium="CHT" donated="true">
  <messages>
    <message id="m0000" participant="138325" time="2012-10-31 15:40:27 UTC">
      <body>Yaaraa</body>
    </message>
    <message id="m0001" participant="138325" time="2012-10-31 22:35:05 UTC">
      <body>Ya yaraaa</body>
    </message>
    <message id="m0002" participant="138112" time="2012-11-01 06:38:08 UTC">
      <body>Mamy kanet wa5da meny el mobile</body>
    </message>
    <message id="m0003" participant="138112" time="2012-11-01 10:13:59 UTC">
      <body>Enta fenak yabni</body>
    </message>
    <message id="m0004" participant="138112" time="2012-11-01 10:14:04 UTC">
      <body>Wa7ashtini awy</body>
    </message>
    <message id="m0005" participant="138325" time="2012-11-01 13:33:05 UTC">
      <body>Wa anty wa7ashtini awiiiiii</body>
    </message>
    <message id="m0006" participant="138112" time="2012-11-01 14:09:46 UTC">
      <body>Bt3ml ehhhh</body>
    </message>
    <message id="m0007" participant="138325" time="2012-11-01 14:22:04 UTC">
      <body>Lasa sa7i man shwya</body>
    </message>
    <message id="m0008" participant="138112" time="2012-11-01 14:26:56 UTC">
      <body>Mmmmm</body>
    </message>
    <message id="m0009" participant="138325" time="2012-11-01 14:40:06 UTC">
      <body>Wa anty bat3maly a</body>
    </message>
    <message id="m0011" participant="138112" time="2012-11-01 15:08:15 UTC">
      <body>Ana f dars estana</body>
    </message>
    <message id="m0012" participant="138325" time="2012-11-01 15:08:29 UTC">
      <body>Oki</body>
    </message>
    <message id="m0013" participant="138112" time="2012-11-01 15:23:08 UTC">
      <body>5alast!</body>
    </message>
    <message id="m0014" participant="138325" time="2012-11-01 15:34:07 UTC">
      <body>❤wa7ashtini awii 3ayaz ashofek</body>
    </message>
    <message id="m0015" participant="138112" time="2012-11-01 22:36:41 UTC">
      <body>Ana kaman!</body>
    </message>
    <message id="m0016" participant="138112" time="2012-11-01 22:43:44 UTC">
      <body>Enta feen</body>
    </message>
    <message id="m0017" participant="138325" time="2012-11-01 22:47:00 UTC">
      <body>Lasa ma5las el dars</body>
    </message>
    <message id="m0018" participant="138112" time="2012-11-01 22:47:30 UTC">
      <body>Enta da5el el sat Saturday</body>
    </message>
    <message id="m0019" participant="138325" time="2012-11-01 22:59:07 UTC">
      <body>Ah</body>
    </message>
    <message id="m0020" participant="138325" time="2012-11-01 22:59:07 UTC">
      <body>U</body>
    </message>
    <message id="m0021" participant="138112" time="2012-11-01 23:19:03 UTC">
      <body>Ahhhh</body>
    </message>
    <message id="m0022" participant="138325" time="2012-11-01 23:19:34 UTC">
      <body>7at3maly a bokra?</body>
    </message>
    <message id="m0023" participant="138112" time="2012-11-01 23:20:01 UTC">
      <body>Hazaker!</body>
    </message>
    <message id="m0024" participant="138325" time="2012-11-01 23:51:00 UTC">
      <body>Fashla </body>
    </message>
    <message id="m0025" participant="138112" time="2012-11-01 23:53:48 UTC">
      <body>La2!</body>
    </message>
    <message id="m0026" participant="138325" time="2012-11-01 23:54:13 UTC">
      <body>Anty gamila</body>
    </message>
    <message id="m0028" participant="138112" time="2012-11-01 23:54:20 UTC">
      <body>Enta aktar!</body>
    </message>
    <message id="m0029" participant="138325" time="2012-11-01 23:54:33 UTC">
      <body>❤</body>
    </message>
    <message id="m0030" participant="138112" time="2012-11-02 00:31:36 UTC">
      <body/>
    </message>
    <message id="m0031" participant="138325" time="2012-11-02 00:32:18 UTC">
      <body/>
    </message>
  </messages>
</conversation>
