<?xml version="1.0" encoding="UTF-8"?>
<conversation id="CHT_ARZ_20130506.0002" medium="CHT" donated="true">
  <messages>
    <message id="m0000" time="2013-05-06 21:30:00 UTC" participant="139376">
      <body>دودو</body>
    </message>
    <message id="m0001" time="2013-05-06 21:30:00 UTC" participant="139376">
      <body>ايه الاخبار؟؟</body>
    </message>
    <message id="m0002" time="2013-05-07 01:12:00 UTC" participant="139545">
      <body>تمام يا جميل الحمد لله انا في مصر</body>
    </message>
    <message id="m0003" time="2013-05-07 19:29:00 UTC" participant="139376">
      <body>حمد الله على سلامتك</body>
    </message>
    <message id="m0004" time="2013-05-07 19:30:00 UTC" participant="139376">
      <body>عملوا معاكي ايه في المطار؟؟</body>
    </message>
    <message id="m0005" time="2013-05-07 19:30:00 UTC" participant="139545">
      <body>عدت الحمد لله</body>
    </message>
    <message id="m0006" time="2013-05-07 19:30:00 UTC" participant="139376">
      <body>طب الحمد للخ</body>
    </message>
    <message id="m0007" time="2013-05-07 19:30:00 UTC" participant="139376">
      <body>لله</body>
    </message>
    <message id="m0008" time="2013-05-07 19:31:00 UTC" participant="139376">
      <body>يارب دايما</body>
    </message>
    <message id="m0009" time="2013-05-07 19:35:00 UTC" participant="139545">
      <body>الله يخليكي يا حبيبتي</body>
    </message>
    <message id="m0010" time="2013-05-07 19:36:00 UTC" participant="139376">
      <body></body>
    </message>
  </messages>
</conversation>
