<?xml version="1.0" encoding="UTF-8"?>
<conversation id="CHT_ARZ_20130124.0000" medium="CHT" donated="true">
  <messages>
    <message id="m0000" participant="138112" time="2013-01-24 01:26:43 UTC">
      <body>Da5alt sat2</body>
    </message>
    <message id="m0001" participant="138325" time="2013-01-24 01:27:26 UTC">
      <body>Ana lasa sat 1</body>
    </message>
    <message id="m0002" participant="138112" time="2013-01-24 01:27:57 UTC">
      <body>Eh</body>
    </message>
    <message id="m0003" participant="138325" time="2013-01-24 01:28:27 UTC">
      <body>Ana lasa manga7tash fe sat 1</body>
    </message>
    <message id="m0004" participant="138112" time="2013-01-24 01:28:43 UTC">
      <body>Tayeb hatet5ol 2?</body>
    </message>
    <message id="m0005" participant="138325" time="2013-01-24 01:28:57 UTC">
      <body>Ah</body>
    </message>
    <message id="m0006" participant="138325" time="2013-01-25 00:05:29 UTC">
      <body>Mesh bats2ali lah</body>
    </message>
    <message id="m0007" participant="138112" time="2013-01-25 00:09:14 UTC">
      <body>Ana asfa:(</body>
    </message>
    <message id="m0008" participant="138325" time="2013-01-25 00:09:33 UTC">
      <body>A el 2adab dah</body>
    </message>
    <message id="m0009" participant="138325" time="2013-01-25 00:09:36 UTC">
      <body/>
    </message>
    <message id="m0010" participant="138112" time="2013-01-25 00:18:46 UTC">
      <body>Haha shoft!</body>
    </message>
    <message id="m0011" participant="138325" time="2013-01-25 00:19:04 UTC">
      <body>3amla a</body>
    </message>
    <message id="m0012" participant="138112" time="2013-01-25 00:34:44 UTC">
      <body>Ana Kwayesa enta 3amel eh</body>
    </message>
    <message id="m0013" participant="138325" time="2013-01-25 00:41:44 UTC">
      <body>Tmamm el7</body>
    </message>
    <message id="m0014" participant="138112" time="2013-01-25 00:44:29 UTC">
      <body>Kwayes :D</body>
    </message>
    <message id="m0015" participant="138325" time="2013-01-25 00:44:59 UTC">
      <body/>
    </message>
    <message id="m0016" participant="138112" time="2013-01-25 00:47:49 UTC">
      <body>:*</body>
    </message>
    <message id="m0017" participant="138325" time="2013-01-25 00:48:18 UTC">
      <body>Bal rouge ?</body>
    </message>
    <message id="m0018" participant="138112" time="2013-01-25 19:09:22 UTC">
      <body>La2aaaa</body>
    </message>
    <message id="m0019" participant="138325" time="2013-01-26 15:00:02 UTC">
      <body>3amalty a?</body>
    </message>
    <message id="m0020" participant="138112" time="2013-01-26 15:21:22 UTC">
      <body>Kwayes el7 w enta</body>
    </message>
    <message id="m0021" participant="138325" time="2013-01-26 15:42:51 UTC">
      <body>Kawyes el7</body>
    </message>
    <message id="m0022" participant="138325" time="2013-01-26 23:08:48 UTC">
      <body>&lt;media omitted&gt;</body>
    </message>
    <message id="m0023" participant="138112" time="2013-01-26 23:09:14 UTC">
      <body>Hahahaha</body>
    </message>
    <message id="m0024" participant="138325" time="2013-01-26 23:09:25 UTC">
      <body>&lt;media omitted&gt;</body>
    </message>
    <message id="m0025" participant="138325" time="2013-01-26 23:10:55 UTC">
      <body>A ra2yak</body>
    </message>
    <message id="m0026" participant="138325" time="2013-01-26 23:10:59 UTC">
      <body/>
    </message>
    <message id="m0027" participant="138112" time="2013-01-26 23:27:25 UTC">
      <body>Lah haha</body>
    </message>
    <message id="m0028" participant="138325" time="2013-01-26 23:27:52 UTC">
      <body>Lah a</body>
    </message>
    <message id="m0029" participant="138325" time="2013-01-26 23:27:54 UTC">
      <body/>
    </message>
    <message id="m0030" participant="138325" time="2013-01-26 23:28:07 UTC">
      <body>Anty amt7anty fan ?</body>
    </message>
    <message id="m0031" participant="138112" time="2013-01-26 23:39:03 UTC">
      <body>Tagamo3</body>
    </message>
    <message id="m0032" participant="138325" time="2013-01-26 23:39:36 UTC">
      <body>hmm mashi</body>
    </message>
    <message id="m0033" participant="138112" time="2013-01-26 23:39:43 UTC">
      <body>W enta</body>
    </message>
    <message id="m0034" participant="138325" time="2013-01-26 23:39:46 UTC">
      <body>bat3maly a ?</body>
    </message>
    <message id="m0035" participant="138325" time="2013-01-26 23:39:53 UTC">
      <body>Madrsa</body>
    </message>
    <message id="m0037" participant="138112" time="2013-01-27 14:05:18 UTC">
      <body>Ezayak</body>
    </message>
    <message id="m0038" participant="138325" time="2013-01-27 17:41:06 UTC">
      <body>Tmamm el7</body>
    </message>
    <message id="m0039" participant="138325" time="2013-01-27 17:41:11 UTC">
      <body>Anty 3amla a</body>
    </message>
    <message id="m0040" participant="138112" time="2013-01-27 17:52:12 UTC">
      <body>Kwayesa</body>
    </message>
    <message id="m0041" participant="138325" time="2013-01-27 17:52:42 UTC">
      <body>El7</body>
    </message>
    <message id="m0042" participant="138325" time="2013-01-27 17:52:46 UTC">
      <body>:*</body>
    </message>
    <message id="m0043" participant="138325" time="2013-01-27 18:48:25 UTC">
      <body>Bat3maly a ?</body>
    </message>
    <message id="m0044" participant="138112" time="2013-01-27 21:59:27 UTC">
      <body>Bakol</body>
    </message>
    <message id="m0045" participant="138325" time="2013-01-27 23:48:10 UTC">
      <body>Bokra fe amt7an</body>
    </message>
    <message id="m0046" participant="138325" time="2013-01-27 23:48:12 UTC">
      <body/>
    </message>
    <message id="m0047" participant="138112" time="2013-01-28 19:53:05 UTC">
      <body>Rayeh bokra el madrasa</body>
    </message>
    <message id="m0048" participant="138325" time="2013-01-28 19:53:16 UTC">
      <body>Yooyoo</body>
    </message>
    <message id="m0050" participant="138112" time="2013-01-28 19:53:36 UTC">
      <body>Leh?</body>
    </message>
    <message id="m0051" participant="138325" time="2013-01-28 19:54:00 UTC">
      <body>Mesh 2adar 2aro7</body>
    </message>
    <message id="m0052" participant="138325" time="2013-01-28 19:54:00 UTC">
      <body/>
    </message>
    <message id="m0053" participant="138112" time="2013-01-28 19:54:20 UTC">
      <body>Mashy</body>
    </message>
    <message id="m0055" participant="138112" time="2013-01-28 19:54:30 UTC">
      <body>Ah</body>
    </message>
    <message id="m0056" participant="138325" time="2013-01-28 19:55:19 UTC">
      <body>Bar3maly a</body>
    </message>
  </messages>
</conversation>
