<?xml version="1.0" encoding="UTF-8"?>
<conversation id="CHT_ARZ_20121211.0002" medium="CHT" donated="true">
  <messages>
    <message id="m0000" participant="138326" time="2012-12-11 17:49:24 UTC">
      <body>Yanfa3 keda :D</body>
    </message>
    <message id="m0001" participant="138112" time="2012-12-11 17:52:14 UTC">
      <body>La2 mayenf3sh 3amel eh haha</body>
    </message>
    <message id="m0002" participant="138326" time="2012-12-11 17:52:36 UTC">
      <body>Lalalala za3lan elmara Di</body>
    </message>
    <message id="m0003" participant="138112" time="2012-12-11 17:52:53 UTC">
      <body>Na3am ya 7abibi hahaha</body>
    </message>
    <message id="m0004" participant="138112" time="2012-12-11 17:53:00 UTC">
      <body>Ma3a alf salama</body>
    </message>
    <message id="m0005" participant="138326" time="2012-12-11 17:53:25 UTC">
      <body>Enty mesh yara 3alafikra :D</body>
    </message>
    <message id="m0006" participant="138326" time="2012-12-11 17:53:29 UTC">
      <body>Hahahha</body>
    </message>
    <message id="m0007" participant="138112" time="2012-12-11 17:53:37 UTC">
      <body>Ana Yara geedan</body>
    </message>
    <message id="m0008" participant="138326" time="2012-12-11 17:54:08 UTC">
      <body>Messh bets2aly leeh begad</body>
    </message>
    <message id="m0009" participant="138326" time="2012-12-11 17:54:21 UTC">
      <body>Hasetek neseteny asln</body>
    </message>
    <message id="m0010" participant="138112" time="2012-12-11 17:54:33 UTC">
      <body>Enta a5er mara kona benetkalem enta maradetsh 3alaya</body>
    </message>
    <message id="m0011" participant="138326" time="2012-12-11 17:55:11 UTC">
      <body>Walahy whats app bayez bay2fel kol shwaya</body>
    </message>
    <message id="m0012" participant="138326" time="2012-12-11 17:55:32 UTC">
      <body>W kont mestaneky tekalmeny !!!</body>
    </message>
    <message id="m0013" participant="138112" time="2012-12-11 17:55:47 UTC">
      <body>Begad walahi haha</body>
    </message>
    <message id="m0014" participant="138112" time="2012-12-11 17:55:48 UTC">
      <body>Mashy</body>
    </message>
    <message id="m0015" participant="138326" time="2012-12-11 17:56:03 UTC">
      <body>W hasesteny eno 2olty elhamdulelah mesh baykalemny</body>
    </message>
    <message id="m0016" participant="138112" time="2012-12-11 17:56:32 UTC">
      <body>Ya salaaaaaam 3ish feeha b2a</body>
    </message>
    <message id="m0017" participant="138326" time="2012-12-11 17:56:41 UTC">
      <body>Walahy begad</body>
    </message>
    <message id="m0018" participant="138326" time="2012-12-11 17:57:03 UTC">
      <body>Akher Mara etkalemna men zaman</body>
    </message>
    <message id="m0019" participant="138112" time="2012-12-11 17:57:14 UTC">
      <body>Mashy okay</body>
    </message>
    <message id="m0020" participant="138326" time="2012-12-11 17:57:40 UTC">
      <body>Mashy ok !</body>
    </message>
    <message id="m0021" participant="138326" time="2012-12-11 17:57:47 UTC">
      <body>Walahy wahashteny</body>
    </message>
    <message id="m0022" participant="138112" time="2012-12-11 17:58:05 UTC">
      <body>Mashy bardo</body>
    </message>
    <message id="m0023" participant="138326" time="2012-12-11 17:58:23 UTC">
      <body>Awii BA2a</body>
    </message>
    <message id="m0024" participant="138326" time="2012-12-11 17:59:22 UTC">
      <body>Kol Mara Ana ely batla3 3'altan :D</body>
    </message>
    <message id="m0025" participant="138112" time="2012-12-11 18:01:29 UTC">
      <body>3andi dars brb</body>
    </message>
    <message id="m0026" participant="138326" time="2012-12-11 18:01:43 UTC">
      <body>Ok tyt</body>
    </message>
    <message id="m0027" participant="138112" time="2012-12-11 19:32:29 UTC">
      <body>5alast</body>
    </message>
    <message id="m0028" participant="138326" time="2012-12-11 19:33:13 UTC">
      <body>Aywa BA2AA :D</body>
    </message>
    <message id="m0029" participant="138326" time="2012-12-11 19:36:34 UTC">
      <body>Kan 3andek dars eh ?</body>
    </message>
    <message id="m0031" participant="138326" time="2012-12-11 19:43:10 UTC">
      <body>Da sahl fash5</body>
    </message>
    <message id="m0032" participant="138326" time="2012-12-11 19:46:40 UTC">
      <body>Walla eh ! :D</body>
    </message>
    <message id="m0033" participant="138112" time="2012-12-11 20:00:17 UTC">
      <body>Hahahah</body>
    </message>
    <message id="m0034" participant="138112" time="2012-12-11 20:00:25 UTC">
      <body>Momken le 7ad daraso</body>
    </message>
    <message id="m0036" participant="138112" time="2012-12-11 20:00:53 UTC">
      <body>Ana delwa3ty 3andi dars physics</body>
    </message>
    <message id="m0037" participant="138326" time="2012-12-11 20:03:14 UTC">
      <body>Tayeb khalasy BA2AAA w 2olely :D</body>
    </message>
    <message id="m0038" participant="138112" time="2012-12-11 20:03:27 UTC">
      <body>Mashy</body>
    </message>
  </messages>
</conversation>
