<?xml version="1.0" encoding="UTF-8"?>
<conversation id="CHT_ARZ_20121026.0000" medium="CHT" donated="true">
  <messages>
    <message id="m0000" time="2012-10-26 17:16:29 UTC" participant="139558">
      <body>كل سنة وانت طيبة يا منمن</body>
    </message>
    <message id="m0001" time="2012-10-26 17:16:38 UTC" participant="139558">
      <body></body>
    </message>
    <message id="m0002" time="2012-10-26 17:32:12 UTC" participant="139275">
      <body>وانتي طيبة يا حبيبة قلبي</body>
    </message>
    <message id="m0003" time="2012-10-26 17:32:21 UTC" participant="139275">
      <body></body>
    </message>
  </messages>
</conversation>
