<?xml version="1.0" encoding="UTF-8"?>
<conversation id="CHT_ARZ_20130218.0004" medium="CHT" donated="true">
  <messages>
    <message id="m0000" time="2013-02-18 15:22:27 UTC" participant="139275">
      <body>eh el sora el 7lwa de</body>
    </message>
    <message id="m0001" time="2013-02-18 15:22:38 UTC" participant="139275">
      <body>miss you ya 7bebty aweeeee</body>
    </message>
    <message id="m0002" time="2013-02-18 15:23:30 UTC" participant="139275">
      <body>ana 3and mama 3ahan t3bt w 7aro7 lel dr isa</body>
    </message>
    <message id="m0003" time="2013-02-18 16:00:37 UTC" participant="139275">
      <body>enty m7'asmany wala eh?? :(</body>
    </message>
    <message id="m0004" time="2013-02-18 16:01:19 UTC" participant="139275">
      <body>ana za3ltak fe 7aga? tab eh ya 7abeby heyaaa</body>
    </message>
    <message id="m0005" time="2013-02-18 16:01:52 UTC" participant="139275">
      <body>tab lw busy 2olili</body>
    </message>
    <message id="m0006" time="2013-02-18 16:02:59 UTC" participant="139275">
      <body>ana 3amalaaa aklmk mm el sob7 :( </body>
    </message>
    <message id="m0007" time="2013-02-18 16:03:07 UTC" participant="139561">
      <body>Eh daaaaa</body>
    </message>
    <message id="m0008" time="2013-02-18 16:03:15 UTC" participant="139561">
      <body>Ana knt btwada w bsalyyy</body>
    </message>
    <message id="m0009" time="2013-02-18 16:03:37 UTC" participant="139561">
      <body>Mkhasmaky ehy hblaaaa ana syba el mb fl mktb</body>
    </message>
    <message id="m0010" time="2013-02-18 16:04:25 UTC" participant="139275">
      <body>3ady el wag3 byzed</body>
    </message>
    <message id="m0011" time="2013-02-18 16:04:47 UTC" participant="139561">
      <body>Eh da eh da t3btyy leh</body>
    </message>
    <message id="m0012" time="2013-02-18 16:04:49 UTC" participant="139275">
      <body>fa lazem aro7 lel dr 2alo lw el wag3 zad t3ali</body>
    </message>
    <message id="m0013" time="2013-02-18 16:04:55 UTC" participant="139561">
      <body>Kheeer</body>
    </message>
    <message id="m0014" time="2013-02-18 16:05:18 UTC" participant="139275">
      <body>taqalosat fl ra7m w da mesh sa7 now</body>
    </message>
    <message id="m0015" time="2013-02-18 16:05:37 UTC" participant="139275">
      <body>t3bany awe mesh kont ba2olk 3andy wag3 keda mn t7t</body>
    </message>
    <message id="m0016" time="2013-02-18 16:05:47 UTC" participant="139275">
      <body>fa tal3 bsbb el taqalosat</body>
    </message>
    <message id="m0017" time="2013-02-18 16:05:55 UTC" participant="139561">
      <body>Bs wagaa3 eeh haga upnormal wla eh</body>
    </message>
    <message id="m0018" time="2013-02-18 16:06:10 UTC" participant="139275">
      <body>edany lbos w el mawdo3 ba2a a7sn w ba3den rag3 tany agmd</body>
    </message>
    <message id="m0019" time="2013-02-18 16:06:26 UTC" participant="139275">
      <body>zawdli el lbos w bardo wag3 gamed</body>
    </message>
    <message id="m0020" time="2013-02-18 16:06:33 UTC" participant="139561">
      <body>Ahaaaa tb3nnnn</body>
    </message>
    <message id="m0021" time="2013-02-18 16:06:46 UTC" participant="139275">
      <body>fa howa 2ali lw mt7sntesh t3ali</body>
    </message>
    <message id="m0022" time="2013-02-18 16:06:59 UTC" participant="139275">
      <body>5 pm keda isA</body>
    </message>
    <message id="m0023" time="2013-02-18 16:07:19 UTC" participant="139275">
      <body>ma tgele lma t7'lsi ana 3and mama</body>
    </message>
    <message id="m0024" time="2013-02-18 16:07:48 UTC" participant="139561">
      <body>Ray7a emtaaaa</body>
    </message>
    <message id="m0025" time="2013-02-18 16:08:53 UTC" participant="139561">
      <body>Ha7awl agyyy atamn aaleky isa</body>
    </message>
    <message id="m0026" time="2013-02-18 16:09:04 UTC" participant="139561">
      <body>Enhrda a3ady aaleeky</body>
    </message>
    <message id="m0027" time="2013-02-18 16:12:44 UTC" participant="139275">
      <body>7'alas isA call me</body>
    </message>
    <message id="m0028" time="2013-02-18 16:22:25 UTC" participant="139561">
      <body>Ok isa</body>
    </message>
  </messages>
</conversation>
