<?xml version="1.0" encoding="UTF-8"?>
<conversation id="CHT_ARZ_20130112.0000" medium="CHT" donated="true">
  <messages>
    <message id="m0000" participant="138310" time="2013-01-12 00:26:27 UTC">
      <body>Yara</body>
    </message>
    <message id="m0001" participant="138310" time="2013-01-12 00:26:49 UTC">
      <body>Ta3alay bokra e7na ray7een</body>
    </message>
    <message id="m0002" participant="138112" time="2013-01-12 00:27:32 UTC">
      <body>7ader</body>
    </message>
    <message id="m0003" participant="138310" time="2013-01-12 00:27:56 UTC">
      <body>7lwa sortek ;)</body>
    </message>
    <message id="m0004" participant="138112" time="2013-01-12 00:28:08 UTC">
      <body>Merci :*</body>
    </message>
    <message id="m0005" participant="138310" time="2013-01-12 00:28:23 UTC">
      <body>:D</body>
    </message>
  </messages>
</conversation>
