<?xml version="1.0" encoding="UTF-8"?>
<conversation id="CHT_ARZ_20121228.0005" medium="CHT" donated="true">
  <messages>
    <message id="m0001" time="2012-12-28 18:06:29 UTC" participant="139275">
      <body></body>
    </message>
    <message id="m0002" time="2012-12-28 18:06:41 UTC" participant="139275">
      <body>de mesh leke</body>
    </message>
    <message id="m0003" time="2012-12-28 18:06:47 UTC" participant="139275">
      <body>de le mama :D</body>
    </message>
    <message id="m0005" time="2012-12-28 18:07:12 UTC" participant="139275">
      <body>thnx :)</body>
    </message>
    <message id="m0006" time="2012-12-28 18:07:14 UTC" participant="139566">
      <body>Omal ?</body>
    </message>
    <message id="m0007" time="2012-12-28 18:07:18 UTC" participant="139275">
      <body>de ba2a lekeee</body>
    </message>
    <message id="m0008" time="2012-12-28 18:07:25 UTC" participant="139566">
      <body>Btbosk bardo</body>
    </message>
    <message id="m0009" time="2012-12-28 18:07:30 UTC" participant="139275">
      <body>:*</body>
    </message>
    <message id="m0010" time="2012-12-28 18:07:40 UTC" participant="139275">
      <body></body>
    </message>
    <message id="m0011" time="2012-12-28 18:07:50 UTC" participant="139566">
      <body></body>
    </message>
  </messages>
</conversation>
