<?xml version="1.0" encoding="UTF-8"?>
<conversation id="CHT_ARZ_20130406.0002" medium="CHT" donated="true">
  <messages>
    <message id="m0000" time="2013-04-06 18:41:00 UTC" participant="139376">
      <body>هوبا أزيك؟</body>
    </message>
    <message id="m0001" time="2013-04-07 14:42:00 UTC" participant="139547">
      <body>&lt;Media omitted&gt;</body>
    </message>
    <message id="m0002" time="2013-04-07 14:43:00 UTC" participant="139547">
      <body>وحشتك اكيد</body>
    </message>
    <message id="m0003" time="2013-04-07 14:43:00 UTC" participant="139547">
      <body/>
    </message>
    <message id="m0004" time="2013-04-07 14:47:00 UTC" participant="139376">
      <body>. اوي اوي اوي</body>
    </message>
    <message id="m0005" time="2013-04-07 14:47:00 UTC" participant="139376">
      <body>عمار حبيبي</body>
    </message>
    <message id="m0006" time="2013-04-07 14:47:00 UTC" participant="139376">
      <body>ايه العسل بس ده</body>
    </message>
    <message id="m0008" time="2013-04-07 14:48:00 UTC" participant="139376">
      <body>بيجامته لوحدها حكاية  </body>
    </message>
    <message id="m0009" time="2013-04-07 14:50:00 UTC" participant="139547">
      <body></body>
    </message>
    <message id="m0010" time="2013-04-07 14:50:00 UTC" participant="139376">
      <body>هي هي هي</body>
    </message>
    <message id="m0011" time="2013-04-07 14:50:00 UTC" participant="139376">
      <body></body>
    </message>
    <message id="m0012" time="2013-04-07 14:50:00 UTC" participant="139547">
      <body></body>
    </message>
    <message id="m0013" time="2013-04-07 14:50:00 UTC" participant="139547">
      <body>تحسيه كونج فو باندا</body>
    </message>
    <message id="m0014" time="2013-04-07 14:50:00 UTC" participant="139547">
      <body>بالبيجامه</body>
    </message>
    <message id="m0015" time="2013-04-07 14:51:00 UTC" participant="139376">
      <body>دمه خفيف ماشاء الله</body>
    </message>
    <message id="m0016" time="2013-04-07 14:54:00 UTC" participant="139547">
      <body>لذيذ هى هى</body>
    </message>
    <message id="m0017" time="2013-04-07 14:54:00 UTC" participant="139547">
      <body>فعلا</body>
    </message>
    <message id="m0018" time="2013-04-07 14:54:00 UTC" participant="139376">
      <body></body>
    </message>
    <message id="m0019" time="2013-04-07 14:54:00 UTC" participant="139547">
      <body>بس وقت متطلب زن و رخامه</body>
    </message>
    <message id="m0020" time="2013-04-07 14:54:00 UTC" participant="139547">
      <body>شأنه شأن جميع الاطفال</body>
    </message>
    <message id="m0021" time="2013-04-07 14:54:00 UTC" participant="139547">
      <body>بيبقى ربنا يعينا</body>
    </message>
    <message id="m0022" time="2013-04-07 14:54:00 UTC" participant="139547">
      <body></body>
    </message>
    <message id="m0023" time="2013-04-07 14:54:00 UTC" participant="139376">
      <body></body>
    </message>
    <message id="m0024" time="2013-04-07 14:55:00 UTC" participant="139547">
      <body>امبارح والله كنت انا اللى بعيط</body>
    </message>
    <message id="m0025" time="2013-04-07 14:55:00 UTC" participant="139547">
      <body>و مازن بيقله براحه على امك</body>
    </message>
    <message id="m0026" time="2013-04-07 14:55:00 UTC" participant="139547">
      <body>ارحمها شويه</body>
    </message>
    <message id="m0027" time="2013-04-07 14:55:00 UTC" participant="139547">
      <body>عاوز ايه يا حبيبى</body>
    </message>
    <message id="m0028" time="2013-04-07 14:55:00 UTC" participant="139547">
      <body>طب نعملك ايه</body>
    </message>
    <message id="m0029" time="2013-04-07 14:55:00 UTC" participant="139547">
      <body></body>
    </message>
    <message id="m0030" time="2013-04-07 14:55:00 UTC" participant="139376">
      <body>ياعيني</body>
    </message>
    <message id="m0031" time="2013-04-07 14:56:00 UTC" participant="139376">
      <body>ربنا يعنكم والله</body>
    </message>
  </messages>
</conversation>
