<?xml version="1.0" encoding="UTF-8"?>
<conversation id="CHT_ARZ_20130502.0003" medium="CHT" donated="true">
  <messages>
    <message id="m0000" time="2013-05-02 12:34:49 UTC" participant="139275">
      <body>da men?</body>
    </message>
    <message id="m0001" time="2013-05-02 12:35:19 UTC" participant="139275">
      <body>ana ba7seb Ye7ia ebny :D</body>
    </message>
    <message id="m0002" time="2013-05-02 12:36:16 UTC" participant="139275">
      <body>&lt;media omitted&gt;</body>
    </message>
    <message id="m0003" time="2013-05-02 12:36:45 UTC" participant="139561">
      <body>Habeeeb omoo y naaaaaas ☺</body>
    </message>
    <message id="m0004" time="2013-05-02 12:37:27 UTC" participant="139561">
      <body>Saleeh seliiium</body>
    </message>
    <message id="m0005" time="2013-05-02 12:37:34 UTC" participant="139275">
      <body>hehehgeee</body>
    </message>
    <message id="m0006" time="2013-05-02 12:38:19 UTC" participant="139561">
      <body>Ashaaaan el soraaaaaaa la el soraa di yb2a 7abeeeb aboooooooooooh</body>
    </message>
    <message id="m0007" time="2013-05-02 12:38:19 UTC" participant="139275">
      <body>nas kter by2olo keda</body>
    </message>
    <message id="m0008" time="2013-05-02 12:38:31 UTC" participant="139275">
      <body>shreef gaylkom el bet?</body>
    </message>
    <message id="m0009" time="2013-05-02 12:38:46 UTC" participant="139561">
      <body>Mfeesh kda abdnnn</body>
    </message>
    <message id="m0010" time="2013-05-02 12:39:24 UTC" participant="139561">
      <body>Kameeeeeeel msA kber ya ro7y</body>
    </message>
    <message id="m0011" time="2013-05-02 12:39:41 UTC" participant="139561">
      <body>Bs hwa a7la mn mahmoud tb3n</body>
    </message>
    <message id="m0012" time="2013-05-02 12:40:25 UTC" participant="139561">
      <body>3neeh hasaha feha haga mnkkk</body>
    </message>
    <message id="m0013" time="2013-05-02 12:40:30 UTC" participant="139561">
      <body>Bs hwa mahmoud gdnnnn</body>
    </message>
    <message id="m0014" time="2013-05-02 12:40:59 UTC" participant="139275">
      <body>da 3ady wala gay ye2abel 7ad mn ahlkom?</body>
    </message>
    <message id="m0016" time="2013-05-02 12:41:49 UTC" participant="139275">
      <body>tab kowyes</body>
    </message>
    <message id="m0017" time="2013-05-02 12:42:16 UTC" participant="139275">
      <body/>
    </message>
    <message id="m0018" time="2013-05-02 12:42:43 UTC" participant="139275">
      <body>ya rb dayman</body>
    </message>
    <message id="m0019" time="2013-05-02 12:44:00 UTC" participant="139561">
      <body>La 3aaady gay kda y23od m3ayaaaa</body>
    </message>
    <message id="m0020" time="2013-05-02 12:44:26 UTC" participant="139561">
      <body>Gdo lma shafooo 7abo awi</body>
    </message>
    <message id="m0021" time="2013-05-02 12:44:34 UTC" participant="139275">
      <body>emta ya3ny ? :D</body>
    </message>
    <message id="m0022" time="2013-05-02 12:44:53 UTC" participant="139561">
      <body>W khelany w khalty erta7olooo el 7mdo lellah</body>
    </message>
    <message id="m0023" time="2013-05-02 12:45:18 UTC" participant="139561">
      <body>Y rb</body>
    </message>
    <message id="m0024" time="2013-05-02 12:45:27 UTC" participant="139275">
      <body>&lt;media omitted&gt;</body>
    </message>
    <message id="m0025" time="2013-05-02 12:46:35 UTC" participant="139561">
      <body>La ala fkraaa ye7yaa 3neeh shabah 3neky w enty soghyaraaaa</body>
    </message>
    <message id="m0027" time="2013-05-02 12:47:00 UTC" participant="139275">
      <body>&lt;media omitted&gt;</body>
    </message>
    <message id="m0028" time="2013-05-02 12:47:07 UTC" participant="139561">
      <body>Ana a3da atfrg ala el soraaaa aslnn</body>
    </message>
    <message id="m0029" time="2013-05-02 12:47:27 UTC" participant="139561">
      <body>Fi sora elli enty lbsa fostan jeans</body>
    </message>
    <message id="m0030" time="2013-05-02 12:47:50 UTC" participant="139561">
      <body>W enty teflaa</body>
    </message>
    <message id="m0031" time="2013-05-02 12:48:49 UTC" participant="139561">
      <body>Ya lolooo akeed el sora di mkbaraaaaaah gdn hwa fasfoosa asln</body>
    </message>
    <message id="m0032" time="2013-05-02 12:48:58 UTC" participant="139275">
      <body>ya lahwy yamaaa 3ala 7ussin</body>
    </message>
    <message id="m0033" time="2013-05-02 12:49:22 UTC" participant="139275">
      <body>3aleh 7tt talaaa</body>
    </message>
    <message id="m0034" time="2013-05-02 12:49:30 UTC" participant="139561">
      <body>W 3arfa tet3mlt w tghyaryyyy w kdaa</body>
    </message>
    <message id="m0035" time="2013-05-02 12:49:57 UTC" participant="139561">
      <body>Hahaha ana karenakk</body>
    </message>
    <message id="m0036" time="2013-05-02 12:51:50 UTC" participant="139561">
      <body>Hehehehe hwa ezay kdaaaaa</body>
    </message>
    <message id="m0037" time="2013-05-02 12:51:59 UTC" participant="139561">
      <body>Ezay 7elw kdaaa</body>
    </message>
    <message id="m0038" time="2013-05-02 12:54:56 UTC" participant="139561">
      <body>Asafer ya lailaa</body>
    </message>
    <message id="m0039" time="2013-05-02 17:27:14 UTC" participant="139275">
      <body>maha</body>
    </message>
    <message id="m0040" time="2013-05-02 17:27:53 UTC" participant="139275">
      <body>tb2i 2oli le heba tege m3aki bokra isA</body>
    </message>
    <message id="m0041" time="2013-05-02 17:40:15 UTC" participant="139561">
      <body>Mashyyyt</body>
    </message>
    <message id="m0042" time="2013-05-02 17:41:26 UTC" participant="139275">
      <body>shreef gay emta?</body>
    </message>
    <message id="m0043" time="2013-05-02 17:44:43 UTC" participant="139275">
      <body>3asrty elbort2an? :D</body>
    </message>
    <message id="m0044" time="2013-05-02 17:44:51 UTC" participant="139561">
      <body>Gay fel seka ahoooo</body>
    </message>
    <message id="m0045" time="2013-05-02 17:46:38 UTC" participant="139275">
      <body>hehehe</body>
    </message>
    <message id="m0046" time="2013-05-02 17:47:01 UTC" participant="139275">
      <body>rag3na le 3aser johayna ya3nu</body>
    </message>
    <message id="m0047" time="2013-05-02 17:47:06 UTC" participant="139275">
      <body/>
    </message>
    <message id="m0048" time="2013-05-02 17:47:35 UTC" participant="139275">
      <body>rabna yostor</body>
    </message>
    <message id="m0049" time="2013-05-02 17:47:53 UTC" participant="139275">
      <body>mama bt2olk geby el ma7bs m3aki bokra isA</body>
    </message>
    <message id="m0050" time="2013-05-02 17:48:11 UTC" participant="139275">
      <body>w el sower</body>
    </message>
    <message id="m0051" time="2013-05-02 17:48:43 UTC" participant="139561">
      <body>Hehehe la mfeesh enhrdaa</body>
    </message>
    <message id="m0052" time="2013-05-02 17:48:53 UTC" participant="139561">
      <body>DA kan abl el khtobaa bs</body>
    </message>
    <message id="m0053" time="2013-05-02 17:48:54 UTC" participant="139275">
      <body>mashy ya gazma 3ank</body>
    </message>
    <message id="m0054" time="2013-05-02 17:49:11 UTC" participant="139561">
      <body>Enhrda 3mltlooo cake</body>
    </message>
    <message id="m0055" time="2013-05-02 17:49:20 UTC" participant="139561">
      <body/>
    </message>
    <message id="m0056" time="2013-05-02 17:49:38 UTC" participant="139561">
      <body>Hehehehe</body>
    </message>
    <message id="m0057" time="2013-05-02 17:50:00 UTC" participant="139561">
      <body>Kol maraaa lazm akhter3 7agaa</body>
    </message>
    <message id="m0058" time="2013-05-02 17:50:15 UTC" participant="139561">
      <body>Da ekhtbaar kwet el ta7amol</body>
    </message>
    <message id="m0059" time="2013-05-02 17:50:31 UTC" participant="139561">
      <body>Isa tb3n</body>
    </message>
    <message id="m0060" time="2013-05-02 17:50:57 UTC" participant="139561">
      <body>Tyb ma agebo hwa kmaaan</body>
    </message>
    <message id="m0061" time="2013-05-02 17:51:17 UTC" participant="139561">
      <body>Hader walahy hageeeb el 3edda kolhaaa</body>
    </message>
    <message id="m0062" time="2013-05-02 17:51:37 UTC" participant="139561">
      <body>Bokra hanro7 le khalo blel</body>
    </message>
    <message id="m0063" time="2013-05-02 21:47:35 UTC" participant="139275">
      <body>raw7?</body>
    </message>
    <message id="m0064" time="2013-05-02 21:50:56 UTC" participant="139275">
      <body>ezay ya3ny :D</body>
    </message>
    <message id="m0066" time="2013-05-02 21:52:03 UTC" participant="139561">
      <body>A3deen nshtaghaaaal</body>
    </message>
    <message id="m0067" time="2013-05-02 21:52:55 UTC" participant="139275">
      <body>tb2i dfene fe his page</body>
    </message>
    <message id="m0068" time="2013-05-02 23:27:14 UTC" participant="139275">
      <body>bthrgy!!</body>
    </message>
    <message id="m0069" time="2013-05-02 23:27:21 UTC" participant="139275">
      <body>w mamtk 7atsebo?</body>
    </message>
    <message id="m0070" time="2013-05-02 23:27:25 UTC" participant="139275">
      <body>da 7ay?</body>
    </message>
    <message id="m0071" time="2013-05-02 23:28:52 UTC" participant="139561">
      <body>Super market el dainasor edana katkoot hdyaaaa lma gbna mno delivery</body>
    </message>
    <message id="m0072" time="2013-05-02 23:40:48 UTC" participant="139561">
      <body>Ahaaa 7ayy</body>
    </message>
    <message id="m0073" time="2013-05-02 23:41:18 UTC" participant="139561">
      <body>Mama 3mala tbhdl fena w feeh</body>
    </message>
    <message id="m0074" time="2013-05-02 23:41:33 UTC" participant="139561">
      <body>Baba far7AN BEH AWIIII</body>
    </message>
    <message id="m0075" time="2013-05-02 23:41:54 UTC" participant="139561">
      <body>3mal y3mloo akl w kol shwaya ybos aaleeh</body>
    </message>
    <message id="m0077" time="2013-05-03 03:08:00 UTC" participant="139561">
      <body>Sry ya 7abibty enty talabty meny 7aga w ana nset w kan 3andy zrof</body>
    </message>
    <message id="m0079" time="2013-05-03 21:10:00 UTC" participant="139275">
      <body>لا يا حبيبتى ولا يهمك :*</body>
    </message>
    <message id="m0080" time="2013-05-03 21:40:00 UTC" participant="139561">
      <body>Fakareny</body>
    </message>
    <message id="m0081" time="2013-05-03 21:40:00 UTC" participant="139561">
      <body>Ma3lesh gat wafat waldy ba3daha w nset</body>
    </message>
    <message id="m0082" time="2013-05-03 21:45:00 UTC" participant="139275">
      <body>لا اله الا الله !</body>
    </message>
    <message id="m0083" time="2013-05-03 21:45:00 UTC" participant="139275">
      <body>البقاء لله</body>
    </message>
    <message id="m0084" time="2013-05-03 21:46:00 UTC" participant="139561">
      <body>و نعم بالله الحمد لله على كل حال</body>
    </message>
    <message id="m0085" time="2013-05-03 21:46:00 UTC" participant="139275">
      <body>انت كويسة المهم ؟</body>
    </message>
    <message id="m0086" time="2013-05-03 21:47:00 UTC" participant="139561">
      <body>Ah walahy mashy el 7al</body>
    </message>
    <message id="m0087" time="2013-05-03 21:49:00 UTC" participant="139561">
      <body>Bas ana f3lan mesh fakra s2alteny 3ala eh enty fakra???</body>
    </message>
    <message id="m0088" time="2013-05-03 21:49:00 UTC" participant="139275">
      <body>لأ الصراحة :)</body>
    </message>
    <message id="m0089" time="2013-05-03 21:51:00 UTC" participant="139561">
      <body>طيب بالله عليك لو افتكرت قوليلى</body>
    </message>
  </messages>
</conversation>
