<?xml version="1.0" encoding="UTF-8"?>
<conversation id="CHT_ARZ_20130212.0003" medium="CHT" donated="true">
  <messages>
    <message id="m0000" participant="138324" time="2013-02-12 18:47:27 UTC">
      <body>24049926</body>
    </message>
    <message id="m0001" participant="138324" time="2013-02-12 21:14:49 UTC">
      <body>Zefta$</body>
    </message>
    <message id="m0002" participant="138112" time="2013-02-12 21:15:02 UTC">
      <body>Aywannnnn</body>
    </message>
    <message id="m0003" participant="138324" time="2013-02-12 21:15:10 UTC">
      <body>Beete3meli eh?</body>
    </message>
    <message id="m0004" participant="138112" time="2013-02-12 21:15:36 UTC">
      <body>Wala haga hazaker Arabic delwa2ty</body>
    </message>
    <message id="m0005" participant="138112" time="2013-02-12 21:15:40 UTC">
      <body>Bas mekasela</body>
    </message>
    <message id="m0006" participant="138112" time="2013-02-12 21:15:47 UTC">
      <body>Andi dars bokra</body>
    </message>
    <message id="m0007" participant="138324" time="2013-02-12 21:15:57 UTC">
      <body>Ya33</body>
    </message>
    <message id="m0008" participant="138112" time="2013-02-12 21:16:01 UTC">
      <body>:( ah</body>
    </message>
    <message id="m0009" participant="138112" time="2013-02-12 21:18:15 UTC">
      <body>Enti bt3mli ehhhh</body>
    </message>
    <message id="m0010" participant="138324" time="2013-02-12 21:22:02 UTC">
      <body>Wla hagaa</body>
    </message>
    <message id="m0011" participant="138112" time="2013-02-12 21:23:38 UTC">
      <body>Rawahti??</body>
    </message>
    <message id="m0012" participant="138324" time="2013-02-12 21:25:03 UTC">
      <body>Lessa </body>
    </message>
    <message id="m0013" participant="138112" time="2013-02-12 21:29:50 UTC">
      <body>Babaki feen?</body>
    </message>
    <message id="m0014" participant="138324" time="2013-02-12 21:30:06 UTC">
      <body>Mohndessin</body>
    </message>
    <message id="m0015" participant="138324" time="2013-02-12 21:30:11 UTC">
      <body>Hykhls w ygily</body>
    </message>
    <message id="m0016" participant="138112" time="2013-02-12 21:30:17 UTC">
      <body>Ohhh</body>
    </message>
    <message id="m0017" participant="138324" time="2013-02-12 21:30:37 UTC">
      <body>Saye3</body>
    </message>
    <message id="m0018" participant="138112" time="2013-02-12 21:30:49 UTC">
      <body>Msh 3arfa leh b2ali Keda kam yom banam kteer fshkh w mesh bashba3</body>
    </message>
    <message id="m0019" participant="138112" time="2013-02-12 21:30:57 UTC">
      <body>Hahahaha saye3 leh mesh f sho3'lo</body>
    </message>
    <message id="m0020" participant="138324" time="2013-02-12 21:31:29 UTC">
      <body>Laa maa sahbo</body>
    </message>
    <message id="m0021" participant="138112" time="2013-02-12 21:34:21 UTC">
      <body>Ahhh haha</body>
    </message>
    <message id="m0022" participant="138324" time="2013-02-12 21:36:14 UTC">
      <body/>
    </message>
    <message id="m0023" participant="138112" time="2013-02-12 21:36:54 UTC">
      <body>Ana zah2ana awyyyy</body>
    </message>
    <message id="m0024" participant="138324" time="2013-02-12 21:37:13 UTC">
      <body>W ana fashkh</body>
    </message>
    <message id="m0025" participant="138324" time="2013-02-12 23:24:13 UTC">
      <body>W baaden fel malalll?</body>
    </message>
    <message id="m0026" participant="138112" time="2013-02-12 23:35:35 UTC">
      <body>Msh arfa </body>
    </message>
    <message id="m0027" participant="138324" time="2013-02-12 23:39:26 UTC">
      <body>Ba2ali sa3a bamla fe app sat</body>
    </message>
    <message id="m0028" participant="138324" time="2013-02-12 23:39:31 UTC">
      <body>W fel akher tl3t</body>
    </message>
    <message id="m0029" participant="138324" time="2013-02-12 23:39:35 UTC">
      <body>Bet3t 2012!!!!</body>
    </message>
    <message id="m0033" participant="138324" time="2013-02-12 23:40:18 UTC">
      <body>Haga weskha whyt deni</body>
    </message>
    <message id="m0034" participant="138324" time="2013-02-12 23:40:26 UTC">
      <body>Ahhahaha et3sbt FASHKH!</body>
    </message>
    <message id="m0035" participant="138324" time="2013-02-12 23:40:38 UTC">
      <body>W 3amala balawen bezma</body>
    </message>
    <message id="m0036" participant="138112" time="2013-02-12 23:41:12 UTC">
      <body>Hahahahaha msh adra </body>
    </message>
    <message id="m0037" participant="138112" time="2013-02-12 23:41:14 UTC">
      <body>:p</body>
    </message>
    <message id="m0038" participant="138112" time="2013-02-12 23:41:26 UTC">
      <body>Ya 3eni :*</body>
    </message>
    <message id="m0039" participant="138324" time="2013-02-12 23:41:27 UTC">
      <body/>
    </message>
    <message id="m0040" participant="138112" time="2013-02-13 22:24:35 UTC">
      <body>Rochannnne</body>
    </message>
    <message id="m0041" participant="138324" time="2013-02-13 22:28:48 UTC">
      <body>Yaraa</body>
    </message>
    <message id="m0042" participant="138112" time="2013-02-13 22:29:12 UTC">
      <body>What are you doing?</body>
    </message>
    <message id="m0043" participant="138112" time="2013-02-13 22:29:16 UTC">
      <body>Ente feeeen</body>
    </message>
    <message id="m0044" participant="138324" time="2013-02-13 22:29:24 UTC">
      <body>Fe beitt</body>
    </message>
    <message id="m0045" participant="138324" time="2013-02-13 22:29:25 UTC">
      <body>Wenti</body>
    </message>
    <message id="m0046" participant="138112" time="2013-02-13 22:29:46 UTC">
      <body>Asdi mamato wala katameya</body>
    </message>
    <message id="m0047" participant="138112" time="2013-02-13 22:29:52 UTC">
      <body>Ana fel beet</body>
    </message>
    <message id="m0048" participant="138324" time="2013-02-13 22:31:30 UTC">
      <body>Kataameya</body>
    </message>
    <message id="m0049" participant="138324" time="2013-02-13 22:33:50 UTC">
      <body>Bet3meli eh</body>
    </message>
    <message id="m0050" participant="138112" time="2013-02-13 22:34:39 UTC">
      <body>Ana kont ha5osh anam, yom zebala Begad</body>
    </message>
    <message id="m0052" participant="138112" time="2013-02-13 22:35:06 UTC">
      <body>Ana 2ereft</body>
    </message>
    <message id="m0053" participant="138112" time="2013-02-13 22:35:21 UTC">
      <body>Lesa m5alasa el art homework w msh adraaaa</body>
    </message>
    <message id="m0054" participant="138324" time="2013-02-13 22:36:10 UTC">
      <body>Ah howa esbou3 kolo khara</body>
    </message>
    <message id="m0055" participant="138112" time="2013-02-13 22:42:15 UTC">
      <body>Ahh begad</body>
    </message>
    <message id="m0056" participant="138112" time="2013-02-13 22:42:20 UTC">
      <body>Enti bt3mli eh</body>
    </message>
    <message id="m0057" participant="138112" time="2013-02-13 22:42:27 UTC">
      <body>Msh gaya bokra??</body>
    </message>
    <message id="m0058" participant="138324" time="2013-02-13 23:19:44 UTC">
      <body>Mesh 3arfa lessa</body>
    </message>
    <message id="m0059" participant="138112" time="2013-02-13 23:20:19 UTC">
      <body>Try to come 3ashan f quiz math w statistics</body>
    </message>
    <message id="m0060" participant="138324" time="2013-02-14 00:10:51 UTC">
      <body>Haderr</body>
    </message>
    <message id="m0061" participant="138112" time="2013-02-14 17:42:57 UTC">
      <body>Hat3mliiii eh today</body>
    </message>
    <message id="m0062" participant="138324" time="2013-02-14 19:08:51 UTC">
      <body>Mesh arfa lessa</body>
    </message>
    <message id="m0063" participant="138324" time="2013-02-14 19:08:55 UTC">
      <body>Wenta</body>
    </message>
    <message id="m0064" participant="138112" time="2013-02-14 19:14:23 UTC">
      <body>Wala haga sa7beti lesa 2aylali en heya f chilis m3a sa7betha hatakol w agee, w Ana ga3ana w zah2ana fsh5 f balbes aho</body>
    </message>
    <message id="m0065" participant="138324" time="2013-02-14 19:14:51 UTC">
      <body>Hatroho fein</body>
    </message>
    <message id="m0066" participant="138112" time="2013-02-14 19:15:38 UTC">
      <body>Ta2riban Fridays</body>
    </message>
    <message id="m0067" participant="138112" time="2013-02-14 19:15:46 UTC">
      <body>Wla chilis msh fakra</body>
    </message>
    <message id="m0068" participant="138112" time="2013-02-14 19:15:54 UTC">
      <body>Halbes w harohlaha</body>
    </message>
    <message id="m0069" participant="138112" time="2013-02-14 19:16:07 UTC">
      <body>A7san men a3det el beit</body>
    </message>
    <message id="m0070" participant="138324" time="2013-02-14 19:16:26 UTC">
      <body>Nadeem 3amali surprise w rege3 men safar</body>
    </message>
    <message id="m0071" participant="138112" time="2013-02-14 19:16:34 UTC">
      <body>Walahi!!!!!!!!!</body>
    </message>
    <message id="m0072" participant="138112" time="2013-02-14 19:16:39 UTC">
      <body>Awwwwwww ☺</body>
    </message>
    <message id="m0073" participant="138112" time="2013-02-14 19:17:07 UTC">
      <body>Ashoofek bet3amli we7esh tani w 3ala weshek haha</body>
    </message>
    <message id="m0074" participant="138324" time="2013-02-14 19:20:55 UTC">
      <body>Hahahahaha</body>
    </message>
    <message id="m0079" participant="138324" time="2013-02-14 19:45:02 UTC">
      <body>Hklmk belel</body>
    </message>
    <message id="m0081" participant="138112" time="2013-02-15 11:33:08 UTC">
      <body>Rochane</body>
    </message>
    <message id="m0082" participant="138112" time="2013-02-15 12:00:32 UTC">
      <body>Eshy w call me 3ayza atkalem maaky</body>
    </message>
  </messages>
</conversation>
