<?xml version="1.0" encoding="UTF-8"?>
<conversation id="CHT_ARZ_20130218.0005" medium="CHT" donated="true">
  <messages>
    <message id="m0000" time="2013-02-18 13:51:47 UTC" participant="139565">
      <body>Omnia ya amrrr</body>
    </message>
    <message id="m0001" time="2013-02-18 13:51:52 UTC" participant="139565">
      <body>Rodiii ya beet</body>
    </message>
    <message id="m0002" time="2013-02-18 14:54:49 UTC" participant="139275">
      <body>sorry ya noha fe bety mfesh wireless</body>
    </message>
    <message id="m0003" time="2013-02-18 14:55:48 UTC" participant="139275">
      <body>n3m?</body>
    </message>
    <message id="m0005" time="2013-02-18 14:56:27 UTC" participant="139565">
      <body>Ba2olk eij</body>
    </message>
    <message id="m0006" time="2013-02-18 14:56:28 UTC" participant="139565">
      <body>Eij</body>
    </message>
    <message id="m0007" time="2013-02-18 14:56:30 UTC" participant="139565">
      <body>Eih</body>
    </message>
    <message id="m0008" time="2013-02-18 14:56:46 UTC" participant="139275">
      <body>ana nfsy bs wallhy ya noha ana t3abna gedn w ro7t le mama fag2a enhrda 3shan aro7 lel dr</body>
    </message>
    <message id="m0009" time="2013-02-18 14:56:51 UTC" participant="139565">
      <body>E7na isa 7ant2abel el5ames 3shn ana 5alas mashiaa</body>
    </message>
    <message id="m0010" time="2013-02-18 14:56:53 UTC" participant="139565">
      <body>Isa</body>
    </message>
    <message id="m0011" time="2013-02-18 14:57:11 UTC" participant="139565">
      <body>Fa 3ndk est3adad tegy isaa</body>
    </message>
    <message id="m0012" time="2013-02-18 14:57:40 UTC" participant="139275">
      <body>3andy alam keda mesh by2l w el dr edany lebos w mfesh fyda 7'alah 2 fl yom w el alam byzed</body>
    </message>
    <message id="m0013" time="2013-02-18 14:58:01 UTC" participant="139275">
      <body>fa ana mesh bt7rk 7'ales</body>
    </message>
    <message id="m0014" time="2013-02-18 14:58:34 UTC" participant="139275">
      <body>3shan kaman regli 3shan t3bana fa lma bmshy 7aba gesmy bynamel w bado7' w bt3b awe</body>
    </message>
    <message id="m0015" time="2013-02-18 14:58:42 UTC" participant="139565">
      <body>Oooops</body>
    </message>
    <message id="m0016" time="2013-02-18 14:59:35 UTC" participant="139565">
      <body>Yaraaabbbiiiii</body>
    </message>
    <message id="m0017" time="2013-02-18 14:59:40 UTC" participant="139275">
      <body>ana wallhy nfsy gedddeddden agy fo2 ma tt7'yele bs kaman ma7moud 3shan 3aref ene t3bana lma b3ml ay maghod byhaz2ny 3shan btbhdl b3dha</body>
    </message>
    <message id="m0018" time="2013-02-18 14:59:50 UTC" participant="139275">
      <body>nos el 8 el 7amdo leallah</body>
    </message>
    <message id="m0019" time="2013-02-18 15:00:08 UTC" participant="139275">
      <body>bs taqalosat el ra7m bdya m3aya badry w t3bany gedn</body>
    </message>
    <message id="m0020" time="2013-02-18 15:00:21 UTC" participant="139565">
      <body>M3lsh</body>
    </message>
    <message id="m0021" time="2013-02-18 15:00:21 UTC" participant="139565">
      <body>Enty felkam noq</body>
    </message>
    <message id="m0023" time="2013-02-18 15:00:47 UTC" participant="139275">
      <body>rabna ye7'leke ed3ili</body>
    </message>
    <message id="m0024" time="2013-02-18 15:01:03 UTC" participant="139565">
      <body>Aaahah 3shn kda</body>
    </message>
    <message id="m0025" time="2013-02-18 15:01:09 UTC" participant="139275">
      <body>w tro7y w trg3i bl salamaa</body>
    </message>
    <message id="m0026" time="2013-02-18 15:01:13 UTC" participant="139565">
      <body>La2 la2 tab3an matnzlish</body>
    </message>
    <message id="m0027" time="2013-02-18 15:01:20 UTC" participant="139565">
      <body>M3lsh</body>
    </message>
    <message id="m0028" time="2013-02-18 15:01:26 UTC" participant="139275">
      <body>momken ab2a aklm mamtk atmn 3aleha?</body>
    </message>
    <message id="m0029" time="2013-02-18 15:01:28 UTC" participant="139565">
      <body>Rabena y2awmek bsalama isaa</body>
    </message>
    <message id="m0030" time="2013-02-18 15:01:33 UTC" participant="139275">
      <body>wala tdaye2?</body>
    </message>
    <message id="m0031" time="2013-02-18 15:01:40 UTC" participant="139565">
      <body>Koloo by3ady</body>
    </message>
    <message id="m0032" time="2013-02-18 15:01:57 UTC" participant="139565">
      <body>Bokra isa tewldy wtb2i follaa</body>
    </message>
    <message id="m0033" time="2013-02-18 15:02:15 UTC" participant="139275">
      <body>tab m3lsh haty nemrt betk tany keda</body>
    </message>
    <message id="m0034" time="2013-02-18 15:02:21 UTC" participant="139565">
      <body>Rabena m3akiii isaa</body>
    </message>
    <message id="m0035" time="2013-02-18 15:02:23 UTC" participant="139565">
      <body>Yaraab isa</body>
    </message>
    <message id="m0036" time="2013-02-18 15:02:46 UTC" participant="139565">
      <body>Elmara elly gaya ashofak wm3ki 3atrees</body>
    </message>
    <message id="m0037" time="2013-02-18 15:02:53 UTC" participant="139565">
      <body>La2 tab3an yareet</body>
    </message>
    <message id="m0038" time="2013-02-18 15:02:58 UTC" participant="139565">
      <body>Kalmeha fe ay wa2t</body>
    </message>
    <message id="m0039" time="2013-02-18 15:03:01 UTC" participant="139565">
      <body>Bel3aks</body>
    </message>
    <message id="m0041" time="2013-02-18 15:04:02 UTC" participant="139275">
      <body>tmam rbna yeshfeha w ye3afeha ya rb</body>
    </message>
    <message id="m0042" time="2013-02-18 15:04:12 UTC" participant="139275">
      <body>heya btt7sn wala lisa t3bana?</body>
    </message>
    <message id="m0044" time="2013-02-18 15:05:09 UTC" participant="139565">
      <body>Yaraaaab</body>
    </message>
    <message id="m0045" time="2013-02-18 15:05:31 UTC" participant="139565">
      <body>3la ad mana te3bt men ela3da hena gdn</body>
    </message>
    <message id="m0046" time="2013-02-18 15:05:47 UTC" participant="139565">
      <body>W elbo3d beny wben mahmoud 3amel mashakel gamda gdn</body>
    </message>
    <message id="m0047" time="2013-02-18 15:05:56 UTC" participant="139565">
      <body>Bas 5ayfa men elbo3d awi elmara de</body>
    </message>
    <message id="m0048" time="2013-02-18 15:06:33 UTC" participant="139275">
      <body>ya 7abebty</body>
    </message>
    <message id="m0049" time="2013-02-18 15:06:41 UTC" participant="139565">
      <body>La wlahi ya omnia lesa ta3bana specially ba3d ma eldoctor zawedlaha el gor3at tanii</body>
    </message>
    <message id="m0050" time="2013-02-18 15:06:44 UTC" participant="139275">
      <body>rabna yehwen ya Noha ya rb</body>
    </message>
    <message id="m0051" time="2013-02-18 15:06:56 UTC" participant="139275">
      <body>okhtek mesh nazla agaza 2orayeb isA?</body>
    </message>
    <message id="m0052" time="2013-02-18 15:07:37 UTC" participant="139275">
      <body>w enty?</body>
    </message>
    <message id="m0053" time="2013-02-18 15:08:00 UTC" participant="139565">
      <body>Bas ana kman msh 3arfa rabena 7ayrmaha emta isa w t5als</body>
    </message>
    <message id="m0054" time="2013-02-18 15:08:11 UTC" participant="139565">
      <body>Nazla isa fe shahr 6</body>
    </message>
    <message id="m0055" time="2013-02-18 15:08:15 UTC" participant="139565">
      <body/>
    </message>
    <message id="m0056" time="2013-02-18 15:08:33 UTC" participant="139565">
      <body>Msh 3arfa</body>
    </message>
    <message id="m0057" time="2013-02-18 15:08:44 UTC" participant="139565">
      <body>Bgd sa3b awi elwad3 elly ana feh da</body>
    </message>
    <message id="m0058" time="2013-02-18 15:08:51 UTC" participant="139565">
      <body>La2 ana lesa badry awii isaa</body>
    </message>
    <message id="m0059" time="2013-02-18 15:09:03 UTC" participant="139565">
      <body>Msh 2abl 8 months isa wla 7aga</body>
    </message>
    <message id="m0060" time="2013-02-18 15:09:26 UTC" participant="139565">
      <body>Ana lw knt lesa a3da fe cairo</body>
    </message>
    <message id="m0061" time="2013-02-18 15:09:43 UTC" participant="139565">
      <body>Knt a3dt m3aha w 5alyt mahmoud ygy kol esbo3</body>
    </message>
    <message id="m0062" time="2013-02-18 15:09:59 UTC" participant="139565">
      <body>Lakn a3dt mahmoud henak alone w ana hena alone de sa3ba gdn</body>
    </message>
    <message id="m0063" time="2013-02-18 15:10:08 UTC" participant="139565">
      <body>Wmafehash ay estqrq</body>
    </message>
    <message id="m0064" time="2013-02-18 15:10:13 UTC" participant="139565">
      <body>Estqrar</body>
    </message>
    <message id="m0065" time="2013-02-18 15:20:08 UTC" participant="139275">
      <body>aked ana 3arfa</body>
    </message>
    <message id="m0066" time="2013-02-18 15:20:17 UTC" participant="139275">
      <body>ma ana kaman ben 3 places</body>
    </message>
    <message id="m0067" time="2013-02-18 15:20:30 UTC" participant="139275">
      <body>w da asln ta3b se7ty</body>
    </message>
    <message id="m0068" time="2013-02-18 15:24:49 UTC" participant="139565">
      <body>La2 bas 3la el2a2l enty wmahmoud msa m3 ba3s</body>
    </message>
    <message id="m0069" time="2013-02-18 15:25:17 UTC" participant="139565">
      <body>Ba3d</body>
    </message>
    <message id="m0070" time="2013-02-18 15:25:17 UTC" participant="139565">
      <body>W 2adra tzabty enty wmai aw 7aga</body>
    </message>
    <message id="m0071" time="2013-02-18 15:25:33 UTC" participant="139565">
      <body>Lakn ana mafesh 3'eryy plus en elbo3d ben masr wdubai da sa3b awiii</body>
    </message>
    <message id="m0072" time="2013-02-18 15:26:49 UTC" participant="139275">
      <body>aked rbna m3aki</body>
    </message>
    <message id="m0073" time="2013-02-18 15:29:27 UTC" participant="139565">
      <body>Yaraabbb</body>
    </message>
  </messages>
</conversation>
