<?xml version="1.0" encoding="UTF-8"?>
<conversation id="CHT_ARZ_20130312.0002" medium="CHT" donated="true">
  <messages>
    <message id="m0001" participant="138328" time="2013-03-12 21:02:30 UTC">
      <body>Teeezz</body>
    </message>
    <message id="m0002" participant="138328" time="2013-03-12 21:02:53 UTC">
      <body>3amlty eih fel dress</body>
    </message>
    <message id="m0003" participant="138112" time="2013-03-12 21:03:32 UTC">
      <body>Babe w teez f nafs el wa2t tab ezay hahaha</body>
    </message>
    <message id="m0004" participant="138112" time="2013-03-12 21:03:42 UTC">
      <body>Lesa ma3amaltah wala ay haga</body>
    </message>
    <message id="m0005" participant="138328" time="2013-03-12 21:03:49 UTC">
      <body>Hahahahahahah :d baheb adl33ekkk</body>
    </message>
    <message id="m0006" participant="138328" time="2013-03-12 21:04:10 UTC">
      <body>Mashofthosh 2dayy</body>
    </message>
    <message id="m0007" participant="138328" time="2013-03-12 21:04:19 UTC">
      <body>Mashoftish dresses tayb</body>
    </message>
    <message id="m0008" participant="138112" time="2013-03-12 21:04:28 UTC">
      <body>Ahhh shoft w mafish wala haga 3agabetni</body>
    </message>
    <message id="m0009" participant="138112" time="2013-03-12 21:04:36 UTC">
      <body>Bafakar afasal w 5alas</body>
    </message>
    <message id="m0010" participant="138328" time="2013-03-12 21:04:40 UTC">
      <body>:s</body>
    </message>
    <message id="m0011" participant="138328" time="2013-03-12 21:04:48 UTC">
      <body>Htlha2iiii</body>
    </message>
    <message id="m0012" participant="138112" time="2013-03-12 21:04:54 UTC">
      <body>Ah inshallah</body>
    </message>
    <message id="m0013" participant="138112" time="2013-03-12 21:05:16 UTC">
      <body>&lt;media omitted&gt;</body>
    </message>
    <message id="m0014" participant="138112" time="2013-03-12 21:05:27 UTC">
      <body>Bafakar f da, bas f sho3'l kteer mesh hal7a2</body>
    </message>
    <message id="m0015" participant="138328" time="2013-03-12 21:09:11 UTC">
      <body>Ahhhh 7elwwww awe</body>
    </message>
    <message id="m0016" participant="138328" time="2013-03-12 21:09:50 UTC">
      <body>Bas hyt3ml in no time aslun</body>
    </message>
    <message id="m0017" participant="138112" time="2013-03-12 21:10:16 UTC">
      <body>Begad?</body>
    </message>
    <message id="m0018" participant="138328" time="2013-03-12 21:10:22 UTC">
      <body>Ahhh wlahiii</body>
    </message>
    <message id="m0019" participant="138328" time="2013-03-12 21:10:36 UTC">
      <body>Bas htfsalii fenn</body>
    </message>
    <message id="m0020" participant="138112" time="2013-03-12 21:10:53 UTC">
      <body>3and ay designer</body>
    </message>
    <message id="m0021" participant="138112" time="2013-03-12 21:11:01 UTC">
      <body>Lesa msh 3arfa 7ad mo3ayan</body>
    </message>
    <message id="m0022" participant="138112" time="2013-03-12 21:11:19 UTC">
      <body>W bafakar bardo f da</body>
    </message>
    <message id="m0023" participant="138112" time="2013-03-12 21:11:40 UTC">
      <body>Bas el el eswed da 3la tweel</body>
    </message>
    <message id="m0024" participant="138112" time="2013-03-12 21:11:53 UTC">
      <body>&lt;media omitted&gt;</body>
    </message>
    <message id="m0025" participant="138328" time="2013-03-12 21:11:57 UTC">
      <body>Warini</body>
    </message>
    <message id="m0026" participant="138328" time="2013-03-12 21:12:11 UTC">
      <body>Dahhhh elll a7laaaa</body>
    </message>
    <message id="m0027" participant="138112" time="2013-03-12 21:12:22 UTC">
      <body>Bas simple b zyada</body>
    </message>
    <message id="m0028" participant="138328" time="2013-03-12 21:12:30 UTC">
      <body>Noooo 5alesss</body>
    </message>
    <message id="m0029" participant="138112" time="2013-03-12 21:13:39 UTC">
      <body>W ye5las bsor3a sa7?</body>
    </message>
    <message id="m0031" participant="138328" time="2013-03-12 21:13:52 UTC">
      <body>Aweeeee</body>
    </message>
    <message id="m0032" participant="138328" time="2013-03-12 21:13:59 UTC">
      <body>4 days wla hgaas</body>
    </message>
    <message id="m0033" participant="138112" time="2013-03-12 21:14:25 UTC">
      <body>Bad Ana 5ayfa en mayetla3sh howa bezabt</body>
    </message>
    <message id="m0034" participant="138112" time="2013-03-12 21:14:27 UTC">
      <body>Fahma?</body>
    </message>
    <message id="m0035" participant="138112" time="2013-03-12 21:14:41 UTC">
      <body>Yaani el designer matkonsh shatra</body>
    </message>
    <message id="m0036" participant="138328" time="2013-03-12 21:15:28 UTC">
      <body>L2aaa dah sa7l aweee aslun u3mloo</body>
    </message>
    <message id="m0037" participant="138112" time="2013-03-12 21:16:13 UTC">
      <body>Bas el f tatriz kteer fel 7eta el gold d</body>
    </message>
    <message id="m0038" participant="138328" time="2013-03-12 21:16:30 UTC">
      <body>Ahhh bas dahh sa7l awee</body>
    </message>
    <message id="m0039" participant="138112" time="2013-03-12 21:16:33 UTC">
      <body>W el 7etta el beeda d drappé</body>
    </message>
    <message id="m0040" participant="138112" time="2013-03-12 21:16:54 UTC">
      <body>Ana w 7aziiii</body>
    </message>
    <message id="m0042" participant="138328" time="2013-03-12 21:17:21 UTC">
      <body>Nooo sa7l</body>
    </message>
    <message id="m0043" participant="138112" time="2013-03-12 21:17:28 UTC">
      <body>&lt;media omitted&gt;</body>
    </message>
    <message id="m0044" participant="138112" time="2013-03-12 21:17:32 UTC">
      <body>W da bas bardo 3la tweeel</body>
    </message>
    <message id="m0045" participant="138328" time="2013-03-12 21:17:39 UTC">
      <body>Wlahiiiii sa7lllll</body>
    </message>
    <message id="m0046" participant="138328" time="2013-03-12 21:18:09 UTC">
      <body>L2aaa we7shh</body>
    </message>
    <message id="m0047" participant="138328" time="2013-03-12 21:18:41 UTC">
      <body>El aswed a7la</body>
    </message>
    <message id="m0048" participant="138112" time="2013-03-12 21:20:09 UTC">
      <body>Ana bardo shayfa keda</body>
    </message>
    <message id="m0049" participant="138112" time="2013-03-12 21:20:15 UTC">
      <body>Rabena yostor</body>
    </message>
    <message id="m0050" participant="138112" time="2013-03-12 21:20:19 UTC">
      <body>Hahaha</body>
    </message>
    <message id="m0051" participant="138328" time="2013-03-12 21:20:54 UTC">
      <body>HahahhAaa dntttt wrrryyy wlahiiii sa7lll</body>
    </message>
    <message id="m0052" participant="138112" time="2013-03-12 21:28:58 UTC">
      <body>Ya rabbbb</body>
    </message>
    <message id="m0053" participant="138112" time="2013-03-12 21:29:15 UTC">
      <body>W ye5las bsor3a</body>
    </message>
    <message id="m0054" participant="138328" time="2013-03-12 22:22:50 UTC">
      <body>Dnt wrryyyy hy5lasss bsor3aaa</body>
    </message>
  </messages>
</conversation>
