<?xml version="1.0" encoding="UTF-8"?>
<conversation id="CHT_ARZ_20130227.0002" medium="CHT" donated="true">
  <messages>
    <message id="m0000" time="2013-02-27 13:19:00 UTC" participant="139548">
      <body>صباح الخير</body>
    </message>
    <message id="m0001" time="2013-02-27 15:28:00 UTC" participant="139376">
      <body>منى</body>
    </message>
    <message id="m0002" time="2013-02-27 15:29:00 UTC" participant="139376">
      <body>معلش لما بعتيلي كنت نمت </body>
    </message>
    <message id="m0003" time="2013-02-27 15:50:00 UTC" participant="139548">
      <body>Moha ezayak ya gameel</body>
    </message>
    <message id="m0004" time="2013-02-27 15:51:00 UTC" participant="139548">
      <body>خلصتي طبيخ ولا لسه؟</body>
    </message>
    <message id="m0005" time="2013-02-27 15:58:00 UTC" participant="139376">
      <body>عندي بسله من امبارح </body>
    </message>
    <message id="m0006" time="2013-02-27 15:58:00 UTC" participant="139376">
      <body>وانتي؟</body>
    </message>
    <message id="m0007" time="2013-02-27 15:59:00 UTC" participant="139548">
      <body>من امتى الكلام ده يا مها طول عمرك انتي بتاعت الاكل الطازه وانت بناعت الاكل البايت</body>
    </message>
    <message id="m0008" time="2013-02-27 16:00:00 UTC" participant="139376">
      <body>ومن الي قالك الكلام الفارغ ده  </body>
    </message>
    <message id="m0009" time="2013-02-27 16:00:00 UTC" participant="139548">
      <body>انا مليش مزاج اطبخ الصراحه فبدور على اي حاجه سهله و خلاص</body>
    </message>
    <message id="m0010" time="2013-02-27 16:01:00 UTC" participant="139376">
      <body>ده بطيخ بزياده مخضوص علشان مطبخش تاني يوم</body>
    </message>
    <message id="m0011" time="2013-02-27 16:01:00 UTC" participant="139548">
      <body>فاكره زمان لما كنت اعد اقنإك منطبخيش كل يوم</body>
    </message>
    <message id="m0012" time="2013-02-27 16:02:00 UTC" participant="139376">
      <body>لا امتى ده</body>
    </message>
    <message id="m0013" time="2013-02-27 16:02:00 UTC" participant="139376">
      <body>فكريني</body>
    </message>
    <message id="m0014" time="2013-02-27 16:02:00 UTC" participant="139548">
      <body>وانتي طنتي تعدي تقوليلي كده حنزهق لما ناكل نفس الاطل تاني</body>
    </message>
    <message id="m0015" time="2013-02-27 16:03:00 UTC" participant="139376">
      <body>انا قلت كده؟؟!!!</body>
    </message>
    <message id="m0016" time="2013-02-27 16:03:00 UTC" participant="139548">
      <body>زمان قبل متجيبي حسين يمكن كنتي فاضيه سعتها بقى</body>
    </message>
    <message id="m0017" time="2013-02-27 16:03:00 UTC" participant="139376">
      <body>متأكده ولا متلخبطة في ج تاني</body>
    </message>
    <message id="m0018" time="2013-02-27 16:04:00 UTC" participant="139548">
      <body>لا يا بنتي انا فكره كويس</body>
    </message>
    <message id="m0019" time="2013-02-27 16:04:00 UTC" participant="139376">
      <body>معلش يا أختي كانت مرحلة سذاجة و مراهقة </body>
    </message>
    <message id="m0020" time="2013-02-27 16:04:00 UTC" participant="139548">
      <body> يظهر كده</body>
    </message>
    <message id="m0021" time="2013-02-27 16:04:00 UTC" participant="139376">
      <body></body>
    </message>
    <message id="m0022" time="2013-02-27 16:05:00 UTC" participant="139376">
      <body>كبرنا وعقلنا الحمد لله</body>
    </message>
    <message id="m0023" time="2013-02-27 16:05:00 UTC" participant="139548">
      <body>بس يعني دانا من ساعت متجوزت عمري مطبخت كل يوم</body>
    </message>
    <message id="m0024" time="2013-02-27 16:05:00 UTC" participant="139548">
      <body>لازم اعمل الاكله تكفي يومين</body>
    </message>
    <message id="m0025" time="2013-02-27 16:05:00 UTC" participant="139548">
      <body>الا مرات قليله</body>
    </message>
    <message id="m0026" time="2013-02-27 16:08:00 UTC" participant="139548">
      <body>شكلي حعملهم سندوتشات فراخ بانيه و بطاطس محمرة</body>
    </message>
    <message id="m0027" time="2013-02-27 16:18:00 UTC" participant="139376">
      <body>لا العادي بتاعي بطبخ كل يوم بس لازم مرة كده في الاسبوع اعمل اكله تكفي يومين</body>
    </message>
    <message id="m0028" time="2013-02-27 16:19:00 UTC" participant="139376">
      <body>وخصوصا لو اكله بتاخد مجهود زي المحشي وكده</body>
    </message>
    <message id="m0029" time="2013-02-27 16:19:00 UTC" participant="139376">
      <body>ويوم الخميس حاجة خفيفة زي سندوتشات مثلا</body>
    </message>
    <message id="m0030" time="2013-02-27 16:19:00 UTC" participant="139376">
      <body>ويوم الحمعة مبتدخلش ابمطبخ</body>
    </message>
    <message id="m0031" time="2013-02-27 16:20:00 UTC" participant="139376">
      <body>بناكل من برة</body>
    </message>
    <message id="m0032" time="2013-02-27 16:20:00 UTC" participant="139548">
      <body>مشاء الله بتعملي محيسي والله شطورة يا مها</body>
    </message>
    <message id="m0033" time="2013-02-27 16:20:00 UTC" participant="139376">
      <body>اه طبعا</body>
    </message>
    <message id="m0034" time="2013-02-27 16:21:00 UTC" participant="139376">
      <body>انتي مبتعمليش ولا ايه</body>
    </message>
    <message id="m0035" time="2013-02-27 16:21:00 UTC" participant="139548">
      <body>انا المحشي ده عمري معملته</body>
    </message>
    <message id="m0036" time="2013-02-27 16:21:00 UTC" participant="139376">
      <body>؟</body>
    </message>
    <message id="m0037" time="2013-02-27 16:21:00 UTC" participant="139376">
      <body>يالهوى</body>
    </message>
    <message id="m0038" time="2013-02-27 16:21:00 UTC" participant="139548">
      <body>اصل عمتو علطول بتبقى عزمانا عليه</body>
    </message>
    <message id="m0039" time="2013-02-27 16:21:00 UTC" participant="139376">
      <body>ياسلان</body>
    </message>
    <message id="m0040" time="2013-02-27 16:21:00 UTC" participant="139376">
      <body>ياسلام</body>
    </message>
    <message id="m0041" time="2013-02-27 16:21:00 UTC" participant="139376">
      <body>وده سبب</body>
    </message>
    <message id="m0042" time="2013-02-27 16:21:00 UTC" participant="139548">
      <body>وبتديما الباقي كمان واحنا ماشيين</body>
    </message>
    <message id="m0043" time="2013-02-27 16:22:00 UTC" participant="139548">
      <body>اه سبب يعني بنكلو علطووول اعمله ليه انت بقى</body>
    </message>
    <message id="m0044" time="2013-02-27 16:22:00 UTC" participant="139548">
      <body>غاويه شقى مثلا"</body>
    </message>
    <message id="m0045" time="2013-02-27 16:22:00 UTC" participant="139376">
      <body></body>
    </message>
    <message id="m0046" time="2013-02-27 16:23:00 UTC" participant="139548">
      <body>ربنا يخليهلنا</body>
    </message>
    <message id="m0047" time="2013-02-27 16:23:00 UTC" participant="139548">
      <body>طاب بتعملي حمتم؟</body>
    </message>
    <message id="m0048" time="2013-02-27 16:24:00 UTC" participant="139548">
      <body>حمام؟</body>
    </message>
    <message id="m0049" time="2013-02-27 16:24:00 UTC" participant="139376">
      <body>اه وديك رومي كمان  </body>
    </message>
    <message id="m0050" time="2013-02-27 16:24:00 UTC" participant="139376">
      <body></body>
    </message>
    <message id="m0051" time="2013-02-27 16:27:00 UTC" participant="139548">
      <body>ما شاء الله لا انا بحب الاكل ده بس احمد مبيحبش الطيور نهائي</body>
    </message>
    <message id="m0052" time="2013-02-27 16:29:00 UTC" participant="139376">
      <body>طب الحمام ده لا يقاوم</body>
    </message>
    <message id="m0053" time="2013-02-27 16:29:00 UTC" participant="139376">
      <body>ده لسه بقول لمحمد نفسي فيه اوي</body>
    </message>
    <message id="m0054" time="2013-02-27 16:29:00 UTC" participant="139548">
      <body>لا يمكم يكلهه</body>
    </message>
    <message id="m0055" time="2013-02-27 16:30:00 UTC" participant="139548">
      <body>بس عمتو لما بتبقى عمله بتشيلي 2على جنب</body>
    </message>
    <message id="m0056" time="2013-02-27 16:31:00 UTC" participant="139376">
      <body></body>
    </message>
    <message id="m0057" time="2013-02-27 16:32:00 UTC" participant="139376">
      <body>جميلة عمتك والله</body>
    </message>
    <message id="m0058" time="2013-02-27 16:32:00 UTC" participant="139376">
      <body>ربنا يخليهالك يارب</body>
    </message>
    <message id="m0059" time="2013-02-27 16:34:00 UTC" participant="139548">
      <body>اه بس عيبهم الوحيد السفر الطريق بيبقى زي الزفت</body>
    </message>
    <message id="m0060" time="2013-02-27 16:37:00 UTC" participant="139376">
      <body>اه دول في منوف</body>
    </message>
    <message id="m0061" time="2013-02-27 16:37:00 UTC" participant="139376">
      <body>حاجة مرهقة فعلا</body>
    </message>
    <message id="m0062" time="2013-02-27 16:37:00 UTC" participant="139376">
      <body>هو السفر كله قرف الصراحة</body>
    </message>
    <message id="m0063" time="2013-02-27 16:39:00 UTC" participant="139548">
      <body>اه لأ و بالزات سكة منوف دي زي الزفت</body>
    </message>
    <message id="m0064" time="2013-02-27 16:39:00 UTC" participant="139376">
      <body>معلش</body>
    </message>
    <message id="m0065" time="2013-02-27 16:41:00 UTC" participant="139548">
      <body>اه امنيه عمله إه دخلت التاسع ولا لسه</body>
    </message>
    <message id="m0066" time="2013-02-27 16:42:00 UTC" participant="139376">
      <body>لا لسه</body>
    </message>
    <message id="m0067" time="2013-02-27 16:42:00 UTC" participant="139376">
      <body>8-3ان شاء الله</body>
    </message>
    <message id="m0068" time="2013-02-27 16:42:00 UTC" participant="139376">
      <body>استقريتي على اسم ولا لسه؟</body>
    </message>
    <message id="m0069" time="2013-02-27 16:44:00 UTC" participant="139548">
      <body>مش لما اعرف الاول ولد ولا بنت</body>
    </message>
    <message id="m0070" time="2013-02-27 16:45:00 UTC" participant="139376">
      <body>انتي لسه مش عارفة</body>
    </message>
    <message id="m0071" time="2013-02-27 16:45:00 UTC" participant="139376">
      <body>انا قلت لما قعدتي تقوليلي المرة الي فاتت على اسم أولاد انه ولد ان شاء الله</body>
    </message>
    <message id="m0072" time="2013-02-27 16:46:00 UTC" participant="139548">
      <body>لا انا كنت بقولك على ذكريتنا في عمر</body>
    </message>
    <message id="m0073" time="2013-02-27 16:47:00 UTC" participant="139376">
      <body>اه</body>
    </message>
    <message id="m0074" time="2013-02-27 16:47:00 UTC" participant="139376">
      <body>فهمت غلط</body>
    </message>
    <message id="m0075" time="2013-02-27 16:47:00 UTC" participant="139548">
      <body>لا انا لسه بدري على الكلام ده</body>
    </message>
    <message id="m0076" time="2013-02-27 16:47:00 UTC" participant="139548">
      <body>بس لو بنوته ان شاء الله حسميها مي</body>
    </message>
    <message id="m0077" time="2013-02-27 16:48:00 UTC" participant="139548">
      <body>ولو ولد بقى معنديش أي فكرة الصراحة</body>
    </message>
    <message id="m0078" time="2013-02-27 16:48:00 UTC" participant="139376">
      <body>لا والله </body>
    </message>
    <message id="m0079" time="2013-02-27 16:48:00 UTC" participant="139376">
      <body>اشمعنى؟؟</body>
    </message>
    <message id="m0080" time="2013-02-27 16:48:00 UTC" participant="139548">
      <body>بس كل اللي يحيبو ربنا كويس المهم يكون صحته كويسه</body>
    </message>
    <message id="m0081" time="2013-02-27 16:49:00 UTC" participant="139376">
      <body>اه طبعا الحمد لله</body>
    </message>
    <message id="m0082" time="2013-02-27 16:49:00 UTC" participant="139548">
      <body>على اسم مامتي الله يرحمها</body>
    </message>
    <message id="m0083" time="2013-02-27 16:49:00 UTC" participant="139376">
      <body>يا خبر</body>
    </message>
    <message id="m0084" time="2013-02-27 16:49:00 UTC" participant="139376">
      <body>انا أسفة نسيت خالص</body>
    </message>
    <message id="m0085" time="2013-02-27 16:50:00 UTC" participant="139376">
      <body>ربنا يرحمها يارب</body>
    </message>
    <message id="m0086" time="2013-02-27 16:50:00 UTC" participant="139548">
      <body>لا يا بنتي ولا يهمك عادي</body>
    </message>
    <message id="m0087" time="2013-02-27 16:50:00 UTC" participant="139376">
      <body>انا كنت بحبها اوي مع اني مقبلتهاش كتير</body>
    </message>
    <message id="m0088" time="2013-02-27 16:50:00 UTC" participant="139376">
      <body>طب يارب تجيبي بنت </body>
    </message>
    <message id="m0089" time="2013-02-27 16:50:00 UTC" participant="139548">
      <body>ربنا يخليكي</body>
    </message>
    <message id="m0090" time="2013-02-27 16:51:00 UTC" participant="139548">
      <body>اه ده بابا حيفرح قوي</body>
    </message>
    <message id="m0091" time="2013-02-27 16:51:00 UTC" participant="139376">
      <body>طبعا</body>
    </message>
    <message id="m0092" time="2013-02-27 16:51:00 UTC" participant="139376">
      <body>وسهى وأحمد كمان</body>
    </message>
    <message id="m0093" time="2013-02-27 16:51:00 UTC" participant="139376">
      <body>وأنا  </body>
    </message>
    <message id="m0094" time="2013-02-27 16:51:00 UTC" participant="139548">
      <body>اصلو زعل جامد لما احمد سما مريم</body>
    </message>
    <message id="m0095" time="2013-02-27 16:51:00 UTC" participant="139376">
      <body>والله!</body>
    </message>
    <message id="m0096" time="2013-02-27 16:52:00 UTC" participant="139548">
      <body>اه يا بنتي دي كانت ليله</body>
    </message>
    <message id="m0097" time="2013-02-27 16:53:00 UTC" participant="139548">
      <body>كان طول الوقت يقولو برحتك سمي اللي انت عايزه ولما سما مريم بابا اتأثر قوي</body>
    </message>
    <message id="m0098" time="2013-02-27 16:53:00 UTC" participant="139376">
      <body>يا عيني</body>
    </message>
    <message id="m0099" time="2013-02-27 16:53:00 UTC" participant="139548">
      <body>و احنا مكناش فكرينو حيزعل كده</body>
    </message>
    <message id="m0100" time="2013-02-27 16:54:00 UTC" participant="139376">
      <body>طب صحيح ليه احمد مسماش مي؟؟</body>
    </message>
    <message id="m0101" time="2013-02-27 16:54:00 UTC" participant="139548">
      <body>واحمد قعد يقولو والله لو اعرف انك حتزعل كنت سمتها مي</body>
    </message>
    <message id="m0102" time="2013-02-27 16:55:00 UTC" participant="139548">
      <body>و راح سأل على إجرأت تغيير الاسم بس بابل حلف عليه ميغيروش</body>
    </message>
    <message id="m0103" time="2013-02-27 16:55:00 UTC" participant="139376">
      <body>لا طبعا اشتري نفسك وسمي مي</body>
    </message>
    <message id="m0104" time="2013-02-27 16:56:00 UTC" participant="139376">
      <body>هو اصلا مي اسم جميل و رقيق</body>
    </message>
    <message id="m0105" time="2013-02-27 16:56:00 UTC" participant="139376">
      <body>انا بحبه اوي</body>
    </message>
    <message id="m0106" time="2013-02-27 16:56:00 UTC" participant="139548">
      <body> مانا بقول كدة بردو</body>
    </message>
    <message id="m0107" time="2013-02-27 16:56:00 UTC" participant="139376">
      <body></body>
    </message>
    <message id="m0108" time="2013-02-27 16:57:00 UTC" participant="139548">
      <body>دانا رحت للدكتوره امبارح لقت ضغطي عالي</body>
    </message>
    <message id="m0109" time="2013-02-27 16:58:00 UTC" participant="139548">
      <body>و أعدت عملتلي فيلم و قالتلي تجيلي بعد يومين قاقسهولك تاني</body>
    </message>
    <message id="m0110" time="2013-02-27 16:59:00 UTC" participant="139548">
      <body>وكده مش حينفع</body>
    </message>
    <message id="m0111" time="2013-02-27 16:59:00 UTC" participant="139376">
      <body>ليه كده بس؟؟</body>
    </message>
    <message id="m0112" time="2013-02-27 17:01:00 UTC" participant="139548">
      <body>انت عارفه بقى مع اني مش شايفاه عالي قوي يلا ربنا يستر</body>
    </message>
    <message id="m0113" time="2013-02-27 17:01:00 UTC" participant="139376">
      <body>ربنا معاكي ان شاء الله</body>
    </message>
  </messages>
</conversation>
