<?xml version="1.0" encoding="UTF-8"?>
<conversation id="CHT_ARZ_20121201.0002" medium="CHT" donated="true">
  <messages>
    <message id="m0000" time="2012-12-01 17:52:43 UTC" participant="139566">
      <body>Enty ya bet fen my birth day wishes ?!</body>
    </message>
    <message id="m0001" time="2012-12-01 17:52:57 UTC" participant="139566">
      <body>Wla hia el missed call de w 5las</body>
    </message>
    <message id="m0002" time="2012-12-01 17:53:20 UTC" participant="139566">
      <body>Lw makontesh bs mamet 7amoksha kan yb2a fe klam tany</body>
    </message>
    <message id="m0003" time="2012-12-01 19:39:16 UTC" participant="139275">
      <body>laaa mkntsh missed :(</body>
    </message>
    <message id="m0004" time="2012-12-01 19:39:21 UTC" participant="139275">
      <body>kant mokalmaaaaaaa</body>
    </message>
    <message id="m0005" time="2012-12-01 19:40:27 UTC" participant="139275">
      <body>w ana mrdtsh 3'er ene aklmk</body>
    </message>
    <message id="m0006" time="2012-12-01 19:43:45 UTC" participant="139566">
      <body>Mmmmm mashy</body>
    </message>
  </messages>
</conversation>
