<?xml version="1.0" encoding="UTF-8"?>
<conversation id="CHT_ARZ_20130331.0003" medium="CHT" donated="true">
  <messages>
    <message id="m0000" participant="138112" time="2013-03-31 14:01:51 UTC">
      <body>&lt;media omitted&gt;</body>
    </message>
    <message id="m0001" participant="138329" time="2013-03-31 14:02:46 UTC">
      <body>:* shokran</body>
    </message>
    <message id="m0003" participant="138329" time="2013-03-31 14:08:05 UTC">
      <body>lesa fel hotel ?</body>
    </message>
    <message id="m0004" participant="138112" time="2013-03-31 14:08:35 UTC">
      <body>No meshet</body>
    </message>
    <message id="m0005" participant="138329" time="2013-03-31 14:08:52 UTC">
      <body>ro7ty feen</body>
    </message>
    <message id="m0006" participant="138112" time="2013-03-31 14:10:04 UTC">
      <body>Roht 3and Yomna mestaneya mami teegi ta5odni w heya rag3a men el sho3'l</body>
    </message>
    <message id="m0007" participant="138112" time="2013-03-31 14:10:12 UTC">
      <body>Enta feen?</body>
    </message>
    <message id="m0008" participant="138329" time="2013-03-31 14:10:43 UTC">
      <body>raw7t dool fadeen hay3odo tami</body>
    </message>
    <message id="m0009" participant="138329" time="2013-03-31 14:10:43 UTC">
      <body>tani</body>
    </message>
    <message id="m0010" participant="138329" time="2013-03-31 14:10:44 UTC">
      <body>mesh hat3mli day use m3hom ?</body>
    </message>
    <message id="m0011" participant="138112" time="2013-03-31 14:11:09 UTC">
      <body>Ah mna 3arfa hahaha</body>
    </message>
    <message id="m0012" participant="138329" time="2013-03-31 14:11:45 UTC">
      <body>hahhhahhah akeed 3arfa :p da enty t3rafy ablia :pp</body>
    </message>
    <message id="m0013" participant="138112" time="2013-03-31 14:11:50 UTC">
      <body>La2</body>
    </message>
    <message id="m0014" participant="138329" time="2013-03-31 14:12:25 UTC">
      <body>:p</body>
    </message>
    <message id="m0015" participant="138329" time="2013-04-01 12:01:52 UTC">
      <body>O5ty bt2oli 3al dress bet3ek helw ;)</body>
    </message>
    <message id="m0016" participant="138112" time="2013-04-01 12:09:42 UTC">
      <body>Hahaha begad</body>
    </message>
    <message id="m0018" participant="138329" time="2013-04-01 12:09:58 UTC">
      <body>Ahh wallahi bosu</body>
    </message>
    <message id="m0019" participant="138329" time="2013-04-01 12:10:07 UTC">
      <body>&lt;media omitted&gt;</body>
    </message>
    <message id="m0020" participant="138329" time="2013-04-01 12:10:09 UTC">
      <body>Hahahahahahahahahahah</body>
    </message>
    <message id="m0021" participant="138329" time="2013-04-01 12:10:15 UTC">
      <body>Da5alet el prom ezay de</body>
    </message>
    <message id="m0022" participant="138112" time="2013-04-01 12:24:20 UTC">
      <body>Hahahahahhaaha</body>
    </message>
    <message id="m0024" participant="138329" time="2013-04-01 12:24:33 UTC">
      <body>Hahahahaha</body>
    </message>
    <message id="m0025" participant="138329" time="2013-04-01 12:24:44 UTC">
      <body>Ana mesh ader abatal de77kk</body>
    </message>
    <message id="m0026" participant="138112" time="2013-04-01 12:24:51 UTC">
      <body>Hahahahahaha</body>
    </message>
    <message id="m0027" participant="138112" time="2013-04-01 12:25:11 UTC">
      <body>Hahahahaha</body>
    </message>
    <message id="m0028" participant="138112" time="2013-04-01 12:25:14 UTC">
      <body>Mosh adra</body>
    </message>
    <message id="m0029" participant="138112" time="2013-04-01 12:25:22 UTC">
      <body>D gat menen</body>
    </message>
    <message id="m0030" participant="138329" time="2013-04-01 12:26:25 UTC">
      <body>Hahahha wna wallahi</body>
    </message>
    <message id="m0031" participant="138329" time="2013-04-01 12:26:33 UTC">
      <body>De nezelt be tyara</body>
    </message>
    <message id="m0032" participant="138329" time="2013-04-01 12:26:40 UTC">
      <body>Mada5altsh men el ba</body>
    </message>
    <message id="m0033" participant="138329" time="2013-04-01 12:26:41 UTC">
      <body>Bab</body>
    </message>
    <message id="m0034" participant="138112" time="2013-04-01 12:26:45 UTC">
      <body>&lt;media omitted&gt;</body>
    </message>
    <message id="m0035" participant="138112" time="2013-04-01 12:26:58 UTC">
      <body>Hahahaha da5alt men el bab el wara hahahaha</body>
    </message>
    <message id="m0036" participant="138329" time="2013-04-01 12:27:20 UTC">
      <body>Hahahahahhhahahhhahahahahahahhhahahahahahhahahahahahahahha</body>
    </message>
    <message id="m0037" participant="138329" time="2013-04-01 12:27:26 UTC">
      <body>Mesh ader hamoooot</body>
    </message>
    <message id="m0038" participant="138112" time="2013-04-01 12:27:35 UTC">
      <body>Hahahahaahhaha</body>
    </message>
    <message id="m0039" participant="138329" time="2013-04-01 12:27:37 UTC">
      <body>Ahahahahahahahahahahahhahahahahahaha</body>
    </message>
    <message id="m0040" participant="138329" time="2013-04-01 12:28:00 UTC">
      <body>Shabah saba7 el sha3'ala bet3ty wallagi</body>
    </message>
    <message id="m0041" participant="138329" time="2013-04-01 12:28:00 UTC">
      <body>Wallahi</body>
    </message>
    <message id="m0042" participant="138329" time="2013-04-01 12:28:08 UTC">
      <body>Hahhhahha bosi aya</body>
    </message>
    <message id="m0043" participant="138329" time="2013-04-01 12:28:19 UTC">
      <body>3amla eh fe weshaha</body>
    </message>
    <message id="m0044" participant="138112" time="2013-04-01 12:28:24 UTC">
      <body>Hahahahahahahhahahaha</body>
    </message>
    <message id="m0045" participant="138329" time="2013-04-01 12:28:45 UTC">
      <body>Dana o5ty law 3rft hat3'yar esmaha</body>
    </message>
    <message id="m0046" participant="138112" time="2013-04-01 12:29:00 UTC">
      <body>Hahahahahahahha!!!!!!!</body>
    </message>
    <message id="m0047" participant="138112" time="2013-04-01 12:29:05 UTC">
      <body>Wareeha</body>
    </message>
    <message id="m0048" participant="138112" time="2013-04-01 12:29:07 UTC">
      <body>Hahahaha</body>
    </message>
    <message id="m0049" participant="138329" time="2013-04-01 12:29:15 UTC">
      <body>Hahhhahahhha saawany</body>
    </message>
    <message id="m0051" participant="138329" time="2013-04-01 12:33:11 UTC">
      <body>Hahhahahaa bet2oli a7eehhh jahahahhahaa bet2oli kamn eb3thali whatsapp</body>
    </message>
    <message id="m0052" participant="138112" time="2013-04-01 12:39:27 UTC">
      <body>Hahahahaha</body>
    </message>
    <message id="m0053" participant="138112" time="2013-04-01 12:40:02 UTC">
      <body>A7eeee f3lan</body>
    </message>
    <message id="m0054" participant="138329" time="2013-04-01 12:43:25 UTC">
      <body>Bas soret sondos a7la elsar7a</body>
    </message>
    <message id="m0055" participant="138112" time="2013-04-01 12:43:44 UTC">
      <body>Hahahaha Ana msh msada2a walahi</body>
    </message>
    <message id="m0056" participant="138329" time="2013-04-01 12:44:35 UTC">
      <body>Hahahahahhahaa ana mesh 3arf akdeb 3la nafsy wasad2</body>
    </message>
    <message id="m0057" participant="138329" time="2013-04-01 12:44:54 UTC">
      <body>&lt;media omitted&gt;</body>
    </message>
    <message id="m0058" participant="138112" time="2013-04-01 12:45:22 UTC">
      <body>Hahahaha 7elw:)</body>
    </message>
    <message id="m0059" participant="138329" time="2013-04-01 12:46:00 UTC">
      <body>Ahh</body>
    </message>
    <message id="m0060" participant="138329" time="2013-04-01 12:46:01 UTC">
      <body>:)</body>
    </message>
    <message id="m0061" participant="138112" time="2013-04-01 12:46:40 UTC">
      <body>Ana w enta matsawarnash m3 ba3d :(</body>
    </message>
    <message id="m0062" participant="138329" time="2013-04-01 12:47:02 UTC">
      <body>L2 etsawarna ? :/</body>
    </message>
    <message id="m0063" participant="138329" time="2013-04-01 12:47:27 UTC">
      <body>Manty ma2oltsh netsawar :(</body>
    </message>
    <message id="m0064" participant="138329" time="2013-04-01 12:47:33 UTC">
      <body>Ana oltelek t3ali.fel swar</body>
    </message>
    <message id="m0065" participant="138112" time="2013-04-01 12:48:15 UTC">
      <body>Kadab awy hahaha</body>
    </message>
    <message id="m0066" participant="138112" time="2013-04-01 12:48:24 UTC">
      <body>Bas el mohem etbasat?</body>
    </message>
    <message id="m0067" participant="138329" time="2013-04-01 12:48:28 UTC">
      <body>Ahhh awii</body>
    </message>
    <message id="m0068" participant="138112" time="2013-04-01 12:48:35 UTC">
      <body>Tab el7 hahaha</body>
    </message>
    <message id="m0069" participant="138329" time="2013-04-01 12:49:43 UTC">
      <body>Hahhahahha ahh  bs I was expecting more</body>
    </message>
    <message id="m0070" participant="138329" time="2013-04-01 12:49:48 UTC">
      <body/>
    </message>
    <message id="m0071" participant="138112" time="2013-04-01 12:50:03 UTC">
      <body>More ezay yaani hahaha</body>
    </message>
    <message id="m0072" participant="138329" time="2013-04-01 12:50:36 UTC">
      <body>Eh el ezay</body>
    </message>
    <message id="m0073" participant="138329" time="2013-04-01 12:50:43 UTC">
      <body>Makantsh helwa awii</body>
    </message>
    <message id="m0074" participant="138112" time="2013-04-01 12:52:35 UTC">
      <body>Msh arfa ma7adartsh prom f masr abl keda 3ashan akaren</body>
    </message>
    <message id="m0075" participant="138329" time="2013-04-01 12:53:05 UTC">
      <body>Ahhh</body>
    </message>
    <message id="m0076" participant="138329" time="2013-04-01 12:53:10 UTC">
      <body>Tyb bara a7la</body>
    </message>
    <message id="m0077" participant="138112" time="2013-04-01 12:53:16 UTC">
      <body>Ahhhh bkteer hahaha</body>
    </message>
    <message id="m0078" participant="138112" time="2013-04-01 12:53:31 UTC">
      <body>Else dancing el beyer2osa hena da kalam fare3'</body>
    </message>
    <message id="m0079" participant="138329" time="2013-04-01 12:53:32 UTC">
      <body>Hhahahahha</body>
    </message>
    <message id="m0080" participant="138329" time="2013-04-01 12:53:48 UTC">
      <body>Mesh ba2olek</body>
    </message>
    <message id="m0081" participant="138112" time="2013-04-01 12:53:51 UTC">
      <body>Henak kol walad ya5odlo bent w beyor2oso</body>
    </message>
    <message id="m0082" participant="138329" time="2013-04-01 12:53:52 UTC">
      <body>Hena kano bydrabo</body>
    </message>
    <message id="m0083" participant="138112" time="2013-04-01 12:54:05 UTC">
      <body>Dancing dancing b2a msh el habal el bethabelo hena</body>
    </message>
    <message id="m0084" participant="138112" time="2013-04-01 12:54:07 UTC">
      <body>Hahaha</body>
    </message>
    <message id="m0085" participant="138329" time="2013-04-01 12:54:19 UTC">
      <body>Ana mar2stesh</body>
    </message>
    <message id="m0086" participant="138112" time="2013-04-01 12:54:50 UTC">
      <body>Ana eshta ra2ast shwaya keda habal</body>
    </message>
    <message id="m0087" participant="138329" time="2013-04-01 12:56:14 UTC">
      <body>Haahahaha</body>
    </message>
    <message id="m0088" participant="138329" time="2013-04-01 12:56:47 UTC">
      <body>Enty ma3andkesh sawar ?</body>
    </message>
    <message id="m0089" participant="138112" time="2013-04-01 13:03:22 UTC">
      <body>Leena ehna?</body>
    </message>
    <message id="m0090" participant="138329" time="2013-04-01 13:03:37 UTC">
      <body>Ahh aw m3 ay had</body>
    </message>
    <message id="m0091" participant="138329" time="2013-04-01 13:04:12 UTC">
      <body>Ana wenty feha y3ani</body>
    </message>
    <message id="m0092" participant="138112" time="2013-04-01 13:05:42 UTC">
      <body>La2 m3andish</body>
    </message>
    <message id="m0093" participant="138112" time="2013-04-01 13:05:52 UTC">
      <body>Hazem 7at sewar 3la fekra</body>
    </message>
    <message id="m0094" participant="138329" time="2013-04-01 13:06:15 UTC">
      <body>Mesh akhat mobilek wetsawarna</body>
    </message>
    <message id="m0095" participant="138112" time="2013-04-01 13:07:38 UTC">
      <body>La2?</body>
    </message>
    <message id="m0096" participant="138329" time="2013-04-01 13:07:52 UTC">
      <body>Ahh :/</body>
    </message>
    <message id="m0097" participant="138112" time="2013-04-01 13:08:01 UTC">
      <body>&lt;media omitted&gt;</body>
    </message>
    <message id="m0098" participant="138329" time="2013-04-01 13:08:54 UTC">
      <body>De feen</body>
    </message>
    <message id="m0099" participant="138112" time="2013-04-01 13:11:14 UTC">
      <body>Mohamed el rayes</body>
    </message>
    <message id="m0100" participant="138112" time="2013-04-01 13:11:51 UTC">
      <body>&lt;media omitted&gt;</body>
    </message>
    <message id="m0101" participant="138112" time="2013-04-01 13:12:30 UTC">
      <body>&lt;media omitted&gt;</body>
    </message>
    <message id="m0102" participant="138329" time="2013-04-01 13:13:14 UTC">
      <body>Helwwweeenn</body>
    </message>
    <message id="m0103" participant="138112" time="2013-04-01 13:14:49 UTC">
      <body>Ahhh</body>
    </message>
    <message id="m0104" participant="138329" time="2013-04-01 13:51:26 UTC">
      <body>&lt;media omitted&gt;</body>
    </message>
    <message id="m0105" participant="138112" time="2013-04-01 13:53:34 UTC">
      <body>Helwa awy</body>
    </message>
    <message id="m0107" participant="138112" time="2013-04-01 18:14:57 UTC">
      <body>&lt;media omitted&gt;</body>
    </message>
    <message id="m0108" participant="138329" time="2013-04-01 18:15:26 UTC">
      <body>Hahahahahahahahahhhaahahaahahahaahahaha</body>
    </message>
    <message id="m0109" participant="138112" time="2013-04-01 18:15:33 UTC">
      <body>Hahahahahahahahaahhahahahahaahha</body>
    </message>
    <message id="m0110" participant="138329" time="2013-04-01 18:15:38 UTC">
      <body>De msh bany2dma de motafagerattt</body>
    </message>
    <message id="m0111" participant="138329" time="2013-04-01 18:15:59 UTC">
      <body>Ems7y el sora latfar23 el mobile</body>
    </message>
    <message id="m0112" participant="138329" time="2013-04-01 18:16:01 UTC">
      <body>Besour3q</body>
    </message>
    <message id="m0113" participant="138112" time="2013-04-01 18:17:20 UTC">
      <body>Hhahahahahahahaha ahhhh msh adra mosh adra HAHAHAHAHA</body>
    </message>
    <message id="m0114" participant="138112" time="2013-04-01 18:17:23 UTC">
      <body>Swari5</body>
    </message>
    <message id="m0115" participant="138329" time="2013-04-01 18:18:05 UTC">
      <body>Hahahahahahhaha nawawy momken yefagrna w yefagar el 3alam momken nekhosh world war 3 beha</body>
    </message>
    <message id="m0116" participant="138329" time="2013-04-01 18:18:12 UTC">
      <body>Nekhaleha fel mokadema</body>
    </message>
    <message id="m0117" participant="138329" time="2013-04-01 18:18:18 UTC">
      <body>W nekhosh</body>
    </message>
    <message id="m0118" participant="138112" time="2013-04-01 18:21:02 UTC">
      <body>Hahahahahahahahahahahaha ya lahwy</body>
    </message>
    <message id="m0119" participant="138329" time="2013-04-01 18:21:30 UTC">
      <body>Hahaahahahaha ana memory bet3t mobile khelst men el sota</body>
    </message>
    <message id="m0120" participant="138329" time="2013-04-01 18:21:31 UTC">
      <body>Sora</body>
    </message>
    <message id="m0121" participant="138329" time="2013-04-01 18:22:00 UTC">
      <body>M3aki swar tana lega ?</body>
    </message>
    <message id="m0122" participant="138329" time="2013-04-01 18:22:00 UTC">
      <body>Leha</body>
    </message>
    <message id="m0123" participant="138112" time="2013-04-01 18:22:21 UTC">
      <body>La2 hahahaha</body>
    </message>
    <message id="m0124" participant="138329" time="2013-04-01 18:22:44 UTC">
      <body>Tyb hahahahahha</body>
    </message>
    <message id="m0125" participant="138112" time="2013-04-01 18:23:00 UTC">
      <body>Enta fasha5tni d7k hahaha ahh ya batni</body>
    </message>
    <message id="m0126" participant="138329" time="2013-04-01 18:24:16 UTC">
      <body>Hahahaha ana mesh Der</body>
    </message>
    <message id="m0127" participant="138329" time="2013-04-01 18:24:17 UTC">
      <body>Ader</body>
    </message>
    <message id="m0128" participant="138329" time="2013-04-01 18:24:22 UTC">
      <body>At7arak</body>
    </message>
    <message id="m0129" participant="138112" time="2013-04-01 18:25:24 UTC">
      <body>Ta5ayal 3amalt keda f kam walad shaf el soura hahaha</body>
    </message>
    <message id="m0130" participant="138329" time="2013-04-01 18:27:42 UTC">
      <body>Hahahaahhhah</body>
    </message>
    <message id="m0131" participant="138329" time="2013-04-01 18:27:45 UTC">
      <body>Mesh 3arf</body>
    </message>
    <message id="m0132" participant="138329" time="2013-04-01 18:27:58 UTC">
      <body>Da allah ye7am.el haytgawzha</body>
    </message>
    <message id="m0133" participant="138329" time="2013-04-01 18:28:02 UTC">
      <body>Yer7am</body>
    </message>
    <message id="m0134" participant="138112" time="2013-04-01 18:28:08 UTC">
      <body>Hahahahahahaha</body>
    </message>
    <message id="m0135" participant="138329" time="2013-04-01 18:28:15 UTC">
      <body>Hatnot 3lh tefsh5o</body>
    </message>
    <message id="m0136" participant="138329" time="2013-04-01 18:35:27 UTC">
      <body>De leha album</body>
    </message>
    <message id="m0137" participant="138329" time="2013-04-01 18:38:43 UTC">
      <body>Eb3teli bet3t sondon</body>
    </message>
    <message id="m0138" participant="138329" time="2013-04-01 18:39:14 UTC">
      <body>&lt;media omitted&gt;</body>
    </message>
    <message id="m0139" participant="138329" time="2013-04-01 18:39:53 UTC">
      <body>&lt;media omitted&gt;</body>
    </message>
    <message id="m0140" participant="138329" time="2013-04-01 18:40:09 UTC">
      <body>&lt;media omitted&gt;</body>
    </message>
    <message id="m0141" participant="138329" time="2013-04-01 18:40:20 UTC">
      <body>&lt;media omitted&gt;</body>
    </message>
    <message id="m0142" participant="138329" time="2013-04-01 18:49:34 UTC">
      <body>Soret sondos wenaby</body>
    </message>
    <message id="m0143" participant="138112" time="2013-04-01 18:59:19 UTC">
      <body>&lt;media omitted&gt;</body>
    </message>
    <message id="m0144" participant="138329" time="2013-04-01 20:11:59 UTC">
      <body>Prommmm gab nas gamda awiii bardo</body>
    </message>
    <message id="m0145" participant="138112" time="2013-04-01 20:21:01 UTC">
      <body>Awy hahaha</body>
    </message>
    <message id="m0146" participant="138329" time="2013-04-02 11:48:35 UTC">
      <body>&lt;media omitted&gt;</body>
    </message>
    <message id="m0147" participant="138329" time="2013-04-02 11:48:37 UTC">
      <body>Rabna ya5od el kan beysawar</body>
    </message>
    <message id="m0148" participant="138112" time="2013-04-02 12:25:55 UTC">
      <body>:( eh da</body>
    </message>
    <message id="m0149" participant="138112" time="2013-04-02 12:26:02 UTC">
      <body>Begad el sawar Zbala</body>
    </message>
    <message id="m0150" participant="138329" time="2013-04-02 12:26:17 UTC">
      <body>:(((</body>
    </message>
    <message id="m0151" participant="138329" time="2013-04-02 12:43:12 UTC">
      <body>&lt;media omitted&gt;</body>
    </message>
    <message id="m0152" participant="138329" time="2013-04-02 12:48:39 UTC">
      <body>&lt;media omitted&gt;</body>
    </message>
    <message id="m0153" participant="138112" time="2013-04-02 13:06:09 UTC">
      <body>Hahahaha ya haram</body>
    </message>
    <message id="m0154" participant="138329" time="2013-04-02 13:35:05 UTC">
      <body>Hahaha</body>
    </message>
    <message id="m0155" participant="138329" time="2013-04-02 13:35:08 UTC">
      <body>Bet3mli eh</body>
    </message>
    <message id="m0156" participant="138112" time="2013-04-02 13:54:12 UTC">
      <body>Ba3ml akl, w enta?</body>
    </message>
    <message id="m0157" participant="138329" time="2013-04-02 13:55:31 UTC">
      <body>Bet3mli eh </body>
    </message>
    <message id="m0158" participant="138329" time="2013-04-02 13:55:42 UTC">
      <body>Ana mabsout fash5</body>
    </message>
    <message id="m0159" participant="138329" time="2013-04-02 13:56:28 UTC">
      <body>Barcelona hatel3ab enhrdaaaaa </body>
    </message>
    <message id="m0160" participant="138112" time="2013-04-02 13:57:07 UTC">
      <body>Hatl3ab meen</body>
    </message>
    <message id="m0162" participant="138329" time="2013-04-02 13:59:42 UTC">
      <body>Psg</body>
    </message>
    <message id="m0163" participant="138329" time="2013-04-02 14:02:16 UTC">
      <body>Match hyb2a hlw awii isa yeksaboooo</body>
    </message>
    <message id="m0164" participant="138112" time="2013-04-02 14:03:38 UTC">
      <body>Edaa howa emta</body>
    </message>
    <message id="m0165" participant="138329" time="2013-04-02 14:07:20 UTC">
      <body>8:45</body>
    </message>
    <message id="m0166" participant="138329" time="2013-04-02 14:09:25 UTC">
      <body>Yarab yeksabo bas</body>
    </message>
    <message id="m0167" participant="138112" time="2013-04-02 14:10:14 UTC">
      <body>Hahaha isa</body>
    </message>
    <message id="m0168" participant="138112" time="2013-04-02 14:10:16 UTC">
      <body>:*</body>
    </message>
    <message id="m0169" participant="138329" time="2013-04-02 14:10:55 UTC">
      <body>:*</body>
    </message>
    <message id="m0170" participant="138329" time="2013-04-02 14:11:00 UTC">
      <body>Bet3mli akl eh</body>
    </message>
    <message id="m0172" participant="138329" time="2013-04-02 14:12:35 UTC">
      <body>Allah </body>
    </message>
    <message id="m0173" participant="138112" time="2013-04-02 14:18:24 UTC">
      <body>Hahaha</body>
    </message>
    <message id="m0174" participant="138329" time="2013-04-02 14:18:58 UTC">
      <body>Yara eb2y kol youm gebli m3aki el chicken el btgebha fel madrsa de</body>
    </message>
    <message id="m0175" participant="138112" time="2013-04-02 14:27:14 UTC">
      <body>Hahahaha ya Salam :p</body>
    </message>
    <message id="m0176" participant="138329" time="2013-04-02 14:27:44 UTC">
      <body>Ahh wenaby yeslm edek wana ageblek ay haga enty 3yzaha</body>
    </message>
    <message id="m0178" participant="138112" time="2013-04-02 14:30:02 UTC">
      <body>Hahaha w mami b2a t3melak</body>
    </message>
    <message id="m0179" participant="138112" time="2013-04-02 14:30:11 UTC">
      <body>El 5adama el pappi gabhalak</body>
    </message>
    <message id="m0180" participant="138329" time="2013-04-02 14:30:32 UTC">
      <body>Hahahhahhahahhaha</body>
    </message>
    <message id="m0181" participant="138329" time="2013-04-02 14:30:39 UTC">
      <body>L2 k2naha leki ya zakia</body>
    </message>
    <message id="m0182" participant="138112" time="2013-04-02 14:30:53 UTC">
      <body>W Ana Hakol kol da leh</body>
    </message>
    <message id="m0183" participant="138329" time="2013-04-02 14:31:29 UTC">
      <body>Ya denyyy entty 3'bya mana hakolhom menek haahhahahhhaha</body>
    </message>
    <message id="m0184" participant="138112" time="2013-04-02 14:31:46 UTC">
      <body>Asdy heya hat2ol keda</body>
    </message>
    <message id="m0185" participant="138329" time="2013-04-02 14:32:07 UTC">
      <body>Ahhh sa7y7 so2al zakia</body>
    </message>
    <message id="m0186" participant="138329" time="2013-04-02 14:32:12 UTC">
      <body>Zaki*</body>
    </message>
    <message id="m0187" participant="138112" time="2013-04-02 14:33:05 UTC">
      <body>Hahahaha </body>
    </message>
    <message id="m0188" participant="138329" time="2013-04-02 14:33:32 UTC">
      <body>Tyb el egaba ..... Olelha ga3ana enhrda</body>
    </message>
    <message id="m0189" participant="138112" time="2013-04-02 14:33:48 UTC">
      <body>Enaharda..tab w bokra?</body>
    </message>
    <message id="m0190" participant="138329" time="2013-04-02 14:35:15 UTC">
      <body>Youm w youm b2a mana hageblek ay haga 3yzaha odamha ;)</body>
    </message>
    <message id="m0191" participant="138112" time="2013-04-02 14:35:28 UTC">
      <body>Hahahaha inshallah :p</body>
    </message>
    <message id="m0192" participant="138329" time="2013-04-02 14:38:08 UTC">
      <body>&lt;media omitted&gt;</body>
    </message>
    <message id="m0193" participant="138112" time="2013-04-02 14:54:28 UTC">
      <body>Eh el 5ara da hahahaha</body>
    </message>
    <message id="m0194" participant="138329" time="2013-04-02 14:55:09 UTC">
      <body>Hahahahahahahaa ya saraa</body>
    </message>
    <message id="m0195" participant="138112" time="2013-04-02 21:06:59 UTC">
      <body>:D</body>
    </message>
    <message id="m0196" participant="138329" time="2013-04-02 21:07:22 UTC">
      <body>a7eeehhh shaklna han5sar</body>
    </message>
    <message id="m0197" participant="138329" time="2013-04-02 21:07:28 UTC">
      <body>etfaeagy 3al match</body>
    </message>
    <message id="m0198" participant="138112" time="2013-04-02 21:07:35 UTC">
      <body>Mashy</body>
    </message>
    <message id="m0199" participant="138112" time="2013-04-02 21:07:37 UTC">
      <body>Leh</body>
    </message>
    <message id="m0200" participant="138112" time="2013-04-02 21:07:41 UTC">
      <body>El score kam</body>
    </message>
    <message id="m0201" participant="138329" time="2013-04-02 21:08:07 UTC">
      <body>0:0</body>
    </message>
    <message id="m0202" participant="138329" time="2013-04-02 21:08:15 UTC">
      <body>bas psg fash5ahom</body>
    </message>
    <message id="m0203" participant="138112" time="2013-04-02 21:08:35 UTC">
      <body>A7ee</body>
    </message>
    <message id="m0205" participant="138112" time="2013-04-02 21:09:30 UTC">
      <body>Betetfarag feen</body>
    </message>
    <message id="m0207" participant="138329" time="2013-04-02 21:09:55 UTC">
      <body>m3 karim hani w lesa fe nas tania gaia</body>
    </message>
    <message id="m0208" participant="138112" time="2013-04-02 21:10:04 UTC">
      <body>Mmm</body>
    </message>
    <message id="m0209" participant="138112" time="2013-04-02 21:10:06 UTC">
      <body>Mashy</body>
    </message>
    <message id="m0210" participant="138329" time="2013-04-02 21:11:54 UTC">
      <body>etfargy yala</body>
    </message>
    <message id="m0211" participant="138112" time="2013-04-02 21:12:01 UTC">
      <body>Mashy mashy</body>
    </message>
    <message id="m0212" participant="138112" time="2013-04-02 21:12:10 UTC">
      <body>Badawar 3aleh</body>
    </message>
    <message id="m0213" participant="138112" time="2013-04-02 21:12:18 UTC">
      <body>Enta betetfarag 3leh 3la eh</body>
    </message>
    <message id="m0214" participant="138112" time="2013-04-02 21:12:24 UTC">
      <body>Mosh la2ya</body>
    </message>
    <message id="m0215" participant="138329" time="2013-04-02 21:12:28 UTC">
      <body>tyb :*</body>
    </message>
    <message id="m0216" participant="138329" time="2013-04-02 21:12:40 UTC">
      <body>jsc +4</body>
    </message>
    <message id="m0217" participant="138112" time="2013-04-03 00:35:00 UTC">
      <body>:)</body>
    </message>
    <message id="m0219" participant="138112" time="2013-04-03 00:36:05 UTC">
      <body>Hahahahaha</body>
    </message>
    <message id="m0220" participant="138329" time="2013-04-03 00:36:22 UTC">
      <body>eh el khara da</body>
    </message>
    <message id="m0221" participant="138112" time="2013-04-03 00:36:37 UTC">
      <body>Kona kwayeseen fel awel</body>
    </message>
    <message id="m0222" participant="138329" time="2013-04-03 00:36:52 UTC">
      <body>wwe fel akher</body>
    </message>
    <message id="m0223" participant="138329" time="2013-04-03 00:37:13 UTC">
      <body>eh el 7asal da fel de2e2a 4 fel extra time</body>
    </message>
    <message id="m0224" participant="138329" time="2013-04-03 00:37:19 UTC">
      <body>omo.ar3aaaaa</body>
    </message>
    <message id="m0225" participant="138329" time="2013-04-03 00:37:23 UTC">
      <body/>
    </message>
    <message id="m0226" participant="138112" time="2013-04-03 00:37:58 UTC">
      <body>3eeeeeeb:O</body>
    </message>
    <message id="m0227" participant="138329" time="2013-04-03 00:38:43 UTC">
      <body>bas ana met3asab menoo</body>
    </message>
    <message id="m0228" participant="138112" time="2013-04-03 00:38:57 UTC">
      <body>Ehda tayeb 5alas</body>
    </message>
    <message id="m0229" participant="138329" time="2013-04-03 00:39:11 UTC">
      <body>mana heded khLas</body>
    </message>
    <message id="m0230" participant="138112" time="2013-04-03 00:39:27 UTC">
      <body>Hahaha kwayes</body>
    </message>
    <message id="m0231" participant="138112" time="2013-04-03 00:39:32 UTC">
      <body>Bt3ml eh</body>
    </message>
    <message id="m0232" participant="138329" time="2013-04-03 00:39:45 UTC">
      <body>bas bardo d ebn khaalb</body>
    </message>
    <message id="m0233" participant="138329" time="2013-04-03 00:39:46 UTC">
      <body>da*</body>
    </message>
    <message id="m0234" participant="138329" time="2013-04-03 00:40:14 UTC">
      <body>wala haga batklm whatsapp bas, wenty ?</body>
    </message>
    <message id="m0235" participant="138112" time="2013-04-03 00:54:56 UTC">
      <body>Betkalem meen</body>
    </message>
    <message id="m0236" participant="138329" time="2013-04-03 00:55:42 UTC">
      <body>enty , myrna , posy w assma , salam</body>
    </message>
    <message id="m0237" participant="138329" time="2013-04-03 00:55:45 UTC">
      <body>wenty?</body>
    </message>
    <message id="m0238" participant="138112" time="2013-04-03 00:56:26 UTC">
      <body>Ana bakalemak enta w Myrna w Youssef w Edward</body>
    </message>
    <message id="m0239" participant="138329" time="2013-04-03 00:56:57 UTC">
      <body>gaia bokra ?</body>
    </message>
    <message id="m0240" participant="138112" time="2013-04-03 01:00:12 UTC">
      <body>Akeed la2 f 7ad aslan rayeh</body>
    </message>
    <message id="m0241" participant="138329" time="2013-04-03 01:00:33 UTC">
      <body>mesh madrsa</body>
    </message>
    <message id="m0243" participant="138112" time="2013-04-03 01:03:31 UTC">
      <body>Ahhh</body>
    </message>
    <message id="m0244" participant="138112" time="2013-04-03 01:03:39 UTC">
      <body>Wenta?</body>
    </message>
    <message id="m0245" participant="138329" time="2013-04-03 01:03:48 UTC">
      <body>ahhh isa</body>
    </message>
    <message id="m0246" participant="138112" time="2013-04-03 01:07:28 UTC">
      <body>:*</body>
    </message>
    <message id="m0247" participant="138329" time="2013-04-03 01:08:12 UTC">
      <body>:*</body>
    </message>
    <message id="m0248" participant="138329" time="2013-04-03 19:09:13 UTC">
      <body>enty feen</body>
    </message>
    <message id="m0249" participant="138112" time="2013-04-03 19:49:48 UTC">
      <body>Enta feen</body>
    </message>
    <message id="m0250" participant="138329" time="2013-04-04 00:29:50 UTC">
      <body>mawgoood</body>
    </message>
    <message id="m0251" participant="138329" time="2013-04-04 00:29:52 UTC">
      <body>wentu</body>
    </message>
    <message id="m0252" participant="138112" time="2013-04-04 00:31:46 UTC">
      <body>Eh?</body>
    </message>
    <message id="m0253" participant="138329" time="2013-04-04 00:36:00 UTC">
      <body>lama olteli enta feen</body>
    </message>
    <message id="m0254" participant="138112" time="2013-04-04 00:48:14 UTC">
      <body>Da kan men zaman</body>
    </message>
    <message id="m0255" participant="138329" time="2013-04-04 00:48:51 UTC">
      <body>hhhahaha tyb mashy</body>
    </message>
    <message id="m0256" participant="138329" time="2013-04-04 00:49:00 UTC">
      <body>eh bet3mli eh</body>
    </message>
    <message id="m0257" participant="138329" time="2013-04-04 19:49:57 UTC">
      <body>ya yara :/</body>
    </message>
    <message id="m0258" participant="138112" time="2013-04-04 20:17:11 UTC">
      <body>Helllllo</body>
    </message>
    <message id="m0259" participant="138329" time="2013-04-04 20:35:19 UTC">
      <body>3amla eh</body>
    </message>
    <message id="m0260" participant="138112" time="2013-04-05 18:29:26 UTC">
      <body>Safsafff</body>
    </message>
    <message id="m0261" participant="138329" time="2013-04-05 18:29:51 UTC">
      <body>aywa ya edward</body>
    </message>
    <message id="m0262" participant="138112" time="2013-04-05 18:30:22 UTC">
      <body>Ana Yara</body>
    </message>
    <message id="m0263" participant="138329" time="2013-04-05 18:30:54 UTC">
      <body>ahh</body>
    </message>
    <message id="m0265" participant="138112" time="2013-04-05 18:32:45 UTC">
      <body>Ezayak</body>
    </message>
    <message id="m0266" participant="138329" time="2013-04-05 18:32:56 UTC">
      <body>kwayes</body>
    </message>
    <message id="m0267" participant="138329" time="2013-04-05 18:33:42 UTC">
      <body>wenty</body>
    </message>
    <message id="m0268" participant="138112" time="2013-04-05 18:34:12 UTC">
      <body>Kwayesa el7</body>
    </message>
    <message id="m0269" participant="138329" time="2013-04-05 18:35:35 UTC">
      <body>ray7a bokra</body>
    </message>
    <message id="m0270" participant="138112" time="2013-04-05 18:36:15 UTC">
      <body>Ah isa</body>
    </message>
    <message id="m0272" participant="138329" time="2013-04-05 18:36:27 UTC">
      <body>bafakar</body>
    </message>
    <message id="m0273" participant="138329" time="2013-04-05 18:36:31 UTC">
      <body>meen ray7 tyb ?</body>
    </message>
    <message id="m0274" participant="138112" time="2013-04-05 18:36:46 UTC">
      <body>Msh arfa</body>
    </message>
    <message id="m0275" participant="138329" time="2013-04-05 18:37:04 UTC">
      <body>youssef w edward ray7een?</body>
    </message>
    <message id="m0276" participant="138112" time="2013-04-05 18:37:35 UTC">
      <body>Msh arfa</body>
    </message>
    <message id="m0277" participant="138112" time="2013-04-05 18:37:44 UTC">
      <body>Bas bethaya2li Edward ah</body>
    </message>
    <message id="m0278" participant="138329" time="2013-04-05 18:38:01 UTC">
      <body>w youssef es2ali w oleli</body>
    </message>
    <message id="m0279" participant="138112" time="2013-04-05 18:38:08 UTC">
      <body>Mashy</body>
    </message>
    <message id="m0280" participant="138329" time="2013-04-05 18:38:19 UTC">
      <body>bet3mli eh</body>
    </message>
    <message id="m0281" participant="138329" time="2013-04-05 18:54:24 UTC">
      <body>bakrah el ye2ro w mayrodosh -.-</body>
    </message>
    <message id="m0282" participant="138112" time="2013-04-05 18:54:39 UTC">
      <body>Sorry ma5atsh Bali hahaha ba3ml akl le Hero</body>
    </message>
    <message id="m0283" participant="138329" time="2013-04-05 18:54:55 UTC">
      <body>hero meeb</body>
    </message>
    <message id="m0284" participant="138329" time="2013-04-05 18:55:02 UTC">
      <body>meen</body>
    </message>
    <message id="m0285" participant="138112" time="2013-04-05 18:56:23 UTC">
      <body>&lt;media omitted&gt;</body>
    </message>
    <message id="m0286" participant="138329" time="2013-04-05 18:57:41 UTC">
      <body>y33 :( khalas msh 3ayz a3rafo</body>
    </message>
    <message id="m0287" participant="138112" time="2013-04-05 18:57:59 UTC">
      <body>Hahahaha da cute awy</body>
    </message>
    <message id="m0288" participant="138329" time="2013-04-05 18:58:49 UTC">
      <body>7aram 3lekii dana ba2t 27lam enhom beymwtoni</body>
    </message>
    <message id="m0289" participant="138112" time="2013-04-05 19:09:55 UTC">
      <body>Hahaha 7elemt???</body>
    </message>
    <message id="m0290" participant="138329" time="2013-04-05 19:10:58 UTC">
      <body>ahhh</body>
    </message>
    <message id="m0291" participant="138329" time="2013-04-05 19:10:58 UTC">
      <body>wallahi</body>
    </message>
    <message id="m0292" participant="138329" time="2013-04-05 19:16:39 UTC">
      <body>enty akeed ray7a ?</body>
    </message>
    <message id="m0294" participant="138329" time="2013-04-05 19:18:01 UTC">
      <body>tyv</body>
    </message>
    <message id="m0295" participant="138329" time="2013-04-05 19:18:03 UTC">
      <body>tyb</body>
    </message>
    <message id="m0296" participant="138112" time="2013-04-05 19:18:38 UTC">
      <body>:*</body>
    </message>
    <message id="m0297" participant="138329" time="2013-04-05 19:20:50 UTC">
      <body>:*</body>
    </message>
    <message id="m0298" participant="138112" time="2013-04-06 01:00:52 UTC">
      <body>Rayeh bokra</body>
    </message>
    <message id="m0299" participant="138329" time="2013-04-06 01:01:04 UTC">
      <body>yes</body>
    </message>
    <message id="m0300" participant="138329" time="2013-04-06 01:01:05 UTC">
      <body>wenty</body>
    </message>
    <message id="m0301" participant="138112" time="2013-04-06 01:01:54 UTC">
      <body>Meen rayeh</body>
    </message>
    <message id="m0302" participant="138329" time="2013-04-06 01:02:11 UTC">
      <body>edward hadi</body>
    </message>
    <message id="m0306" participant="138329" time="2013-04-06 01:02:23 UTC">
      <body>farah</body>
    </message>
    <message id="m0307" participant="138112" time="2013-04-06 01:03:19 UTC">
      <body>Mashyy</body>
    </message>
    <message id="m0308" participant="138329" time="2013-04-06 01:03:31 UTC">
      <body>gaia ?</body>
    </message>
    <message id="m0309" participant="138112" time="2013-04-06 01:04:12 UTC">
      <body>Sa2alteni mareteen abl keda w oltelak ah :p</body>
    </message>
    <message id="m0310" participant="138329" time="2013-04-06 01:04:32 UTC">
      <body>manty sa2altny bardo.:p</body>
    </message>
    <message id="m0311" participant="138112" time="2013-04-06 01:04:51 UTC">
      <body>La2 d awel mara as2alak rayeh wala la2</body>
    </message>
    <message id="m0312" participant="138329" time="2013-04-06 01:05:10 UTC">
      <body>bgd ? </body>
    </message>
    <message id="m0313" participant="138112" time="2013-04-06 01:05:12 UTC">
      <body>Ahhh</body>
    </message>
    <message id="m0314" participant="138329" time="2013-04-06 01:05:16 UTC">
      <body>tyb eshta :*</body>
    </message>
    <message id="m0315" participant="138112" time="2013-04-06 01:05:32 UTC">
      <body>Hahaha magnoon walahi</body>
    </message>
    <message id="m0316" participant="138112" time="2013-04-06 01:05:34 UTC">
      <body>:**</body>
    </message>
    <message id="m0317" participant="138329" time="2013-04-06 01:06:22 UTC">
      <body>amoot ana</body>
    </message>
    <message id="m0318" participant="138329" time="2013-04-06 01:06:23 UTC">
      <body>:*</body>
    </message>
    <message id="m0319" participant="138112" time="2013-04-06 01:06:52 UTC">
      <body>Hahahaahahahaha</body>
    </message>
    <message id="m0320" participant="138329" time="2013-04-06 01:07:31 UTC">
      <body/>
    </message>
    <message id="m0321" participant="138112" time="2013-04-06 01:08:42 UTC">
      <body/>
    </message>
    <message id="m0322" participant="138329" time="2013-04-06 01:09:04 UTC">
      <body>enty  hatnamy emta</body>
    </message>
    <message id="m0323" participant="138112" time="2013-04-06 01:09:14 UTC">
      <body>Shwaya keda</body>
    </message>
    <message id="m0327" participant="138112" time="2013-04-06 01:12:31 UTC">
      <body>Hahahaha Ana woman</body>
    </message>
    <message id="m0331" participant="138329" time="2013-04-06 01:19:48 UTC">
      <body>ohh 3ashan yetl3 el kersh</body>
    </message>
    <message id="m0332" participant="138329" time="2013-04-06 01:19:58 UTC">
      <body>omy yala</body>
    </message>
    <message id="m0333" participant="138329" time="2013-04-06 01:19:59 UTC">
      <body>kolo</body>
    </message>
    <message id="m0334" participant="138329" time="2013-04-06 01:20:01 UTC">
      <body>koi</body>
    </message>
    <message id="m0335" participant="138329" time="2013-04-06 01:20:03 UTC">
      <body>koli</body>
    </message>
    <message id="m0337" participant="138112" time="2013-04-06 01:20:57 UTC">
      <body>Hahahahahaha kfaya</body>
    </message>
    <message id="m0338" participant="138329" time="2013-04-06 01:21:40 UTC">
      <body>hahahha</body>
    </message>
    <message id="m0346" participant="138329" time="2013-04-06 01:24:15 UTC">
      <body>:(</body>
    </message>
    <message id="m0348" participant="138329" time="2013-04-06 07:39:35 UTC">
      <body>wala yehmak</body>
    </message>
  </messages>
</conversation>
