<?xml version="1.0" encoding="UTF-8"?>
<conversation id="CHT_ARZ_20130228.0003" medium="CHT" donated="true">
  <messages>
    <message id="m0000" participant="138329" time="2013-02-28 00:15:03 UTC">
      <body>Yaraaa</body>
    </message>
    <message id="m0001" participant="138112" time="2013-02-28 00:45:56 UTC">
      <body>Mobilak etsalah</body>
    </message>
    <message id="m0002" participant="138112" time="2013-02-28 00:45:59 UTC">
      <body>?</body>
    </message>
    <message id="m0003" participant="138329" time="2013-02-28 00:46:42 UTC">
      <body>L2</body>
    </message>
    <message id="m0004" participant="138112" time="2013-02-28 00:46:47 UTC">
      <body>Omal?</body>
    </message>
    <message id="m0005" participant="138329" time="2013-02-28 00:47:13 UTC">
      <body>Mobile tani la2to</body>
    </message>
    <message id="m0006" participant="138112" time="2013-02-28 00:48:13 UTC">
      <body>Mashy</body>
    </message>
    <message id="m0007" participant="138112" time="2013-02-28 00:48:21 UTC">
      <body>Enta sahetne</body>
    </message>
    <message id="m0008" participant="138329" time="2013-02-28 00:49:07 UTC">
      <body>Kalas ana asef namy yala</body>
    </message>
    <message id="m0009" participant="138112" time="2013-02-28 00:50:48 UTC">
      <body>Lesa</body>
    </message>
    <message id="m0010" participant="138112" time="2013-02-28 00:50:54 UTC">
      <body>3ayza a3mel pipi</body>
    </message>
    <message id="m0011" participant="138112" time="2013-02-28 00:50:59 UTC">
      <body>W msh adra at7arak</body>
    </message>
    <message id="m0012" participant="138329" time="2013-02-28 00:51:40 UTC">
      <body>Hahahaha, la2 ro7y 23mli pipi yaka</body>
    </message>
    <message id="m0013" participant="138112" time="2013-02-28 00:55:04 UTC">
      <body>2omt 5alas hahaha</body>
    </message>
    <message id="m0014" participant="138112" time="2013-02-28 00:55:09 UTC">
      <body>Ana hanam b2a</body>
    </message>
    <message id="m0015" participant="138112" time="2013-02-28 00:55:15 UTC">
      <body>hateegi bokra</body>
    </message>
    <message id="m0016" participant="138329" time="2013-02-28 00:56:53 UTC">
      <body>Ahhh</body>
    </message>
    <message id="m0017" participant="138329" time="2013-02-28 00:56:57 UTC">
      <body>Wenty</body>
    </message>
    <message id="m0018" participant="138112" time="2013-02-28 00:57:04 UTC">
      <body>Ah isa</body>
    </message>
  </messages>
</conversation>
