<?xml version="1.0" encoding="UTF-8"?>
<conversation id="CHT_ARZ_20130319.0001" medium="CHT" donated="true">
  <messages>
    <message id="m0002" participant="138112" time="2013-03-19 21:32:53 UTC">
      <body>Hahahaha Adham ba3atli beyes2alni 3mlt eh fel votes</body>
    </message>
    <message id="m0003" participant="138324" time="2013-03-19 21:32:59 UTC">
      <body>Bas kan maafol</body>
    </message>
    <message id="m0004" participant="138324" time="2013-03-19 21:33:08 UTC">
      <body>hahahahahahahaha</body>
    </message>
    <message id="m0005" participant="138112" time="2013-03-19 21:35:38 UTC">
      <body>Begad msh lel daragady</body>
    </message>
    <message id="m0006" participant="138324" time="2013-03-19 21:37:33 UTC">
      <body>Ah waalahy</body>
    </message>
    <message id="m0007" participant="138324" time="2013-03-19 21:37:59 UTC">
      <body>&lt;media omitted&gt;</body>
    </message>
    <message id="m0008" participant="138324" time="2013-03-19 21:38:03 UTC">
      <body>Mesh ha2lha</body>
    </message>
    <message id="m0013" participant="138112" time="2013-03-19 21:42:42 UTC">
      <body>I know baby I love you more :***</body>
    </message>
  </messages>
</conversation>
