<?xml version="1.0" encoding="UTF-8"?>
<conversation id="CHT_ARZ_20130425.0006" medium="CHT" donated="true">
  <messages>
    <message id="m0000" time="2013-04-25 17:21:04 UTC" participant="139275">
      <body>دودو</body>
    </message>
    <message id="m0001" time="2013-04-25 17:21:08 UTC" participant="139275">
      <body>عاملة ايه</body>
    </message>
    <message id="m0002" time="2013-04-25 17:21:16 UTC" participant="139275">
      <body>معلش مقصرة معاكي</body>
    </message>
    <message id="m0003" time="2013-04-25 17:21:27 UTC" participant="139275">
      <body>انا روحت بيتي ومفيش نت هناك</body>
    </message>
    <message id="m0004" time="2013-04-25 17:21:39 UTC" participant="139275">
      <body>طمنيني عليكي وعلى كنزي</body>
    </message>
    <message id="m0005" time="2013-04-25 17:22:28 UTC" participant="139275">
      <body>مقصرة معايا ايه بي</body>
    </message>
    <message id="m0006" time="2013-04-25 17:22:37 UTC" participant="139275">
      <body>يارب دايما في احسن حال</body>
    </message>
    <message id="m0007" time="2013-04-25 17:22:50 UTC" participant="139275">
      <body>ابعتيلي صورة جديدة ليها لو ينفع</body>
    </message>
    <message id="m0008" time="2013-04-25 17:23:13 UTC" participant="139275">
      <body>الحمد الله انا لسة الرضاعة تعباني :(</body>
    </message>
    <message id="m0009" time="2013-04-25 17:23:29 UTC" participant="139275">
      <body>وهو بيرجع لللبن على طول</body>
    </message>
    <message id="m0010" time="2013-04-25 17:23:51 UTC" participant="139275">
      <body>يا مجرمة</body>
    </message>
    <message id="m0011" time="2013-04-25 17:24:06 UTC" participant="139558">
      <body/>
    </message>
    <message id="m0012" time="2013-04-25 17:24:14 UTC" participant="139275">
      <body>صغيرة اوي يا ضحى</body>
    </message>
    <message id="m0013" time="2013-04-25 17:24:16 UTC" participant="139558">
      <body>انا اللي مقصرة معاكي</body>
    </message>
    <message id="m0014" time="2013-04-25 17:24:18 UTC" participant="139275">
      <body>يا حبيبتي</body>
    </message>
    <message id="m0015" time="2013-04-25 17:24:31 UTC" participant="139558">
      <body>بس الحوسة بقي انت عارفة</body>
    </message>
    <message id="m0016" time="2013-04-25 17:24:39 UTC" participant="139558">
      <body>انا بخير الحمد لله</body>
    </message>
    <message id="m0017" time="2013-04-25 17:24:44 UTC" participant="139558">
      <body>وكنزي كمان</body>
    </message>
    <message id="m0018" time="2013-04-25 17:24:49 UTC" participant="139275">
      <body>يا ترى طالعة لمين</body>
    </message>
    <message id="m0019" time="2013-04-25 17:24:54 UTC" participant="139275">
      <body/>
    </message>
    <message id="m0020" time="2013-04-25 17:25:07 UTC" participant="139558">
      <body>انت عاملة ايه و يحيي</body>
    </message>
    <message id="m0021" time="2013-04-25 17:25:07 UTC" participant="139275">
      <body>يحيى قصير برضو على فكرة</body>
    </message>
    <message id="m0022" time="2013-04-25 17:25:27 UTC" participant="139558">
      <body>&lt;media omitted&gt;</body>
    </message>
    <message id="m0023" time="2013-04-25 17:25:36 UTC" participant="139275">
      <body>حلو في البنات</body>
    </message>
    <message id="m0024" time="2013-04-25 17:25:37 UTC" participant="139558">
      <body>&lt;media omitted&gt;</body>
    </message>
    <message id="m0025" time="2013-04-25 17:26:00 UTC" participant="139558">
      <body>&lt;media omitted&gt;</body>
    </message>
    <message id="m0026" time="2013-04-25 17:26:01 UTC" participant="139275">
      <body>اخدتي على فكرة الامومة وكده؟</body>
    </message>
    <message id="m0027" time="2013-04-25 17:26:06 UTC" participant="139558">
      <body>يا حبيبتي</body>
    </message>
    <message id="m0028" time="2013-04-25 17:26:06 UTC" participant="139275">
      <body>☺</body>
    </message>
    <message id="m0029" time="2013-04-25 17:26:11 UTC" participant="139558">
      <body>ليه بس كده</body>
    </message>
    <message id="m0030" time="2013-04-25 17:26:15 UTC" participant="139558">
      <body>الله يقويكي</body>
    </message>
    <message id="m0031" time="2013-04-25 17:26:23 UTC" participant="139558">
      <body>شوفتي المسخرة</body>
    </message>
    <message id="m0032" time="2013-04-25 17:26:31 UTC" participant="139275">
      <body>الحمد لله</body>
    </message>
    <message id="m0033" time="2013-04-25 17:26:39 UTC" participant="139558">
      <body>&lt;media omitted&gt;</body>
    </message>
    <message id="m0034" time="2013-04-25 17:26:44 UTC" participant="139558">
      <body>اه</body>
    </message>
    <message id="m0035" time="2013-04-25 17:26:48 UTC" participant="139275">
      <body>انا. رضاعة الفجر دي بتقتلني</body>
    </message>
    <message id="m0036" time="2013-04-25 17:26:55 UTC" participant="139558">
      <body>اوزعة</body>
    </message>
    <message id="m0037" time="2013-04-25 17:27:16 UTC" participant="139558">
      <body>هههه</body>
    </message>
    <message id="m0038" time="2013-04-25 17:27:25 UTC" participant="139275">
      <body>انا نفسي يشوف بقى</body>
    </message>
    <message id="m0039" time="2013-04-25 17:27:32 UTC" participant="139558">
      <body>لباباها طبعا</body>
    </message>
    <message id="m0040" time="2013-04-25 17:27:36 UTC" participant="139275">
      <body>انا لبني قل :(</body>
    </message>
    <message id="m0041" time="2013-04-25 17:27:42 UTC" participant="139558">
      <body>وماله القصر</body>
    </message>
    <message id="m0042" time="2013-04-25 17:27:46 UTC" participant="139558">
      <body>احسن ناس</body>
    </message>
    <message id="m0043" time="2013-04-25 17:27:48 UTC" participant="139275">
      <body>ومتبهدلة</body>
    </message>
    <message id="m0044" time="2013-04-25 17:28:20 UTC" participant="139275">
      <body>مضايقة اوي اني مش بحب الرضاعة</body>
    </message>
    <message id="m0045" time="2013-04-25 17:28:30 UTC" participant="139558">
      <body>اه و لا</body>
    </message>
    <message id="m0046" time="2013-04-25 17:28:34 UTC" participant="139275">
      <body>انا مليش اييي نفس لاي حاجة</body>
    </message>
    <message id="m0047" time="2013-04-25 17:28:35 UTC" participant="139558">
      <body>حاجات و حاجات</body>
    </message>
    <message id="m0048" time="2013-04-25 17:28:41 UTC" participant="139558">
      <body>بس مستمتعة</body>
    </message>
    <message id="m0049" time="2013-04-25 17:28:58 UTC" participant="139275">
      <body>تمنحك الرضاعة الطبيعية عادةً شهية كبيرة. لذا، إذا كنت لا تشعرين برغبة في الأكل، فقد تكون هذه علامة على حاجتك إلى مزيد من الدعم العاطفي. في بعض الأحيان، تفقد النساء المصابات باكتئاب ما بعد الولادة شهيتهن. إذا كنت تجدين صعوبة كبيرة في تناول الطعام، راجعي طبيبتك وتحدثي معها عما تشعرين به.</body>
    </message>
    <message id="m0050" time="2013-04-25 17:29:00 UTC" participant="139558">
      <body>حضنهم حلو اوي ولاد الايه</body>
    </message>
    <message id="m0051" time="2013-04-25 17:29:27 UTC" participant="139558">
      <body>والله و انا</body>
    </message>
    <message id="m0052" time="2013-04-25 17:29:32 UTC" participant="139275">
      <body>بقول لمحمود كده قعذ يتريق عليا :(</body>
    </message>
    <message id="m0053" time="2013-04-25 17:29:37 UTC" participant="139558">
      <body>دي اكتر حاجة تعباني</body>
    </message>
    <message id="m0054" time="2013-04-25 17:30:10 UTC" participant="139558">
      <body>بس مش حنطول بيتعودوا يناموا بعد كده</body>
    </message>
    <message id="m0055" time="2013-04-25 17:30:19 UTC" participant="139558">
      <body>ليه كده طيب</body>
    </message>
    <message id="m0056" time="2013-04-25 17:30:23 UTC" participant="139558">
      <body>اشربي</body>
    </message>
    <message id="m0057" time="2013-04-25 17:30:28 UTC" participant="139558">
      <body>حلبة و مسوغات</body>
    </message>
    <message id="m0058" time="2013-04-25 17:30:31 UTC" participant="139558">
      <body>موغات</body>
    </message>
    <message id="m0059" time="2013-04-25 17:30:35 UTC" participant="139558">
      <body>كتيرررر</body>
    </message>
    <message id="m0060" time="2013-04-25 17:30:41 UTC" participant="139275">
      <body>مش عارفة</body>
    </message>
    <message id="m0061" time="2013-04-25 17:30:57 UTC" participant="139275">
      <body>دكتور الاطفال قالي لازم تكلي وتشربي كتير</body>
    </message>
    <message id="m0062" time="2013-04-25 17:31:03 UTC" participant="139275">
      <body>انا اكلي زفت</body>
    </message>
    <message id="m0063" time="2013-04-25 17:31:14 UTC" participant="139275">
      <body>على طول مضايقة</body>
    </message>
    <message id="m0064" time="2013-04-25 17:31:20 UTC" participant="139275">
      <body>وقاعدة لوحدي</body>
    </message>
    <message id="m0065" time="2013-04-25 17:31:28 UTC" participant="139275">
      <body>ومتخانقة مع محمود</body>
    </message>
    <message id="m0066" time="2013-04-25 17:31:44 UTC" participant="139275">
      <body>ومها من ساعت لما اتخطبت مش معبراني</body>
    </message>
    <message id="m0067" time="2013-04-25 17:31:56 UTC" participant="139275">
      <body>لدرجة اني بكلمها مش بترد</body>
    </message>
    <message id="m0068" time="2013-04-25 17:32:19 UTC" participant="139558">
      <body>معلش ملهومش هما في الكلام ده</body>
    </message>
    <message id="m0069" time="2013-04-25 17:32:26 UTC" participant="139275">
      <body>وكلمتها في البيت هزأتها ولا الهوا محاولتش تكلمني تاني</body>
    </message>
    <message id="m0070" time="2013-04-25 17:32:27 UTC" participant="139558">
      <body>ده آخرهم ترقية</body>
    </message>
    <message id="m0071" time="2013-04-25 17:32:32 UTC" participant="139558">
      <body>تريقة</body>
    </message>
    <message id="m0072" time="2013-04-25 17:32:41 UTC" participant="139558">
      <body>طيب كلمي الدكتور</body>
    </message>
    <message id="m0073" time="2013-04-25 17:33:19 UTC" participant="139275">
      <body>ربنا معاها</body>
    </message>
    <message id="m0074" time="2013-04-25 17:33:33 UTC" participant="139275">
      <body>لا</body>
    </message>
    <message id="m0075" time="2013-04-25 17:33:41 UTC" participant="139558">
      <body>حاولي يا أمنية لازم</body>
    </message>
    <message id="m0076" time="2013-04-25 17:33:44 UTC" participant="139275">
      <body>مي عندها</body>
    </message>
    <message id="m0077" time="2013-04-25 17:33:49 UTC" participant="139558">
      <body>يا حبيبتي</body>
    </message>
    <message id="m0078" time="2013-04-25 17:33:54 UTC" participant="139275">
      <body>فمش عارفة تنزل</body>
    </message>
    <message id="m0079" time="2013-04-25 17:33:59 UTC" participant="139558">
      <body>و يحيي مش بيسليكي</body>
    </message>
    <message id="m0080" time="2013-04-25 17:34:22 UTC" participant="139558">
      <body>معلش عروسة بقي</body>
    </message>
    <message id="m0081" time="2013-04-25 17:34:22 UTC" participant="139275">
      <body>اهو يحيى صحى :(</body>
    </message>
    <message id="m0082" time="2013-04-25 17:35:21 UTC" participant="139558">
      <body>متزعليش يا أمنية تلاقيها مشغولة ولا حاجة</body>
    </message>
    <message id="m0083" time="2013-04-25 17:35:39 UTC" participant="139558">
      <body>طيب طنط مش بتجيلك</body>
    </message>
    <message id="m0084" time="2013-04-25 17:35:50 UTC" participant="139275">
      <body>حجزتي لمصر ؟</body>
    </message>
    <message id="m0085" time="2013-04-25 17:36:06 UTC" participant="139558">
      <body>ليه كده</body>
    </message>
    <message id="m0086" time="2013-04-25 17:36:17 UTC" participant="139558">
      <body>طب ما يجوا مع بعض</body>
    </message>
    <message id="m0087" time="2013-04-25 17:37:44 UTC" participant="139558">
      <body>ربنا يقويكي</body>
    </message>
    <message id="m0088" time="2013-04-25 17:38:03 UTC" participant="139558">
      <body>اصبري عليه بكرة يكبر و يملي عليكي الدنيا</body>
    </message>
    <message id="m0089" time="2013-04-25 17:38:18 UTC" participant="139558">
      <body>لسه والله</body>
    </message>
    <message id="m0090" time="2013-04-25 17:38:25 UTC" participant="139558">
      <body>بس حبدا أدور</body>
    </message>
  </messages>
</conversation>
