<?xml version="1.0" encoding="UTF-8"?>
<conversation id="CHT_ARZ_20121123.0000" medium="CHT" donated="true">
  <messages>
    <message id="m0000" participant="138318" time="2012-11-23 13:01:12 UTC">
      <body>3mla eh</body>
    </message>
    <message id="m0001" participant="138112" time="2012-11-23 13:36:59 UTC">
      <body>Kwayes enta 3amel eh</body>
    </message>
    <message id="m0002" participant="138318" time="2012-11-23 13:43:04 UTC">
      <body>Kwayes</body>
    </message>
    <message id="m0003" participant="138112" time="2012-11-23 13:43:24 UTC">
      <body>Bt3mel ehh?</body>
    </message>
    <message id="m0004" participant="138318" time="2012-11-23 13:44:49 UTC">
      <body>Kont bafter w baklmk</body>
    </message>
    <message id="m0005" participant="138112" time="2012-11-23 13:45:50 UTC">
      <body>Beteftar delwa2ty????? Enta sa7i emta</body>
    </message>
    <message id="m0006" participant="138318" time="2012-11-23 14:06:31 UTC">
      <body>Se7t 25at dosh w b3denn salet w b3deen. Fetert</body>
    </message>
    <message id="m0007" participant="138112" time="2012-11-23 14:13:25 UTC">
      <body>Mmm mashy</body>
    </message>
    <message id="m0008" participant="138318" time="2012-11-23 14:13:42 UTC">
      <body>Enty bet3mly eh.</body>
    </message>
    <message id="m0009" participant="138112" time="2012-11-23 14:16:34 UTC">
      <body>Wla 7aga fel serir</body>
    </message>
    <message id="m0010" participant="138112" time="2012-11-23 14:16:59 UTC">
      <body>Bas ha2oom delwa2ty 3ashan 5ali hena</body>
    </message>
    <message id="m0011" participant="138318" time="2012-11-23 14:18:10 UTC">
      <body>Fetrty</body>
    </message>
    <message id="m0012" participant="138112" time="2012-11-23 14:24:18 UTC">
      <body>La2 lesa</body>
    </message>
    <message id="m0013" participant="138318" time="2012-11-23 14:25:29 UTC">
      <body>W bet2ollyly ana fetret delw2ty , ommy  kolly yalla besor3a</body>
    </message>
    <message id="m0014" participant="138112" time="2012-11-23 14:55:33 UTC">
      <body>7ader gaga</body>
    </message>
    <message id="m0015" participant="138112" time="2012-11-23 14:55:37 UTC">
      <body>*haha</body>
    </message>
    <message id="m0016" participant="138112" time="2012-11-23 14:55:43 UTC">
      <body>Hat3mel eh enaharda</body>
    </message>
    <message id="m0017" participant="138318" time="2012-11-23 15:12:39 UTC">
      <body>mesh 3ref enty hat3ml eh</body>
    </message>
    <message id="m0018" participant="138112" time="2012-11-23 15:18:05 UTC">
      <body>Wala 7aga</body>
    </message>
    <message id="m0019" participant="138318" time="2012-11-23 15:21:53 UTC">
      <body>Ana shwaya w hanzl l gym dah elly ana 3rft ha3mlo nw</body>
    </message>
    <message id="m0020" participant="138112" time="2012-11-23 15:25:56 UTC">
      <body>Msh fahma?</body>
    </message>
    <message id="m0021" participant="138318" time="2012-11-23 15:36:33 UTC">
      <body>Ya3ni ana shwaya w nazl l gym</body>
    </message>
    <message id="m0022" participant="138112" time="2012-11-23 15:53:53 UTC">
      <body>Tayeb</body>
    </message>
    <message id="m0023" participant="138318" time="2012-11-23 16:06:53 UTC">
      <body>Karerty hat3mly eh</body>
    </message>
    <message id="m0024" participant="138112" time="2012-11-23 16:10:02 UTC">
      <body>Ha3od fel bet</body>
    </message>
    <message id="m0025" participant="138318" time="2012-11-23 22:51:49 UTC">
      <body>Ty</body>
    </message>
    <message id="m0026" participant="138318" time="2012-11-23 22:52:00 UTC">
      <body>Tyb*</body>
    </message>
    <message id="m0027" participant="138112" time="2012-11-23 22:57:32 UTC">
      <body>Enta feen?</body>
    </message>
    <message id="m0028" participant="138318" time="2012-11-23 23:44:04 UTC">
      <body>Ana fel 3asher</body>
    </message>
    <message id="m0029" participant="138318" time="2012-11-23 23:44:05 UTC">
      <body>w u</body>
    </message>
    <message id="m0030" participant="138112" time="2012-11-23 23:58:17 UTC">
      <body>Bt3mel eh henak</body>
    </message>
    <message id="m0031" participant="138318" time="2012-11-23 23:59:10 UTC">
      <body>Bazaker</body>
    </message>
    <message id="m0032" participant="138318" time="2012-11-23 23:59:22 UTC">
      <body>Asl feh quiz physcis bkra</body>
    </message>
    <message id="m0033" participant="138112" time="2012-11-24 00:00:33 UTC">
      <body>Ahhh okay</body>
    </message>
    <message id="m0034" participant="138318" time="2012-11-24 00:01:16 UTC">
      <body>Zakrty</body>
    </message>
    <message id="m0035" participant="138112" time="2012-11-24 00:01:24 UTC">
      <body>Ahhh</body>
    </message>
    <message id="m0036" participant="138318" time="2012-11-24 00:02:36 UTC">
      <body>Hatnamy</body>
    </message>
    <message id="m0037" participant="138112" time="2012-11-24 00:03:28 UTC">
      <body>Shwaya keda</body>
    </message>
    <message id="m0038" participant="138318" time="2012-11-24 00:04:41 UTC">
      <body>W bet3mly eh</body>
    </message>
    <message id="m0039" participant="138112" time="2012-11-24 00:07:08 UTC">
      <body>A3da 3al laptop</body>
    </message>
    <message id="m0040" participant="138318" time="2012-11-24 00:51:51 UTC">
      <body>2shta</body>
    </message>
    <message id="m0041" participant="138112" time="2012-11-24 16:15:19 UTC">
      <body>Ana f dars deen</body>
    </message>
    <message id="m0042" participant="138318" time="2012-11-24 16:17:20 UTC">
      <body>Haahah deh 7aga 7lwaa</body>
    </message>
    <message id="m0043" participant="138318" time="2012-11-24 16:17:31 UTC">
      <body>Mana oltelk</body>
    </message>
    <message id="m0044" participant="138318" time="2012-11-24 16:17:34 UTC">
      <body>3ady b2a</body>
    </message>
    <message id="m0046" participant="138318" time="2012-11-24 16:19:24 UTC">
      <body>M3lesh ya 7bbty :s</body>
    </message>
    <message id="m0047" participant="138318" time="2012-11-24 16:19:36 UTC">
      <body>Est7mlyy</body>
    </message>
    <message id="m0048" participant="138318" time="2012-11-24 16:19:41 UTC">
      <body>Hat5lso emta</body>
    </message>
    <message id="m0049" participant="138112" time="2012-11-24 16:20:27 UTC">
      <body>Eshta mesh meday2a haha</body>
    </message>
    <message id="m0050" participant="138112" time="2012-11-24 16:20:36 UTC">
      <body>3la 5</body>
    </message>
    <message id="m0051" participant="138318" time="2012-11-24 16:21:03 UTC">
      <body>Yeb2a a2blk henak 3ala 6 b2a</body>
    </message>
    <message id="m0052" participant="138112" time="2012-11-24 16:26:11 UTC">
      <body>Lesa harawa7 aghaz</body>
    </message>
    <message id="m0053" participant="138318" time="2012-11-24 16:28:45 UTC">
      <body>Mahwa 3obal matrw7y w teghazy hatb2a 5:45 w b3denn tegy 3ala 6:00</body>
    </message>
    <message id="m0054" participant="138112" time="2012-11-24 16:59:53 UTC">
      <body>El dars 5elas w hanakol delwa2ty</body>
    </message>
    <message id="m0055" participant="138318" time="2012-11-24 17:22:32 UTC">
      <body>Ya7alawaa lesa. Malbstesh</body>
    </message>
    <message id="m0056" participant="138112" time="2012-11-24 17:46:29 UTC">
      <body>Ana lesa hena aslan</body>
    </message>
    <message id="m0057" participant="138318" time="2012-11-24 17:47:05 UTC">
      <body>Enty lesa marw7tesg</body>
    </message>
    <message id="m0058" participant="138112" time="2012-11-24 17:47:27 UTC">
      <body>Ahh</body>
    </message>
    <message id="m0059" participant="138112" time="2012-11-24 17:47:35 UTC">
      <body>Lesa hena fel maadi</body>
    </message>
    <message id="m0060" participant="138112" time="2012-11-24 17:47:39 UTC">
      <body>Shit</body>
    </message>
    <message id="m0062" participant="138318" time="2012-11-24 17:49:24 UTC">
      <body>Tb raw7yyy besor3aa b1aa</body>
    </message>
    <message id="m0063" participant="138112" time="2012-11-24 17:51:08 UTC">
      <body>Etesel b omi 2olaha</body>
    </message>
    <message id="m0064" participant="138318" time="2012-11-24 17:55:35 UTC">
      <body>Tb olylha enk met25araa</body>
    </message>
    <message id="m0065" participant="138318" time="2012-11-24 17:55:39 UTC">
      <body>W lazemmm teroo7yy</body>
    </message>
    <message id="m0066" participant="138112" time="2012-11-24 17:55:53 UTC">
      <body>Olaha</body>
    </message>
    <message id="m0067" participant="138112" time="2012-11-24 17:56:04 UTC">
      <body>&lt;vCard omitted&gt;</body>
    </message>
    <message id="m0068" participant="138112" time="2012-11-24 17:56:15 UTC">
      <body>3ashan 5atti</body>
    </message>
    <message id="m0069" participant="138112" time="2012-11-24 17:56:19 UTC">
      <body>*5atri</body>
    </message>
    <message id="m0070" participant="138318" time="2012-11-24 17:58:32 UTC">
      <body>Heya 3ady</body>
    </message>
    <message id="m0071" participant="138112" time="2012-11-24 17:58:43 UTC">
      <body>Ahhhh</body>
    </message>
    <message id="m0072" participant="138318" time="2012-11-24 17:59:01 UTC">
      <body>Tb edyha hint eny haklmha</body>
    </message>
    <message id="m0073" participant="138112" time="2012-11-24 17:59:18 UTC">
      <body>Hint eh bas heya 3arfak etesel</body>
    </message>
    <message id="m0074" participant="138112" time="2012-11-24 17:59:20 UTC">
      <body>Yala!</body>
    </message>
    <message id="m0075" participant="138318" time="2012-11-24 17:59:33 UTC">
      <body>Tb a2olaha eh</body>
    </message>
    <message id="m0076" participant="138112" time="2012-11-24 17:59:48 UTC">
      <body>Yala geebi Yara w Yomna 3ashan homa meta5areen awy</body>
    </message>
    <message id="m0077" participant="138318" time="2012-11-24 18:00:08 UTC">
      <body>Tyb</body>
    </message>
    <message id="m0078" participant="138112" time="2012-11-24 18:00:25 UTC">
      <body>:D</body>
    </message>
    <message id="m0079" participant="138112" time="2012-11-24 18:00:55 UTC">
      <body>Msh bet2oom terod </body>
    </message>
    <message id="m0080" participant="138318" time="2012-11-24 18:01:21 UTC">
      <body>Heya tb olylha terood</body>
    </message>
    <message id="m0081" participant="138318" time="2012-11-24 18:03:45 UTC">
      <body>Mot2keda heya mmken terod</body>
    </message>
    <message id="m0082" participant="138112" time="2012-11-24 18:13:55 UTC">
      <body>E7na nezelna aho</body>
    </message>
    <message id="m0083" participant="138318" time="2012-11-24 18:16:28 UTC">
      <body>Heehhhh *dancinf dace*</body>
    </message>
    <message id="m0084" participant="138112" time="2012-11-24 18:17:18 UTC">
      <body>Enta feen?</body>
    </message>
    <message id="m0085" participant="138318" time="2012-11-24 18:17:31 UTC">
      <body>Ana fe 3abas l 32ad</body>
    </message>
    <message id="m0086" participant="138112" time="2012-11-24 18:17:47 UTC">
      <body>Bt3mel eh henak</body>
    </message>
    <message id="m0087" participant="138318" time="2012-11-24 18:18:01 UTC">
      <body>Ray7 3ala city</body>
    </message>
    <message id="m0088" participant="138112" time="2012-11-24 18:28:06 UTC">
      <body>Okayyy</body>
    </message>
    <message id="m0089" participant="138318" time="2012-11-24 18:29:17 UTC">
      <body>Entty ba2eety feen ?</body>
    </message>
    <message id="m0090" participant="138112" time="2012-11-24 18:30:01 UTC">
      <body>Nady el seka</body>
    </message>
    <message id="m0091" participant="138318" time="2012-11-24 18:32:42 UTC">
      <body>Tyb engezzo</body>
    </message>
    <message id="m0092" participant="138112" time="2012-11-24 18:32:59 UTC">
      <body>Ana lesa aslan halbes</body>
    </message>
    <message id="m0093" participant="138318" time="2012-11-24 18:33:47 UTC">
      <body>Odamek ad a ?</body>
    </message>
    <message id="m0094" participant="138112" time="2012-11-24 18:34:52 UTC">
      <body>Mesh 2a2al men sa3a</body>
    </message>
    <message id="m0095" participant="138318" time="2012-11-24 18:35:19 UTC">
      <body>Tb engezzy</body>
    </message>
    <message id="m0096" participant="138112" time="2012-11-24 18:36:24 UTC">
      <body>7ader!!!!</body>
    </message>
    <message id="m0097" participant="138112" time="2012-11-24 19:42:15 UTC">
      <body>Enta feen?</body>
    </message>
    <message id="m0098" participant="138112" time="2012-11-24 23:49:16 UTC">
      <body>Rawa7t ya Gad</body>
    </message>
  </messages>
</conversation>
