<?xml version="1.0" encoding="UTF-8"?>
<conversation id="CHT_ARZ_20130505.0000" medium="CHT" donated="true">
  <messages>
    <message id="m0000" time="2013-05-05 10:09:00 UTC" participant="139213">
      <body>Happy bday 2 u...isa elsna d t72a2i feha kl elli nfsk feh..oli yarab </body>
    </message>
    <message id="m0001" time="2013-05-05 10:14:00 UTC" participant="139326">
      <body>وانتى طيبه</body>
    </message>
    <message id="m0002" time="2013-05-05 10:14:00 UTC" participant="139326">
      <body>يااااارب</body>
    </message>
    <message id="m0004" time="2013-05-05 10:54:00 UTC" participant="139213">
      <body>ان شاء الله</body>
    </message>
    <message id="m0005" time="2013-05-05 10:54:00 UTC" participant="139213">
      <body>ضهرك عامل ايه</body>
    </message>
    <message id="m0006" time="2013-05-05 11:47:00 UTC" participant="139326">
      <body>اهو الحمد لله احسن مع الدوا</body>
    </message>
  </messages>
</conversation>
