<?xml version="1.0" encoding="UTF-8"?>
<conversation id="CHT_ARZ_20130207.0002" medium="CHT" donated="true">
  <messages>
    <message id="m0000" time="2013-02-07 14:52:15 UTC" participant="139275">
      <body>ولاء</body>
    </message>
    <message id="m0001" time="2013-02-07 23:32:52 UTC" participant="139570">
      <body>ايوه يا امنيه</body>
    </message>
    <message id="m0002" time="2013-02-07 23:32:55 UTC" participant="139570">
      <body>ازيك</body>
    </message>
    <message id="m0003" time="2013-02-07 23:33:25 UTC" participant="139275">
      <body>الحمد لله تمام ازيك انتي؟</body>
    </message>
    <message id="m0004" time="2013-02-07 23:33:52 UTC" participant="139275">
      <body>كان نفسي تيجي اجازة والله بس معلش ربنا معاكي يارب</body>
    </message>
    <message id="m0005" time="2013-02-07 23:34:12 UTC" participant="139275">
      <body>تعبتي نفسك والله بالحاجات الي جبتيها ربنا يخليكي يارب</body>
    </message>
    <message id="m0006" time="2013-02-07 23:35:36 UTC" participant="139275">
      <body>انا بعت لك نمرة بنت عمي على الفيس بوك وصلتك؟</body>
    </message>
    <message id="m0007" time="2013-02-07 23:39:57 UTC" participant="139570">
      <body>انا جايبه حاجات شتوي علي صيفي و مش عارفه انتي هتولدي علي اي جو
عايزه ابعتهوملك بدري علشان تجيبي اللي ناقصك</body>
    </message>
    <message id="m0008" time="2013-02-07 23:40:00 UTC" participant="139275">
      <body>مها جابت الداخلي الحمد لله ..رزقه واسع الحمد لله :)</body>
    </message>
    <message id="m0009" time="2013-02-07 23:40:10 UTC" participant="139570">
      <body>بس عموما جيبي الداخلي</body>
    </message>
    <message id="m0010" time="2013-02-07 23:40:13 UTC" participant="139275">
      <body>وصلتك النمرة الي بعتها انهاردة ليكي؟</body>
    </message>
    <message id="m0011" time="2013-02-07 23:41:01 UTC" participant="139275">
      <body>خلاص ربنا يخليكي وانا قلتهلها هي اسمها شيماء</body>
    </message>
    <message id="m0012" time="2013-02-07 23:41:06 UTC" participant="139570">
      <body>كويس</body>
    </message>
    <message id="m0013" time="2013-02-07 23:41:21 UTC" participant="139570">
      <body>ايوه وكلمها بكره ان شاآ الله</body>
    </message>
    <message id="m0014" time="2013-02-07 23:42:13 UTC" participant="139570">
      <body>ماشي ربنا يسهل مش عايزين حاجه تاني</body>
    </message>
    <message id="m0015" time="2013-02-07 23:42:40 UTC" participant="139570">
      <body>قوليلي احيب شتوي اكتر انتي هتلحقي البرد ولا الجو عامل ازاي</body>
    </message>
    <message id="m0016" time="2013-02-07 23:42:44 UTC" participant="139275">
      <body>ادعيلنا بس ربنا يخليكي</body>
    </message>
    <message id="m0017" time="2013-02-07 23:43:50 UTC" participant="139570">
      <body>ولا قطني بكم طويل اخسن من القطيفه</body>
    </message>
    <message id="m0018" time="2013-02-07 23:43:56 UTC" participant="139570">
      <body>انا محتاره</body>
    </message>
    <message id="m0019" time="2013-02-07 23:43:57 UTC" participant="139275">
      <body>قطن بكم طويل ..بصي الجو مش مفهوم اصلا فعلا</body>
    </message>
    <message id="m0020" time="2013-02-07 23:44:06 UTC" participant="139275">
      <body>الجو دلوقتي برد</body>
    </message>
    <message id="m0021" time="2013-02-07 23:44:32 UTC" participant="139275">
      <body>وانا حولد كمان شهر ونص كده إن شاء الله مش عارفة الجو نظامه ايه</body>
    </message>
    <message id="m0022" time="2013-02-07 23:44:53 UTC" participant="139275">
      <body>بس اعتقد القطيفة حيبقى تقيل اوي والله اعلم :(</body>
    </message>
    <message id="m0023" time="2013-02-07 23:45:25 UTC" participant="139275">
      <body>انتي لسة حتجيبي تاني..متجبيش تاني بقى كفاية الي جبتيه ربنا يكرمك</body>
    </message>
    <message id="m0024" time="2013-02-07 23:47:08 UTC" participant="139570">
      <body>بصي اصلي جبت خروج و قطيفه فاضل القطن</body>
    </message>
    <message id="m0025" time="2013-02-07 23:47:39 UTC" participant="139570">
      <body>احسن قطن بكم في شهر 4 مش برد اوي</body>
    </message>
    <message id="m0026" time="2013-02-07 23:54:13 UTC" participant="139275">
      <body>انا ومحمود جبنا سن المولود كتير قطن بكم للبيت كده</body>
    </message>
    <message id="m0027" time="2013-02-07 23:54:22 UTC" participant="139275">
      <body>سلوبيتات بيت</body>
    </message>
    <message id="m0028" time="2013-02-07 23:54:58 UTC" participant="139275">
      <body>فخلاص حبيبتي كفاية الي جبتيه متتعبيش نفسك في اللف اكتر من كده</body>
    </message>
    <message id="m0029" time="2013-02-07 23:55:56 UTC" participant="139570">
      <body>والله</body>
    </message>
    <message id="m0030" time="2013-02-07 23:56:08 UTC" participant="139570">
      <body>جيبتوا للبيت خلاص</body>
    </message>
    <message id="m0031" time="2013-02-07 23:56:21 UTC" participant="139570">
      <body>دة اللي كنت هجيبه بكره</body>
    </message>
    <message id="m0032" time="2013-02-07 23:56:26 UTC" participant="139275">
      <body>اه محمود كان في القاهرة مرة ولقى سلوبيتات بيت كده في كارفور فراح جاب ١٠ منهم كل الالوان</body>
    </message>
    <message id="m0033" time="2013-02-07 23:56:36 UTC" participant="139570">
      <body>طيب ارجع القطيفه اللي جيبتهم</body>
    </message>
    <message id="m0034" time="2013-02-07 23:56:54 UTC" participant="139570">
      <body>ابدلهم بقطن او خروج</body>
    </message>
    <message id="m0035" time="2013-02-07 23:57:05 UTC" participant="139570">
      <body>جيبت فوطه و شرابات</body>
    </message>
    <message id="m0036" time="2013-02-07 23:57:18 UTC" participant="139275">
      <body>لا بس حجيبها من هنا ان شاء الله عشان لسة مش عارفة الاشكال والالوان فلسة حنقيها</body>
    </message>
    <message id="m0037" time="2013-02-07 23:57:22 UTC" participant="139570">
      <body>عندك شنطه</body>
    </message>
    <message id="m0038" time="2013-02-07 23:57:45 UTC" participant="139275">
      <body>يا حبيبتي :)</body>
    </message>
    <message id="m0039" time="2013-02-07 23:58:21 UTC" participant="139570">
      <body>و كمان جبت فرشه دانتيل للسبوع هههههه</body>
    </message>
    <message id="m0040" time="2013-02-07 23:58:48 UTC" participant="139275">
      <body>لا اقفل التاسع اول اربعة ان شاء الله</body>
    </message>
    <message id="m0041" time="2013-02-07 23:59:01 UTC" participant="139570">
      <body>معادك اخر 4</body>
    </message>
    <message id="m0042" time="2013-02-07 23:59:01 UTC" participant="139275">
      <body>بكرة ابدأ في التامن باذن الله</body>
    </message>
    <message id="m0043" time="2013-02-07 23:59:55 UTC" participant="139570">
      <body>يااااااه</body>
    </message>
    <message id="m0044" time="2013-02-08 00:00:07 UTC" participant="139570">
      <body>بحسبك اخرك علي اخر 3</body>
    </message>
    <message id="m0045" time="2013-02-08 00:00:16 UTC" participant="139275">
      <body>بصي اقفل التاسع ٨-٤ إن شاء الله</body>
    </message>
    <message id="m0046" time="2013-02-08 00:00:31 UTC" participant="139570">
      <body>اخرك قطنيات بكم</body>
    </message>
    <message id="m0047" time="2013-02-08 00:00:34 UTC" participant="139275">
      <body>فيعني كل شهر ٣ متوقع فيه بقى</body>
    </message>
    <message id="m0048" time="2013-02-08 00:00:54 UTC" participant="139570">
      <body>بلاش قطيفه</body>
    </message>
    <message id="m0049" time="2013-02-08 00:02:14 UTC" participant="139570">
      <body>عموما نقي اللي يعجبك و ادي لمروه قطعتين او القطيفه شوفي اللي انتي عايزاه</body>
    </message>
    <message id="m0050" time="2013-02-08 00:02:16 UTC" participant="139275">
      <body>اه طبعا شوفي عايزة تديها اد ايه وانا ابعتلها واقولها دي هدية ولاء</body>
    </message>
    <message id="m0051" time="2013-02-08 00:02:37 UTC" participant="139570">
      <body>مش هجيب قطيفه تاني</body>
    </message>
    <message id="m0052" time="2013-02-08 00:18:27 UTC" participant="139570">
      <body>يعني هتجيبي انتي الشنطه</body>
    </message>
    <message id="m0053" time="2013-02-08 00:19:25 UTC" participant="139570">
      <body>عندي حامل اللي بيتشال فيه البيبي علي البطن بتاع يوسف هبعتهولك</body>
    </message>
    <message id="m0054" time="2013-02-08 10:24:06 UTC" participant="139275">
      <body>تسلميلي يا حبيبتي بجد :)</body>
    </message>
  </messages>
</conversation>
