<?xml version="1.0" encoding="UTF-8"?>
<conversation id="CHT_ARZ_20130227.0000" medium="CHT" donated="true">
  <messages>
    <message id="m0000" participant="138112" time="2013-02-27 15:36:30 UTC">
      <body>Dr. Hoda 2aletlak eh</body>
    </message>
    <message id="m0001" participant="138318" time="2013-02-27 16:55:13 UTC">
      <body>A3det tefhm eh elly 7asl w b3deha mad5ltlhash tani</body>
    </message>
    <message id="m0002" participant="138112" time="2013-02-27 17:05:20 UTC">
      <body>Kwayes</body>
    </message>
    <message id="m0003" participant="138318" time="2013-02-27 17:07:35 UTC">
      <body>Lesa b2a yoom l sabt</body>
    </message>
    <message id="m0004" participant="138112" time="2013-02-27 17:12:04 UTC">
      <body>Hatensa Aslan</body>
    </message>
    <message id="m0005" participant="138318" time="2013-02-27 17:14:57 UTC">
      <body>O2ly ya rab</body>
    </message>
    <message id="m0006" participant="138112" time="2013-02-27 17:16:18 UTC">
      <body>Ya rab</body>
    </message>
    <message id="m0007" participant="138112" time="2013-02-27 17:16:23 UTC">
      <body>Msh hateegi bokra leh</body>
    </message>
    <message id="m0008" participant="138112" time="2013-02-27 17:16:28 UTC">
      <body>Enta marfood?</body>
    </message>
    <message id="m0009" participant="138318" time="2013-02-27 17:16:46 UTC">
      <body>Ahhh</body>
    </message>
    <message id="m0010" participant="138318" time="2013-02-27 17:16:50 UTC">
      <body>:/</body>
    </message>
    <message id="m0011" participant="138112" time="2013-02-27 17:17:59 UTC">
      <body>Kam yom?</body>
    </message>
    <message id="m0012" participant="138112" time="2013-02-27 17:18:04 UTC">
      <body>W 3amalt eh</body>
    </message>
    <message id="m0013" participant="138318" time="2013-02-27 17:18:15 UTC">
      <body>Harg3 bkra</body>
    </message>
    <message id="m0014" participant="138318" time="2013-02-27 17:18:25 UTC">
      <body>Harg3 l sabt asdy</body>
    </message>
    <message id="m0015" participant="138318" time="2013-02-27 17:18:34 UTC">
      <body>3shan l 5ena2a</body>
    </message>
    <message id="m0016" participant="138112" time="2013-02-27 17:19:03 UTC">
      <body>5ena2a eh</body>
    </message>
    <message id="m0017" participant="138112" time="2013-02-27 17:19:09 UTC">
      <body>Enta mada5altsh</body>
    </message>
    <message id="m0018" participant="138318" time="2013-02-27 17:19:22 UTC">
      <body>Mesh enhrda</body>
    </message>
    <message id="m0019" participant="138112" time="2013-02-27 17:20:26 UTC">
      <body>Tayeb</body>
    </message>
    <message id="m0020" participant="138112" time="2013-02-27 17:20:35 UTC">
      <body>Dayman mashakel keda</body>
    </message>
    <message id="m0021" participant="138318" time="2013-02-27 17:20:54 UTC">
      <body>Elt adab b3ed 3nk</body>
    </message>
    <message id="m0022" participant="138318" time="2013-02-27 17:20:56 UTC">
      <body>hahahah</body>
    </message>
    <message id="m0023" participant="138112" time="2013-02-27 17:21:17 UTC">
      <body>Hahaha ya 3eni 3la babak begad</body>
    </message>
    <message id="m0024" participant="138318" time="2013-02-27 17:22:08 UTC">
      <body>Bas ya bet enty :p</body>
    </message>
    <message id="m0025" participant="138112" time="2013-02-27 17:22:40 UTC">
      <body>Hahahahahaha</body>
    </message>
    <message id="m0026" participant="138112" time="2013-02-27 17:22:49 UTC">
      <body>Babak a3'baro eh tayeb</body>
    </message>
    <message id="m0027" participant="138318" time="2013-02-27 17:24:20 UTC">
      <body>Aho kwis</body>
    </message>
    <message id="m0028" participant="138112" time="2013-02-27 17:27:06 UTC">
      <body>W o5tak</body>
    </message>
    <message id="m0029" participant="138318" time="2013-02-27 21:52:16 UTC">
      <body>Kwisa bardo</body>
    </message>
    <message id="m0030" participant="138112" time="2013-02-28 01:27:50 UTC">
      <body>Msh arfa anam</body>
    </message>
    <message id="m0031" participant="138318" time="2013-02-28 01:29:27 UTC">
      <body>Leh keda</body>
    </message>
    <message id="m0032" participant="138112" time="2013-02-28 01:30:37 UTC">
      <body>Msh arfa</body>
    </message>
    <message id="m0033" participant="138318" time="2013-02-28 01:31:35 UTC">
      <body>A7san 3shan t3ody t2olyly rabena ykoon f 3oon babak :p</body>
    </message>
    <message id="m0034" participant="138318" time="2013-02-28 01:31:46 UTC">
      <body>3ndko quiz bkraa</body>
    </message>
    <message id="m0035" participant="138318" time="2013-02-28 01:31:50 UTC">
      <body>Wana l2a :p</body>
    </message>
    <message id="m0036" participant="138112" time="2013-02-28 01:34:12 UTC">
      <body>Bas hata5od zero</body>
    </message>
    <message id="m0037" participant="138112" time="2013-02-28 01:34:14 UTC">
      <body>:D</body>
    </message>
    <message id="m0038" participant="138318" time="2013-02-28 02:43:48 UTC">
      <body>Meen elly a2lek keda</body>
    </message>
    <message id="m0039" participant="138112" time="2013-02-28 02:44:10 UTC">
      <body>Howa keda</body>
    </message>
    <message id="m0040" participant="138318" time="2013-02-28 02:45:06 UTC">
      <body>Yalla ya bet men hena :p</body>
    </message>
    <message id="m0041" participant="138112" time="2013-02-28 02:45:30 UTC">
      <body>:O</body>
    </message>
    <message id="m0042" participant="138112" time="2013-02-28 02:45:38 UTC">
      <body>Mashy ya Gad</body>
    </message>
    <message id="m0043" participant="138318" time="2013-02-28 02:45:44 UTC">
      <body>Isa mesh ha5od zeroo</body>
    </message>
    <message id="m0044" participant="138318" time="2013-02-28 02:45:59 UTC">
      <body>L sa3a da5la 3ala 3 wenty lesa manmteshh</body>
    </message>
    <message id="m0045" participant="138318" time="2013-02-28 02:46:36 UTC">
      <body>Yalla yabnty namy 3shan l quiz bkra</body>
    </message>
    <message id="m0046" participant="138112" time="2013-02-28 02:48:21 UTC">
      <body>Msh arfa anam</body>
    </message>
    <message id="m0047" participant="138112" time="2013-02-28 02:48:27 UTC">
      <body>:(</body>
    </message>
    <message id="m0048" participant="138318" time="2013-02-28 02:54:07 UTC">
      <body>:s</body>
    </message>
    <message id="m0049" participant="138318" time="2013-02-28 02:54:11 UTC">
      <body>Nas bettdal3</body>
    </message>
    <message id="m0050" participant="138112" time="2013-02-28 02:54:44 UTC">
      <body>Nas betestahbel</body>
    </message>
    <message id="m0051" participant="138318" time="2013-02-28 02:55:26 UTC">
      <body>Ahahahahahaha</body>
    </message>
    <message id="m0052" participant="138112" time="2013-02-28 02:57:25 UTC">
      <body>Hahahahaha ah bada7ak awy</body>
    </message>
  </messages>
</conversation>
