<?xml version="1.0" encoding="UTF-8"?>
<conversation id="CHT_ARZ_20130507.0003" medium="CHT" donated="true">
  <messages>
    <message id="m0000" time="2013-05-07 10:12:59 UTC" participant="139591">
      <body>Ririi</body>
    </message>
    <message id="m0001" time="2013-05-07 11:58:44 UTC" participant="139134">
      <body>babyyy</body>
    </message>
    <message id="m0002" time="2013-05-07 12:00:45 UTC" participant="139591">
      <body>Wa7shtiny awi</body>
    </message>
    <message id="m0003" time="2013-05-07 12:10:35 UTC" participant="139134">
      <body>wentyy</body>
    </message>
    <message id="m0004" time="2013-05-07 12:10:44 UTC" participant="139134">
      <body>oulili embsty f nwyba3 ?</body>
    </message>
    <message id="m0005" time="2013-05-07 12:11:34 UTC" participant="139591">
      <body>Awiiiiii</body>
    </message>
    <message id="m0006" time="2013-05-07 12:11:39 UTC" participant="139591">
      <body>Kanet to7fa</body>
    </message>
    <message id="m0007" time="2013-05-07 12:11:41 UTC" participant="139134">
      <body>yayyyy</body>
    </message>
    <message id="m0008" time="2013-05-07 12:11:42 UTC" participant="139591">
      <body>Bas eswadit</body>
    </message>
    <message id="m0009" time="2013-05-07 12:11:53 UTC" participant="139134">
      <body>bext time nigi ma3ako isaa</body>
    </message>
    <message id="m0010" time="2013-05-07 12:11:59 UTC" participant="139591">
      <body>Aywaa lazemm</body>
    </message>
    <message id="m0011" time="2013-05-07 12:12:04 UTC" participant="139591">
      <body>Kanet n2sako walahi</body>
    </message>
    <message id="m0012" time="2013-05-07 12:43:11 UTC" participant="139591">
      <body>Hana3mel. A f bd nana ??</body>
    </message>
    <message id="m0013" time="2013-05-07 13:04:41 UTC" participant="139134">
      <body>msh arfaaa</body>
    </message>
    <message id="m0014" time="2013-05-07 13:06:01 UTC" participant="139591">
      <body>Esaree bet2olly n3maha m3 ethar</body>
    </message>
    <message id="m0015" time="2013-05-07 13:06:04 UTC" participant="139591">
      <body>Enty a r2yek?</body>
    </message>
    <message id="m0016" time="2013-05-07 13:06:12 UTC" participant="139591">
      <body>Ento gom3a gaya a nzmkooo??</body>
    </message>
    <message id="m0017" time="2013-05-07 13:06:18 UTC" participant="139134">
      <body>fdiaaaa</body>
    </message>
    <message id="m0018" time="2013-05-07 13:06:20 UTC" participant="139134">
      <body>eshta</body>
    </message>
    <message id="m0019" time="2013-05-07 13:07:33 UTC" participant="139591">
      <body>Mashyy el mzokra a ??</body>
    </message>
    <message id="m0020" time="2013-05-07 13:07:39 UTC" participant="139591">
      <body>A r2yek 4 seasons beach??</body>
    </message>
    <message id="m0021" time="2013-05-07 13:07:40 UTC" participant="139591">
      <body>El sob7</body>
    </message>
    <message id="m0022" time="2013-05-07 13:07:44 UTC" participant="139591">
      <body>Orybb ahho fel nos</body>
    </message>
    <message id="m0023" time="2013-05-07 13:07:46 UTC" participant="139134">
      <body>eshta mwaf2aqq</body>
    </message>
    <message id="m0024" time="2013-05-07 13:07:53 UTC" participant="139591">
      <body>Fa ma7desh yb2a 3ando problem</body>
    </message>
    <message id="m0025" time="2013-05-07 13:07:56 UTC" participant="139591">
      <body>Tybb wenaby</body>
    </message>
    <message id="m0026" time="2013-05-07 13:08:03 UTC" participant="139591">
      <body>$mmkn tklmihom tes2alihomm??</body>
    </message>
    <message id="m0027" time="2013-05-07 13:08:08 UTC" participant="139134">
      <body>haderrr</body>
    </message>
    <message id="m0028" time="2013-05-07 13:08:12 UTC" participant="139591">
      <body>N3melaha hay we ethar 3ady?</body>
    </message>
    <message id="m0029" time="2013-05-07 13:09:51 UTC" participant="139134">
      <body>ahhh akiiid</body>
    </message>
    <message id="m0030" time="2013-05-07 13:27:34 UTC" participant="139591">
      <body>Tayeb mashyy</body>
    </message>
    <message id="m0031" time="2013-05-07 13:27:41 UTC" participant="139591">
      <body>Plzz 3ashan al7a2 azabat cakee</body>
    </message>
    <message id="m0032" time="2013-05-07 13:27:48 UTC" participant="139591">
      <body>We 4 sasons 7elw we oryb le koloo</body>
    </message>
    <message id="m0033" time="2013-05-07 13:38:22 UTC" participant="139134">
      <body>okii haderr</body>
    </message>
    <message id="m0034" time="2013-05-07 16:28:19 UTC" participant="139591">
      <body>&lt;media omitted&gt;</body>
    </message>
    <message id="m0035" time="2013-05-07 16:28:23 UTC" participant="139591">
      <body>Solve this :D</body>
    </message>
    <message id="m0036" time="2013-05-07 16:34:09 UTC" participant="139134">
      <body>ruin</body>
    </message>
    <message id="m0037" time="2013-05-07 16:34:37 UTC" participant="139591">
      <body>Thx</body>
    </message>
    <message id="m0038" time="2013-05-07 16:34:41 UTC" participant="139591">
      <body/>
    </message>
    <message id="m0039" time="2013-05-07 16:34:53 UTC" participant="139134">
      <body>hahahahahahah</body>
    </message>
    <message id="m0040" time="2013-05-08 14:21:26 UTC" participant="139591">
      <body>Ririi 3amltyy a f bdd?? Sa2ltihom?</body>
    </message>
    <message id="m0041" time="2013-05-08 14:26:49 UTC" participant="139134">
      <body>lessa</body>
    </message>
    <message id="m0042" time="2013-05-08 14:26:54 UTC" participant="139134">
      <body>has1lhm nw</body>
    </message>
    <message id="m0043" time="2013-05-08 14:28:57 UTC" participant="139591">
      <body>Tayeb ya riri plz 3asan da b3d bokraaaa</body>
    </message>
    <message id="m0044" time="2013-05-08 14:31:36 UTC" participant="139134">
      <body>okiiii</body>
    </message>
    <message id="m0045" time="2013-05-08 14:34:43 UTC" participant="139134">
      <body>by2ololy kahluha after exams</body>
    </message>
    <message id="m0046" time="2013-05-08 14:34:52 UTC" participant="139134">
      <body>ashan kanan homa andhm exam 15</body>
    </message>
    <message id="m0047" time="2013-05-08 14:37:32 UTC" participant="139134">
      <body>el yum da fi course till 3</body>
    </message>
    <message id="m0048" time="2013-05-08 14:37:41 UTC" participant="139134">
      <body>then andna course belol at 7</body>
    </message>
    <message id="m0049" time="2013-05-08 14:39:34 UTC" participant="139134">
      <body>amira mayng3sh jhalesss</body>
    </message>
    <message id="m0050" time="2013-05-08 14:47:52 UTC" participant="139591">
      <body>:s</body>
    </message>
    <message id="m0051" time="2013-05-08 14:47:58 UTC" participant="139591">
      <body>Tayeb</body>
    </message>
    <message id="m0052" time="2013-05-08 14:48:15 UTC" participant="139134">
      <body>yesss</body>
    </message>
  </messages>
</conversation>
