<?xml version="1.0" encoding="UTF-8"?>
<conversation id="CHT_ARZ_20121221.0001" medium="CHT" donated="true">
  <messages>
    <message id="m0000" participant="138112" time="2012-12-21 18:55:25 UTC">
      <body>Mostafa e7na hanenzel Wednesday lel English project</body>
    </message>
    <message id="m0001" participant="138329" time="2012-12-21 18:56:24 UTC">
      <body>E7na metf2een nenzel bokra</body>
    </message>
    <message id="m0002" participant="138112" time="2012-12-21 18:56:35 UTC">
      <body>Youssef mesafer</body>
    </message>
    <message id="m0003" participant="138329" time="2012-12-21 18:57:07 UTC">
      <body>Tyb</body>
    </message>
    <message id="m0004" participant="138112" time="2012-12-21 18:57:40 UTC">
      <body>Wednesday, mashy? Etafa2na</body>
    </message>
    <message id="m0005" participant="138329" time="2012-12-21 18:58:47 UTC">
      <body>Hab2a aklm youssef 22olo</body>
    </message>
    <message id="m0006" participant="138112" time="2012-12-21 18:59:04 UTC">
      <body>Howa el 2ali aslan</body>
    </message>
    <message id="m0007" participant="138329" time="2012-12-21 18:59:49 UTC">
      <body>Mashy hab2a aklmo</body>
    </message>
  </messages>
</conversation>
