<?xml version="1.0" encoding="UTF-8"?>
<conversation id="CHT_ARZ_20130212.0000" medium="CHT" donated="true">
  <messages>
    <message id="m0000" participant="138314" time="2013-02-12 22:06:42 UTC">
      <body>Hey</body>
    </message>
    <message id="m0001" participant="138112" time="2013-02-12 22:06:52 UTC">
      <body>Ezayek</body>
    </message>
    <message id="m0002" participant="138314" time="2013-02-12 22:08:32 UTC">
      <body>Tamam wenty?</body>
    </message>
    <message id="m0003" participant="138112" time="2013-02-12 22:08:50 UTC">
      <body>Ana Kwayesa el7, feeeeenek</body>
    </message>
    <message id="m0004" participant="138314" time="2013-02-12 22:11:41 UTC">
      <body>Ana mwgooda enty ele fenek :D 3ayza ashofek MD</body>
    </message>
    <message id="m0005" participant="138112" time="2013-02-12 22:12:25 UTC">
      <body>Md??</body>
    </message>
    <message id="m0006" participant="138112" time="2013-02-12 22:12:31 UTC">
      <body>Btroohi el madrasa</body>
    </message>
    <message id="m0007" participant="138314" time="2013-02-12 22:12:41 UTC">
      <body>Ah sabt we talat</body>
    </message>
    <message id="m0008" participant="138112" time="2013-02-12 22:12:55 UTC">
      <body>Msh bashoofek 5alessss yaani</body>
    </message>
    <message id="m0009" participant="138314" time="2013-02-12 22:13:21 UTC">
      <body>Wala ana :(</body>
    </message>
    <message id="m0010" participant="138112" time="2013-02-12 22:14:02 UTC">
      <body>Msh beteegi 3and el American shwaya</body>
    </message>
    <message id="m0011" participant="138314" time="2013-02-12 22:15:55 UTC">
      <body>La2 :D ba3od 3andena bas :D</body>
    </message>
    <message id="m0012" participant="138112" time="2013-02-12 22:16:24 UTC">
      <body>Leh Keda tayeb!</body>
    </message>
    <message id="m0013" participant="138112" time="2013-02-12 22:16:28 UTC">
      <body>Ana shoft nancy</body>
    </message>
    <message id="m0014" participant="138314" time="2013-02-12 22:17:11 UTC">
      <body>Tab eh 5alene ashofk :D</body>
    </message>
    <message id="m0015" participant="138112" time="2013-02-12 22:17:34 UTC">
      <body>T3ali 3andena lama teb2i mawgooda tayeb</body>
    </message>
    <message id="m0016" participant="138314" time="2013-02-12 22:18:03 UTC">
      <body>Mashiii :D</body>
    </message>
  </messages>
</conversation>
