<?xml version="1.0" encoding="UTF-8"?>
<conversation id="CHT_ARZ_20130426.0002" medium="CHT" donated="true">
  <messages>
    <message id="m0000" time="2013-04-26 03:10:29 UTC" participant="139134">
      <body>ghazouli w yara</body>
    </message>
    <message id="m0001" time="2013-04-26 03:10:31 UTC" participant="139134">
      <body>frlsho</body>
    </message>
    <message id="m0002" time="2013-04-26 03:10:37 UTC" participant="139134">
      <body>frksho</body>
    </message>
    <message id="m0003" time="2013-04-26 17:02:33 UTC" participant="139134">
      <body>2oulible nana</body>
    </message>
    <message id="m0004" time="2013-04-26 17:02:48 UTC" participant="139134">
      <body>aiza 3ish bori w tomeya</body>
    </message>
    <message id="m0005" time="2013-04-26 17:04:49 UTC" participant="139591">
      <body>Enty fin??</body>
    </message>
    <message id="m0006" time="2013-04-26 17:05:13 UTC" participant="139134">
      <body>nadi</body>
    </message>
    <message id="m0007" time="2013-04-26 17:05:53 UTC" participant="139591">
      <body>E7naa e7tmal nerou7 greek club 3shan mal2nhash makan f tikka</body>
    </message>
    <message id="m0008" time="2013-04-26 17:07:05 UTC" participant="139134">
      <body>tb aiza trama w mousse chocolat</body>
    </message>
    <message id="m0009" time="2013-04-26 17:08:04 UTC" participant="139591">
      <body>Agblak da meneen ? :D</body>
    </message>
    <message id="m0010" time="2013-04-26 17:08:31 UTC" participant="139134">
      <body>mn greek club</body>
    </message>
    <message id="m0011" time="2013-04-26 17:10:06 UTC" participant="139591">
      <body>3yza mousse choclat mne greekclub?</body>
    </message>
    <message id="m0012" time="2013-04-26 17:11:10 UTC" participant="139134">
      <body>yess mmkn ?! ☺</body>
    </message>
    <message id="m0013" time="2013-04-26 17:11:35 UTC" participant="139591">
      <body>Hehhehe ok :D</body>
    </message>
    <message id="m0014" time="2013-04-26 17:11:48 UTC" participant="139134">
      <body>yayyy</body>
    </message>
    <message id="m0015" time="2013-04-26 17:14:25 UTC" participant="139591">
      <body/>
    </message>
    <message id="m0016" time="2013-04-26 17:14:27 UTC" participant="139591">
      <body>Enty fin</body>
    </message>
    <message id="m0017" time="2013-04-26 17:14:38 UTC" participant="139134">
      <body>bady</body>
    </message>
    <message id="m0018" time="2013-04-26 17:14:41 UTC" participant="139134">
      <body>nady</body>
    </message>
    <message id="m0019" time="2013-04-26 17:14:45 UTC" participant="139134">
      <body>w hazaker lessa</body>
    </message>
    <message id="m0020" time="2013-04-26 17:16:30 UTC" participant="139591">
      <body>Okk</body>
    </message>
    <message id="m0021" time="2013-04-26 18:47:10 UTC" participant="139591">
      <body>Riri</body>
    </message>
    <message id="m0022" time="2013-04-26 18:47:26 UTC" participant="139591">
      <body>Msh radyeen mouse choco take away :s</body>
    </message>
    <message id="m0023" time="2013-04-26 18:47:28 UTC" participant="139591">
      <body>3yza 7aga instead?</body>
    </message>
    <message id="m0024" time="2013-04-26 18:54:53 UTC" participant="139134">
      <body>msh mshkla baby</body>
    </message>
    <message id="m0025" time="2013-04-26 18:54:58 UTC" participant="139134">
      <body>ana msh adra akol anyway</body>
    </message>
  </messages>
</conversation>
