<?xml version="1.0" encoding="UTF-8"?>
<conversation id="CHT_ARZ_20130415.0004" medium="CHT" donated="true">
  <messages>
    <message id="m0000" time="2013-04-15 02:05:27 UTC" participant="139508">
      <body>habibi</body>
    </message>
    <message id="m0002" time="2013-04-15 05:08:11 UTC" participant="139540">
      <body>Good ahl</body>
    </message>
    <message id="m0004" time="2013-04-15 11:54:14 UTC" participant="139540">
      <body>Elhamdulelahhh mathoona bs</body>
    </message>
    <message id="m0005" time="2013-04-15 11:54:42 UTC" participant="139508">
      <body>look i tried reaching last time walahyyy w bgd</body>
    </message>
    <message id="m0006" time="2013-04-15 11:55:06 UTC" participant="139508">
      <body>enty msh fhma el prssure eli kan hasel yumha</body>
    </message>
    <message id="m0007" time="2013-04-15 11:56:22 UTC" participant="139540">
      <body>I saw u fl nady wana mashia</body>
    </message>
    <message id="m0008" time="2013-04-15 12:01:05 UTC" participant="139508">
      <body>aywa mana roht nady ba3d el kolia</body>
    </message>
    <message id="m0009" time="2013-04-15 12:01:14 UTC" participant="139508">
      <body>bs ana khlts kolia 530</body>
    </message>
    <message id="m0010" time="2013-04-15 12:02:47 UTC" participant="139508">
      <body>bossi u bezat ya amira msh hakdb aliki and u kno that sah</body>
    </message>
    <message id="m0011" time="2013-04-15 12:03:48 UTC" participant="139508">
      <body>lw smhty talk to me w dont jump into conclusions mmkn ?!!</body>
    </message>
    <message id="m0012" time="2013-04-15 12:07:37 UTC" participant="139540">
      <body>I didnt aalahi</body>
    </message>
    <message id="m0014" time="2013-04-15 12:08:15 UTC" participant="139508">
      <body>okai lama tkhlsi tell me aklmk ahkilk wat happnd exactly mmkn ?</body>
    </message>
    <message id="m0015" time="2013-04-15 12:08:15 UTC" participant="139540">
      <body>Mab2olsh khales enk jkadabty</body>
    </message>
    <message id="m0018" time="2013-04-15 16:44:03 UTC" participant="139540">
      <body>Knt nymaaaa</body>
    </message>
    <message id="m0020" time="2013-04-15 16:44:36 UTC" participant="139508">
      <body>ok khlsi w tell me</body>
    </message>
    <message id="m0022" time="2013-04-16 00:22:43 UTC" participant="139508">
      <body>amira</body>
    </message>
    <message id="m0023" time="2013-04-16 00:22:50 UTC" participant="139508">
      <body>bokra eih el nzam isa ?</body>
    </message>
    <message id="m0024" time="2013-04-16 05:50:19 UTC" participant="139540">
      <body>I have a course 3afra el mfrud</body>
    </message>
    <message id="m0025" time="2013-04-16 05:50:54 UTC" participant="139540">
      <body>Bs enty gahezy nafsk 3ady tasmee3 w ill whatsapp u wana fl kolya tell u eh el nzam</body>
    </message>
    <message id="m0026" time="2013-04-16 05:51:12 UTC" participant="139540">
      <body>Coz i might not go mestnya bas haga mo3ayana</body>
    </message>
    <message id="m0027" time="2013-04-16 07:14:32 UTC" participant="139508">
      <body>okai hader</body>
    </message>
    <message id="m0030" time="2013-04-16 12:53:08 UTC" participant="139508">
      <body>amita</body>
    </message>
    <message id="m0031" time="2013-04-16 12:53:10 UTC" participant="139508">
      <body>amira</body>
    </message>
    <message id="m0032" time="2013-04-16 12:53:20 UTC" participant="139508">
      <body>hwa enty lih msh ty2ani ?</body>
    </message>
    <message id="m0033" time="2013-04-16 13:01:34 UTC" participant="139540">
      <body>La tab3ann</body>
    </message>
    <message id="m0035" time="2013-04-16 13:02:32 UTC" participant="139508">
      <body>tb ehlfi enk tay2ani</body>
    </message>
    <message id="m0036" time="2013-04-16 17:39:58 UTC" participant="139540">
      <body>Walahi tb3n ya benty :)</body>
    </message>
  </messages>
</conversation>
