<?xml version="1.0" encoding="UTF-8"?>
<conversation id="CHT_ARZ_20120418.0001" medium="CHT" donated="true">
  <messages>
    <message id="m0000" time="2012-04-18 00:36:40 UTC" participant="139275">
      <body>wa7shtenee :)</body>
    </message>
    <message id="m0001" time="2012-04-18 00:37:04 UTC" participant="139275">
      <body>a7'er mara shoftek kan mn zamana :(</body>
    </message>
    <message id="m0002" time="2012-04-18 18:04:32 UTC" participant="139567">
      <body>Mn aktar mn 3 shhooooir :((</body>
    </message>
  </messages>
</conversation>
