<?xml version="1.0" encoding="UTF-8"?>
<conversation id="CHT_ARZ_20130131.0001" medium="CHT" donated="true">
  <messages>
    <message id="m0000" participant="138112" time="2013-01-31 17:13:10 UTC">
      <body>Hat3mel eh today</body>
    </message>
    <message id="m0001" participant="138329" time="2013-01-31 17:14:50 UTC">
      <body>M3rfsh lesa</body>
    </message>
    <message id="m0002" participant="138329" time="2013-01-31 17:14:53 UTC">
      <body>Wenty</body>
    </message>
    <message id="m0003" participant="138112" time="2013-01-31 17:15:24 UTC">
      <body>Ma3rafsh bardo</body>
    </message>
    <message id="m0004" participant="138329" time="2013-01-31 19:06:58 UTC">
      <body>Ana ray7 nabil el wa2ad</body>
    </message>
    <message id="m0005" participant="138329" time="2013-01-31 19:07:09 UTC">
      <body>Enty hat3mli eih ?</body>
    </message>
    <message id="m0006" participant="138112" time="2013-01-31 20:10:06 UTC">
      <body>Ana m3a yomna</body>
    </message>
    <message id="m0007" participant="138329" time="2013-01-31 22:49:10 UTC">
      <body>Mmm</body>
    </message>
    <message id="m0008" participant="138112" time="2013-01-31 22:50:08 UTC">
      <body>Bt3mel eh</body>
    </message>
    <message id="m0010" participant="138112" time="2013-01-31 22:51:52 UTC">
      <body>Bt3mel Sheraton? Mashy</body>
    </message>
    <message id="m0011" participant="138329" time="2013-01-31 23:25:13 UTC">
      <body>Mashy eih ?</body>
    </message>
    <message id="m0012" participant="138329" time="2013-01-31 23:25:27 UTC">
      <body>Fe sherton asdy !</body>
    </message>
    <message id="m0013" participant="138329" time="2013-01-31 23:29:17 UTC">
      <body>Wenty</body>
    </message>
    <message id="m0015" participant="138329" time="2013-02-01 00:06:58 UTC">
      <body>Mmm</body>
    </message>
    <message id="m0016" participant="138329" time="2013-02-01 15:21:52 UTC">
      <body>B2ollek ray7a bokra el madrsa</body>
    </message>
    <message id="m0017" participant="138112" time="2013-02-01 15:27:02 UTC">
      <body>Ahh isa</body>
    </message>
    <message id="m0019" participant="138329" time="2013-02-01 15:29:08 UTC">
      <body>Ahh</body>
    </message>
    <message id="m0020" participant="138112" time="2013-02-01 15:29:30 UTC">
      <body>Eshta</body>
    </message>
    <message id="m0021" participant="138329" time="2013-02-01 19:07:11 UTC">
      <body>yara sure hatro7y bokra el madrsa ! , el balad bayza</body>
    </message>
    <message id="m0022" participant="138112" time="2013-02-01 19:30:20 UTC">
      <body>Balad bayza ezay? F haga feen</body>
    </message>
    <message id="m0023" participant="138112" time="2013-02-01 19:30:26 UTC">
      <body>Fel Tahrir</body>
    </message>
    <message id="m0024" participant="138112" time="2013-02-01 19:30:34 UTC">
      <body>B3eed 3ana</body>
    </message>
    <message id="m0025" participant="138329" time="2013-02-01 19:33:36 UTC">
      <body>L2 fe mar3'any</body>
    </message>
    <message id="m0026" participant="138329" time="2013-02-01 19:33:42 UTC">
      <body>W masr el gededa</body>
    </message>
    <message id="m0027" participant="138112" time="2013-02-01 19:35:32 UTC">
      <body>Tayeb b3eed bardo</body>
    </message>
    <message id="m0028" participant="138329" time="2013-02-01 19:41:47 UTC">
      <body>M3dakdsh eny haro7</body>
    </message>
    <message id="m0029" participant="138112" time="2013-02-01 19:43:17 UTC">
      <body>Mashyeen</body>
    </message>
    <message id="m0030" participant="138329" time="2013-02-01 19:43:55 UTC">
      <body>Tyb</body>
    </message>
    <message id="m0031" participant="138112" time="2013-02-01 19:44:44 UTC">
      <body>Mashy*</body>
    </message>
    <message id="m0032" participant="138329" time="2013-02-01 19:50:51 UTC">
      <body>Ana hagy. Khals</body>
    </message>
    <message id="m0033" participant="138112" time="2013-02-01 19:53:48 UTC">
      <body>Begad???</body>
    </message>
    <message id="m0034" participant="138329" time="2013-02-01 19:56:00 UTC">
      <body>Ahhh</body>
    </message>
    <message id="m0035" participant="138112" time="2013-02-01 19:57:04 UTC">
      <body>Meen Tany rayeh tayeb</body>
    </message>
    <message id="m0036" participant="138329" time="2013-02-01 19:57:47 UTC">
      <body>M3rfsh bas assem ray7</body>
    </message>
    <message id="m0037" participant="138112" time="2013-02-01 19:58:34 UTC">
      <body>Mashy</body>
    </message>
    <message id="m0038" participant="138329" time="2013-02-01 20:00:12 UTC">
      <body>Wenty sure hatgy ?</body>
    </message>
    <message id="m0039" participant="138112" time="2013-02-01 20:00:26 UTC">
      <body>Ah</body>
    </message>
    <message id="m0040" participant="138329" time="2013-02-01 20:01:05 UTC">
      <body>Tyb</body>
    </message>
    <message id="m0041" participant="138112" time="2013-02-01 20:45:43 UTC">
      <body>Mostafa</body>
    </message>
    <message id="m0042" participant="138329" time="2013-02-01 20:47:00 UTC">
      <body>Aywan</body>
    </message>
    <message id="m0043" participant="138112" time="2013-02-01 20:47:35 UTC">
      <body>Wala haga 5alas</body>
    </message>
    <message id="m0044" participant="138329" time="2013-02-01 20:47:57 UTC">
      <body>:/</body>
    </message>
    <message id="m0045" participant="138329" time="2013-02-01 20:48:00 UTC">
      <body>Tyb</body>
    </message>
    <message id="m0046" participant="138112" time="2013-02-01 20:51:49 UTC">
      <body>Howa morsi kan f madraset eh</body>
    </message>
    <message id="m0047" participant="138329" time="2013-02-01 20:54:53 UTC">
      <body>Chouifate m3aya</body>
    </message>
    <message id="m0048" participant="138329" time="2013-02-01 20:54:57 UTC">
      <body>Lea ?</body>
    </message>
    <message id="m0049" participant="138112" time="2013-02-01 20:55:42 UTC">
      <body>Bokra</body>
    </message>
    <message id="m0050" participant="138112" time="2013-02-01 20:56:26 UTC">
      <body>Hat nemreto</body>
    </message>
    <message id="m0051" participant="138112" time="2013-02-01 20:56:53 UTC">
      <body>Wala lama ashoofo fel madrasa 5alas</body>
    </message>
    <message id="m0052" participant="138329" time="2013-02-01 21:00:52 UTC">
      <body>Tyb</body>
    </message>
    <message id="m0053" participant="138329" time="2013-02-02 00:12:32 UTC">
      <body>Hatro7y akeed b3d el 7asal da !</body>
    </message>
    <message id="m0054" participant="138329" time="2013-02-02 06:36:50 UTC">
      <body>Mesh haro7</body>
    </message>
    <message id="m0055" participant="138329" time="2013-02-02 06:36:54 UTC">
      <body>Khalas</body>
    </message>
    <message id="m0056" participant="138112" time="2013-02-02 07:09:38 UTC">
      <body>Mashy</body>
    </message>
    <message id="m0057" participant="138112" time="2013-02-02 22:02:57 UTC">
      <body>Enta feen</body>
    </message>
    <message id="m0058" participant="138329" time="2013-02-02 23:50:43 UTC">
      <body>Kont fe citystars</body>
    </message>
    <message id="m0059" participant="138329" time="2013-02-03 01:15:17 UTC">
      <body>Wenty</body>
    </message>
    <message id="m0060" participant="138329" time="2013-02-03 09:53:06 UTC">
      <body>Enty bet2ry w mabtrodesh :/</body>
    </message>
    <message id="m0061" participant="138112" time="2013-02-03 10:35:41 UTC">
      <body>3ashan nemt w shoftaha el sob7</body>
    </message>
    <message id="m0062" participant="138329" time="2013-02-03 10:40:08 UTC">
      <body>Ahhh tyb</body>
    </message>
    <message id="m0063" participant="138112" time="2013-02-03 11:37:28 UTC">
      <body>Kont m3a meen b2a embare7</body>
    </message>
    <message id="m0064" participant="138329" time="2013-02-03 11:40:14 UTC">
      <body>M3 so7aby</body>
    </message>
    <message id="m0065" participant="138329" time="2013-02-03 11:40:17 UTC">
      <body>Wenty</body>
    </message>
    <message id="m0066" participant="138112" time="2013-02-03 12:00:33 UTC">
      <body>Mmm Ana kont fel bet</body>
    </message>
    <message id="m0067" participant="138329" time="2013-02-03 12:08:15 UTC">
      <body>Ahhh tyb kwayes</body>
    </message>
    <message id="m0068" participant="138112" time="2013-02-03 12:17:32 UTC">
      <body>Mmm</body>
    </message>
    <message id="m0069" participant="138112" time="2013-02-03 12:17:43 UTC">
      <body>Enta 3amel eh</body>
    </message>
    <message id="m0070" participant="138329" time="2013-02-03 13:35:12 UTC">
      <body>Kwayes el7</body>
    </message>
    <message id="m0071" participant="138329" time="2013-02-03 13:35:17 UTC">
      <body>Wenty ?</body>
    </message>
    <message id="m0073" participant="138329" time="2013-02-03 13:53:58 UTC">
      <body>Bet3mli eih</body>
    </message>
    <message id="m0074" participant="138112" time="2013-02-03 14:05:42 UTC">
      <body>Lesa sa7ya</body>
    </message>
    <message id="m0078" participant="138329" time="2013-02-03 14:33:47 UTC">
      <body>Bakol</body>
    </message>
    <message id="m0079" participant="138329" time="2013-02-03 15:02:46 UTC">
      <body>Bet3mli eih</body>
    </message>
    <message id="m0080" participant="138112" time="2013-02-03 19:29:08 UTC">
      <body>Lesa me5alasa dars</body>
    </message>
    <message id="m0082" participant="138112" time="2013-02-03 21:09:17 UTC">
      <body>Rayeh bokra el madrasa</body>
    </message>
  </messages>
</conversation>
