<?xml version="1.0" encoding="UTF-8"?>
<conversation id="CHT_ARZ_20121111.0002" medium="CHT" donated="true">
  <messages>
    <message id="m0000" participant="138112" time="2012-11-11 15:15:55 UTC">
      <body>Eh el 7asal embare7 b2a</body>
    </message>
    <message id="m0001" participant="138318" time="2012-11-11 15:33:56 UTC">
      <body>23t aklmk embar7 mobilk kan m2fool</body>
    </message>
    <message id="m0002" participant="138112" time="2012-11-11 15:35:19 UTC">
      <body>Ahhh 3ashan omi 5adeto</body>
    </message>
    <message id="m0003" participant="138112" time="2012-11-11 15:35:30 UTC">
      <body>Shafetak enta w 3assem</body>
    </message>
    <message id="m0004" participant="138112" time="2012-11-11 15:35:51 UTC">
      <body>W rag3a meta5ar kaman</body>
    </message>
    <message id="m0005" participant="138318" time="2012-11-11 15:36:01 UTC">
      <body>Ana w 3assm ?!! 3mltlk eh</body>
    </message>
    <message id="m0006" participant="138112" time="2012-11-11 15:36:15 UTC">
      <body>Enta rawa7t emta?</body>
    </message>
    <message id="m0007" participant="138318" time="2012-11-11 15:36:53 UTC">
      <body>L s3a 2:30</body>
    </message>
    <message id="m0008" participant="138112" time="2012-11-11 15:37:16 UTC">
      <body>Leh?</body>
    </message>
    <message id="m0009" participant="138112" time="2012-11-11 15:37:33 UTC">
      <body>Etasalet w 2alet ya pappi</body>
    </message>
    <message id="m0010" participant="138112" time="2012-11-11 15:37:39 UTC">
      <body>W 5adet men el mobile</body>
    </message>
    <message id="m0011" participant="138112" time="2012-11-11 15:37:56 UTC">
      <body>Enta rawa7t leh 2:3"</body>
    </message>
    <message id="m0012" participant="138112" time="2012-11-11 15:38:00 UTC">
      <body>*2:30</body>
    </message>
    <message id="m0013" participant="138318" time="2012-11-11 15:38:02 UTC">
      <body>23t ma3a so7aby shwaya w reg3t</body>
    </message>
    <message id="m0014" participant="138318" time="2012-11-11 15:38:16 UTC">
      <body>Ana bardo ethaz2t zyk bel zabt</body>
    </message>
    <message id="m0015" participant="138112" time="2012-11-11 15:38:23 UTC">
      <body>W el 3arabia se5net tany?</body>
    </message>
    <message id="m0016" participant="138112" time="2012-11-11 15:38:30 UTC">
      <body>Ethaza2t men meen?</body>
    </message>
    <message id="m0017" participant="138318" time="2012-11-11 15:45:21 UTC">
      <body>L2</body>
    </message>
    <message id="m0018" participant="138318" time="2012-11-11 15:45:28 UTC">
      <body>Papaya</body>
    </message>
    <message id="m0019" participant="138318" time="2012-11-11 15:45:50 UTC">
      <body>ana asln mab7b7bsh at3ml ma3a papa</body>
    </message>
    <message id="m0020" participant="138112" time="2012-11-11 15:46:50 UTC">
      <body>A2alek eh? Enta 3amalt eh</body>
    </message>
    <message id="m0021" participant="138112" time="2012-11-11 15:47:02 UTC">
      <body>W abook b2a hate3mel eh, ma3alesh</body>
    </message>
    <message id="m0022" participant="138112" time="2012-11-11 15:50:51 UTC">
      <body>W etkalemt m3a Hekmat?</body>
    </message>
    <message id="m0023" participant="138318" time="2012-11-11 16:32:37 UTC">
      <body>Haz2nyyy 3shan reg3t met25er</body>
    </message>
    <message id="m0024" participant="138318" time="2012-11-11 16:33:08 UTC">
      <body>Etkalemt ma3a hekmat fe eh</body>
    </message>
    <message id="m0025" participant="138318" time="2012-11-11 16:33:09 UTC">
      <body>??</body>
    </message>
    <message id="m0026" participant="138112" time="2012-11-11 16:36:20 UTC">
      <body>Ma da meta5ar awy. W shoft mametha 3amalet eh m3aha</body>
    </message>
    <message id="m0027" participant="138318" time="2012-11-11 16:36:46 UTC">
      <body>Mam3yesh nemrtha</body>
    </message>
    <message id="m0028" participant="138318" time="2012-11-11 16:37:13 UTC">
      <body>w s2lt 3assem ally enhom z32olha gamed awii</body>
    </message>
    <message id="m0029" participant="138112" time="2012-11-11 16:37:33 UTC">
      <body>Ya lahwy, tab Ana hab2a akalemek</body>
    </message>
    <message id="m0030" participant="138112" time="2012-11-11 16:37:39 UTC">
      <body>*akalemha</body>
    </message>
    <message id="m0031" participant="138318" time="2012-11-11 16:37:54 UTC">
      <body>Tb kalmeha w eb2y ollyly</body>
    </message>
    <message id="m0032" participant="138112" time="2012-11-11 16:38:00 UTC">
      <body>7ader</body>
    </message>
    <message id="m0033" participant="138112" time="2012-11-11 16:38:18 UTC">
      <body>W eh nourhan gat menen di?</body>
    </message>
    <message id="m0034" participant="138112" time="2012-11-11 16:38:32 UTC">
      <body>Walahi eftakartak kol da m3a Maram</body>
    </message>
    <message id="m0035" participant="138318" time="2012-11-11 16:38:53 UTC">
      <body>W micheal geh mnen dah</body>
    </message>
    <message id="m0036" participant="138318" time="2012-11-11 16:39:06 UTC">
      <body>Mahoma manzlosh embar7</body>
    </message>
    <message id="m0037" participant="138318" time="2012-11-11 16:39:59 UTC">
      <body>W ana kont ma3a nourhan men badri</body>
    </message>
    <message id="m0038" participant="138112" time="2012-11-11 16:41:50 UTC">
      <body>Malo Michael? 
W awel mara a3raf haha</body>
    </message>
    <message id="m0039" participant="138318" time="2012-11-11 16:46:42 UTC">
      <body>Awl mara t3rafy eh</body>
    </message>
    <message id="m0040" participant="138112" time="2012-11-11 16:47:26 UTC">
      <body>Enak mesa7b, kan shaklak enta w Maram betzabato aslan</body>
    </message>
  </messages>
</conversation>
