<?xml version="1.0" encoding="UTF-8"?>
<conversation id="CHT_ARZ_20121103.0001" medium="CHT" donated="true">
  <messages>
    <message id="m0000" participant="138112" time="2012-11-03 23:03:57 UTC">
      <body>Enta feen.....</body>
    </message>
    <message id="m0001" participant="138318" time="2012-11-04 00:47:01 UTC">
      <body>Ana oltelk shwya mesh awii w b3den 7let 20 q bas :d w oltelk wenty</body>
    </message>
    <message id="m0002" participant="138318" time="2012-11-04 00:47:01 UTC">
      <body>W enty maradtesh</body>
    </message>
    <message id="m0003" participant="138112" time="2012-11-04 07:21:49 UTC">
      <body>????</body>
    </message>
    <message id="m0004" participant="138112" time="2012-11-04 07:21:59 UTC">
      <body>Call me lma tes7a</body>
    </message>
  </messages>
</conversation>
