<?xml version="1.0" encoding="UTF-8"?>
<conversation id="CHT_ARZ_20121223.0000" medium="CHT" donated="true">
  <messages>
    <message id="m0000" participant="138328" time="2012-12-23 16:50:12 UTC">
      <body>Yaraaaa</body>
    </message>
    <message id="m0001" participant="138112" time="2012-12-23 17:26:38 UTC">
      <body>Myrnaaa</body>
    </message>
    <message id="m0002" participant="138328" time="2012-12-23 17:29:38 UTC">
      <body>3amlaa eihh ?</body>
    </message>
    <message id="m0003" participant="138112" time="2012-12-23 17:29:59 UTC">
      <body>Ana kwayesa Enty 3amla ehhh? Wahashtini!</body>
    </message>
    <message id="m0004" participant="138328" time="2012-12-23 17:30:12 UTC">
      <body>Wentyyy wa7shteniiiiii aweeeee</body>
    </message>
    <message id="m0005" participant="138328" time="2012-12-23 17:30:14 UTC">
      <body>Ana el77</body>
    </message>
    <message id="m0006" participant="138328" time="2012-12-23 17:30:39 UTC">
      <body>Bt3mli eih fel agaza ?</body>
    </message>
    <message id="m0007" participant="138112" time="2012-12-23 17:32:01 UTC">
      <body>Wala ay haga! Lesa sahya w 3andi dars 3la 6 w wahed tany 8, f malal aktar men keda!!! Haha w enti bt3mli ehhh, Christmas bokra(:</body>
    </message>
    <message id="m0009" participant="138328" time="2012-12-23 17:35:12 UTC">
      <body>Thankkkkkkkk youu hbebe :* 3andi emt7annn bukraaa f miu :s fa 5ara fsh5</body>
    </message>
    <message id="m0010" participant="138112" time="2012-12-23 17:37:06 UTC">
      <body>Howa mesh el mafrood el balad d kolaha agaza on Christmas wla eh!!</body>
    </message>
    <message id="m0011" participant="138112" time="2012-12-23 17:37:21 UTC">
      <body>Emtahan eh? Early registration?</body>
    </message>
    <message id="m0012" participant="138328" time="2012-12-23 17:38:10 UTC">
      <body>Ahhhh :s :s</body>
    </message>
    <message id="m0013" participant="138328" time="2012-12-23 17:38:14 UTC">
      <body>Christmas b3d bukra</body>
    </message>
    <message id="m0015" participant="138328" time="2012-12-23 17:39:24 UTC">
      <body>25</body>
    </message>
    <message id="m0016" participant="138328" time="2012-12-23 17:39:28 UTC">
      <body>:D</body>
    </message>
    <message id="m0017" participant="138112" time="2012-12-23 17:39:53 UTC">
      <body>Oh yeahhh, asdy Christmas Eve haha</body>
    </message>
    <message id="m0018" participant="138328" time="2012-12-23 17:40:52 UTC">
      <body>HaaaahhhaA aiwa bukra</body>
    </message>
    <message id="m0019" participant="138112" time="2012-12-23 17:42:54 UTC">
      <body>Hat3meli ehh b2a</body>
    </message>
    <message id="m0020" participant="138328" time="2012-12-23 17:43:45 UTC">
      <body>Msh 3arfa I think hnrou7 hfla sa7bt 2o5ty 3mlha fel bet</body>
    </message>
    <message id="m0021" participant="138112" time="2012-12-23 17:44:11 UTC">
      <body>Tayeb hat3meli eh with your family?</body>
    </message>
    <message id="m0022" participant="138328" time="2012-12-23 17:45:04 UTC">
      <body>Hnfdal m3ahom l5yt keda 12 wa then nrou7 el party dih</body>
    </message>
    <message id="m0023" participant="138112" time="2012-12-23 17:46:29 UTC">
      <body>Hahaha 7lw have fun :*</body>
    </message>
    <message id="m0024" participant="138328" time="2012-12-23 17:46:48 UTC">
      <body>Enty msh ht3mlii hga ?</body>
    </message>
    <message id="m0025" participant="138112" time="2012-12-23 17:47:45 UTC">
      <body>Mesh 3arfa lesa ehtemal mesafra sharm</body>
    </message>
    <message id="m0026" participant="138328" time="2012-12-23 17:48:08 UTC">
      <body>Bgddd</body>
    </message>
    <message id="m0027" participant="138328" time="2012-12-23 17:48:13 UTC">
      <body>Edaa taybb enjoyyyyyy hbebe</body>
    </message>
    <message id="m0028" participant="138328" time="2012-12-23 17:48:19 UTC">
      <body>M3 your family ?</body>
    </message>
    <message id="m0029" participant="138112" time="2012-12-23 17:49:41 UTC">
      <body>Ahhh w m3a yomna</body>
    </message>
    <message id="m0030" participant="138112" time="2012-12-23 17:49:46 UTC">
      <body>Thanks:*</body>
    </message>
    <message id="m0031" participant="138112" time="2012-12-23 17:49:59 UTC">
      <body>3amalti ehhh b2a men sa3et el agaza</body>
    </message>
    <message id="m0032" participant="138328" time="2012-12-23 17:50:59 UTC">
      <body>Bosi bnzel m3 julie wa as7bha ashish wa keda wa embre7 kna m3zomen belel 3and 2ryb michael 5tbha 3lshan msfer</body>
    </message>
    <message id="m0033" participant="138112" time="2012-12-23 18:04:31 UTC">
      <body>Hahaha 7lw ento lma shayeshto odami nefsi etfata7et lel shisha haha</body>
    </message>
    <message id="m0034" participant="138112" time="2012-12-23 18:04:43 UTC">
      <body>W Michael msafer feen?</body>
    </message>
    <message id="m0035" participant="138328" time="2012-12-23 18:05:48 UTC">
      <body>Ahahhahahahahaha :D l2a msh michael his cousin msafer dubai</body>
    </message>
    <message id="m0036" participant="138112" time="2012-12-23 18:06:42 UTC">
      <body>Ahhh hahaha</body>
    </message>
    <message id="m0037" participant="138112" time="2012-12-23 18:06:53 UTC">
      <body>O5tak hategawez emta?</body>
    </message>
    <message id="m0038" participant="138328" time="2012-12-23 18:07:02 UTC">
      <body>Kman a year :D</body>
    </message>
    <message id="m0039" participant="138112" time="2012-12-23 18:07:43 UTC">
      <body>Hahaha homa lesa ma5tobin orayeb?</body>
    </message>
    <message id="m0040" participant="138328" time="2012-12-23 18:08:24 UTC">
      <body>Ahhh b2lhom 1 month</body>
    </message>
    <message id="m0041" participant="138112" time="2012-12-23 18:08:56 UTC">
      <body>Hahaha bahes en o5tak 3aysha love story :D</body>
    </message>
    <message id="m0042" participant="138112" time="2012-12-23 18:09:03 UTC">
      <body>3o2balna hahaha</body>
    </message>
    <message id="m0043" participant="138328" time="2012-12-23 18:09:26 UTC">
      <body>Ahahahhaha julie ???? Ahahahahah 5ales nfsi ahesha romantic keda :D</body>
    </message>
    <message id="m0044" participant="138112" time="2012-12-23 18:10:10 UTC">
      <body>Hahaha mat5afish our time will come, f walad yeseeb bent amar zayek :*</body>
    </message>
    <message id="m0045" participant="138112" time="2012-12-23 18:10:18 UTC">
      <body>Brb 3andi dars</body>
    </message>
    <message id="m0046" participant="138328" time="2012-12-23 18:10:37 UTC">
      <body>Tytt :*</body>
    </message>
    <message id="m0047" participant="138328" time="2012-12-23 18:10:50 UTC">
      <body>Ehehehehehe enty faze3a :*</body>
    </message>
    <message id="m0048" participant="138112" time="2012-12-23 19:33:25 UTC">
      <body>5alast:D</body>
    </message>
    <message id="m0049" participant="138112" time="2012-12-23 19:33:31 UTC">
      <body>7aram 3aleka :(</body>
    </message>
    <message id="m0050" participant="138328" time="2012-12-24 17:09:28 UTC">
      <body>Babyy lma b3tyili embre7 knt nmt</body>
    </message>
    <message id="m0051" participant="138328" time="2012-12-24 17:09:33 UTC">
      <body>Wa enhrda kan 3andi exam</body>
    </message>
    <message id="m0052" participant="138112" time="2012-12-24 17:09:48 UTC">
      <body>It's okay baby :*</body>
    </message>
    <message id="m0053" participant="138328" time="2012-12-24 17:09:57 UTC">
      <body>3amlaaa eihh babe ?</body>
    </message>
    <message id="m0054" participant="138112" time="2012-12-24 17:11:23 UTC">
      <body>Kwayesa, w enti 3amla eh?</body>
    </message>
    <message id="m0055" participant="138328" time="2012-12-24 17:11:43 UTC">
      <body>AnAaa kwaicaa :D</body>
    </message>
    <message id="m0056" participant="138112" time="2012-12-24 17:12:21 UTC">
      <body>"ca" 7aram 3aleki:D</body>
    </message>
    <message id="m0057" participant="138112" time="2012-12-24 17:12:28 UTC">
      <body>3amalty ehhh fel exam</body>
    </message>
    <message id="m0058" participant="138328" time="2012-12-24 17:13:28 UTC">
      <body>Eshtaa bosi sa3bb fsh5 bas eshta :D</body>
    </message>
    <message id="m0059" participant="138328" time="2012-12-24 17:13:34 UTC">
      <body>Wa fiih drawings ktiir awe</body>
    </message>
    <message id="m0060" participant="138112" time="2012-12-24 17:14:00 UTC">
      <body>Ahhh ashann e7na engineering?</body>
    </message>
    <message id="m0061" participant="138112" time="2012-12-24 17:14:11 UTC">
      <body>Ehh tany emte7nooki f</body>
    </message>
    <message id="m0062" participant="138328" time="2012-12-24 17:14:15 UTC">
      <body>Ahhhhh :d :d ahahahahhahahahahahahaha</body>
    </message>
    <message id="m0063" participant="138328" time="2012-12-24 17:14:23 UTC">
      <body>English oral wa reading</body>
    </message>
    <message id="m0064" participant="138112" time="2012-12-24 17:18:03 UTC">
      <body>What did you draw haha</body>
    </message>
    <message id="m0065" participant="138328" time="2012-12-24 17:18:35 UTC">
      <body>Aahhahhhahh hgat ktir wlahi ma fkra</body>
    </message>
    <message id="m0066" participant="138112" time="2012-12-24 17:19:01 UTC">
      <body>Eh da Lehhh howa enti me2adema eh bzabt</body>
    </message>
    <message id="m0067" participant="138328" time="2012-12-24 17:19:12 UTC">
      <body>Architecture</body>
    </message>
    <message id="m0068" participant="138328" time="2012-12-24 17:19:19 UTC">
      <body>Rasmnaa hgatt ktiiir awe</body>
    </message>
    <message id="m0069" participant="138328" time="2012-12-24 17:19:24 UTC">
      <body>Wa emt7an kbiiir aslun</body>
    </message>
    <message id="m0070" participant="138112" time="2012-12-24 17:19:49 UTC">
      <body>Ma tabi3y 3ashan architecture drawing kteer</body>
    </message>
    <message id="m0071" participant="138328" time="2012-12-24 17:20:14 UTC">
      <body>:sahhhhhh</body>
    </message>
    <message id="m0072" participant="138112" time="2012-12-24 17:20:26 UTC">
      <body>Msh da el enti 3ayza??</body>
    </message>
    <message id="m0073" participant="138328" time="2012-12-24 17:21:10 UTC">
      <body>Ahhhhh</body>
    </message>
    <message id="m0074" participant="138328" time="2012-12-24 17:21:13 UTC">
      <body>Yarub anga7 bas</body>
    </message>
    <message id="m0075" participant="138112" time="2012-12-24 17:22:13 UTC">
      <body>Isa naghaaa</body>
    </message>
    <message id="m0077" participant="138328" time="2012-12-24 17:24:00 UTC">
      <body>Yessss nfsi anga7 awee</body>
    </message>
    <message id="m0078" participant="138112" time="2012-12-24 17:24:24 UTC">
      <body>Mafakartsh f GUC?</body>
    </message>
    <message id="m0079" participant="138328" time="2012-12-24 17:24:43 UTC">
      <body>nooo its very hard</body>
    </message>
    <message id="m0080" participant="138112" time="2012-12-24 17:25:07 UTC">
      <body>Ahh sah, w bue?</body>
    </message>
    <message id="m0081" participant="138328" time="2012-12-24 17:25:59 UTC">
      <body>Msh 3awzaha wa nas m3afna</body>
    </message>
    <message id="m0082" participant="138112" time="2012-12-24 17:28:44 UTC">
      <body>Msh kolo ya3ni</body>
    </message>
    <message id="m0083" participant="138112" time="2012-12-24 17:28:53 UTC">
      <body>O5tek kanet feen</body>
    </message>
    <message id="m0084" participant="138328" time="2012-12-24 17:29:36 UTC">
      <body>Miu</body>
    </message>
    <message id="m0085" participant="138112" time="2012-12-24 17:30:03 UTC">
      <body>Heya 3rfet Michael menen??</body>
    </message>
    <message id="m0086" participant="138328" time="2012-12-24 17:34:25 UTC">
      <body>Homa y3rfo b3d men zman julie wa hwa wa so7bhom kano f skool f qatar</body>
    </message>
    <message id="m0087" participant="138328" time="2012-12-24 17:34:34 UTC">
      <body>Wa then julie rg3t msr wa homa kmlo henk</body>
    </message>
    <message id="m0088" participant="138328" time="2012-12-24 17:34:49 UTC">
      <body>Then kolhm d5lo miu m3 b3d bas homa ats7bo b3d el gm3a</body>
    </message>
    <message id="m0089" participant="138112" time="2012-12-24 18:03:53 UTC">
      <body>Ehhh da di love story begad :')</body>
    </message>
    <message id="m0090" participant="138328" time="2012-12-24 18:04:27 UTC">
      <body>Ahahhhahhhahh :D</body>
    </message>
  </messages>
</conversation>
