<?xml version="1.0" encoding="UTF-8"?>
<conversation id="CHT_ARZ_20120701.0002" medium="CHT" donated="true">
  <messages>
    <message id="m0000" time="2012-07-01 11:50:13 UTC" participant="139275">
      <body>3ayza atklm m3aki</body>
    </message>
    <message id="m0001" time="2012-07-01 11:50:20 UTC" participant="139275">
      <body>bs lma mama tnzl</body>
    </message>
    <message id="m0002" time="2012-07-01 11:50:47 UTC" participant="139561">
      <body>Tyb olely awl ma tnzl aklmk</body>
    </message>
    <message id="m0003" time="2012-07-01 11:51:08 UTC" participant="139275">
      <body>ana m3aya rsed el 7amdo lellah 7klmk</body>
    </message>
    <message id="m0004" time="2012-07-01 11:51:44 UTC" participant="139561">
      <body>Tyb kalmeny</body>
    </message>
  </messages>
</conversation>
