<?xml version="1.0" encoding="UTF-8"?>
<conversation id="CHT_ARZ_20130328.0001" medium="CHT" donated="true">
  <messages>
    <message id="m0000" participant="138112" time="2013-03-28 23:05:27 UTC">
      <body>Leena</body>
    </message>
    <message id="m0001" participant="138314" time="2013-03-28 23:12:04 UTC">
      <body>Aywa</body>
    </message>
    <message id="m0002" participant="138112" time="2013-03-28 23:12:20 UTC">
      <body>7elw el dress</body>
    </message>
    <message id="m0003" participant="138112" time="2013-03-28 23:12:28 UTC">
      <body>&lt;media omitted&gt;</body>
    </message>
    <message id="m0004" participant="138112" time="2013-03-28 23:12:34 UTC">
      <body>&lt;media omitted&gt;</body>
    </message>
    <message id="m0005" participant="138314" time="2013-03-28 23:13:09 UTC">
      <body>7lw :)</body>
    </message>
    <message id="m0006" participant="138314" time="2013-03-28 23:14:16 UTC">
      <body/>
    </message>
    <message id="m0007" participant="138112" time="2013-03-28 23:14:33 UTC">
      <body>Begad?</body>
    </message>
    <message id="m0008" participant="138314" time="2013-03-28 23:14:43 UTC">
      <body>Ah :)</body>
    </message>
    <message id="m0010" participant="138112" time="2013-03-28 23:15:33 UTC">
      <body>Gebti el dress</body>
    </message>
    <message id="m0011" participant="138314" time="2013-03-28 23:16:02 UTC">
      <body>Ah</body>
    </message>
    <message id="m0012" participant="138112" time="2013-03-28 23:17:22 UTC">
      <body>Tab el7</body>
    </message>
    <message id="m0013" participant="138314" time="2013-03-28 23:18:12 UTC">
      <body>A5dto title we keda</body>
    </message>
    <message id="m0014" participant="138112" time="2013-03-28 23:18:32 UTC">
      <body>La2</body>
    </message>
    <message id="m0015" participant="138112" time="2013-03-28 23:18:37 UTC">
      <body>Bn3ml voting hahaa</body>
    </message>
    <message id="m0016" participant="138314" time="2013-03-28 23:18:43 UTC">
      <body>Mmmm</body>
    </message>
  </messages>
</conversation>
