<?xml version="1.0" encoding="UTF-8"?>
<conversation id="CHT_ARZ_20130410.0003" medium="CHT" donated="true">
  <messages>
    <message id="m0000" time="2013-04-10 12:03:00 UTC" participant="139376">
      <body>منمن</body>
    </message>
    <message id="m0001" time="2013-04-10 12:04:00 UTC" participant="139376">
      <body>صباح الخير</body>
    </message>
    <message id="m0002" time="2013-04-10 21:44:00 UTC" participant="139548">
      <body>حمدالله على السلامه يا جميل</body>
    </message>
    <message id="m0003" time="2013-04-10 21:45:00 UTC" participant="139548">
      <body>معلش اصلنا كنا بنغير شركة النيت فمكنش عندنا نت الأيام اللي فاتت</body>
    </message>
  </messages>
</conversation>
