<?xml version="1.0" encoding="UTF-8"?>
<conversation id="CHT_ARZ_20130201.0001" medium="CHT" donated="true">
  <messages>
    <message id="m0000" participant="138112" time="2013-02-01 21:46:47 UTC">
      <body>Rayha bokra</body>
    </message>
    <message id="m0002" participant="138328" time="2013-02-01 21:47:42 UTC">
      <body>Entyy ry7a</body>
    </message>
    <message id="m0003" participant="138112" time="2013-02-01 21:47:47 UTC">
      <body>Yaaa</body>
    </message>
    <message id="m0004" participant="138328" time="2013-02-01 21:48:07 UTC">
      <body>Leeh</body>
    </message>
    <message id="m0005" participant="138112" time="2013-02-01 21:48:19 UTC">
      <body>Daragat 3al fadi</body>
    </message>
    <message id="m0007" participant="138328" time="2013-02-02 17:24:18 UTC">
      <body>ro7tyy enhrda ?</body>
    </message>
    <message id="m0008" participant="138112" time="2013-02-02 17:46:53 UTC">
      <body>Ahhh</body>
    </message>
    <message id="m0009" participant="138328" time="2013-02-02 17:47:06 UTC">
      <body>Meen raa7</body>
    </message>
    <message id="m0010" participant="138112" time="2013-02-02 17:47:44 UTC">
      <body>Youssef, Mohamed el rayes, Ann, nada, Youlla, Adham, Adel</body>
    </message>
    <message id="m0011" participant="138112" time="2013-02-02 17:49:31 UTC">
      <body>Mohamed akram</body>
    </message>
    <message id="m0012" participant="138328" time="2013-02-02 17:49:57 UTC">
      <body>Bas</body>
    </message>
    <message id="m0013" participant="138328" time="2013-02-02 17:49:58 UTC">
      <body>:D</body>
    </message>
    <message id="m0014" participant="138112" time="2013-02-02 17:50:56 UTC">
      <body>Lah f nas Tanya bas ma3rafhomsh Keda</body>
    </message>
    <message id="m0015" participant="138328" time="2013-02-02 17:55:43 UTC">
      <body>Ah okeyy</body>
    </message>
  </messages>
</conversation>
