<?xml version="1.0" encoding="UTF-8"?>
<conversation id="CHT_ARZ_20130303.0000" medium="CHT" donated="true">
  <messages>
    <message id="m0000" participant="138112" time="2013-03-03 19:07:16 UTC">
      <body>And</body>
    </message>
    <message id="m0001" participant="138112" time="2013-03-03 19:07:21 UTC">
      <body>reww</body>
    </message>
    <message id="m0002" participant="138319" time="2013-03-03 19:52:53 UTC">
      <body>Ya</body>
    </message>
    <message id="m0003" participant="138319" time="2013-03-03 19:52:55 UTC">
      <body>Ra</body>
    </message>
    <message id="m0005" participant="138319" time="2013-03-04 00:59:02 UTC">
      <body>Tmm el7 wanty</body>
    </message>
    <message id="m0006" participant="138319" time="2013-03-04 00:59:14 UTC">
      <body>M3lsh el whats app kan m3la2</body>
    </message>
    <message id="m0007" participant="138112" time="2013-03-04 00:59:19 UTC">
      <body>Lesa faker -__-</body>
    </message>
    <message id="m0008" participant="138112" time="2013-03-04 00:59:23 UTC">
      <body>Mashy</body>
    </message>
    <message id="m0009" participant="138112" time="2013-03-04 00:59:30 UTC">
      <body>Ana Kwayesa el7</body>
    </message>
    <message id="m0010" participant="138112" time="2013-03-04 00:59:35 UTC">
      <body>Bt3ml eh</body>
    </message>
    <message id="m0011" participant="138319" time="2013-03-04 01:00:04 UTC">
      <body>Nthing ha5osh anam 3shan sa7y mn 7</body>
    </message>
    <message id="m0012" participant="138319" time="2013-03-04 01:00:07 UTC">
      <body>Wanty</body>
    </message>
    <message id="m0013" participant="138112" time="2013-03-04 01:00:56 UTC">
      <body>Ana ha3od shwaya</body>
    </message>
    <message id="m0014" participant="138112" time="2013-03-04 01:01:00 UTC">
      <body>Hatnam?</body>
    </message>
    <message id="m0015" participant="138319" time="2013-03-04 01:01:18 UTC">
      <body>Yess</body>
    </message>
    <message id="m0017" participant="138319" time="2013-03-04 01:01:40 UTC">
      <body>Anty msh hatnamy msh 3ndk madrasa bokra</body>
    </message>
    <message id="m0018" participant="138112" time="2013-03-04 01:02:36 UTC">
      <body>Ahhh</body>
    </message>
    <message id="m0019" participant="138112" time="2013-03-04 01:02:42 UTC">
      <body>Bas eshta shwaya Keda</body>
    </message>
    <message id="m0020" participant="138319" time="2013-03-04 01:03:01 UTC">
      <body>Eshta gd night :*</body>
    </message>
  </messages>
</conversation>
