<?xml version="1.0" encoding="UTF-8"?>
<conversation id="CHT_ARZ_20130504.0000" medium="CHT" donated="true">
  <messages>
    <message id="m0000" participant="138112" time="2013-05-04 15:31:10 UTC">
      <body>3amalti eh</body>
    </message>
    <message id="m0001" participant="138328" time="2013-05-04 15:31:17 UTC">
      <body>Helww</body>
    </message>
    <message id="m0002" participant="138328" time="2013-05-04 15:31:20 UTC">
      <body/>
    </message>
    <message id="m0003" participant="138112" time="2013-05-04 15:31:29 UTC">
      <body>Kwayes el7</body>
    </message>
    <message id="m0004" participant="138112" time="2013-05-04 15:31:33 UTC">
      <body>Bt3mli ehh</body>
    </message>
    <message id="m0005" participant="138112" time="2013-05-04 15:31:35 UTC">
      <body>Feenak</body>
    </message>
    <message id="m0006" participant="138328" time="2013-05-04 15:31:43 UTC">
      <body>Wla hga a3da f down town</body>
    </message>
    <message id="m0007" participant="138328" time="2013-05-04 15:31:46 UTC">
      <body>Wentyy?</body>
    </message>
    <message id="m0008" participant="138112" time="2013-05-04 15:32:36 UTC">
      <body>M3a meen!</body>
    </message>
    <message id="m0009" participant="138112" time="2013-05-04 15:32:38 UTC">
      <body>*?</body>
    </message>
    <message id="m0010" participant="138112" time="2013-05-04 15:32:44 UTC">
      <body>Ana fel bet</body>
    </message>
    <message id="m0011" participant="138328" time="2013-05-04 15:32:57 UTC">
      <body>Wla had a3da mstniaa so7ab julie</body>
    </message>
    <message id="m0012" participant="138112" time="2013-05-04 15:33:22 UTC">
      <body>Hatrouhi church enaharda belel?</body>
    </message>
    <message id="m0014" participant="138328" time="2013-05-04 15:33:34 UTC">
      <body>Akiiiid</body>
    </message>
    <message id="m0015" participant="138328" time="2013-05-04 15:33:35 UTC">
      <body>:D</body>
    </message>
    <message id="m0016" participant="138112" time="2013-05-04 15:42:37 UTC">
      <body>Hahahaha good :*</body>
    </message>
    <message id="m0017" participant="138112" time="2013-05-04 15:42:47 UTC">
      <body>Eb2i salemeeli 3la Julie</body>
    </message>
    <message id="m0018" participant="138328" time="2013-05-04 15:43:00 UTC">
      <body>Haderr</body>
    </message>
    <message id="m0019" participant="138328" time="2013-05-04 15:43:06 UTC">
      <body>Enty ht3mli eih 2day</body>
    </message>
    <message id="m0020" participant="138112" time="2013-05-04 15:43:15 UTC">
      <body>Msh 3arfa hashoof Edward w Amr</body>
    </message>
    <message id="m0022" participant="138112" time="2013-05-04 15:43:43 UTC">
      <body/>
    </message>
    <message id="m0023" participant="138328" time="2013-05-04 15:44:03 UTC">
      <body/>
    </message>
    <message id="m0024" participant="138328" time="2013-05-04 16:33:12 UTC">
      <body>Tnzlii bukra belell zmalekk ?</body>
    </message>
    <message id="m0025" participant="138112" time="2013-05-04 17:42:53 UTC">
      <body>Msh 3arfa</body>
    </message>
    <message id="m0026" participant="138112" time="2013-05-04 17:42:58 UTC">
      <body>E7tmal asafer bokra</body>
    </message>
    <message id="m0027" participant="138328" time="2013-05-04 17:43:31 UTC">
      <body>Tybb</body>
    </message>
  </messages>
</conversation>
