<?xml version="1.0" encoding="UTF-8"?>
<conversation id="CHT_ARZ_20121215.0001" medium="CHT" donated="true">
  <messages>
    <message id="m0000" participant="138112" time="2012-12-15 16:08:21 UTC">
      <body>&lt;media omitted&gt;</body>
    </message>
    <message id="m0001" participant="138325" time="2012-12-15 16:12:23 UTC">
      <body>Min deh youmna ??</body>
    </message>
    <message id="m0002" participant="138112" time="2012-12-15 16:12:36 UTC">
      <body>Ahhh hahaha</body>
    </message>
    <message id="m0003" participant="138325" time="2012-12-15 16:12:54 UTC">
      <body>Hahahaha</body>
    </message>
    <message id="m0004" participant="138325" time="2012-12-15 16:13:03 UTC">
      <body>Aked shaklha mesh kada</body>
    </message>
    <message id="m0005" participant="138112" time="2012-12-15 16:13:08 UTC">
      <body>Hahahaha</body>
    </message>
    <message id="m0006" participant="138112" time="2012-12-15 16:13:18 UTC">
      <body>&lt;media omitted&gt;</body>
    </message>
    <message id="m0007" participant="138325" time="2012-12-15 16:14:19 UTC">
      <body>Shklha kanat tafla ra5ma wa haya so3'ayra</body>
    </message>
    <message id="m0008" participant="138325" time="2012-12-15 16:14:23 UTC">
      <body/>
    </message>
    <message id="m0009" participant="138112" time="2012-12-15 16:14:29 UTC">
      <body>Hahahaha</body>
    </message>
    <message id="m0010" participant="138325" time="2012-12-15 16:18:07 UTC">
      <body>7alwa awii el pic bat3tek</body>
    </message>
    <message id="m0012" participant="138325" time="2012-12-15 16:19:03 UTC">
      <body/>
    </message>
    <message id="m0013" participant="138325" time="2012-12-16 00:18:33 UTC">
      <body>7ana3mal el eng 3an a</body>
    </message>
  </messages>
</conversation>
