<?xml version="1.0" encoding="UTF-8"?>
<conversation id="CHT_ARZ_20121206.0003" medium="CHT" donated="true">
  <messages>
    <message id="m0000" time="2012-12-06 23:59:06 UTC" participant="139275">
      <body>reeem</body>
    </message>
    <message id="m0001" time="2012-12-06 23:59:34 UTC" participant="139275">
      <body>b3edn 3an el seyasa </body>
    </message>
    <message id="m0002" time="2012-12-07 00:00:11 UTC" participant="139275">
      <body>momken astfsr 3an 7aga?</body>
    </message>
    <message id="m0003" time="2012-12-07 00:19:36 UTC" participant="139566">
      <body>Etfdly</body>
    </message>
    <message id="m0004" time="2012-12-07 00:20:05 UTC" participant="139275">
      <body>bosy m3lsh</body>
    </message>
    <message id="m0005" time="2012-12-07 00:20:18 UTC" participant="139275">
      <body>ana re7t bo2y mesh 7elwa</body>
    </message>
    <message id="m0006" time="2012-12-07 00:20:30 UTC" participant="139275">
      <body>w dersy ebtda yewg3ny</body>
    </message>
    <message id="m0007" time="2012-12-07 00:20:40 UTC" participant="139566">
      <body>Mmmm yb2a 5orag</body>
    </message>
    <message id="m0008" time="2012-12-07 00:20:54 UTC" participant="139566">
      <body>7asa enk warma ?</body>
    </message>
    <message id="m0009" time="2012-12-07 00:21:18 UTC" participant="139275">
      <body>w mahma a3'sl senany aw ast7'm madmda el re7a lisa mawgoda</body>
    </message>
    <message id="m0011" time="2012-12-07 00:21:32 UTC" participant="139275">
      <body>w el wag3 asln mesh sabet</body>
    </message>
    <message id="m0012" time="2012-12-07 00:21:43 UTC" participant="139275">
      <body>lma akol la7ma nashfa bs</body>
    </message>
    <message id="m0013" time="2012-12-07 00:22:23 UTC" participant="139566">
      <body>Tyb dersk msws awy ?</body>
    </message>
    <message id="m0014" time="2012-12-07 00:22:30 UTC" participant="139566">
      <body>Ma5rom aw 7aga ?</body>
    </message>
    <message id="m0015" time="2012-12-07 00:22:40 UTC" participant="139275">
      <body>laa mesh awe</body>
    </message>
    <message id="m0016" time="2012-12-07 00:22:52 UTC" participant="139275">
      <body>beno w ben ale gambo bs</body>
    </message>
    <message id="m0017" time="2012-12-07 00:23:19 UTC" participant="139566">
      <body>Tyb bosy el wag3 da momkn ykon beno w ben ely gnbo msws wla ma5rom ?</body>
    </message>
    <message id="m0018" time="2012-12-07 00:23:49 UTC" participant="139566">
      <body>W ry7t bo2k 7aga gdeda wla mn fatra ?</body>
    </message>
    <message id="m0019" time="2012-12-07 00:24:00 UTC" participant="139275">
      <body>msws</body>
    </message>
    <message id="m0020" time="2012-12-07 00:24:05 UTC" participant="139275">
      <body>laa mn fatra</body>
    </message>
    <message id="m0021" time="2012-12-07 00:24:20 UTC" participant="139275">
      <body>heya btro7 w tege 3ala madar el yom</body>
    </message>
    <message id="m0022" time="2012-12-07 00:24:27 UTC" participant="139566">
      <body>Bta5dy adwia lel 7aml ?</body>
    </message>
    <message id="m0023" time="2012-12-07 00:24:45 UTC" participant="139566">
      <body>Tyb bosy 7aga 7aga kda</body>
    </message>
    <message id="m0024" time="2012-12-07 00:24:48 UTC" participant="139275">
      <body>bs lma btkon mawgoda mhma a3'sl senasy mfesh fayda</body>
    </message>
    <message id="m0025" time="2012-12-07 00:24:58 UTC" participant="139275">
      <body>yes kteer</body>
    </message>
    <message id="m0026" time="2012-12-07 00:24:59 UTC" participant="139566">
      <body>Tyb ok</body>
    </message>
    <message id="m0027" time="2012-12-07 00:25:08 UTC" participant="139275">
      <body>w leregli kaman</body>
    </message>
    <message id="m0028" time="2012-12-07 00:26:13 UTC" participant="139566">
      <body>Bosy bel nsba lel ders el msws momkn ykon wag3 3ady bsbab el tswas talma y3ni msh by2omk mn el nom w msh gamd msh shart ykon feh 5orag</body>
    </message>
    <message id="m0029" time="2012-12-07 00:26:32 UTC" participant="139275">
      <body>tmam</body>
    </message>
    <message id="m0030" time="2012-12-07 00:26:38 UTC" participant="139566">
      <body>F f kol el a7wal lazm yt7sha</body>
    </message>
    <message id="m0031" time="2012-12-07 00:27:02 UTC" participant="139566">
      <body>Bel nsba l ry7t bo2k el asbab momkn tkon kaza 7aga</body>
    </message>
    <message id="m0032" time="2012-12-07 00:27:25 UTC" participant="139566">
      <body>1-‎ en ykon fe 5orag</body>
    </message>
    <message id="m0033" time="2012-12-07 00:27:47 UTC" participant="139566">
      <body>2-ykon fe geer mtkon 3la snank w m7taga tandef</body>
    </message>
    <message id="m0035" time="2012-12-07 00:28:06 UTC" participant="139275">
      <body>ahh momken de fe3lan</body>
    </message>
    <message id="m0036" time="2012-12-07 00:28:52 UTC" participant="139566">
      <body>3-‎ b3d el adwia bt3'yr el enviroment bta3t el bo2 w bt5ly fe anwa3 bacteria gdeda w bt3ml t3m msh 7elw w kda</body>
    </message>
    <message id="m0037" time="2012-12-07 00:29:14 UTC" participant="139566">
      <body>Bs hoa fe3lan aktr 7aga tsbeb el mawdo3 da el geer</body>
    </message>
    <message id="m0038" time="2012-12-07 00:29:28 UTC" participant="139275">
      <body>el 7ashw 3ayaz Beng?</body>
    </message>
    <message id="m0039" time="2012-12-07 00:29:42 UTC" participant="139275">
      <body>w el tandef 3ayez beng?</body>
    </message>
    <message id="m0040" time="2012-12-07 00:30:11 UTC" participant="139566">
      <body>Bosy hoa fe bng byb2a 5afef y3ni msh by3ly el d3't w kda</body>
    </message>
    <message id="m0041" time="2012-12-07 00:30:28 UTC" participant="139566">
      <body>El 7ashw momkn y7tag lkn el tandef la2</body>
    </message>
    <message id="m0042" time="2012-12-07 00:31:00 UTC" participant="139275">
      <body>mmmm tayeb ana lazem a3ml el 7ewar da fe 22rab wa2t isA</body>
    </message>
    <message id="m0043" time="2012-12-07 00:31:27 UTC" participant="139566">
      <body>Bs lw fe geer kter yofadl tro7y 3iada feha el ghaz el electrony w de f ay 3iada 5asa 3shan el yadwy bytawel w byb2a fe dam matr7 el bectria</body>
    </message>
    <message id="m0044" time="2012-12-07 00:32:04 UTC" participant="139566">
      <body>Bosy bardo 3shan mawdo3 el 7aml w kda 7as2l rowida kol el 7agat de w arod 3aliki bokra</body>
    </message>
    <message id="m0045" time="2012-12-07 00:32:25 UTC" participant="139275">
      <body>7'alas yareet :)</body>
    </message>
    <message id="m0046" time="2012-12-07 00:32:39 UTC" participant="139566">
      <body>Lw el 7ashw mafehosh moshkla m3 el 7aml isa a5dk 3ndha w azbtk</body>
    </message>
    <message id="m0047" time="2012-12-07 00:32:54 UTC" participant="139566">
      <body>Bs el tandef ans7k t3mleh bra sra7a</body>
    </message>
    <message id="m0048" time="2012-12-07 00:33:13 UTC" participant="139275">
      <body>bosy ana kaman mel7za 7aga mesh 3qrfa de lha 3laqa wala laa</body>
    </message>
    <message id="m0049" time="2012-12-07 00:33:18 UTC" participant="139566">
      <body>Bs bardo 7arod 3aliki bokra fe moshkla wla la2</body>
    </message>
    <message id="m0050" time="2012-12-07 00:33:47 UTC" participant="139566">
      <body>3shan sa3at byb2o 3aizen yktbo adwia mthlan b3dha matnf3sh m3 el 7aml w kda</body>
    </message>
    <message id="m0051" time="2012-12-07 00:33:54 UTC" participant="139275">
      <body>ana lma ba2om mn el nom bla2y " reyala" kter nazlt mn bo2y</body>
    </message>
    <message id="m0052" time="2012-12-07 00:34:13 UTC" participant="139566">
      <body>Bosy de bardo sbabha el bacteria</body>
    </message>
    <message id="m0053" time="2012-12-07 00:34:15 UTC" participant="139275">
      <body>ana 3omry ma kont keda</body>
    </message>
    <message id="m0054" time="2012-12-07 00:35:02 UTC" participant="139566">
      <body>Yb2a fe3lan el adwia aw ta3'yr nzam el akl w kda m3'yra bo2k w</body>
    </message>
    <message id="m0055" time="2012-12-07 00:35:22 UTC" participant="139566">
      <body>W m3 wgod geer f dayman fe bacteria</body>
    </message>
    <message id="m0056" time="2012-12-07 00:35:25 UTC" participant="139275">
      <body>tab astmr 3ala el madmada?</body>
    </message>
    <message id="m0057" time="2012-12-07 00:35:55 UTC" participant="139566">
      <body>Enty btst5dmeha mn ad eh ?</body>
    </message>
    <message id="m0058" time="2012-12-07 00:36:08 UTC" participant="139275">
      <body>embare7</body>
    </message>
    <message id="m0059" time="2012-12-07 00:36:12 UTC" participant="139566">
      <body>Ah estmry</body>
    </message>
    <message id="m0060" time="2012-12-07 00:36:17 UTC" participant="139566">
      <body>Esmha eh ?</body>
    </message>
    <message id="m0061" time="2012-12-07 00:36:27 UTC" participant="139275">
      <body>w 2bl keda bs mesh bntzem</body>
    </message>
    <message id="m0062" time="2012-12-07 00:36:32 UTC" participant="139275">
      <body>eza flor</body>
    </message>
    <message id="m0063" time="2012-12-07 00:36:52 UTC" participant="139275">
      <body>ast7'dm bta3 mai?</body>
    </message>
    <message id="m0064" time="2012-12-07 00:37:14 UTC" participant="139566">
      <body>Bosy ana ma3rfsh awy el asamy el togaria w fe madmada ma5osa lel bacteria w kda f ana isa as2lk rowida bokra</body>
    </message>
    <message id="m0065" time="2012-12-07 00:37:48 UTC" participant="139275">
      <body>7'alas yaret bgd</body>
    </message>
    <message id="m0066" time="2012-12-07 00:38:09 UTC" participant="139275">
      <body>t7by afkrek tany?</body>
    </message>
    <message id="m0067" time="2012-12-07 00:38:10 UTC" participant="139566">
      <body>Momkn tst5dmy ay 7aga 3ndk now hia el madmada msh btdor w bokra ageblk kol el mofyd</body>
    </message>
    <message id="m0068" time="2012-12-07 00:38:43 UTC" participant="139566">
      <body>No dont worry bs 7arod 3aliki b3d el sohr l zrof el mozahrat hehehhee</body>
    </message>
    <message id="m0069" time="2012-12-07 00:39:20 UTC" participant="139566">
      <body>Aw 7as2l rowida 3la el face w a5leha tktblk inbox b asma2 el 7agat awel ma ts7a</body>
    </message>
    <message id="m0070" time="2012-12-07 00:39:29 UTC" participant="139275">
      <body>ana ma7moud akhd balo mn el 7ewar da fa aked 3ayza a7'ls mno fe 22rab wa2t isA</body>
    </message>
    <message id="m0071" time="2012-12-07 00:39:39 UTC" participant="139275">
      <body>isa :)))</body>
    </message>
    <message id="m0073" time="2012-12-07 00:40:04 UTC" participant="139275">
      <body>tslmy ya 7obi w asfa lw kont 3ateltk</body>
    </message>
    <message id="m0074" time="2012-12-07 00:40:11 UTC" participant="139566">
      <body>Noo wla yahmk</body>
    </message>
    <message id="m0075" time="2012-12-07 00:40:27 UTC" participant="139566">
      <body>El mohm slmely 3la el wala bangr</body>
    </message>
    <message id="m0076" time="2012-12-07 00:40:41 UTC" participant="139275">
      <body>7ader :)</body>
    </message>
    <message id="m0077" time="2012-12-07 00:40:46 UTC" participant="139566">
      <body></body>
    </message>
    <message id="m0078" time="2012-12-07 00:40:59 UTC" participant="139275">
      <body>w lw 7tnzli mozahrat</body>
    </message>
    <message id="m0079" time="2012-12-07 00:41:19 UTC" participant="139275">
      <body>balash tt7'n2i m3 7ad :D</body>
    </message>
    <message id="m0080" time="2012-12-07 00:41:27 UTC" participant="139566">
      <body>Hheehehehe 7adr</body>
    </message>
    <message id="m0081" time="2012-12-07 00:41:44 UTC" participant="139275">
      <body></body>
    </message>
    <message id="m0082" time="2012-12-07 00:42:13 UTC" participant="139566">
      <body/>
    </message>
  </messages>
</conversation>
