<?xml version="1.0" encoding="UTF-8"?>
<conversation id="CHT_ARZ_20121220.0001" medium="CHT" donated="true">
  <messages>
    <message id="m0000" participant="138325" time="2012-12-20 20:55:31 UTC">
      <body>Yooyoo</body>
    </message>
    <message id="m0002" participant="138325" time="2012-12-20 21:27:42 UTC">
      <body>3amla a</body>
    </message>
    <message id="m0004" participant="138325" time="2012-12-20 21:28:31 UTC">
      <body>Tmam</body>
    </message>
    <message id="m0006" participant="138325" time="2012-12-20 21:29:40 UTC">
      <body/>
    </message>
    <message id="m0007" participant="138112" time="2012-12-20 21:43:52 UTC">
      <body>Msh awy</body>
    </message>
    <message id="m0008" participant="138325" time="2012-12-20 21:44:43 UTC">
      <body>Kan youm wa7ash</body>
    </message>
    <message id="m0009" participant="138325" time="2012-12-20 21:44:44 UTC">
      <body/>
    </message>
    <message id="m0010" participant="138325" time="2012-12-20 22:22:32 UTC">
      <body>7ana3mal amta el eng?</body>
    </message>
    <message id="m0011" participant="138112" time="2012-12-20 22:46:40 UTC">
      <body>Mash 3arfa shoof yom</body>
    </message>
    <message id="m0012" participant="138112" time="2012-12-21 18:54:15 UTC">
      <body>E7na 3ayzeen nenzel lel project yom el arba3 3andek fel maktab</body>
    </message>
    <message id="m0013" participant="138112" time="2012-12-21 18:54:18 UTC">
      <body>F shoof</body>
    </message>
    <message id="m0015" participant="138325" time="2012-12-21 19:38:18 UTC">
      <body>Ay youm</body>
    </message>
    <message id="m0016" participant="138325" time="2012-12-21 19:39:28 UTC">
      <body/>
    </message>
    <message id="m0017" participant="138325" time="2012-12-21 22:53:13 UTC">
      <body>Yaraa</body>
    </message>
    <message id="m0018" participant="138325" time="2012-12-21 22:53:22 UTC">
      <body>3amla a fe el bard dah</body>
    </message>
    <message id="m0019" participant="138325" time="2012-12-21 22:53:24 UTC">
      <body/>
    </message>
    <message id="m0020" participant="138112" time="2012-12-21 23:55:34 UTC">
      <body>3ady ya3ni</body>
    </message>
    <message id="m0021" participant="138112" time="2012-12-22 18:55:16 UTC">
      <body>M3lesh Kont m3a ahli</body>
    </message>
    <message id="m0022" participant="138325" time="2012-12-22 19:22:26 UTC">
      <body>Wala yahmek</body>
    </message>
    <message id="m0023" participant="138112" time="2012-12-22 19:28:14 UTC">
      <body>:)</body>
    </message>
    <message id="m0024" participant="138325" time="2012-12-22 19:28:50 UTC">
      <body>Kont nayam el sob7 a el kan mas7iki badri kada</body>
    </message>
    <message id="m0025" participant="138325" time="2012-12-22 19:28:56 UTC">
      <body/>
    </message>
  </messages>
</conversation>
