<?xml version="1.0" encoding="UTF-8"?>
<conversation id="CHT_ARZ_20130306.0001" medium="CHT" donated="true">
  <messages>
    <message id="m0000" participant="138310" time="2013-03-06 20:56:10 UTC">
      <body>Haty floos el prom bokra</body>
    </message>
    <message id="m0001" participant="138112" time="2013-03-06 22:20:46 UTC">
      <body>Floos eh?</body>
    </message>
    <message id="m0002" participant="138310" time="2013-03-06 22:21:44 UTC">
      <body>Ticket el prom</body>
    </message>
    <message id="m0003" participant="138112" time="2013-03-06 22:22:14 UTC">
      <body>Ma7adsh 2ali 3aleha en el floos bokra</body>
    </message>
    <message id="m0004" participant="138310" time="2013-03-06 22:22:25 UTC">
      <body>La mikel alena</body>
    </message>
    <message id="m0005" participant="138112" time="2013-03-06 22:22:34 UTC">
      <body>Ma2alish</body>
    </message>
    <message id="m0006" participant="138310" time="2013-03-06 22:22:49 UTC">
      <body>Mashy 2al lel fsool kolaha</body>
    </message>
    <message id="m0007" participant="138112" time="2013-03-06 22:22:51 UTC">
      <body>Wala ay 7ad fel class bta3na</body>
    </message>
    <message id="m0008" participant="138112" time="2013-03-06 22:23:06 UTC">
      <body>Wala Youssef 2al 7aga</body>
    </message>
    <message id="m0009" participant="138310" time="2013-03-06 22:23:17 UTC">
      <body>Es2aly tyb 3shan 2al leena kolna</body>
    </message>
    <message id="m0010" participant="138112" time="2013-03-06 22:31:15 UTC">
      <body>Emta da</body>
    </message>
    <message id="m0011" participant="138112" time="2013-03-06 22:31:19 UTC">
      <body>Okay ha2al</body>
    </message>
    <message id="m0012" participant="138112" time="2013-03-06 22:31:23 UTC">
      <body>*has2al</body>
    </message>
  </messages>
</conversation>
