<?xml version="1.0" encoding="UTF-8"?>
<conversation id="CHT_ARZ_20121217.0000" medium="CHT" donated="true">
  <messages>
    <message id="m0000" participant="138319" time="2012-12-17 20:50:51 UTC">
      <body>Ana lasa b2a 7aln sh3'al haha</body>
    </message>
    <message id="m0001" participant="138112" time="2012-12-17 20:55:36 UTC">
      <body>Hahahaha walahi begad</body>
    </message>
    <message id="m0002" participant="138319" time="2012-12-17 20:55:46 UTC">
      <body>Ah walahi :D</body>
    </message>
    <message id="m0003" participant="138112" time="2012-12-17 20:56:13 UTC">
      <body>Hahaha mashy, ezayak?</body>
    </message>
    <message id="m0004" participant="138319" time="2012-12-17 20:57:35 UTC">
      <body>Ana tmam el7 anty 3amla</body>
    </message>
    <message id="m0005" participant="138112" time="2012-12-17 20:58:26 UTC">
      <body>Ana kwayesa, enta 5at el Christmas break yet?</body>
    </message>
    <message id="m0008" participant="138112" time="2012-12-17 21:00:41 UTC">
      <body>Ezay, w el nas el Christians that go on Christmas vacation</body>
    </message>
    <message id="m0009" participant="138112" time="2012-12-17 21:00:47 UTC">
      <body>W New Years?</body>
    </message>
    <message id="m0010" participant="138319" time="2012-12-17 21:53:13 UTC">
      <body>No mafish vacation zay st fatima :(</body>
    </message>
    <message id="m0011" participant="138319" time="2012-12-17 21:53:26 UTC">
      <body>St fatima asln el wa7ida el btdy agaza :D</body>
    </message>
    <message id="m0012" participant="138112" time="2012-12-18 13:51:38 UTC">
      <body>Hahaha mashy</body>
    </message>
    <message id="m0013" participant="138112" time="2012-12-18 13:51:42 UTC">
      <body>Good morning :)</body>
    </message>
    <message id="m0014" participant="138319" time="2012-12-18 16:00:04 UTC">
      <body>Anty maro7tish el madrasa todat</body>
    </message>
    <message id="m0015" participant="138319" time="2012-12-18 16:00:08 UTC">
      <body>Today *</body>
    </message>
    <message id="m0016" participant="138112" time="2012-12-18 16:06:19 UTC">
      <body>Ro7t bas meshet badri 3ashan ageeb pappi men el airport, nazel agaza lel Christmas break</body>
    </message>
    <message id="m0017" participant="138319" time="2012-12-18 16:07:10 UTC">
      <body>Ah eshta ana kont hnak fy el school</body>
    </message>
    <message id="m0018" participant="138112" time="2012-12-18 16:08:49 UTC">
      <body>Law Kont olteli Kont hastanak asalem</body>
    </message>
    <message id="m0019" participant="138112" time="2012-12-18 16:08:59 UTC">
      <body>Kont henak bt3mel eh?</body>
    </message>
    <message id="m0020" participant="138319" time="2012-12-18 16:13:38 UTC">
      <body>Ana kont ba3ml mshwar gab madint nasr fa 2olt 23dy aslm 3ala el nas :D</body>
    </message>
    <message id="m0021" participant="138112" time="2012-12-18 16:13:59 UTC">
      <body>El ma2oltelish??</body>
    </message>
    <message id="m0022" participant="138112" time="2012-12-18 16:14:08 UTC">
      <body>W*</body>
    </message>
    <message id="m0023" participant="138112" time="2012-12-18 16:16:19 UTC">
      <body>Ana aslan tal3a men el madrasa 1:30</body>
    </message>
    <message id="m0024" participant="138319" time="2012-12-18 16:16:26 UTC">
      <body>Mana fakrak hatby hnak mikel maknsh ya3rf asln :D</body>
    </message>
    <message id="m0025" participant="138112" time="2012-12-18 16:17:22 UTC">
      <body>Enak raye7?</body>
    </message>
    <message id="m0026" participant="138112" time="2012-12-18 16:18:21 UTC">
      <body>Michael da gazma, enaharda et5ane2t m3a el 2dara w 3enaya dama3t, w ba3d keda 2al lel madrasa kolaha d Yara bet3ayat</body>
    </message>
    <message id="m0027" participant="138112" time="2012-12-18 16:18:38 UTC">
      <body>Bahdelto:D</body>
    </message>
    <message id="m0028" participant="138319" time="2012-12-18 16:18:59 UTC">
      <body>Yes maknsh ya3rf any raye7</body>
    </message>
    <message id="m0029" participant="138319" time="2012-12-18 16:19:05 UTC">
      <body>Hahahahahaha</body>
    </message>
    <message id="m0030" participant="138319" time="2012-12-18 16:19:21 UTC">
      <body>Ada et5n2y leh m3 el adara</body>
    </message>
    <message id="m0031" participant="138112" time="2012-12-18 16:20:20 UTC">
      <body>Longggg story. But basically kano 3ayzeen ye3melo cancel lel physics quiz beta3y 3ashan Kont 3ayza amshi badri</body>
    </message>
    <message id="m0032" participant="138112" time="2012-12-18 16:20:52 UTC">
      <body>Bakrahhhh dr. Paola di</body>
    </message>
    <message id="m0033" participant="138112" time="2012-12-18 16:21:38 UTC">
      <body>Mrs. kaman msh Dr aslan</body>
    </message>
    <message id="m0034" participant="138319" time="2012-12-18 16:21:39 UTC">
      <body>M3lsh hya madrasa beed asln :D</body>
    </message>
    <message id="m0035" participant="138112" time="2012-12-18 16:22:10 UTC">
      <body>W ba3d keda 3ayzeni a5od el quiz f 10 minutes w aslan el quiz 30 minutes</body>
    </message>
    <message id="m0036" participant="138112" time="2012-12-18 16:22:24 UTC">
      <body>W etnarfezt awyyyy haha</body>
    </message>
    <message id="m0038" participant="138112" time="2012-12-18 16:22:51 UTC">
      <body>Law Kont mawgood Kont hatet7ak 3alaya</body>
    </message>
    <message id="m0039" participant="138319" time="2012-12-18 16:23:25 UTC">
      <body>Hahahahaha wa 25tih fy rl 25er wala la2</body>
    </message>
    <message id="m0040" participant="138112" time="2012-12-18 16:24:02 UTC">
      <body>Ahhh a5ato bas et2a5art, el mafrood aslan Kont amshi 12, meshet 1:30</body>
    </message>
    <message id="m0041" participant="138112" time="2012-12-18 16:24:35 UTC">
      <body>W beysha2atooni l ba3d, kol wa7da t2oli Ana malish da3wa roo7i l mesh 3arfa meen</body>
    </message>
    <message id="m0042" participant="138319" time="2012-12-18 16:25:52 UTC">
      <body>This is egypt , ro7y lmen wa dah y2olk ro7y fan :D</body>
    </message>
    <message id="m0043" participant="138112" time="2012-12-18 16:27:29 UTC">
      <body>begad I was sooooooooo mad w Ana mesh batnarfez beshoola Ana sa3b awy el reaction meni bas begad 2dara zbala</body>
    </message>
    <message id="m0044" participant="138319" time="2012-12-18 16:28:13 UTC">
      <body>:D m3lsh</body>
    </message>
    <message id="m0045" participant="138112" time="2012-12-18 16:28:30 UTC">
      <body>La2 howa yenfa3 keda ya3ni!!!!!</body>
    </message>
    <message id="m0046" participant="138112" time="2012-12-18 16:28:37 UTC">
      <body>Kolo bsabab Morsi</body>
    </message>
    <message id="m0047" participant="138319" time="2012-12-18 16:29:19 UTC">
      <body>Eh el gab morsy fy el madarsa :D hahaha</body>
    </message>
    <message id="m0048" participant="138112" time="2012-12-18 16:29:50 UTC">
      <body>Howa keda b2a, w bsabab el dostour el gedeed da</body>
    </message>
    <message id="m0049" participant="138319" time="2012-12-18 16:30:08 UTC">
      <body>Hahahaha lasa matb2sh :D</body>
    </message>
    <message id="m0050" participant="138112" time="2012-12-18 16:31:37 UTC">
      <body>Howa begad el science w math bel arabic:D haha</body>
    </message>
    <message id="m0051" participant="138112" time="2012-12-18 16:31:43 UTC">
      <body>D Ana hamoot!</body>
    </message>
    <message id="m0052" participant="138319" time="2012-12-18 16:32:16 UTC">
      <body>Hahaha akeed msh hayb2o isa dah 3nd omohom</body>
    </message>
    <message id="m0053" participant="138112" time="2012-12-18 16:33:12 UTC">
      <body>Aywa:D haha</body>
    </message>
    <message id="m0054" participant="138112" time="2012-12-18 16:33:15 UTC">
      <body>Bt3mel eh?</body>
    </message>
    <message id="m0055" participant="138112" time="2012-12-18 16:33:22 UTC">
      <body>Hashoofak emta?</body>
    </message>
    <message id="m0057" participant="138319" time="2012-12-18 16:33:47 UTC">
      <body>Msh 3arf walahy :D</body>
    </message>
    <message id="m0058" participant="138112" time="2012-12-18 16:33:55 UTC">
      <body>Ehhh da 3and el 7ala2?</body>
    </message>
    <message id="m0059" participant="138112" time="2012-12-18 16:33:58 UTC">
      <body>Hahaha</body>
    </message>
    <message id="m0061" participant="138112" time="2012-12-18 16:34:43 UTC">
      <body>Hahahahha wareeni</body>
    </message>
    <message id="m0062" participant="138319" time="2012-12-18 16:35:25 UTC">
      <body>Lasa ma23tsh :D mstny</body>
    </message>
    <message id="m0064" participant="138112" time="2012-12-18 16:35:59 UTC">
      <body>Hahah w eb2a wareeni</body>
    </message>
    <message id="m0065" participant="138112" time="2012-12-18 16:36:13 UTC">
      <body>Brb bakol m3a pappi!</body>
    </message>
    <message id="m0066" participant="138319" time="2012-12-18 16:43:14 UTC">
      <body>Tyt eshta :D</body>
    </message>
    <message id="m0067" participant="138112" time="2012-12-18 17:09:24 UTC">
      <body>5alast!!</body>
    </message>
  </messages>
</conversation>
