<?xml version="1.0" encoding="UTF-8"?>
<conversation id="CHT_ARZ_20130126.0001" medium="CHT" donated="true">
  <messages>
    <message id="m0000" participant="138112" time="2013-01-26 00:45:51 UTC">
      <body>Ezayak</body>
    </message>
    <message id="m0001" participant="138318" time="2013-01-26 01:15:35 UTC">
      <body>El7 wenty 3mla eh</body>
    </message>
    <message id="m0002" participant="138112" time="2013-01-26 01:22:04 UTC">
      <body>Ana Kwayesa. Msh 3arfa anam w bokra da5la sat</body>
    </message>
    <message id="m0003" participant="138318" time="2013-01-26 01:22:46 UTC">
      <body>Ana kaman da5l SAT bkra</body>
    </message>
    <message id="m0004" participant="138318" time="2013-01-26 01:23:03 UTC">
      <body>Bas mazkrtsh 7aga enty zakrt</body>
    </message>
    <message id="m0005" participant="138318" time="2013-01-26 01:23:06 UTC">
      <body>Zakrty*</body>
    </message>
    <message id="m0006" participant="138112" time="2013-01-26 01:41:35 UTC">
      <body>Ana da5la sat2, msh mezakra awy</body>
    </message>
    <message id="m0007" participant="138318" time="2013-01-26 01:42:02 UTC">
      <body>Kam subject</body>
    </message>
    <message id="m0008" participant="138112" time="2013-01-26 01:43:10 UTC">
      <body>2</body>
    </message>
    <message id="m0009" participant="138112" time="2013-01-26 01:43:15 UTC">
      <body>Math w physics</body>
    </message>
    <message id="m0010" participant="138318" time="2013-01-26 01:43:33 UTC">
      <body>Isa tegy score kwis mat5afysh</body>
    </message>
    <message id="m0011" participant="138318" time="2013-01-26 01:43:58 UTC">
      <body>Enty hatl2yky al2a bas mesh aktar 3shan keda mesh 3rfa tenamy</body>
    </message>
    <message id="m0012" participant="138112" time="2013-01-26 01:44:38 UTC">
      <body>La2a ana msh gayele nom</body>
    </message>
    <message id="m0013" participant="138112" time="2013-01-26 01:44:47 UTC">
      <body>W Ana Aslan sa7ya 9 el sob7</body>
    </message>
    <message id="m0014" participant="138112" time="2013-01-26 01:44:50 UTC">
      <body>Msh 3ara</body>
    </message>
    <message id="m0015" participant="138112" time="2013-01-26 01:44:56 UTC">
      <body>*3arfa b2a</body>
    </message>
    <message id="m0016" participant="138318" time="2013-01-26 01:53:45 UTC">
      <body>:sd</body>
    </message>
    <message id="m0017" participant="138318" time="2013-01-26 01:54:21 UTC">
      <body>Tb betfakry fel Sat wla betfakry fe eh</body>
    </message>
    <message id="m0018" participant="138112" time="2013-01-26 01:55:14 UTC">
      <body>Bafakat "a3mel eh 3ashan anam 3ayza anam"</body>
    </message>
    <message id="m0019" participant="138112" time="2013-01-26 01:55:19 UTC">
      <body>*bafakar</body>
    </message>
    <message id="m0020" participant="138318" time="2013-01-26 01:56:01 UTC">
      <body>Dont force urself to sleep</body>
    </message>
    <message id="m0021" participant="138318" time="2013-01-26 01:56:16 UTC">
      <body>Es7y 23mly ay 7aga w lama yegelk l noom namy</body>
    </message>
    <message id="m0022" participant="138112" time="2013-01-26 01:56:30 UTC">
      <body>As7a a3mel eh yaani!!!</body>
    </message>
    <message id="m0023" participant="138318" time="2013-01-26 01:56:37 UTC">
      <body>Y2ma t2fly 3ink w matftaehash abdan ela l sob7 b2a</body>
    </message>
    <message id="m0024" participant="138318" time="2013-01-26 01:56:59 UTC">
      <body>Rag3y etfargy 3ala tv ay 7aga men dool</body>
    </message>
    <message id="m0025" participant="138112" time="2013-01-26 01:57:06 UTC">
      <body>Hahahaha mashy :*</body>
    </message>
    <message id="m0026" participant="138318" time="2013-01-26 01:57:33 UTC">
      <body>Nawya t3mly eh b2a</body>
    </message>
    <message id="m0027" participant="138112" time="2013-01-26 07:56:56 UTC">
      <body>Nemt</body>
    </message>
    <message id="m0028" participant="138318" time="2013-01-26 12:14:04 UTC">
      <body>W ra7 3lya l emt7an</body>
    </message>
    <message id="m0030" participant="138112" time="2013-01-26 13:18:32 UTC">
      <body>Bethazar</body>
    </message>
    <message id="m0031" participant="138112" time="2013-01-26 13:18:40 UTC">
      <body>Betestahvel</body>
    </message>
    <message id="m0033" participant="138112" time="2013-01-26 13:37:43 UTC">
      <body>Walahi abook sa3ban 3alaya</body>
    </message>
    <message id="m0034" participant="138112" time="2013-01-26 13:37:47 UTC">
      <body>Enta homar</body>
    </message>
    <message id="m0035" participant="138318" time="2013-01-26 13:41:49 UTC">
      <body>Ana nafsyy hwa s3ban 3alyaaa</body>
    </message>
    <message id="m0036" participant="138112" time="2013-01-26 13:42:05 UTC">
      <body>Enta m7tag 3al2a</body>
    </message>
    <message id="m0037" participant="138318" time="2013-01-26 13:42:26 UTC">
      <body>Ana ma5n2oo</body>
    </message>
    <message id="m0038" participant="138318" time="2013-01-26 13:42:28 UTC">
      <body>Asln</body>
    </message>
    <message id="m0039" participant="138112" time="2013-01-26 13:43:08 UTC">
      <body>Eh?</body>
    </message>
    <message id="m0040" participant="138112" time="2013-01-26 13:44:01 UTC">
      <body>Leh</body>
    </message>
    <message id="m0041" participant="138318" time="2013-01-26 13:47:25 UTC">
      <body>Entyy shayfa enyy elly ana feh dah taby3yy</body>
    </message>
    <message id="m0043" participant="138112" time="2013-01-26 15:20:56 UTC">
      <body>Eh el enta fe? Ma abook f nafs el makan, matfakarsh f nafsak w bas</body>
    </message>
    <message id="m0044" participant="138318" time="2013-01-26 16:16:42 UTC">
      <body>Ana mabfkrsh f. Nafsy ana bafkr feya w fe aboya w f om elly by7saly</body>
    </message>
    <message id="m0045" participant="138112" time="2013-01-26 17:54:34 UTC">
      <body>El beye7salak da reaction lel actions betoo3ak. Yaani men el a5er enta el gaybo le nafsak</body>
    </message>
    <message id="m0046" participant="138318" time="2013-01-26 17:58:12 UTC">
      <body>Yabntyy hwa kan zanby ana</body>
    </message>
    <message id="m0047" participant="138112" time="2013-01-26 17:58:51 UTC">
      <body>La2 ma3lesh b2a, da estana lama ashoofak leena kalam</body>
    </message>
    <message id="m0048" participant="138318" time="2013-01-26 17:58:59 UTC">
      <body>Ana men 3*eer asdyyy kol 7aga bet7sll keda fag2aa</body>
    </message>
    <message id="m0049" participant="138318" time="2013-01-26 17:59:15 UTC">
      <body>Ana elly 3*ltann ezayy ya3nii</body>
    </message>
    <message id="m0050" participant="138112" time="2013-01-26 17:59:26 UTC">
      <body>Mafish 7aga esmaha Keda, enta lazem telem nafsak shwaya</body>
    </message>
    <message id="m0051" participant="138112" time="2013-01-26 17:59:32 UTC">
      <body>Lama ashoofak</body>
    </message>
    <message id="m0052" participant="138318" time="2013-01-26 18:00:50 UTC">
      <body>Mashy</body>
    </message>
    <message id="m0053" participant="138318" time="2013-01-26 18:01:00 UTC">
      <body>Enty 3mlty ehh fel SAT sa7e7</body>
    </message>
    <message id="m0054" participant="138112" time="2013-01-26 18:01:42 UTC">
      <body>Kwayes el7</body>
    </message>
    <message id="m0055" participant="138318" time="2013-01-26 18:12:12 UTC">
      <body>Tb el7</body>
    </message>
    <message id="m0056" participant="138112" time="2013-01-26 18:13:50 UTC">
      <body>Hat3mel eh enaharda</body>
    </message>
    <message id="m0057" participant="138318" time="2013-01-26 18:14:28 UTC">
      <body>Lesa mesh 3ref wenty</body>
    </message>
    <message id="m0059" participant="138318" time="2013-01-26 19:11:39 UTC">
      <body>Tb shoofy keda w eb2y o2lyly</body>
    </message>
    <message id="m0060" participant="138112" time="2013-01-26 19:25:01 UTC">
      <body>Hader</body>
    </message>
  </messages>
</conversation>
