<?xml version="1.0" encoding="UTF-8"?>
<conversation id="CHT_ARZ_20130101.0003" medium="CHT" donated="true">
  <messages>
    <message id="m0000" participant="138112" time="2013-01-01 21:21:38 UTC">
      <body>Ya mohandes Andrew</body>
    </message>
    <message id="m0001" participant="138112" time="2013-01-01 21:24:45 UTC">
      <body>T3mel eh</body>
    </message>
    <message id="m0002" participant="138319" time="2013-01-01 21:26:08 UTC">
      <body>Bzaker ya prins :D</body>
    </message>
    <message id="m0003" participant="138112" time="2013-01-01 21:53:45 UTC">
      <body>Good luck ya basha:D :*</body>
    </message>
  </messages>
</conversation>
