<?xml version="1.0" encoding="UTF-8"?>
<conversation id="CHT_ARZ_20130329.0007" medium="CHT" donated="true">
  <messages>
    <message id="m0000" time="2013-03-29 10:07:00 UTC" participant="139275">
      <body>آلوووو</body>
    </message>
    <message id="m0001" time="2013-03-29 10:07:00 UTC" participant="139275">
      <body>باقولك ابه</body>
    </message>
    <message id="m0002" time="2013-03-29 10:07:00 UTC" participant="139275">
      <body>بجد لازم نتقابل</body>
    </message>
    <message id="m0003" time="2013-03-29 10:07:00 UTC" participant="139573">
      <body>wa7shtenyy</body>
    </message>
    <message id="m0004" time="2013-03-29 10:08:00 UTC" participant="139275">
      <body>انت اجأزتك امتى ؟ او بتفضي في وقت غدا امتى ؟</body>
    </message>
    <message id="m0005" time="2013-03-29 10:10:00 UTC" participant="139573">
      <body>bosy 7klmk.wana mrw7a</body>
    </message>
    <message id="m0006" time="2013-03-29 10:10:00 UTC" participant="139573">
      <body>momkn sabt</body>
    </message>
    <message id="m0007" time="2013-03-29 10:11:00 UTC" participant="139275">
      <body>مش لازم اليومين دول .. يعنى ابتداء من اسبوع من دلوقتى :- )</body>
    </message>
    <message id="m0008" time="2013-03-29 10:11:00 UTC" participant="139275">
      <body>هاقولك ليه بعدين</body>
    </message>
    <message id="m0009" time="2013-03-29 10:11:00 UTC" participant="139275">
      <body>و توصلي بالسلامة :)</body>
    </message>
    <message id="m0010" time="2013-03-29 10:11:00 UTC" participant="139573">
      <body>mashy</body>
    </message>
    <message id="m0011" time="2013-03-29 10:11:00 UTC" participant="139573">
      <body>allah ysalmk</body>
    </message>
    <message id="m0012" time="2013-03-29 10:11:00 UTC" participant="139573">
      <body>:)))</body>
    </message>
  </messages>
</conversation>
