<?xml version="1.0" encoding="UTF-8"?>
<conversation id="CHT_ARZ_20130412.0007" medium="CHT" donated="true">
  <messages>
    <message id="m0000" time="2013-04-12 23:31:35 UTC" participant="151299">
      <body>b2olk aih</body>
    </message>
    <message id="m0001" time="2013-04-12 23:31:35 UTC" participant="151299">
      <body>m3ak el madionya bt3ty?</body>
    </message>
    <message id="m0002" time="2013-04-12 23:40:37 UTC" participant="149350">
      <body>لا</body>
    </message>
    <message id="m0004" time="2013-04-12 23:53:40 UTC" participant="149350">
      <body>Enta el mo8afal</body>
    </message>
    <message id="m0005" time="2013-04-12 23:53:53 UTC" participant="149350">
      <body>Msh mfrood ana ab2a faakr</body>
    </message>
    <message id="m0006" time="2013-04-12 23:54:02 UTC" participant="149350">
      <body>Lakn mfrood w ana hnak tfkrny</body>
    </message>
  </messages>
</conversation>

