<?xml version="1.0" encoding="UTF-8"?>
<conversation id="CHT_ARZ_20130304.0001" medium="CHT" donated="true">
  <messages>
    <message id="m0000" participant="138112" time="2013-03-04 19:30:49 UTC">
      <body>3amla ehhh ya Hana</body>
    </message>
    <message id="m0001" participant="138317" time="2013-03-04 19:33:12 UTC">
      <body>Yarraa</body>
    </message>
    <message id="m0002" participant="138317" time="2013-03-04 19:33:15 UTC">
      <body>W7shteenyy :O</body>
    </message>
    <message id="m0003" participant="138112" time="2013-03-04 19:37:56 UTC">
      <body>Enti kamannn!</body>
    </message>
    <message id="m0004" participant="138112" time="2013-03-04 19:38:02 UTC">
      <body>3amla eh ya 2amar</body>
    </message>
    <message id="m0005" participant="138317" time="2013-03-04 19:52:00 UTC">
      <body>El777</body>
    </message>
    <message id="m0006" participant="138317" time="2013-03-04 19:52:05 UTC">
      <body>3amala akoo7</body>
    </message>
    <message id="m0007" participant="138317" time="2013-03-04 19:52:10 UTC">
      <body>Enty 3amllaa eh 7bbtty?</body>
    </message>
    <message id="m0008" participant="138112" time="2013-03-04 19:54:47 UTC">
      <body>Leh betko7i?</body>
    </message>
    <message id="m0009" participant="138112" time="2013-03-04 19:54:50 UTC">
      <body>Ana Kwayesa el7</body>
    </message>
    <message id="m0010" participant="138317" time="2013-03-04 20:53:33 UTC">
      <body>El77 7bbtty</body>
    </message>
    <message id="m0011" participant="138317" time="2013-03-04 20:53:48 UTC">
      <body>Kont wa2fa wl makan kolo sheesha w bt3</body>
    </message>
    <message id="m0012" participant="138112" time="2013-03-04 21:01:58 UTC">
      <body>F fig?</body>
    </message>
    <message id="m0013" participant="138317" time="2013-03-04 21:04:25 UTC">
      <body>Lala smart l gamb l gam3a</body>
    </message>
    <message id="m0014" participant="138112" time="2013-03-04 21:08:48 UTC">
      <body>Ahhhh ok</body>
    </message>
    <message id="m0015" participant="138112" time="2013-03-04 21:08:58 UTC">
      <body>Ma7arantish :p</body>
    </message>
    <message id="m0016" participant="138317" time="2013-03-04 21:10:33 UTC">
      <body>Hahaha laa wlhy ana da5alt la2et kda tele3tt blzo2</body>
    </message>
    <message id="m0017" participant="138112" time="2013-03-04 21:12:14 UTC">
      <body>Aywa Keda :p hahaha</body>
    </message>
    <message id="m0018" participant="138317" time="2013-03-04 21:12:38 UTC">
      <body>Entyy 3amllaaa ehh?</body>
    </message>
    <message id="m0019" participant="138112" time="2013-03-04 21:16:16 UTC">
      <body>Ana tmam</body>
    </message>
    <message id="m0020" participant="138112" time="2013-03-04 21:16:21 UTC">
      <body>W enti</body>
    </message>
    <message id="m0021" participant="138112" time="2013-03-04 21:16:25 UTC">
      <body>3amalti eh today</body>
    </message>
    <message id="m0022" participant="138317" time="2013-03-04 21:20:52 UTC">
      <body>Gd el7, mafiish ro7t l prova bta3t l gam3a dii w 7assla mashakel aslun keteer w kda bs isA tet7aall, w lesa nw aho way bk home</body>
    </message>
    <message id="m0023" participant="138317" time="2013-03-04 21:20:58 UTC">
      <body>Enty 3amlty eh all day?</body>
    </message>
    <message id="m0024" participant="138112" time="2013-03-04 21:21:38 UTC">
      <body>Yaaaa tela2iki hatmooti men el ta3ab</body>
    </message>
    <message id="m0025" participant="138112" time="2013-03-04 21:22:08 UTC">
      <body>Ana roht eh madrasa w rege3t nemt shwaya w roht dars math w rege3t kalt w delwa2ty me2anta5a</body>
    </message>
    <message id="m0026" participant="138112" time="2013-03-04 21:22:13 UTC">
      <body>:D</body>
    </message>
    <message id="m0027" participant="138317" time="2013-03-04 21:23:18 UTC">
      <body>Ahh f3ln, wl moshkla eno kaman fii assignments mfrood tetsalm f msh 3rfa atsha2lb wala a3mll ehh</body>
    </message>
    <message id="m0028" participant="138112" time="2013-03-04 21:24:41 UTC">
      <body>Hahahaha etsha2lebi</body>
    </message>
    <message id="m0029" participant="138317" time="2013-03-04 21:25:03 UTC">
      <body>Hahahah 5alas as enk shyfa kdaa yeb2a tawaklt 3ala allahh</body>
    </message>
    <message id="m0030" participant="138112" time="2013-03-04 21:27:37 UTC">
      <body>Hahaha heya d Aslan gam3a!</body>
    </message>
    <message id="m0031" participant="138317" time="2013-03-04 21:28:52 UTC">
      <body>3ala ra2yeek hahah</body>
    </message>
    <message id="m0032" participant="138317" time="2013-03-04 21:29:11 UTC">
      <body>Bs lw m3mltsh assignment bokra dh, l doctor hatakolnyy aslun ana 3rfaa</body>
    </message>
    <message id="m0033" participant="138317" time="2013-03-04 21:29:25 UTC">
      <body>Seebek, enty 3mlaa eh fl deroos w kda?</body>
    </message>
    <message id="m0034" participant="138112" time="2013-03-04 21:29:41 UTC">
      <body>Anhi doctor?</body>
    </message>
    <message id="m0035" participant="138112" time="2013-03-04 21:29:51 UTC">
      <body>El koloko betekrahoha d</body>
    </message>
    <message id="m0036" participant="138317" time="2013-03-04 21:30:26 UTC">
      <body>Hahah lala dii w7da tnya, ana kont b7bha, bs shakl l mwdoo3 dh hyt3'yaar 3shn hya ba2et re5ma w rude awii</body>
    </message>
    <message id="m0037" participant="138112" time="2013-03-04 21:30:52 UTC">
      <body>3adi 3adi hahaha</body>
    </message>
    <message id="m0038" participant="138317" time="2013-03-04 21:31:52 UTC">
      <body>Entyy 3mlaa eh fl madrasa wl deroos?</body>
    </message>
    <message id="m0039" participant="138112" time="2013-03-04 21:32:14 UTC">
      <body>Eshta kolo kwayes</body>
    </message>
    <message id="m0040" participant="138317" time="2013-03-04 21:32:43 UTC">
      <body>W weselty le ehh fl prom dress</body>
    </message>
    <message id="m0041" participant="138112" time="2013-03-04 21:32:48 UTC">
      <body>Msh arfa :(</body>
    </message>
    <message id="m0042" participant="138317" time="2013-03-04 21:33:41 UTC">
      <body>Howa ama zawdtii l 7ta di shkloo ba2a w7sh?</body>
    </message>
    <message id="m0043" participant="138112" time="2013-03-04 21:34:00 UTC">
      <body>Bosi</body>
    </message>
    <message id="m0046" participant="138112" time="2013-03-04 21:34:22 UTC">
      <body>Anhy shkalaha natural aktar</body>
    </message>
    <message id="m0047" participant="138317" time="2013-03-04 21:36:26 UTC">
      <body>L blue a7laa keteeeeeerrr</body>
    </message>
    <message id="m0048" participant="138317" time="2013-03-04 21:36:31 UTC">
      <body>Shklo msh odd kda</body>
    </message>
    <message id="m0049" participant="138112" time="2013-03-04 21:41:10 UTC">
      <body>Bas bayen eni Ana el 7ata</body>
    </message>
    <message id="m0050" participant="138112" time="2013-03-04 21:42:01 UTC">
      <body>Batali laziness w 7oti el pictures</body>
    </message>
    <message id="m0051" participant="138112" time="2013-03-04 21:42:12 UTC">
      <body>At least eb3ateeeli shwaya hahahaha</body>
    </message>
    <message id="m0052" participant="138317" time="2013-03-04 21:53:18 UTC">
      <body>Lala msh awii 3shn mn ta7t fii nafs l colour dh</body>
    </message>
    <message id="m0053" participant="138317" time="2013-03-04 21:53:19 UTC">
      <body>Hahaha</body>
    </message>
    <message id="m0054" participant="138317" time="2013-03-04 21:53:26 UTC">
      <body>7aderr wlhy hnzlhm</body>
    </message>
    <message id="m0055" participant="138317" time="2013-03-04 21:53:36 UTC">
      <body>Add mee tybb</body>
    </message>
    <message id="m0056" participant="138112" time="2013-03-04 21:54:10 UTC">
      <body>Okay sanya</body>
    </message>
    <message id="m0058" participant="138317" time="2013-03-04 22:01:33 UTC">
      <body>Okkaayy</body>
    </message>
    <message id="m0059" participant="138317" time="2013-03-04 22:19:26 UTC">
      <body>So2al mohm gedan</body>
    </message>
    <message id="m0060" participant="138317" time="2013-03-04 22:19:29 UTC">
      <body>Assamy l album eh? Haha</body>
    </message>
    <message id="m0062" participant="138112" time="2013-03-04 22:20:12 UTC">
      <body>Hahaha</body>
    </message>
    <message id="m0063" participant="138317" time="2013-03-04 22:20:24 UTC">
      <body>Hahahahha 7lw awii</body>
    </message>
    <message id="m0064" participant="138112" time="2013-03-04 22:20:45 UTC">
      <body>:D</body>
    </message>
    <message id="m0065" participant="138317" time="2013-03-04 22:21:01 UTC">
      <body>Banzlhm ahoo</body>
    </message>
    <message id="m0066" participant="138317" time="2013-03-04 22:21:07 UTC">
      <body>Awl my5lasoo ha5alyy seen to all</body>
    </message>
    <message id="m0067" participant="138112" time="2013-03-04 22:26:00 UTC">
      <body>Okkk</body>
    </message>
    <message id="m0069" participant="138317" time="2013-03-04 22:42:26 UTC">
      <body>Lw fii sowar msh 3gbakii</body>
    </message>
    <message id="m0070" participant="138317" time="2013-03-04 22:42:31 UTC">
      <body>Tell me w ashelhm</body>
    </message>
    <message id="m0071" participant="138112" time="2013-03-04 22:42:35 UTC">
      <body>Okay :*</body>
    </message>
    <message id="m0072" participant="138317" time="2013-03-04 22:43:22 UTC">
      <body>:*</body>
    </message>
    <message id="m0073" participant="138112" time="2013-03-04 22:47:46 UTC">
      <body>Helween awyyyy!!!</body>
    </message>
    <message id="m0074" participant="138317" time="2013-03-04 23:26:22 UTC">
      <body>Ahh awyy</body>
    </message>
    <message id="m0077" participant="138112" time="2013-03-05 15:09:12 UTC">
      <body>Hahahaha we love you too enty tayeba awyyyy</body>
    </message>
    <message id="m0078" participant="138317" time="2013-03-05 16:14:24 UTC">
      <body>Allahh haha</body>
    </message>
  </messages>
</conversation>
