<?xml version="1.0" encoding="UTF-8"?>
<conversation id="CHT_ARZ_20130219.0000" medium="CHT" donated="true">
  <messages>
    <message id="m0000" time="2013-02-19 19:53:00 UTC" participant="139376">
      <body>ازيك يا رباب؟؟</body>
    </message>
    <message id="m0001" time="2013-02-19 20:01:00 UTC" participant="139546">
      <body>أزيك انت إخبارك</body>
    </message>
    <message id="m0002" time="2013-02-19 20:01:00 UTC" participant="139546">
      <body>حسين أخبارة إيه</body>
    </message>
    <message id="m0003" time="2013-02-19 20:01:00 UTC" participant="139376">
      <body>الحمد لله احسن</body>
    </message>
    <message id="m0004" time="2013-02-19 20:01:00 UTC" participant="139376">
      <body>النهاردة اول يوم ميسخنش فيه</body>
    </message>
    <message id="m0005" time="2013-02-19 20:02:00 UTC" participant="139376">
      <body>ربنا يسهل و ميسخنش باليل زي كل يوم</body>
    </message>
    <message id="m0006" time="2013-02-19 20:02:00 UTC" participant="139546">
      <body>أن شاء الله</body>
    </message>
    <message id="m0007" time="2013-02-19 20:02:00 UTC" participant="139546">
      <body>يكون أحسن</body>
    </message>
    <message id="m0008" time="2013-02-19 20:03:00 UTC" participant="139376">
      <body>ان شاء الله</body>
    </message>
    <message id="m0009" time="2013-02-19 20:03:00 UTC" participant="139376">
      <body>اناي أخبارك ايه؟؟</body>
    </message>
    <message id="m0010" time="2013-02-19 20:03:00 UTC" participant="139546">
      <body>الحمد لله</body>
    </message>
    <message id="m0011" time="2013-02-19 20:03:00 UTC" participant="139546">
      <body>أحسن</body>
    </message>
    <message id="m0012" time="2013-02-19 20:03:00 UTC" participant="139376">
      <body>الحمد لله</body>
    </message>
    <message id="m0013" time="2013-02-19 20:04:00 UTC" participant="139376">
      <body>ومانا اخباره ايه؟؟</body>
    </message>
    <message id="m0014" time="2013-02-19 20:04:00 UTC" participant="139546">
      <body>كويس</body>
    </message>
    <message id="m0015" time="2013-02-19 20:04:00 UTC" participant="139376">
      <body>الحمد لله</body>
    </message>
  </messages>
</conversation>
