<?xml version="1.0" encoding="UTF-8"?>
<conversation id="CHT_ARZ_20130408.0000" medium="CHT" donated="true">
  <messages>
    <message id="m0001" time="2013-04-08 23:46:02 UTC" participant="138112">
      <body>Ehh??</body>
    </message>
    <message id="m0002" time="2013-04-08 23:46:16 UTC" participant="138324">
      <body>malek hasaki medayaa</body>
    </message>
    <message id="m0003" time="2013-04-08 23:47:22 UTC" participant="138112">
      <body>Laa kwayesa</body>
    </message>
    <message id="m0004" time="2013-04-08 23:47:30 UTC" participant="138112">
      <body>Enti 3mla eh</body>
    </message>
    <message id="m0005" time="2013-04-08 23:47:47 UTC" participant="138324">
      <body/>
    </message>
    <message id="m0006" time="2013-04-09 23:27:06 UTC" participant="138324">
      <body>I called u alafekra today asaal aleiky</body>
    </message>
    <message id="m0007" time="2013-04-09 23:27:11 UTC" participant="138324">
      <body>Bas ur phone was off</body>
    </message>
    <message id="m0008" time="2013-04-09 23:38:25 UTC" participant="138112">
      <body>Kont afla today w lesa fat7a men shwaya</body>
    </message>
  </messages>
</conversation>
