<?xml version="1.0" encoding="UTF-8"?>
<conversation id="CHT_ARZ_20121021.0005" medium="CHT" donated="true">
  <messages>
    <message id="m0000" time="2012-10-21 22:56:32 UTC" participant="139275">
      <body>aaaaa3</body>
    </message>
    <message id="m0001" time="2012-10-21 22:56:38 UTC" participant="139275">
      <body>3ayza ashofek isa</body>
    </message>
    <message id="m0002" time="2012-10-21 23:04:15 UTC" participant="139566">
      <body>Tyb eh el a333 de ?</body>
    </message>
  </messages>
</conversation>
