<?xml version="1.0" encoding="UTF-8"?>
<conversation id="CHT_ARZ_20130306.0003" medium="CHT" donated="true">
  <messages>
    <message id="m0000" participant="138329" time="2013-03-06 01:10:17 UTC">
      <body>Salmeli 3ala edward :p</body>
    </message>
    <message id="m0001" participant="138112" time="2013-03-06 01:12:04 UTC">
      <body>Yewsal</body>
    </message>
    <message id="m0002" participant="138329" time="2013-03-06 01:14:31 UTC">
      <body>Tyb :p</body>
    </message>
    <message id="m0004" participant="138329" time="2013-03-06 01:15:32 UTC">
      <body>Hahahahahahahahaha</body>
    </message>
    <message id="m0005" participant="138112" time="2013-03-06 01:18:24 UTC">
      <body>:)</body>
    </message>
    <message id="m0006" participant="138329" time="2013-03-06 01:19:02 UTC">
      <body>:)</body>
    </message>
    <message id="m0007" participant="138112" time="2013-03-06 01:19:17 UTC">
      <body>Hatnam enta</body>
    </message>
    <message id="m0008" participant="138329" time="2013-03-06 01:19:37 UTC">
      <body>Shwaya</body>
    </message>
    <message id="m0009" participant="138329" time="2013-03-06 20:28:30 UTC">
      <body>Ray7a bokra</body>
    </message>
    <message id="m0010" participant="138112" time="2013-03-06 22:20:52 UTC">
      <body>h</body>
    </message>
    <message id="m0011" participant="138112" time="2013-03-06 22:20:54 UTC">
      <body>Ah*</body>
    </message>
    <message id="m0012" participant="138112" time="2013-03-06 22:20:57 UTC">
      <body>W enta</body>
    </message>
    <message id="m0013" participant="138329" time="2013-03-06 22:21:07 UTC">
      <body>Ahhh</body>
    </message>
  </messages>
</conversation>
