<?xml version="1.0" encoding="UTF-8"?>
<conversation id="CHT_ARZ_20120818.0003" medium="CHT" donated="true">
  <messages>
    <message id="m0000" time="2012-08-18 17:07:17 UTC" participant="139275">
      <body>&lt;media omitted&gt;</body>
    </message>
    <message id="m0001" time="2012-08-18 18:48:35 UTC" participant="139558">
      <body>Kol Sana wa enty be2alf se7a wa 5er ya 7abebtyy</body>
    </message>
    <message id="m0002" time="2012-08-18 18:48:39 UTC" participant="139558">
      <body></body>
    </message>
  </messages>
</conversation>
