<?xml version="1.0" encoding="UTF-8"?>
<conversation id="CHT_ARZ_20120616.0003" medium="CHT" donated="true">
  <messages>
    <message id="m0001" time="2012-06-16 22:44:34 UTC" participant="139564">
      <body>Missss u more wallahy el 3azeeem</body>
    </message>
    <message id="m0002" time="2012-06-16 22:45:01 UTC" participant="139275">
      <body>3amlaa eh</body>
    </message>
    <message id="m0003" time="2012-06-16 22:45:09 UTC" participant="139275">
      <body>3'atsanaaa feen?</body>
    </message>
    <message id="m0004" time="2012-06-16 22:45:16 UTC" participant="139564">
      <body>Al7mdolellah</body>
    </message>
    <message id="m0005" time="2012-06-16 22:46:15 UTC" participant="139564">
      <body>Fy el donya</body>
    </message>
    <message id="m0006" time="2012-06-16 22:46:15 UTC" participant="139564">
      <body>Enty eh a5baratek</body>
    </message>
    <message id="m0007" time="2012-06-16 22:47:42 UTC" participant="139275">
      <body>el7amdo leallah :)</body>
    </message>
    <message id="m0008" time="2012-06-16 22:47:50 UTC" participant="139275">
      <body>ana shoft Walaaa</body>
    </message>
    <message id="m0009" time="2012-06-16 22:47:57 UTC" participant="139564">
      <body>Rllyyyy</body>
    </message>
    <message id="m0010" time="2012-06-16 22:48:15 UTC" participant="139564">
      <body>W eeeeh el a5bar tmeney</body>
    </message>
    <message id="m0011" time="2012-06-16 22:48:42 UTC" participant="139275">
      <body>:) eftkrtk</body>
    </message>
    <message id="m0012" time="2012-06-16 22:49:11 UTC" participant="139275">
      <body>w ba3den a2ol 7aga heya w tant yefdlo yebso le b3d</body>
    </message>
    <message id="m0013" time="2012-06-16 22:51:43 UTC" participant="139564">
      <body>:s</body>
    </message>
    <message id="m0014" time="2012-06-16 23:34:55 UTC" participant="139275">
      <body>:(</body>
    </message>
  </messages>
</conversation>
