<?xml version="1.0" encoding="UTF-8"?>
<conversation id="CHT_ARZ_20130405.0003" medium="CHT" donated="true">
  <messages>
    <message id="m0000" time="2013-04-05 20:14:46 UTC" participant="139275">
      <body>dodo</body>
    </message>
    <message id="m0001" time="2013-04-05 20:14:54 UTC" participant="139275">
      <body>انتي هنا؟</body>
    </message>
    <message id="m0002" time="2013-04-05 20:15:53 UTC" participant="139275">
      <body>حبيبتيييي</body>
    </message>
    <message id="m0003" time="2013-04-05 20:16:03 UTC" participant="139275">
      <body>مبروك يا قمر الف مبروك</body>
    </message>
    <message id="m0004" time="2013-04-05 20:16:17 UTC" participant="139275">
      <body/>
    </message>
    <message id="m0005" time="2013-04-05 20:16:36 UTC" participant="139275">
      <body>ولدتي طبيعي ولا قيصري اخر كلام؟</body>
    </message>
    <message id="m0006" time="2013-04-05 20:17:20 UTC" participant="139275">
      <body>ممكن اكلمك فايبر ولا تعبانة واسهلك الكتابة؟</body>
    </message>
    <message id="m0007" time="2013-04-05 20:17:38 UTC" participant="139558">
      <body>انا هنا يا منمن</body>
    </message>
    <message id="m0008" time="2013-04-05 20:17:47 UTC" participant="139558">
      <body/>
    </message>
    <message id="m0009" time="2013-04-05 20:18:00 UTC" participant="139558">
      <body>شفتي اللي حصل</body>
    </message>
    <message id="m0010" time="2013-04-05 20:18:10 UTC" participant="139558">
      <body>الله يبارك فيكي يا رب</body>
    </message>
    <message id="m0011" time="2013-04-05 20:18:18 UTC" participant="139558">
      <body/>
    </message>
    <message id="m0012" time="2013-04-05 20:19:52 UTC" participant="139558">
      <body>طبيعي</body>
    </message>
    <message id="m0013" time="2013-04-05 20:20:17 UTC" participant="139558">
      <body>لا جربي بس النت وحش اوي</body>
    </message>
  </messages>
</conversation>
