<?xml version="1.0" encoding="UTF-8"?>
<conversation id="CHT_ARZ_20130317.0004" medium="CHT" donated="true">
  <messages>
    <message id="m0000" time="2013-03-17 11:36:00 UTC" participant="139376">
      <body></body>
    </message>
    <message id="m0001" time="2013-03-17 11:36:00 UTC" participant="139376">
      <body>صباح الخير</body>
    </message>
    <message id="m0002" time="2013-03-17 15:32:00 UTC" participant="139548">
      <body>صباح النور يا قمر و لو انها نتأخرة</body>
    </message>
    <message id="m0003" time="2013-03-17 15:33:00 UTC" participant="139548">
      <body>يا رب تكونو خلصتو امتحنتكم</body>
    </message>
    <message id="m0004" time="2013-03-17 15:35:00 UTC" participant="139376">
      <body>لسه يا ختي</body>
    </message>
  </messages>
</conversation>
