<?xml version="1.0" encoding="UTF-8"?>
<conversation id="CHT_ARZ_20130305.0000" medium="CHT" donated="true">
  <messages>
    <message id="m0000" participant="138310" time="2013-03-05 18:44:00 UTC">
      <body>Yara</body>
    </message>
    <message id="m0001" participant="138112" time="2013-03-05 18:56:49 UTC">
      <body>Yesss</body>
    </message>
    <message id="m0002" participant="138310" time="2013-03-05 19:02:10 UTC">
      <body>Bsalem 3aleetky bs</body>
    </message>
    <message id="m0003" participant="138310" time="2013-03-05 19:02:27 UTC">
      <body>3aleeky *</body>
    </message>
    <message id="m0004" participant="138112" time="2013-03-05 19:20:55 UTC">
      <body>3amel eh!!</body>
    </message>
    <message id="m0005" participant="138310" time="2013-03-05 19:22:39 UTC">
      <body>Kois :D</body>
    </message>
    <message id="m0006" participant="138310" time="2013-03-05 19:23:00 UTC">
      <body>Gaya el prom ?</body>
    </message>
    <message id="m0007" participant="138112" time="2013-03-05 19:23:07 UTC">
      <body>Isa :D</body>
    </message>
    <message id="m0008" participant="138112" time="2013-03-05 19:23:11 UTC">
      <body>W enta</body>
    </message>
    <message id="m0009" participant="138310" time="2013-03-05 19:23:17 UTC">
      <body>Ah isa</body>
    </message>
    <message id="m0010" participant="138310" time="2013-03-05 19:23:24 UTC">
      <body>Gbty el dress ?</body>
    </message>
    <message id="m0011" participant="138112" time="2013-03-05 19:29:14 UTC">
      <body>Ahh</body>
    </message>
    <message id="m0012" participant="138112" time="2013-03-05 19:29:21 UTC">
      <body>Enta gebt el dress</body>
    </message>
    <message id="m0013" participant="138310" time="2013-03-05 19:32:46 UTC">
      <body>Lono eh ?</body>
    </message>
    <message id="m0014" participant="138112" time="2013-03-05 19:33:06 UTC">
      <body>Blue</body>
    </message>
    <message id="m0015" participant="138310" time="2013-03-05 19:34:31 UTC">
      <body>E7m asdek el badla dress y3ny fostan :D</body>
    </message>
    <message id="m0016" participant="138310" time="2013-03-05 19:34:44 UTC">
      <body>Kois</body>
    </message>
    <message id="m0017" participant="138112" time="2013-03-05 19:35:07 UTC">
      <body>Hahahah 3arfa</body>
    </message>
    <message id="m0018" participant="138112" time="2013-03-05 19:35:12 UTC">
      <body>Lon eh bardo</body>
    </message>
    <message id="m0019" participant="138310" time="2013-03-05 19:35:56 UTC">
      <body>Eswed</body>
    </message>
    <message id="m0020" participant="138112" time="2013-03-05 19:36:17 UTC">
      <body>W el cravatte</body>
    </message>
    <message id="m0021" participant="138310" time="2013-03-05 19:36:30 UTC">
      <body>Purple :D</body>
    </message>
    <message id="m0022" participant="138112" time="2013-03-05 19:36:46 UTC">
      <body>Hahahaha helw</body>
    </message>
    <message id="m0023" participant="138310" time="2013-03-05 19:37:09 UTC">
      <body>:D</body>
    </message>
    <message id="m0024" participant="138310" time="2013-03-05 19:37:57 UTC">
      <body>M3aky soora lel dress ?</body>
    </message>
    <message id="m0025" participant="138112" time="2013-03-05 19:38:09 UTC">
      <body>Ah m3aya</body>
    </message>
    <message id="m0026" participant="138310" time="2013-03-05 19:38:46 UTC">
      <body>Wareeny</body>
    </message>
    <message id="m0027" participant="138112" time="2013-03-05 19:39:28 UTC">
      <body>&lt;media omitted&gt;</body>
    </message>
    <message id="m0028" participant="138112" time="2013-03-05 19:39:29 UTC">
      <body>Helw?</body>
    </message>
    <message id="m0029" participant="138310" time="2013-03-05 19:40:09 UTC">
      <body>Opaaa :D</body>
    </message>
    <message id="m0030" participant="138112" time="2013-03-05 19:41:14 UTC">
      <body>Helw Begad?</body>
    </message>
    <message id="m0031" participant="138310" time="2013-03-05 19:41:25 UTC">
      <body>Ah</body>
    </message>
    <message id="m0032" participant="138112" time="2013-03-05 19:42:03 UTC">
      <body>Merci :D</body>
    </message>
    <message id="m0033" participant="138310" time="2013-03-05 19:46:04 UTC">
      <body>:D</body>
    </message>
  </messages>
</conversation>
