<?xml version="1.0" encoding="UTF-8"?>
<conversation id="CHT_ARZ_20120719.0003" medium="CHT" donated="true">
  <messages>
    <message id="m0000" time="2012-07-19 12:33:18 UTC" participant="139275">
      <body>heey :)</body>
    </message>
    <message id="m0001" time="2012-07-19 15:05:08 UTC" participant="139275">
      <body>w enty tyba ya 7abebty :(</body>
    </message>
    <message id="m0002" time="2012-07-19 15:05:11 UTC" participant="139275">
      <body>:)</body>
    </message>
    <message id="m0003" time="2012-07-19 16:09:06 UTC" participant="139564">
      <body>Kol sna wnty tayba</body>
    </message>
  </messages>
</conversation>
