<?xml version="1.0" encoding="UTF-8"?>
<conversation id="CHT_ARZ_20130511.0000" medium="CHT" donated="true">
  <messages>
    <message id="m0000" participant="138112" time="2013-05-11 09:56:00 UTC">
      <body>Myrna</body>
    </message>
    <message id="m0001" participant="138328" time="2013-05-11 10:20:14 UTC">
      <body>Yaraa</body>
    </message>
    <message id="m0002" participant="138112" time="2013-05-11 10:20:40 UTC">
      <body>Bosi ya Myrna</body>
    </message>
    <message id="m0003" participant="138328" time="2013-05-11 10:21:01 UTC">
      <body>Eihh</body>
    </message>
    <message id="m0004" participant="138112" time="2013-05-11 10:21:59 UTC">
      <body>Ana sa2alt mami w aletli la2 w 5alet Youssef yekalemha yekn3ha w aletlo 5ali Yara tes2al 5alha. W lama sa2alt 5alo 2ali roo7i bas tkooni fel bet 7:30. W Akeed mafish 7ad hymshi men 3andak 7 fa lesa msh 3arfa h3raf ageelek wla la2</body>
    </message>
    <message id="m0005" participant="138328" time="2013-05-11 10:22:29 UTC">
      <body>W8 bas 3lshan hklimk nw</body>
    </message>
  </messages>
</conversation>
