<?xml version="1.0" encoding="UTF-8"?>
<conversation id="CHT_ARZ_20121230.0000" medium="CHT" donated="true">
  <messages>
    <message id="m0000" participant="138112" time="2012-12-30 02:08:02 UTC">
      <body>Assem</body>
    </message>
    <message id="m0001" participant="138112" time="2012-12-30 02:08:11 UTC">
      <body>Hat3mel ehhh fel New Years</body>
    </message>
    <message id="m0002" participant="138305" time="2012-12-30 02:47:53 UTC">
      <body>Wala 7aga u ?</body>
    </message>
    <message id="m0003" participant="138112" time="2012-12-30 02:48:16 UTC">
      <body>Msh hat3mel 7aga? Begad walahi? Haha</body>
    </message>
    <message id="m0004" participant="138305" time="2012-12-30 04:52:27 UTC">
      <body>Hahaha</body>
    </message>
    <message id="m0005" participant="138305" time="2012-12-30 04:52:49 UTC">
      <body>Enty 7ate3mely ehh ??</body>
    </message>
    <message id="m0006" participant="138112" time="2012-12-30 04:54:06 UTC">
      <body>Ana el bas2alak eh el habal da...</body>
    </message>
    <message id="m0007" participant="138305" time="2012-12-30 16:45:05 UTC">
      <body>Oxem bellah 3abeeta</body>
    </message>
    <message id="m0008" participant="138112" time="2012-12-30 18:21:51 UTC">
      <body>Mashy ya assem.</body>
    </message>
    <message id="m0009" participant="138305" time="2012-12-30 19:59:01 UTC">
      <body>Mashy ya yara</body>
    </message>
  </messages>
</conversation>
