<?xml version="1.0" encoding="UTF-8"?>
<conversation id="CHT_ARZ_20130212.0004" medium="CHT" donated="true">
  <messages>
    <message id="m0000" participant="138112" time="2013-02-12 22:09:09 UTC">
      <body>Ya gazma</body>
    </message>
    <message id="m0001" participant="138112" time="2013-02-12 22:09:13 UTC">
      <body>Ya zest</body>
    </message>
    <message id="m0002" participant="138112" time="2013-02-12 22:09:17 UTC">
      <body>*zeft</body>
    </message>
    <message id="m0003" participant="138112" time="2013-02-12 22:09:22 UTC">
      <body>Es2al</body>
    </message>
    <message id="m0004" participant="138327" time="2013-02-12 22:10:25 UTC">
      <body>:* 3amla ehh</body>
    </message>
    <message id="m0005" participant="138112" time="2013-02-12 22:10:33 UTC">
      <body>Kwayesa and you??</body>
    </message>
    <message id="m0006" participant="138327" time="2013-02-12 22:10:34 UTC">
      <body>Ma3lesh ana mafshoo5 fl physics</body>
    </message>
    <message id="m0007" participant="138327" time="2013-02-12 22:10:45 UTC">
      <body>Kois el7</body>
    </message>
    <message id="m0008" participant="138327" time="2013-02-12 22:10:47 UTC">
      <body>Ehh fenek</body>
    </message>
    <message id="m0009" participant="138112" time="2013-02-12 22:10:52 UTC">
      <body>Kois eh</body>
    </message>
    <message id="m0010" participant="138112" time="2013-02-12 22:10:55 UTC">
      <body>Kwayes**</body>
    </message>
    <message id="m0011" participant="138327" time="2013-02-12 22:11:03 UTC">
      <body>Elhamdolellah</body>
    </message>
    <message id="m0013" participant="138112" time="2013-02-12 22:11:19 UTC">
      <body>Ahhhh</body>
    </message>
    <message id="m0014" participant="138112" time="2013-02-12 22:11:30 UTC">
      <body>Enta roht</body>
    </message>
    <message id="m0015" participant="138327" time="2013-02-12 22:11:30 UTC">
      <body>Mashoftekesh</body>
    </message>
    <message id="m0016" participant="138327" time="2013-02-12 22:11:40 UTC">
      <body>Ahhh</body>
    </message>
    <message id="m0017" participant="138112" time="2013-02-12 22:11:42 UTC">
      <body>ENTA BETESTAHBEL!!!!!!!</body>
    </message>
    <message id="m0018" participant="138112" time="2013-02-12 22:11:51 UTC">
      <body>EZAY TROOH W MATKALEMNISH</body>
    </message>
    <message id="m0019" participant="138112" time="2013-02-12 22:11:59 UTC">
      <body>ENTA BDAN AWY</body>
    </message>
    <message id="m0020" participant="138112" time="2013-02-12 22:12:03 UTC">
      <body>BYE</body>
    </message>
    <message id="m0021" participant="138327" time="2013-02-12 22:12:29 UTC">
      <body>Walahii tele3t l class w mesheet 3ashan kan lazem arooh mostashfaa</body>
    </message>
    <message id="m0022" participant="138112" time="2013-02-12 22:12:40 UTC">
      <body>WHY</body>
    </message>
    <message id="m0023" participant="138327" time="2013-02-12 22:13:07 UTC">
      <body>Feeh had men sohab omi 3amal 3amlia</body>
    </message>
    <message id="m0024" participant="138327" time="2013-02-12 22:13:13 UTC">
      <body>W kan lazem aroo7 ashofo :S</body>
    </message>
    <message id="m0025" participant="138327" time="2013-02-12 22:13:26 UTC">
      <body>Hagy l sabt isa w hagy bokra</body>
    </message>
    <message id="m0026" participant="138112" time="2013-02-12 22:13:28 UTC">
      <body>Mashy ya Kareem!</body>
    </message>
    <message id="m0027" participant="138327" time="2013-02-12 22:13:31 UTC">
      <body>Ashofek bokraa</body>
    </message>
    <message id="m0028" participant="138112" time="2013-02-12 22:13:35 UTC">
      <body>Bokra call me</body>
    </message>
    <message id="m0029" participant="138112" time="2013-02-12 22:13:40 UTC">
      <body>Fahem!!!!</body>
    </message>
    <message id="m0030" participant="138327" time="2013-02-12 22:14:11 UTC">
      <body>Hader :*</body>
    </message>
    <message id="m0031" participant="138112" time="2013-02-12 22:14:26 UTC">
      <body>Mashy</body>
    </message>
    <message id="m0032" participant="138112" time="2013-02-12 22:14:41 UTC">
      <body>L7ad mashoofak bokra Ana meday2a</body>
    </message>
    <message id="m0033" participant="138112" time="2013-02-12 22:14:46 UTC">
      <body>3eeeeeb</body>
    </message>
    <message id="m0034" participant="138112" time="2013-02-12 22:14:50 UTC">
      <body/>
    </message>
    <message id="m0035" participant="138327" time="2013-02-12 22:16:45 UTC">
      <body>Lala mattez3aliish walahii :*</body>
    </message>
    <message id="m0036" participant="138327" time="2013-02-12 22:16:54 UTC">
      <body>Ana hashofek bokra w hasal7ek &lt;3</body>
    </message>
    <message id="m0037" participant="138112" time="2013-02-12 22:17:12 UTC">
      <body>Mashy!! Lama nshoof</body>
    </message>
    <message id="m0038" participant="138327" time="2013-02-12 22:18:05 UTC">
      <body>:***</body>
    </message>
    <message id="m0039" participant="138327" time="2013-02-12 22:18:12 UTC">
      <body>Sortek hilwaa &lt;3</body>
    </message>
    <message id="m0041" participant="138327" time="2013-02-12 22:19:17 UTC">
      <body>:*</body>
    </message>
    <message id="m0042" participant="138327" time="2013-02-13 11:25:50 UTC">
      <body>Ana fl schooool</body>
    </message>
  </messages>
</conversation>
