<?xml version="1.0" encoding="UTF-8"?>
<conversation id="CHT_ARZ_20130411.0004" medium="CHT" donated="true">
  <messages>
    <message id="m0000" time="2013-04-11 07:42:00 UTC" participant="139275">
      <body>صباح الخير</body>
    </message>
    <message id="m0001" time="2013-04-11 07:42:00 UTC" participant="139275">
      <body>ازيك يا جميل</body>
    </message>
    <message id="m0002" time="2013-04-11 07:42:00 UTC" participant="139275">
      <body>سألتيلي على الحاجات بعد ال scars ؟</body>
    </message>
    <message id="m0003" time="2013-04-11 12:42:00 UTC" participant="139561">
      <body>Saba7 el nour ya sossa</body>
    </message>
    <message id="m0004" time="2013-04-11 12:42:00 UTC" participant="139561">
      <body>Nset walahy</body>
    </message>
    <message id="m0005" time="2013-04-11 12:42:00 UTC" participant="139561">
      <body>3ala belel haqolek isa</body>
    </message>
  </messages>
</conversation>
