<?xml version="1.0" encoding="UTF-8"?>
<conversation id="CHT_ARZ_20130409.0003" medium="CHT" donated="true">
  <messages>
    <message id="m0000" time="2013-04-09 03:42:38 UTC" participant="139562">
      <body>3amla eh ya monii</body>
    </message>
    <message id="m0001" time="2013-04-09 03:43:21 UTC" participant="139562">
      <body>Tamanini 3aliki enti w el babyy ana 3arfa akeed mazabatk zay el oza3a el 3andi</body>
    </message>
    <message id="m0002" time="2013-04-09 03:43:37 UTC" participant="139562">
      <body>Nafsi anaaam </body>
    </message>
    <message id="m0003" time="2013-04-09 03:44:09 UTC" participant="139275">
      <body>w anaaaa</body>
    </message>
    <message id="m0004" time="2013-04-09 03:45:34 UTC" participant="139275">
      <body>7asa be stress faze3</body>
    </message>
    <message id="m0005" time="2013-04-09 03:46:06 UTC" participant="139275">
      <body>w 7ata lw sebto m3 7ad mesh bro7 fl nom brdo</body>
    </message>
    <message id="m0006" time="2013-04-09 03:47:41 UTC" participant="139275">
      <body>eh da w ana kont b3ayat enhrda !!!!</body>
    </message>
    <message id="m0007" time="2013-04-09 03:47:51 UTC" participant="139562">
      <body>2aaaah</body>
    </message>
    <message id="m0008" time="2013-04-09 03:47:57 UTC" participant="139275">
      <body>gali elt2ab fag2a keda</body>
    </message>
    <message id="m0009" time="2013-04-09 03:48:11 UTC" participant="139562">
      <body>Ana kaman enharda kont 3amala a3ayat</body>
    </message>
    <message id="m0010" time="2013-04-09 03:48:37 UTC" participant="139562">
      <body>7asa fag2 el mas2olya kabiiiiira w mofaga2a</body>
    </message>
    <message id="m0011" time="2013-04-09 03:49:14 UTC" participant="139562">
      <body>Bgd msh bal7a2 aro7 fel noom tas7a </body>
    </message>
    <message id="m0012" time="2013-04-09 03:49:33 UTC" participant="139275">
      <body>w ana</body>
    </message>
    <message id="m0013" time="2013-04-09 03:49:51 UTC" participant="139275">
      <body>ana mesh 3arfa ard3 sa7 :(</body>
    </message>
    <message id="m0014" time="2013-04-09 03:50:06 UTC" participant="139275">
      <body>w sedry wag3ny gedn</body>
    </message>
    <message id="m0015" time="2013-04-09 03:50:16 UTC" participant="139562">
      <body>Maelsh ya moni homa kolohom bay2olo fatra w ta3adi</body>
    </message>
    <message id="m0016" time="2013-04-09 03:50:26 UTC" participant="139562">
      <body>W ana bardo wallahi</body>
    </message>
    <message id="m0017" time="2013-04-09 03:50:31 UTC" participant="139562">
      <body>Msh 3arfa lih</body>
    </message>
    <message id="m0018" time="2013-04-09 03:50:54 UTC" participant="139275">
      <body>w ro7t le dr mot7'ases fl reda3a</body>
    </message>
    <message id="m0019" time="2013-04-09 03:50:55 UTC" participant="139562">
      <body>Mafish gdeed mahaya 3ala toool kda bas enharda enhart</body>
    </message>
    <message id="m0020" time="2013-04-09 03:51:21 UTC" participant="139275">
      <body>w 3almni w rad3t odamo kaman</body>
    </message>
    <message id="m0021" time="2013-04-09 03:51:49 UTC" participant="139275">
      <body>raw7t ba2a wala el hwa w el 2alam zad</body>
    </message>
    <message id="m0022" time="2013-04-09 03:52:27 UTC" participant="139562">
      <body>7awli ya mooni</body>
    </message>
    <message id="m0023" time="2013-04-09 03:52:36 UTC" participant="139562">
      <body>W 7oti el cream</body>
    </message>
    <message id="m0024" time="2013-04-09 03:52:40 UTC" participant="139562">
      <body>Ma3lsh</body>
    </message>
    <message id="m0025" time="2013-04-09 03:52:50 UTC" participant="139562">
      <body>Homa bay2olo fel awel bas</body>
    </message>
    <message id="m0026" time="2013-04-09 03:54:41 UTC" participant="139275">
      <body>m3 Ye7ia?</body>
    </message>
    <message id="m0027" time="2013-04-09 03:54:49 UTC" participant="139562">
      <body>Tyb 7awli kda bel ra7a</body>
    </message>
    <message id="m0028" time="2013-04-09 03:54:49 UTC" participant="139562">
      <body>Ed5oli lewa7dak ma3ah 3ashan ma7dsh yawatark w 7awli</body>
    </message>
    <message id="m0029" time="2013-04-09 03:55:07 UTC" participant="139275">
      <body>ana. brd3 3ady be nipple protector</body>
    </message>
    <message id="m0030" time="2013-04-09 03:55:35 UTC" participant="139275">
      <body>3shan el nipples 3andy flat zy ma 2oltlk</body>
    </message>
    <message id="m0031" time="2013-04-09 03:55:46 UTC" participant="139275">
      <body>bs mesh sa7</body>
    </message>
    <message id="m0032" time="2013-04-09 03:56:27 UTC" participant="139562">
      <body>Yamkan 3ashan el laban baytkawan</body>
    </message>
    <message id="m0033" time="2013-04-09 03:56:54 UTC" participant="139562">
      <body>2ah</body>
    </message>
    <message id="m0034" time="2013-04-10 01:38:57 UTC" participant="139562">
      <body>Ma3lsh ya mooni isA tab2a ashal</body>
    </message>
    <message id="m0035" time="2013-04-10 14:43:52 UTC" participant="139275">
      <body>ya rb ya moha</body>
    </message>
    <message id="m0036" time="2013-04-10 14:44:37 UTC" participant="139275">
      <body>a7sn ana 7'yfa akrh el reda3a :(</body>
    </message>
    <message id="m0037" time="2013-04-10 14:44:54 UTC" participant="139275">
      <body>nfsy ashof Farida :)</body>
    </message>
    <message id="m0038" time="2013-04-10 19:34:59 UTC" participant="139562">
      <body>Hab3atlk sorataha</body>
    </message>
    <message id="m0039" time="2013-04-10 19:35:58 UTC" participant="139562">
      <body>La2 mat2la2ish ana bardo 3andi shwayat mashakel fel rada3a bas sa2alt el dr bata3aha w ali 3adi</body>
    </message>
    <message id="m0040" time="2013-04-10 19:36:29 UTC" participant="139562">
      <body>W anti ab3atili sorat yahia</body>
    </message>
    <message id="m0041" time="2013-04-10 19:36:49 UTC" participant="139562">
      <body>&lt;media omitted&gt;</body>
    </message>
    <message id="m0042" time="2013-04-10 19:36:54 UTC" participant="139562">
      <body>3auza ashofo</body>
    </message>
    <message id="m0043" time="2013-04-11 01:14:39 UTC" participant="139275">
      <body>&lt;media omitted&gt;</body>
    </message>
    <message id="m0044" time="2013-04-11 01:14:52 UTC" participant="139275">
      <body>3asl msA :)))</body>
    </message>
    <message id="m0045" time="2013-04-11 01:15:12 UTC" participant="139275">
      <body>wa7'da. mnkom ento 2</body>
    </message>
    <message id="m0046" time="2013-04-11 01:15:35 UTC" participant="139275">
      <body>&lt;media omitted&gt;</body>
    </message>
    <message id="m0047" time="2013-04-11 01:15:49 UTC" participant="139275">
      <body>yoco kolo ma7moud</body>
    </message>
    <message id="m0048" time="2013-04-11 08:25:54 UTC" participant="139562">
      <body>Ya roooo7y MSA gamiiiiil awiii</body>
    </message>
    <message id="m0049" time="2013-04-11 10:52:33 UTC" participant="139275">
      <body>kolo ma7moud sa7?</body>
    </message>
    <message id="m0050" time="2013-04-11 12:30:30 UTC" participant="139562">
      <body>Howa tab3an shabaho gdn bas 7sah bardo wa5ed menk</body>
    </message>
    <message id="m0051" time="2013-04-11 12:48:47 UTC" participant="139275">
      <body>laa  mesh b7so khales</body>
    </message>
    <message id="m0052" time="2013-04-11 13:44:15 UTC" participant="139562">
      <body>Howa bardo ya 7abiibii lesa so3'anoon mabnsh</body>
    </message>
    <message id="m0053" time="2013-04-11 14:17:02 UTC" participant="139275">
      <body>ahh</body>
    </message>
    <message id="m0054" time="2013-04-11 14:17:27 UTC" participant="139275">
      <body>bs Farida wa7'da mnkom ento el 2 isaa</body>
    </message>
    <message id="m0055" time="2013-04-11 14:22:45 UTC" participant="139562">
      <body>Bgd</body>
    </message>
    <message id="m0056" time="2013-04-11 14:23:37 UTC" participant="139275">
      <body>ahh khales</body>
    </message>
    <message id="m0057" time="2013-04-11 14:23:44 UTC" participant="139275">
      <body>enty 3amla eh m3aha</body>
    </message>
    <message id="m0058" time="2013-04-11 14:23:56 UTC" participant="139275">
      <body>mnyemaha now m3 Ye7ia :D</body>
    </message>
    <message id="m0059" time="2013-04-11 14:24:57 UTC" participant="139275">
      <body>aked isA :)</body>
    </message>
    <message id="m0060" time="2013-04-11 14:26:17 UTC" participant="139562">
      <body>Ana walad a5waty at3'ayaro 5ales</body>
    </message>
    <message id="m0061" time="2013-04-11 14:26:17 UTC" participant="139562">
      <body>Bas bardo msh bayna lessa</body>
    </message>
    <message id="m0062" time="2013-04-11 14:26:17 UTC" participant="139562">
      <body>Lessa hayt3'ayaro Farida w Yahia</body>
    </message>
    <message id="m0063" time="2013-04-11 14:27:55 UTC" participant="139562">
      <body>2ah lessa 7alan :D</body>
    </message>
    <message id="m0064" time="2013-04-11 14:27:57 UTC" participant="139562">
      <body>Hahah</body>
    </message>
    <message id="m0065" time="2013-04-12 04:59:54 UTC" participant="139275">
      <body>ya rb nnam ba2a :D</body>
    </message>
    <message id="m0066" time="2013-04-12 23:26:54 UTC" participant="139562">
      <body>MSA Gamiiiila awi el whatsapp pic  ya moni bas 5ali balk la 7ad ya7sadko w anto amameeer kda</body>
    </message>
    <message id="m0067" time="2013-04-12 23:27:02 UTC" participant="139562">
      <body/>
    </message>
    <message id="m0068" time="2013-04-13 22:02:17 UTC" participant="139275">
      <body>wallhy kont lisa bfkr fe jeda</body>
    </message>
    <message id="m0069" time="2013-04-13 22:02:27 UTC" participant="139275">
      <body>Ye7ia t3ban gednnn</body>
    </message>
    <message id="m0070" time="2013-04-13 22:02:45 UTC" participant="139275">
      <body>w mesh bybtk sre7' w 3yat :(</body>
    </message>
    <message id="m0071" time="2013-04-14 10:31:56 UTC" participant="139562">
      <body>Salamto alf salam ya moni el oza3a farida nafs el kalam bas lamma basa2al bay2ololi 3adi lamma takber isa hatab2a a7san w ahda w tanam ana 3aysha 3ala el 2amal dah </body>
    </message>
    <message id="m0072" time="2013-04-14 10:32:09 UTC" participant="139562">
      <body>IsA ya7ia yaba2a gamil</body>
    </message>
    <message id="m0073" time="2013-04-14 10:32:15 UTC" participant="139562">
      <body>W yahda</body>
    </message>
    <message id="m0074" time="2013-04-14 10:32:38 UTC" participant="139562">
      <body>Ana msh fahma eh el kelma di 'jeda' :D</body>
    </message>
    <message id="m0075" time="2013-04-14 10:35:27 UTC" participant="139562">
      <body>2ah fahmet asdek 'keda' :D</body>
    </message>
  </messages>
</conversation>
