<?xml version="1.0" encoding="UTF-8"?>
<conversation id="CHT_ARZ_20121121.0000" medium="CHT" donated="true">
  <messages>
    <message id="m0000" participant="138323" time="2012-11-21 10:57:25 UTC">
      <body>Yara</body>
    </message>
    <message id="m0001" participant="138112" time="2012-11-21 18:33:58 UTC">
      <body>Ezayak?</body>
    </message>
    <message id="m0002" participant="138323" time="2012-11-21 22:53:11 UTC">
      <body>Ezayek enty</body>
    </message>
    <message id="m0003" participant="138112" time="2012-11-21 23:21:52 UTC">
      <body>Kwayesa el7</body>
    </message>
    <message id="m0004" participant="138112" time="2012-11-21 23:21:59 UTC">
      <body>Enti 3amla ehh?</body>
    </message>
    <message id="m0005" participant="138323" time="2012-11-21 23:50:54 UTC">
      <body>El7</body>
    </message>
    <message id="m0006" participant="138323" time="2012-11-21 23:51:02 UTC">
      <body>Ana z3lana menek</body>
    </message>
    <message id="m0007" participant="138112" time="2012-11-21 23:51:07 UTC">
      <body>Leh?</body>
    </message>
    <message id="m0008" participant="138323" time="2012-11-21 23:55:36 UTC">
      <body>Msh btkalmi wla bashufek</body>
    </message>
    <message id="m0009" participant="138323" time="2012-11-21 23:55:47 UTC">
      <body>Wla a3raf enek tl3ty senior trip</body>
    </message>
    <message id="m0010" participant="138112" time="2012-11-22 00:09:10 UTC">
      <body>Enti ya enti 3arfa en fi senior trip! So7abek kolohom kano henak</body>
    </message>
    <message id="m0011" participant="138323" time="2012-11-22 00:09:29 UTC">
      <body>Mana 3arfa</body>
    </message>
    <message id="m0012" participant="138323" time="2012-11-22 00:09:37 UTC">
      <body>Bs lw tle3ty kont htla3</body>
    </message>
    <message id="m0013" participant="138323" time="2012-11-22 00:09:46 UTC">
      <body>M3rafsh enek tal3a</body>
    </message>
    <message id="m0014" participant="138112" time="2012-11-22 00:09:57 UTC">
      <body>So7abek kolohom kano henak leh matle3tish tayeb</body>
    </message>
    <message id="m0015" participant="138323" time="2012-11-22 00:12:25 UTC">
      <body>3shan mafish banat so7abi tel3o, w 2olt hashofek ht3mli eh</body>
    </message>
    <message id="m0016" participant="138112" time="2012-11-22 00:17:38 UTC">
      <body>Tab leh mas2altenesh?</body>
    </message>
    <message id="m0017" participant="138323" time="2012-11-22 00:23:54 UTC">
      <body>2olti msh 3arfaa :O</body>
    </message>
    <message id="m0018" participant="138112" time="2012-11-22 00:26:37 UTC">
      <body>Ahhh ma lama sa2altini makontsh 3arfa haha</body>
    </message>
    <message id="m0019" participant="138323" time="2012-11-22 00:27:29 UTC">
      <body>Kalba :D</body>
    </message>
  </messages>
</conversation>
