<?xml version="1.0" encoding="UTF-8"?>
<conversation id="CHT_ARZ_20130326.0003" medium="CHT" donated="true">
  <messages>
    <message id="m0000" time="2013-03-26 10:04:21 UTC" participant="139275">
      <body>&lt;media omitted&gt;</body>
    </message>
    <message id="m0001" time="2013-03-26 10:05:04 UTC" participant="139275">
      <body>&lt;media omitted&gt;</body>
    </message>
    <message id="m0002" time="2013-03-26 10:05:41 UTC" participant="139275">
      <body>&lt;media omitted&gt;</body>
    </message>
    <message id="m0003" time="2013-03-26 10:05:49 UTC" participant="139275">
      <body>&lt;media omitted&gt;</body>
    </message>
    <message id="m0004" time="2013-03-26 10:06:01 UTC" participant="139275">
      <body>&lt;media omitted&gt;</body>
    </message>
    <message id="m0005" time="2013-03-26 10:06:13 UTC" participant="139275">
      <body>فرجي طنط بقى :)</body>
    </message>
    <message id="m0006" time="2013-03-26 10:06:17 UTC" participant="139275">
      <body>&lt;media omitted&gt;</body>
    </message>
    <message id="m0007" time="2013-03-26 10:10:35 UTC" participant="139557">
      <body>جميل حبيب قلب ماما فتح عيونه</body>
    </message>
    <message id="m0008" time="2013-03-26 10:10:52 UTC" participant="139275">
      <body>:)</body>
    </message>
    <message id="m0009" time="2013-03-26 10:10:59 UTC" participant="139275">
      <body/>
    </message>
    <message id="m0010" time="2013-03-26 10:11:20 UTC" participant="139275">
      <body>شبه محمود صح؟</body>
    </message>
    <message id="m0011" time="2013-03-26 10:11:29 UTC" participant="139275">
      <body>كله باباه</body>
    </message>
    <message id="m0012" time="2013-03-26 10:12:49 UTC" participant="139557">
      <body>شبهة يانني</body>
    </message>
    <message id="m0013" time="2013-03-26 10:13:04 UTC" participant="139275">
      <body>ربنا يخليكي يارب</body>
    </message>
    <message id="m0014" time="2013-03-26 10:13:07 UTC" participant="139275">
      <body>اويييي</body>
    </message>
    <message id="m0015" time="2013-03-26 10:13:09 UTC" participant="139275">
      <body>سفرووووت</body>
    </message>
    <message id="m0016" time="2013-03-26 10:13:32 UTC" participant="139275">
      <body>تخافي تمسكيه</body>
    </message>
    <message id="m0017" time="2013-03-26 10:13:55 UTC" participant="139275">
      <body>والله كل ما يقلعوه هدومه بفتكر ياسين</body>
    </message>
    <message id="m0018" time="2013-03-26 10:14:04 UTC" participant="139275">
      <body>وانتي بتغيريله</body>
    </message>
    <message id="m0019" time="2013-03-26 10:14:17 UTC" participant="139275">
      <body>حاساه اده يمكن</body>
    </message>
    <message id="m0020" time="2013-03-26 10:14:21 UTC" participant="139557">
      <body>مش عارفة مش حاسة كدة</body>
    </message>
    <message id="m0021" time="2013-03-26 10:14:29 UTC" participant="139557">
      <body>جميل يانني</body>
    </message>
    <message id="m0022" time="2013-03-26 10:14:38 UTC" participant="139275">
      <body>مش عااااارفه</body>
    </message>
    <message id="m0023" time="2013-03-26 10:14:39 UTC" participant="139557">
      <body>بس سغنتوووت</body>
    </message>
    <message id="m0024" time="2013-03-26 10:14:43 UTC" participant="139557">
      <body>اوى</body>
    </message>
    <message id="m0025" time="2013-03-26 10:14:52 UTC" participant="139275">
      <body>والتقل الفظيع الي كان عندي</body>
    </message>
    <message id="m0026" time="2013-03-26 10:14:57 UTC" participant="139557">
      <body>جداً</body>
    </message>
    <message id="m0027" time="2013-03-26 10:15:12 UTC" participant="139557">
      <body>أصغر من ياسين كتير صح</body>
    </message>
    <message id="m0028" time="2013-03-26 10:15:19 UTC" participant="139275">
      <body>انتي في الشغل ولا عند طنط؟</body>
    </message>
    <message id="m0029" time="2013-03-26 10:15:37 UTC" participant="139275">
      <body>ربنا معاكي يارب</body>
    </message>
    <message id="m0030" time="2013-03-26 10:15:51 UTC" participant="139275">
      <body>عايزين نكلمكم اسكايب</body>
    </message>
    <message id="m0031" time="2013-03-26 10:16:08 UTC" participant="139557">
      <body>آمال القنابل أللى كنا فيها دى إيه</body>
    </message>
    <message id="m0032" time="2013-03-26 10:16:30 UTC" participant="139275">
      <body>الجرح بيشد جداااا</body>
    </message>
    <message id="m0033" time="2013-03-26 10:16:44 UTC" participant="139557">
      <body>عيال عرة :D</body>
    </message>
    <message id="m0034" time="2013-03-26 10:16:48 UTC" participant="139275">
      <body>وموضوع الرضاعة ده طلع حواااار</body>
    </message>
    <message id="m0035" time="2013-03-26 10:17:00 UTC" participant="139557">
      <body>آه ياحبيبتي</body>
    </message>
    <message id="m0036" time="2013-03-26 10:17:06 UTC" participant="139557">
      <body>ف الشغل</body>
    </message>
    <message id="m0037" time="2013-03-26 10:17:33 UTC" participant="139557">
      <body>بس ححاول آبعتهم لماما</body>
    </message>
    <message id="m0038" time="2013-03-26 10:17:41 UTC" participant="139557">
      <body>ماما فاتحة</body>
    </message>
    <message id="m0039" time="2013-03-26 10:17:48 UTC" participant="139275">
      <body>انا اتبهدلت والله</body>
    </message>
    <message id="m0040" time="2013-03-26 10:17:56 UTC" participant="139557">
      <body>المهم أنتى عاملة إيه دلوقتى</body>
    </message>
    <message id="m0041" time="2013-03-26 10:18:10 UTC" participant="139557">
      <body>والجرح عامل إيه معاكي</body>
    </message>
    <message id="m0042" time="2013-03-26 10:18:19 UTC" participant="139557">
      <body>ياعيني</body>
    </message>
    <message id="m0043" time="2013-03-26 10:18:48 UTC" participant="139557">
      <body>معلش يانني مش بالساهل</body>
    </message>
    <message id="m0044" time="2013-03-26 10:18:52 UTC" participant="139557">
      <body>هههههههه</body>
    </message>
    <message id="m0045" time="2013-03-26 10:19:13 UTC" participant="139557">
      <body>الرضاعة دي وجع دماغ</body>
    </message>
    <message id="m0046" time="2013-03-26 10:19:17 UTC" participant="139275">
      <body>سخونية ورعشة</body>
    </message>
    <message id="m0047" time="2013-03-26 10:19:35 UTC" participant="139275">
      <body>ايوة</body>
    </message>
    <message id="m0048" time="2013-03-26 10:19:38 UTC" participant="139275">
      <body>دمااار</body>
    </message>
    <message id="m0049" time="2013-03-26 10:19:39 UTC" participant="139557">
      <body>وخاصة اول ٣شهور</body>
    </message>
    <message id="m0050" time="2013-03-26 10:19:51 UTC" participant="139275">
      <body>عشان مش بيرضع حلو اللبن بهدلني</body>
    </message>
    <message id="m0051" time="2013-03-26 10:19:54 UTC" participant="139275">
      <body>ومازال</body>
    </message>
    <message id="m0052" time="2013-03-26 10:20:19 UTC" participant="139275">
      <body>ما انا بتنيل :(</body>
    </message>
    <message id="m0053" time="2013-03-26 10:20:31 UTC" participant="139275">
      <body>فوجع زيادة بقى</body>
    </message>
    <message id="m0054" time="2013-03-26 10:20:44 UTC" participant="139557">
      <body>معلش ياننى بس كله حيعدي</body>
    </message>
    <message id="m0055" time="2013-03-26 10:21:05 UTC" participant="139557">
      <body>أنتى ؟</body>
    </message>
    <message id="m0056" time="2013-03-26 10:21:28 UTC" participant="139275">
      <body>شيماء ماهر قالتلي وضع مؤقت ان شاء الله</body>
    </message>
    <message id="m0057" time="2013-03-26 10:21:41 UTC" participant="139557">
      <body>طيب لازم ترضعيه</body>
    </message>
    <message id="m0058" time="2013-03-26 10:21:49 UTC" participant="139557">
      <body>أو تشفطي</body>
    </message>
    <message id="m0059" time="2013-03-26 10:22:10 UTC" participant="139557">
      <body>هههههه</body>
    </message>
    <message id="m0060" time="2013-03-26 10:22:17 UTC" participant="139275">
      <body>ماهو انا اصلا لو استنيت بتبهدلللل</body>
    </message>
    <message id="m0061" time="2013-03-26 10:22:22 UTC" participant="139557">
      <body>مريت بكل دة</body>
    </message>
    <message id="m0062" time="2013-03-26 10:22:30 UTC" participant="139275">
      <body>يارب ربنا يهون بجد</body>
    </message>
    <message id="m0063" time="2013-03-26 10:22:35 UTC" participant="139557">
      <body>والمها غبي أنا عارفة</body>
    </message>
    <message id="m0064" time="2013-03-26 10:22:44 UTC" participant="139275">
      <body>الواحد حاسس انه بقى بقرة حلوب</body>
    </message>
    <message id="m0065" time="2013-03-26 10:22:57 UTC" participant="139275">
      <body>بذات في حوار التشفيط ده</body>
    </message>
    <message id="m0066" time="2013-03-26 10:23:03 UTC" participant="139275">
      <body>الله يسلمك</body>
    </message>
    <message id="m0067" time="2013-03-26 10:23:12 UTC" participant="139275">
      <body>روحي اشاغلي بقى</body>
    </message>
    <message id="m0068" time="2013-03-26 10:23:28 UTC" participant="139275">
      <body>ونتكلم على سكايب ان شاء الله كلنا</body>
    </message>
    <message id="m0069" time="2013-03-26 10:23:30 UTC" participant="139557">
      <body>بس ماتستنيش على نفسك ياترضعى ياتشفطي</body>
    </message>
    <message id="m0070" time="2013-03-26 10:23:49 UTC" participant="139275">
      <body>ان شاء الله</body>
    </message>
    <message id="m0071" time="2013-03-26 10:24:00 UTC" participant="139557">
      <body>معلش اول ٣شهور غلسين وحيعدوا</body>
    </message>
    <message id="m0072" time="2013-03-26 10:24:14 UTC" participant="139275">
      <body>ماما مش هنا</body>
    </message>
    <message id="m0073" time="2013-03-26 10:24:33 UTC" participant="139557">
      <body>الحمد لله على سلامتك ياام يحي</body>
    </message>
    <message id="m0074" time="2013-03-26 10:24:40 UTC" participant="139275">
      <body>وانا تعبانة وحنام بليل نكون كلنا نع بعض إن شاء الله</body>
    </message>
    <message id="m0075" time="2013-03-26 10:24:43 UTC" participant="139557">
      <body>خخخخخخ</body>
    </message>
    <message id="m0076" time="2013-03-26 10:24:50 UTC" participant="139275">
      <body/>
    </message>
    <message id="m0077" time="2013-03-26 10:24:55 UTC" participant="139275">
      <body/>
    </message>
    <message id="m0078" time="2013-03-26 10:25:16 UTC" participant="139557">
      <body>اوك وتبقى أكلمكم بليل</body>
    </message>
    <message id="m0079" time="2013-03-26 10:25:22 UTC" participant="139275">
      <body>حاضر :)</body>
    </message>
    <message id="m0080" time="2013-03-26 10:25:36 UTC" participant="139557">
      <body>بس ماما فاتحة دلوقتى السكايب</body>
    </message>
    <message id="m0081" time="2013-03-26 10:25:43 UTC" participant="139557">
      <body>أبقوا ملكوها</body>
    </message>
    <message id="m0082" time="2013-03-26 10:26:05 UTC" participant="139557">
      <body>إها طيب</body>
    </message>
    <message id="m0083" time="2013-03-26 10:26:14 UTC" participant="139557">
      <body>سلمي لي عليهم كلهم</body>
    </message>
    <message id="m0084" time="2013-03-26 10:26:47 UTC" participant="139557">
      <body>إنشاء الله</body>
    </message>
    <message id="m0085" time="2013-03-26 10:26:53 UTC" participant="139557">
      <body>بوسيلي يحي</body>
    </message>
    <message id="m0086" time="2013-03-26 10:27:03 UTC" participant="139557">
      <body/>
    </message>
  </messages>
</conversation>
