<?xml version="1.0" encoding="UTF-8"?>
<conversation id="CHT_ARZ_20130102.0000" medium="CHT" donated="true">
  <messages>
    <message id="m0000" participant="138313" time="2013-01-02 15:54:54 UTC">
      <body>Gaayaa el bd ?</body>
    </message>
    <message id="m0001" participant="138112" time="2013-01-02 16:02:58 UTC">
      <body>Lahhh</body>
    </message>
    <message id="m0002" participant="138313" time="2013-01-02 16:05:43 UTC">
      <body>Leeeeeh</body>
    </message>
    <message id="m0003" participant="138112" time="2013-01-02 16:19:40 UTC">
      <body>Msh arfa</body>
    </message>
    <message id="m0004" participant="138313" time="2013-01-02 16:21:28 UTC">
      <body>Tayeb</body>
    </message>
    <message id="m0005" participant="138112" time="2013-01-02 16:23:24 UTC">
      <body>Enty rayha</body>
    </message>
    <message id="m0006" participant="138313" time="2013-01-02 16:27:06 UTC">
      <body>Ahhh isA</body>
    </message>
  </messages>
</conversation>
