<?xml version="1.0" encoding="UTF-8"?>
<conversation id="CHT_ARZ_20130402.0004" medium="CHT" donated="true">
  <messages>
    <message id="m0001" time="2013-04-02 13:38:04 UTC" participant="139275">
      <body>انتي هنا؟</body>
    </message>
    <message id="m0002" time="2013-04-02 13:49:44 UTC" participant="139554">
      <body>لا ده حطي حبة و حبة</body>
    </message>
    <message id="m0003" time="2013-04-02 13:50:00 UTC" participant="139554">
      <body>ده البيتادين الجديد طلع نضيف يا خال :- )</body>
    </message>
    <message id="m0004" time="2013-04-02 13:50:12 UTC" participant="139554">
      <body>يعنى اصلا يستخدم زي ما هو</body>
    </message>
    <message id="m0005" time="2013-04-02 13:54:20 UTC" participant="139554">
      <body>بس يعنى على اساس طفل و جلده رقيق فخففيه بشوية بساط مية</body>
    </message>
    <message id="m0006" time="2013-04-02 13:54:37 UTC" participant="139554">
      <body>و حاولي على أد الجرح ماتغرقهوش بيتادين يعنى</body>
    </message>
    <message id="m0007" time="2013-04-02 13:59:46 UTC" participant="139554">
      <body>و عشان أنا عارفة انك قلقتى من التليفون </body>
    </message>
    <message id="m0008" time="2013-04-02 14:18:27 UTC" participant="139275">
      <body>متحاوليش</body>
    </message>
    <message id="m0009" time="2013-04-02 14:18:37 UTC" participant="139275">
      <body/>
    </message>
    <message id="m0010" time="2013-04-02 14:18:50 UTC" participant="139275">
      <body>متدافعيش عن نفسك</body>
    </message>
    <message id="m0011" time="2013-04-02 14:20:17 UTC" participant="139275">
      <body>لا لا انا اصلا لا اجيد اي حاجة</body>
    </message>
    <message id="m0012" time="2013-04-02 14:20:31 UTC" participant="139554">
      <body>ليكي يوم :- )))))</body>
    </message>
    <message id="m0013" time="2013-04-02 14:20:33 UTC" participant="139275">
      <body>فمحدش حيجي يسألني في حاجة اصلا</body>
    </message>
    <message id="m0014" time="2013-04-02 14:20:42 UTC" participant="139275">
      <body>فشلت في كله بجدارة</body>
    </message>
    <message id="m0015" time="2013-04-02 14:21:15 UTC" participant="139554">
      <body>بلاش يا امنية ... انا مراعية يحيى بس ... متخلينيش احطك في دماغي </body>
    </message>
    <message id="m0016" time="2013-04-02 14:21:22 UTC" participant="139554">
      <body>نياههاهاههاهاهاه</body>
    </message>
    <message id="m0017" time="2013-04-02 14:21:27 UTC" participant="139275">
      <body>ده انتي حتتروقي</body>
    </message>
    <message id="m0018" time="2013-04-02 14:21:48 UTC" participant="139275">
      <body>وقال ايه نسيتي اسئلة العامة</body>
    </message>
    <message id="m0019" time="2013-04-02 14:21:59 UTC" participant="139275">
      <body>نقاص تقوليلي العامة امثالك</body>
    </message>
    <message id="m0020" time="2013-04-02 14:22:18 UTC" participant="139554">
      <body>LOOL</body>
    </message>
    <message id="m0021" time="2013-04-02 14:22:32 UTC" participant="139554">
      <body>mat2olish keda 3ala nafsek enty gamila ;-)</body>
    </message>
    <message id="m0023" time="2013-04-02 14:23:55 UTC" participant="139554">
      <body>هههههههه</body>
    </message>
    <message id="m0024" time="2013-04-02 14:24:05 UTC" participant="139554">
      <body>اصل اسمها صيدليات عامة :)</body>
    </message>
    <message id="m0026" time="2013-04-02 14:24:23 UTC" participant="139275">
      <body>من ندى؟</body>
    </message>
    <message id="m0027" time="2013-04-02 14:25:01 UTC" participant="139554">
      <body>يعنى فعلا حاليا لو دوا كحة ما افتكرش غير التراسولف </body>
    </message>
    <message id="m0028" time="2013-04-02 14:25:05 UTC" participant="139275">
      <body>شىء بنضارة ؟</body>
    </message>
    <message id="m0029" time="2013-04-02 14:25:25 UTC" participant="139275">
      <body>ويتغذى على مضايقة الناس</body>
    </message>
    <message id="m0030" time="2013-04-02 14:25:27 UTC" participant="139275">
      <body>؟</body>
    </message>
    <message id="m0031" time="2013-04-02 14:25:53 UTC" participant="139554">
      <body>ما كانتش في سكشنى</body>
    </message>
    <message id="m0032" time="2013-04-02 14:26:04 UTC" participant="139554">
      <body>انا عرفتها بعد ما اتخرجت :- )</body>
    </message>
    <message id="m0033" time="2013-04-02 14:26:15 UTC" participant="139275">
      <body>يختي ده انتي شكلك معبية</body>
    </message>
    <message id="m0034" time="2013-04-02 14:26:16 UTC" participant="139554">
      <body>لأ</body>
    </message>
    <message id="m0035" time="2013-04-02 14:26:24 UTC" participant="139554">
      <body>من شيء </body>
    </message>
    <message id="m0036" time="2013-04-02 14:27:00 UTC" participant="139554">
      <body>الله يسامحه البعيد بأة الي معملش حسنة غير انه عرفنى بصحاب كتير و اولهم ندى </body>
    </message>
    <message id="m0037" time="2013-04-02 14:27:04 UTC" participant="139275">
      <body/>
    </message>
    <message id="m0038" time="2013-04-02 14:27:43 UTC" participant="139554">
      <body>خلينى ساكتة</body>
    </message>
    <message id="m0039" time="2013-04-02 14:27:50 UTC" participant="139554">
      <body>ما تخلينيش اتفتح</body>
    </message>
    <message id="m0040" time="2013-04-02 14:27:57 UTC" participant="139554">
      <body>مش عايزة آخد ذنوب </body>
    </message>
    <message id="m0041" time="2013-04-02 14:28:21 UTC" participant="139554">
      <body>آه</body>
    </message>
    <message id="m0042" time="2013-04-02 14:28:39 UTC" participant="139554">
      <body>ده مفيش مرة اتلم ع العيال الا و يتخلل فقرة شتيمة في النص</body>
    </message>
    <message id="m0043" time="2013-04-02 14:28:54 UTC" participant="139554">
      <body>واضح ربنا ييحبه بياخد ثواب بالهبل من كتر الشتيمة</body>
    </message>
    <message id="m0044" time="2013-04-02 14:29:35 UTC" participant="139554">
      <body>ده الى امبارح</body>
    </message>
    <message id="m0045" time="2013-04-02 14:29:53 UTC" participant="139554">
      <body>افتكرته بالخير في جملة</body>
    </message>
    <message id="m0047" time="2013-04-02 14:30:29 UTC" participant="139275">
      <body>يعني ايه الكلمة دي</body>
    </message>
    <message id="m0048" time="2013-04-02 14:30:33 UTC" participant="139275">
      <body/>
    </message>
    <message id="m0049" time="2013-04-02 14:30:45 UTC" participant="139275">
      <body>مخدنهاش في الكلاس</body>
    </message>
    <message id="m0050" time="2013-04-02 14:32:01 UTC" participant="139275">
      <body>هيهيهي</body>
    </message>
    <message id="m0051" time="2013-04-02 14:32:04 UTC" participant="139275">
      <body>طيب</body>
    </message>
    <message id="m0052" time="2013-04-02 14:32:30 UTC" participant="139275">
      <body>ربنا يختي يبعده عن طريق الغلابة الهبل الطيبين</body>
    </message>
    <message id="m0053" time="2013-04-02 14:32:35 UTC" participant="139275">
      <body>الي زيينا</body>
    </message>
    <message id="m0054" time="2013-04-02 14:32:49 UTC" participant="139554">
      <body>في الترجمة بيكتبوها حمقى ... أو أوغاد :))))</body>
    </message>
    <message id="m0055" time="2013-04-02 14:32:58 UTC" participant="139554">
      <body>Msh phneatrics :p</body>
    </message>
    <message id="m0056" time="2013-04-02 14:33:11 UTC" participant="139275">
      <body>يا شيخة انا كنت عارفة انا خطب ومخبي وكده</body>
    </message>
    <message id="m0057" time="2013-04-02 14:33:17 UTC" participant="139554">
      <body>De slang y3ne msh beta3er classes khales :DD</body>
    </message>
    <message id="m0058" time="2013-04-02 14:34:40 UTC" participant="139554">
      <body>مش اتجوز</body>
    </message>
    <message id="m0059" time="2013-04-02 14:35:02 UTC" participant="139275">
      <body>ما انا كنت بقابله في المكتبة</body>
    </message>
    <message id="m0060" time="2013-04-02 14:35:11 UTC" participant="139554">
      <body>واحدة كانت صاحبتى و اكاد اجزم ان هو السبب انها بطلت تكلمنى فجأة</body>
    </message>
    <message id="m0061" time="2013-04-02 14:35:16 UTC" participant="139275">
      <body>مش هو شغال هناك لسة؟</body>
    </message>
    <message id="m0062" time="2013-04-02 14:35:25 UTC" participant="139554">
      <body>انا ما كنتش باسأل</body>
    </message>
    <message id="m0063" time="2013-04-02 14:35:59 UTC" participant="139554">
      <body>البروباجاندية لاقيت حد مشير في النيوز فيد صورة من مكتبة في بيته و بيتغزلوا في الستائر و المخدات ذات النقوش العربية</body>
    </message>
    <message id="m0064" time="2013-04-02 14:36:04 UTC" participant="139554">
      <body>راجل يخبي الخطوبة</body>
    </message>
    <message id="m0065" time="2013-04-02 14:36:08 UTC" participant="139554">
      <body>لأ جديدة</body>
    </message>
    <message id="m0066" time="2013-04-02 14:37:13 UTC" participant="139275">
      <body>يارب ويهنيكي ويهنيني</body>
    </message>
    <message id="m0067" time="2013-04-02 14:37:21 UTC" participant="139275">
      <body>الدنيا زي المرجيحة</body>
    </message>
    <message id="m0068" time="2013-04-02 14:37:23 UTC" participant="139554">
      <body>ما اعرف و الله</body>
    </message>
    <message id="m0069" time="2013-04-02 14:37:24 UTC" participant="139275">
      <body/>
    </message>
    <message id="m0070" time="2013-04-02 14:37:44 UTC" participant="139275">
      <body/>
    </message>
    <message id="m0071" time="2013-04-02 14:37:47 UTC" participant="139554">
      <body>يلا ربنا يهنى سعيد بسعيدة :D</body>
    </message>
    <message id="m0072" time="2013-04-02 14:39:26 UTC" participant="139554">
      <body>المرجيحة وقعت </body>
    </message>
    <message id="m0073" time="2013-04-02 14:51:31 UTC" participant="139554">
      <body>Lool</body>
    </message>
  </messages>
</conversation>
