<?xml version="1.0" encoding="UTF-8"?>
<conversation id="CHT_ARZ_20130210.0000" medium="CHT" donated="true">
  <messages>
    <message id="m0000" participant="138318" time="2013-02-10 02:09:21 UTC">
      <body>Eh ya yara mabtgesh lehhh</body>
    </message>
    <message id="m0001" participant="138318" time="2013-02-10 02:09:25 UTC">
      <body>Fe 7aha wla eh</body>
    </message>
    <message id="m0002" participant="138112" time="2013-02-10 07:11:50 UTC">
      <body>Kont f sharm</body>
    </message>
    <message id="m0003" participant="138318" time="2013-02-10 11:32:26 UTC">
      <body>Wala3ana b2aa.</body>
    </message>
    <message id="m0004" participant="138112" time="2013-02-10 11:33:40 UTC">
      <body>Hahaha ah :D</body>
    </message>
    <message id="m0005" participant="138318" time="2013-02-10 11:34:06 UTC">
      <body/>
    </message>
    <message id="m0006" participant="138112" time="2013-02-10 11:34:58 UTC">
      <body>Tessa</body>
    </message>
    <message id="m0007" participant="138318" time="2013-02-10 11:41:46 UTC">
      <body>Hatrg3y emta</body>
    </message>
    <message id="m0008" participant="138112" time="2013-02-10 11:43:06 UTC">
      <body>Ana rege3t haha</body>
    </message>
    <message id="m0009" participant="138318" time="2013-02-10 12:51:25 UTC">
      <body>Tb el7</body>
    </message>
    <message id="m0010" participant="138112" time="2013-02-10 13:48:28 UTC">
      <body>:*</body>
    </message>
    <message id="m0011" participant="138318" time="2013-02-10 14:50:44 UTC">
      <body>:*</body>
    </message>
    <message id="m0012" participant="138318" time="2013-02-10 14:51:07 UTC">
      <body>3ndena quiz psychology bkra</body>
    </message>
    <message id="m0013" participant="138112" time="2013-02-10 14:51:17 UTC">
      <body>Akeed msh ha5do</body>
    </message>
    <message id="m0014" participant="138112" time="2013-02-10 14:51:22 UTC">
      <body>Ana lesa rag3q</body>
    </message>
    <message id="m0015" participant="138112" time="2013-02-10 14:51:26 UTC">
      <body>*rag3a</body>
    </message>
    <message id="m0016" participant="138318" time="2013-02-10 14:51:40 UTC">
      <body>Yeb2a matgesh bkra w edraby shehada mardya</body>
    </message>
    <message id="m0017" participant="138112" time="2013-02-10 14:52:03 UTC">
      <body>La2 yabni. Hatshoof</body>
    </message>
    <message id="m0018" participant="138318" time="2013-02-10 14:53:59 UTC">
      <body>Hanshoof</body>
    </message>
  </messages>
</conversation>
