<?xml version="1.0" encoding="UTF-8"?>
<conversation id="CHT_ARZ_20130117.0000" medium="CHT" donated="true">
  <messages>
    <message id="m0000" participant="138112" time="2013-01-17 17:58:01 UTC">
      <body>Ehhhh msh hano5rog</body>
    </message>
    <message id="m0001" participant="138324" time="2013-01-17 18:00:13 UTC">
      <body>Ana mesh 3arfa ana zah2ana fashkh</body>
    </message>
    <message id="m0002" participant="138112" time="2013-01-17 18:01:21 UTC">
      <body>Howa Catherine w Myrna msh hay5rogo??</body>
    </message>
    <message id="m0003" participant="138324" time="2013-01-17 18:04:36 UTC">
      <body>Catherine hatnzl</body>
    </message>
    <message id="m0004" participant="138324" time="2013-01-17 18:04:41 UTC">
      <body>Myrna la2</body>
    </message>
    <message id="m0005" participant="138112" time="2013-01-17 18:05:28 UTC">
      <body>Catherine m3aha el sawa2?</body>
    </message>
    <message id="m0006" participant="138324" time="2013-01-17 18:05:53 UTC">
      <body>Mesh arfa ask her keda?</body>
    </message>
    <message id="m0007" participant="138112" time="2013-01-17 18:13:58 UTC">
      <body>I think m3aha</body>
    </message>
    <message id="m0008" participant="138324" time="2013-01-18 15:06:12 UTC">
      <body>Enty ya tiz</body>
    </message>
    <message id="m0009" participant="138112" time="2013-01-18 22:29:42 UTC">
      <body>Rochane t3ali bati 3andi</body>
    </message>
    <message id="m0010" participant="138112" time="2013-01-18 22:30:01 UTC">
      <body>Yomna hatbat, kalemt babaha w I convinced him haha</body>
    </message>
    <message id="m0011" participant="138324" time="2013-01-18 22:30:38 UTC">
      <body>Haha mesh haaraf</body>
    </message>
    <message id="m0012" participant="138324" time="2013-01-18 22:30:44 UTC">
      <body>My grand ma mesh htwf2</body>
    </message>
    <message id="m0013" participant="138112" time="2013-01-18 22:31:24 UTC">
      <body>Tyb ask and try olelha Ana w mami hena lwahdena w ehna hanzaker</body>
    </message>
    <message id="m0014" participant="138324" time="2013-01-19 00:29:11 UTC">
      <body>Mardytesh</body>
    </message>
    <message id="m0015" participant="138324" time="2013-01-19 00:29:13 UTC">
      <body>Ento bokra esho</body>
    </message>
    <message id="m0016" participant="138324" time="2013-01-19 00:29:16 UTC">
      <body>W ta3aloly</body>
    </message>
    <message id="m0017" participant="138112" time="2013-01-19 00:32:33 UTC">
      <body>5alas mashy</body>
    </message>
    <message id="m0020" participant="138112" time="2013-01-19 00:35:17 UTC">
      <body>Bosy yomna hahahaha</body>
    </message>
    <message id="m0021" participant="138112" time="2013-01-19 00:35:41 UTC">
      <body>&lt;media omitted&gt;</body>
    </message>
    <message id="m0022" participant="138324" time="2013-01-19 01:16:13 UTC">
      <body>Hahahhahahahahaha</body>
    </message>
    <message id="m0023" participant="138324" time="2013-01-19 01:16:19 UTC">
      <body>Malha 3amla keda leih</body>
    </message>
    <message id="m0024" participant="138112" time="2013-01-19 01:20:02 UTC">
      <body>Hahahaha msh 3arfa</body>
    </message>
    <message id="m0025" participant="138324" time="2013-01-19 01:23:02 UTC">
      <body>Habla</body>
    </message>
    <message id="m0026" participant="138324" time="2013-01-19 23:24:32 UTC">
      <body>3amltoo eh?</body>
    </message>
    <message id="m0027" participant="138112" time="2013-01-19 23:46:35 UTC">
      <body>Wala haga, shayeshna shwaya then went home</body>
    </message>
    <message id="m0029" participant="138324" time="2013-01-19 23:47:08 UTC">
      <body>Shoft banna w roht aklt pizza w reg3t</body>
    </message>
    <message id="m0030" participant="138112" time="2013-01-20 10:24:43 UTC">
      <body>Eshta did you have fun?</body>
    </message>
    <message id="m0031" participant="138324" time="2013-01-20 10:40:22 UTC">
      <body>Ah elh</body>
    </message>
    <message id="m0032" participant="138324" time="2013-01-20 10:40:23 UTC">
      <body>Wenti</body>
    </message>
    <message id="m0033" participant="138112" time="2013-01-20 10:59:56 UTC">
      <body>Eshta yaani, 3ayzeen no5rog Tuesday</body>
    </message>
    <message id="m0034" participant="138324" time="2013-01-20 11:00:08 UTC">
      <body>Ento tuesday</body>
    </message>
    <message id="m0035" participant="138324" time="2013-01-20 11:00:11 UTC">
      <body>Erga3o alaya</body>
    </message>
    <message id="m0036" participant="138324" time="2013-01-20 11:00:22 UTC">
      <body>W nokhrog tagamo3 ba2a</body>
    </message>
    <message id="m0037" participant="138112" time="2013-01-20 11:02:36 UTC">
      <body>Okay eshta mwaf2a</body>
    </message>
    <message id="m0038" participant="138324" time="2013-01-20 11:03:45 UTC">
      <body>Hatrohi le yomna</body>
    </message>
    <message id="m0039" participant="138324" time="2013-01-20 11:03:47 UTC">
      <body>Enaharda</body>
    </message>
    <message id="m0040" participant="138324" time="2013-01-20 11:03:47 UTC">
      <body>?</body>
    </message>
    <message id="m0041" participant="138112" time="2013-01-20 11:04:49 UTC">
      <body>El mafrood bas lesa hanshoof omi hat3raf tewasalni wla eh</body>
    </message>
    <message id="m0042" participant="138324" time="2013-01-20 11:05:08 UTC">
      <body>Ana momken akhdek</body>
    </message>
    <message id="m0043" participant="138324" time="2013-01-20 11:05:38 UTC">
      <body>Ana kont ayzaa agilek baad sa3a keda azaker ma3aki pshyco law hatzkry</body>
    </message>
    <message id="m0044" participant="138324" time="2013-01-20 11:05:42 UTC">
      <body>Enty yaani</body>
    </message>
    <message id="m0045" participant="138324" time="2013-01-20 11:05:49 UTC">
      <body>W baaden nerohlha</body>
    </message>
    <message id="m0046" participant="138324" time="2013-01-20 11:05:53 UTC">
      <body>Fa shofi w tell me</body>
    </message>
    <message id="m0047" participant="138324" time="2013-01-20 12:48:40 UTC">
      <body>Ento fein?</body>
    </message>
    <message id="m0048" participant="138324" time="2013-01-20 19:38:14 UTC">
      <body>3amlty eh</body>
    </message>
    <message id="m0049" participant="138324" time="2013-01-20 19:38:18 UTC">
      <body>?</body>
    </message>
    <message id="m0050" participant="138112" time="2013-01-20 20:21:47 UTC">
      <body>Seebi el mobile w zakri!!!</body>
    </message>
    <message id="m0052" participant="138324" time="2013-01-21 23:38:03 UTC">
      <body>Hategy?</body>
    </message>
    <message id="m0053" participant="138112" time="2013-01-21 23:40:53 UTC">
      <body>Ago feen?</body>
    </message>
    <message id="m0054" participant="138324" time="2013-01-21 23:41:04 UTC">
      <body>3andi</body>
    </message>
    <message id="m0055" participant="138324" time="2013-01-21 23:41:11 UTC">
      <body>Bokra?</body>
    </message>
    <message id="m0056" participant="138324" time="2013-01-21 23:41:19 UTC">
      <body>Catherine w myrna rag3in ma3aya</body>
    </message>
    <message id="m0057" participant="138112" time="2013-01-21 23:41:44 UTC">
      <body>Mayenf3sh 3andi dars</body>
    </message>
    <message id="m0058" participant="138112" time="2013-01-21 23:41:51 UTC">
      <body>Netkalem bokra tayeb</body>
    </message>
    <message id="m0059" participant="138324" time="2013-01-21 23:41:53 UTC">
      <body>Oultelek :s</body>
    </message>
    <message id="m0060" participant="138324" time="2013-01-21 23:42:02 UTC">
      <body>Ma homa gayen after school</body>
    </message>
    <message id="m0061" participant="138112" time="2013-01-21 23:42:13 UTC">
      <body>5alas haneb2a nshoof b2a</body>
    </message>
    <message id="m0063" participant="138112" time="2013-01-22 17:25:13 UTC">
      <body>Rochane</body>
    </message>
    <message id="m0064" participant="138112" time="2013-01-22 17:25:35 UTC">
      <body>Ana ta2riban msh ha3raf agee</body>
    </message>
    <message id="m0065" participant="138324" time="2013-01-22 17:26:52 UTC">
      <body>Leh</body>
    </message>
    <message id="m0066" participant="138112" time="2013-01-23 17:01:59 UTC">
      <body>Rocha be</body>
    </message>
    <message id="m0067" participant="138112" time="2013-01-23 17:02:04 UTC">
      <body>*rochane</body>
    </message>
    <message id="m0068" participant="138112" time="2013-01-23 17:02:12 UTC">
      <body>El necklace d helwa</body>
    </message>
    <message id="m0070" participant="138112" time="2013-01-23 17:03:16 UTC">
      <body>&lt;media omitted&gt;</body>
    </message>
    <message id="m0071" participant="138324" time="2013-01-23 17:04:05 UTC">
      <body>Heya helwa</body>
    </message>
    <message id="m0072" participant="138324" time="2013-01-23 17:04:09 UTC">
      <body>Bas kebira fashkh</body>
    </message>
    <message id="m0073" participant="138112" time="2013-01-23 17:21:18 UTC">
      <body>Heya ah kebira</body>
    </message>
    <message id="m0074" participant="138112" time="2013-01-23 17:21:31 UTC">
      <body>Albesha 3la haga simple</body>
    </message>
    <message id="m0075" participant="138112" time="2013-01-23 17:21:33 UTC">
      <body>Body</body>
    </message>
    <message id="m0076" participant="138112" time="2013-01-23 17:21:36 UTC">
      <body>*bosy</body>
    </message>
    <message id="m0077" participant="138112" time="2013-01-23 17:21:57 UTC">
      <body>&lt;media omitted&gt;</body>
    </message>
    <message id="m0078" participant="138112" time="2013-01-23 17:22:13 UTC">
      <body>&lt;media omitted&gt;</body>
    </message>
    <message id="m0079" participant="138324" time="2013-01-23 17:24:27 UTC">
      <body>Ah helww awy</body>
    </message>
    <message id="m0080" participant="138324" time="2013-01-23 17:38:18 UTC">
      <body>Rayha fein</body>
    </message>
    <message id="m0081" participant="138324" time="2013-01-23 17:38:45 UTC">
      <body>Ya say3a?</body>
    </message>
    <message id="m0082" participant="138112" time="2013-01-23 17:40:27 UTC">
      <body>Say3a meen bas I wish haha I'm going out to dinner with my mom and her friends</body>
    </message>
    <message id="m0083" participant="138324" time="2013-01-23 17:40:48 UTC">
      <body>Hahaa oh okay</body>
    </message>
    <message id="m0084" participant="138112" time="2013-01-23 17:41:07 UTC">
      <body>Did you have fun yesterday men 3'ery :(</body>
    </message>
    <message id="m0085" participant="138324" time="2013-01-23 17:41:29 UTC">
      <body>kanet na2saki :(</body>
    </message>
    <message id="m0086" participant="138324" time="2013-01-23 17:41:34 UTC">
      <body>Bas kanet helwa :p</body>
    </message>
    <message id="m0087" participant="138112" time="2013-01-23 17:42:17 UTC">
      <body>Hahaha eshta no5rog b2a after el SAT 3ayzeen nrou7 lounge or bar</body>
    </message>
    <message id="m0088" participant="138324" time="2013-01-23 17:42:53 UTC">
      <body>Ahh begad</body>
    </message>
    <message id="m0089" participant="138324" time="2013-01-23 17:43:02 UTC">
      <body>Saturday then :*</body>
    </message>
    <message id="m0090" participant="138112" time="2013-01-23 17:43:12 UTC">
      <body>Bas tkoon f a3da, okay Saturday </body>
    </message>
    <message id="m0091" participant="138324" time="2013-01-23 17:44:18 UTC">
      <body/>
    </message>
  </messages>
</conversation>
