<?xml version="1.0" encoding="UTF-8"?>
<conversation id="CHT_ARZ_20130105.0001" medium="CHT" donated="true">
  <messages>
    <message id="m0000" participant="138112" time="2013-01-05 01:29:54 UTC">
      <body>Kareem. Enta lama kalemteni Wednesday 3ashan nenzel Ana kan babaya met5an2a m3a w Kont m3a ahli fel yom da, w el 5amis yomna w ahlaha kano ma3zoomin 3andena w Kont 3amala asa3ed mami fel bet w enaharda el sob7 kan 3andi dars math w ba3d keda physics w ahl abooya gomlena. Ana Kont hakalemak bas ana 3amala ansa w bastahbel. Matz3elsh meni I'm sorrrryyy, msh asdi walahi bas Ana mastoola.</body>
    </message>
    <message id="m0002" participant="138112" time="2013-01-05 01:34:03 UTC">
      <body>No problem meen bas Ana law 7ad 3amal keda adaye2 enta ezay tayeb keda</body>
    </message>
    <message id="m0003" participant="138327" time="2013-01-05 01:34:34 UTC">
      <body>3adi walahi 3andek zeroof</body>
    </message>
    <message id="m0004" participant="138327" time="2013-01-05 01:34:44 UTC">
      <body>Akeed mesh hat5ane2 ma3aki</body>
    </message>
    <message id="m0005" participant="138112" time="2013-01-05 01:35:40 UTC">
      <body>Ahh 3andi zroof bas Ana bardo bastahbel akeed kan 3andi 5 minutes akalemak a2olak bas Ana begad bansa w mastoola</body>
    </message>
    <message id="m0006" participant="138327" time="2013-01-05 01:35:58 UTC">
      <body>Tyb</body>
    </message>
    <message id="m0007" participant="138112" time="2013-01-05 01:36:50 UTC">
      <body>Enta 3amel eh</body>
    </message>
    <message id="m0008" participant="138327" time="2013-01-05 01:37:12 UTC">
      <body>Ana kois</body>
    </message>
    <message id="m0009" participant="138327" time="2013-01-05 01:37:16 UTC">
      <body>Enty 3amla ehh</body>
    </message>
    <message id="m0010" participant="138112" time="2013-01-05 01:38:02 UTC">
      <body>Ana mesh ba3raf atnafes walahi ana bathad kol yom f haga lazem tet3emel</body>
    </message>
    <message id="m0011" participant="138327" time="2013-01-05 01:38:33 UTC">
      <body>Zabaty wa2tek :D</body>
    </message>
    <message id="m0012" participant="138112" time="2013-01-05 01:39:47 UTC">
      <body>Ezay bas </body>
    </message>
    <message id="m0013" participant="138112" time="2013-01-05 01:40:02 UTC">
      <body>Nefsi yom keda mayeb2ash waraya haga</body>
    </message>
    <message id="m0014" participant="138327" time="2013-01-05 01:40:08 UTC">
      <body>E3meli wa2t l kol haga</body>
    </message>
    <message id="m0015" participant="138112" time="2013-01-05 01:41:22 UTC">
      <body>Mafish el Kalam da</body>
    </message>
    <message id="m0016" participant="138327" time="2013-01-05 01:41:34 UTC">
      <body>Ezai ya3ni</body>
    </message>
    <message id="m0017" participant="138112" time="2013-01-05 01:53:57 UTC">
      <body>Howa keda msh b 2idi</body>
    </message>
    <message id="m0018" participant="138327" time="2013-01-05 01:55:45 UTC">
      <body>Leeh kda tyb</body>
    </message>
    <message id="m0019" participant="138112" time="2013-01-05 02:03:51 UTC">
      <body>Nas bteegi 3ashan tsalem 3la abooya</body>
    </message>
    <message id="m0020" participant="138112" time="2013-01-05 02:03:58 UTC">
      <body>W droos bel habal</body>
    </message>
    <message id="m0023" participant="138112" time="2013-01-05 02:08:41 UTC">
      <body>Bt3mel eh</body>
    </message>
    <message id="m0024" participant="138327" time="2013-01-05 02:09:00 UTC">
      <body>Walla ay hagaa a3ed batafarag 3ala film</body>
    </message>
    <message id="m0025" participant="138112" time="2013-01-05 02:09:18 UTC">
      <body>Ana a3da fel serir msh ba3mel haga</body>
    </message>
    <message id="m0026" participant="138327" time="2013-01-05 02:11:20 UTC">
      <body>Zaha2 awii</body>
    </message>
    <message id="m0027" participant="138112" time="2013-01-05 02:11:29 UTC">
      <body>Awyyyyyyyyyyyyy</body>
    </message>
  </messages>
</conversation>
