<?xml version="1.0" encoding="UTF-8"?>
<conversation id="CHT_ARZ_20120512.0002" medium="CHT" donated="true">
  <messages>
    <message id="m0000" time="2012-05-12 02:14:58 UTC" participant="139564">
      <body>Omnia</body>
    </message>
    <message id="m0001" time="2012-05-12 02:14:58 UTC" participant="139564">
      <body>Tmneny wslty ?</body>
    </message>
    <message id="m0002" time="2012-05-12 15:57:44 UTC" participant="139275">
      <body>yes 7abebty el 7amdo leallah..enty 3amla eh? :)</body>
    </message>
    <message id="m0003" time="2012-05-12 17:26:12 UTC" participant="139564">
      <body>mandmgtsh lssa :s</body>
    </message>
    <message id="m0004" time="2012-05-12 17:26:24 UTC" participant="139275">
      <body>leh keda :(</body>
    </message>
    <message id="m0005" time="2012-05-12 17:26:42 UTC" participant="139275">
      <body>2al2an ana 3alek mn el 7ewar da</body>
    </message>
    <message id="m0006" time="2012-05-12 17:30:58 UTC" participant="139275">
      <body>eh ba2a el 7war?</body>
    </message>
    <message id="m0007" time="2012-05-12 17:32:24 UTC" participant="139564">
      <body>ma3rfsh till nw mshoftoosh 3'er yomeha</body>
    </message>
    <message id="m0008" time="2012-05-12 17:32:40 UTC" participant="139564">
      <body>Et5an2t w olt l mama</body>
    </message>
    <message id="m0009" time="2012-05-12 17:34:00 UTC" participant="139564">
      <body>F esta2znt baba f they told him yegy if he wants</body>
    </message>
    <message id="m0010" time="2012-05-12 17:34:09 UTC" participant="139564">
      <body>Bs f 2al gy enhrda</body>
    </message>
    <message id="m0011" time="2012-05-12 17:34:14 UTC" participant="139564">
      <body>Mortbka awe</body>
    </message>
    <message id="m0012" time="2012-05-12 17:34:23 UTC" participant="139564">
      <body>Msh 3arfa atsrf ezay</body>
    </message>
    <message id="m0013" time="2012-05-12 17:34:31 UTC" participant="139564">
      <body>Wla a2ool eh ya omnia</body>
    </message>
    <message id="m0014" time="2012-05-12 17:34:39 UTC" participant="139564">
      <body>Mo7rga gdn</body>
    </message>
    <message id="m0015" time="2012-05-12 17:34:47 UTC" participant="139275">
      <body>y bnty eh kol da</body>
    </message>
    <message id="m0016" time="2012-05-12 17:35:01 UTC" participant="139564">
      <body>Msh 3arfa b2a</body>
    </message>
    <message id="m0017" time="2012-05-12 17:35:11 UTC" participant="139275">
      <body>7'aleke 3ala tabe3tek tmamn w toz asln</body>
    </message>
    <message id="m0018" time="2012-05-12 17:35:45 UTC" participant="139275">
      <body>el 2aal2 7ybwaz eldonya zeyadaaa</body>
    </message>
    <message id="m0019" time="2012-05-12 17:36:12 UTC" participant="139275">
      <body>mesh 7yklek ya3ny</body>
    </message>
    <message id="m0020" time="2012-05-12 17:36:12 UTC" participant="139564">
      <body>Aywa a3ml eh y3ny w hwaa 2a3ed</body>
    </message>
    <message id="m0021" time="2012-05-12 17:36:20 UTC" participant="139275">
      <body>wala ay 7aga</body>
    </message>
    <message id="m0022" time="2012-05-12 17:36:29 UTC" participant="139275">
      <body>kalmeh 3an his work</body>
    </message>
    <message id="m0023" time="2012-05-12 17:36:44 UTC" participant="139275">
      <body>es2aleh 3an ta3yeno</body>
    </message>
    <message id="m0024" time="2012-05-12 17:36:51 UTC" participant="139275">
      <body>w talmzto</body>
    </message>
    <message id="m0025" time="2012-05-12 17:37:15 UTC" participant="139275">
      <body>w et3mli enk bs btstfede mn 7'ebreto</body>
    </message>
    <message id="m0026" time="2012-05-12 17:37:39 UTC" participant="139564">
      <body>5ebrt eh maho lssa mt3yn hwa kaman :D</body>
    </message>
    <message id="m0027" time="2012-05-12 17:38:05 UTC" participant="139275">
      <body>es2aleh nawy 3ala eh fe 7yato</body>
    </message>
    <message id="m0028" time="2012-05-12 17:38:52 UTC" participant="139275">
      <body>ay kalam 3an 7yato</body>
    </message>
    <message id="m0029" time="2012-05-12 17:39:00 UTC" participant="139275">
      <body>e7'wato..es7abo</body>
    </message>
    <message id="m0030" time="2012-05-12 17:39:02 UTC" participant="139275">
      <body>hewayto</body>
    </message>
    <message id="m0031" time="2012-05-12 17:40:04 UTC" participant="139564">
      <body>Hmmm offf b2a eh da</body>
    </message>
    <message id="m0032" time="2012-05-12 17:40:16 UTC" participant="139564">
      <body>Tyb :(</body>
    </message>
    <message id="m0033" time="2012-05-12 17:42:37 UTC" participant="139275">
      <body>es2aleh 3ala by7b ye2ra eh?</body>
    </message>
    <message id="m0034" time="2012-05-12 17:42:47 UTC" participant="139275">
      <body>by3ml eh lw fady</body>
    </message>
    <message id="m0035" time="2012-05-12 17:43:09 UTC" participant="139275">
      <body>w kol ma yegaweb 2olilo w ana kaza kaza</body>
    </message>
    <message id="m0036" time="2012-05-12 17:43:22 UTC" participant="139275">
      <body>enty etki shewaya w howa shwaya w keda</body>
    </message>
    <message id="m0037" time="2012-05-12 17:43:33 UTC" participant="139275">
      <body>kalmene lma yemshy momken?</body>
    </message>
    <message id="m0038" time="2012-05-12 17:43:47 UTC" participant="139275">
      <body>aw eb3tli 3ayza atmn 3aleke ok</body>
    </message>
    <message id="m0040" time="2012-05-12 17:50:40 UTC" participant="139275">
      <body>7tlbsi eh?</body>
    </message>
    <message id="m0041" time="2012-05-12 17:51:13 UTC" participant="139564">
      <body>Lbst skirt jeans w body tweety</body>
    </message>
    <message id="m0042" time="2012-05-12 17:51:15 UTC" participant="139564">
      <body>Lol</body>
    </message>
    <message id="m0043" time="2012-05-12 17:51:29 UTC" participant="139275">
      <body>hehegee</body>
    </message>
    <message id="m0044" time="2012-05-12 18:29:03 UTC" participant="139564">
      <body>Mashy al 7al a7l</body>
    </message>
    <message id="m0045" time="2012-05-13 01:42:37 UTC" participant="139564">
      <body>Omnia</body>
    </message>
    <message id="m0047" time="2012-05-13 01:42:37 UTC" participant="139564">
      <body>Shklek nyma</body>
    </message>
  </messages>
</conversation>
