<?xml version="1.0" encoding="UTF-8"?>
<conversation id="CHT_ARZ_20130224.0002" medium="CHT" donated="true">
  <messages>
    <message id="m0000" time="2013-02-24 16:27:00 UTC" participant="139548">
      <body>ازيك يا موها يا رب تكونو اتبسطو في فسحة يوم الجمعة</body>
    </message>
    <message id="m0001" time="2013-02-24 17:13:00 UTC" participant="139376">
      <body>اه والله الحمد لله</body>
    </message>
    <message id="m0002" time="2013-02-24 17:13:00 UTC" participant="139376">
      <body>انتي أخبارك ايإ؟؟</body>
    </message>
    <message id="m0003" time="2013-02-24 19:20:00 UTC" participant="139548">
      <body>الحمد لله</body>
    </message>
    <message id="m0004" time="2013-02-24 19:20:00 UTC" participant="139376">
      <body>وعمر اتبسط في النادي</body>
    </message>
    <message id="m0005" time="2013-02-24 19:21:00 UTC" participant="139548">
      <body>اه الحمد لله قدينا طول اليوم هناك</body>
    </message>
    <message id="m0006" time="2013-02-24 19:22:00 UTC" participant="139548">
      <body>اصل احنا لما كنا جيين نمشي اخو احمد اتصل بينا و قال انه جاي</body>
    </message>
    <message id="m0007" time="2013-02-24 19:23:00 UTC" participant="139548">
      <body>فاعدنا وعمر اعد يلعب مع بنتو</body>
    </message>
    <message id="m0008" time="2013-02-24 19:23:00 UTC" participant="139548">
      <body>واتبسطو هما الاتنين</body>
    </message>
    <message id="m0009" time="2013-02-24 19:23:00 UTC" participant="139376">
      <body>طب كويس</body>
    </message>
    <message id="m0010" time="2013-02-24 19:24:00 UTC" participant="139376">
      <body>هو احمد لسه مجبش حد تاني؟؟</body>
    </message>
    <message id="m0011" time="2013-02-24 19:25:00 UTC" participant="139548">
      <body>لا انا اصدي على بنت اخو احمد جوزي ملك مش مريم</body>
    </message>
    <message id="m0012" time="2013-02-24 19:25:00 UTC" participant="139376">
      <body>اه</body>
    </message>
    <message id="m0013" time="2013-02-24 19:25:00 UTC" participant="139548">
      <body>لأ احمد عندو مريم بس</body>
    </message>
    <message id="m0014" time="2013-02-24 19:26:00 UTC" participant="139376">
      <body>ربنا يخليها له</body>
    </message>
    <message id="m0015" time="2013-02-24 19:26:00 UTC" participant="139376">
      <body>وانتم بتروحوا نادي ايه بقى في القاهرة؟؟</body>
    </message>
    <message id="m0016" time="2013-02-24 19:27:00 UTC" participant="139548">
      <body>احنا اشتركنا في وادي دجله من السنه اللي فاتت</body>
    </message>
    <message id="m0017" time="2013-02-24 19:27:00 UTC" participant="139548">
      <body>اصلو اكتر نادي ليه فروع في حتت كتير</body>
    </message>
    <message id="m0018" time="2013-02-24 19:27:00 UTC" participant="139376">
      <body>اه اسمع عنه</body>
    </message>
    <message id="m0019" time="2013-02-24 19:28:00 UTC" participant="139376">
      <body>علياء بتقولي حلو اوي</body>
    </message>
    <message id="m0020" time="2013-02-24 19:28:00 UTC" participant="139548">
      <body>عشان إحنا مش عارفين حنستقر فين لسه</body>
    </message>
    <message id="m0021" time="2013-02-24 19:28:00 UTC" participant="139548">
      <body>علياء مين؟</body>
    </message>
    <message id="m0022" time="2013-02-24 19:28:00 UTC" participant="139376">
      <body>مرات اخو محمد</body>
    </message>
    <message id="m0023" time="2013-02-24 19:29:00 UTC" participant="139376">
      <body>سلفتي يعني</body>
    </message>
    <message id="m0024" time="2013-02-24 19:29:00 UTC" participant="139548">
      <body>اه هي مشتركه فيه؟؟</body>
    </message>
    <message id="m0025" time="2013-02-24 19:29:00 UTC" participant="139376">
      <body>اصلها من القاهرة من مدينة نصر</body>
    </message>
    <message id="m0026" time="2013-02-24 19:29:00 UTC" participant="139376">
      <body>لأ اخوها تقريبا</body>
    </message>
    <message id="m0027" time="2013-02-24 19:30:00 UTC" participant="139548">
      <body>هو حلو وبيهتمو بالنشاط الرياضي وفيه بلاي اريا حلوه</body>
    </message>
    <message id="m0028" time="2013-02-24 19:30:00 UTC" participant="139548">
      <body>بس مش كبير زي نادي سموحه مثلا"</body>
    </message>
    <message id="m0029" time="2013-02-24 19:31:00 UTC" participant="139376">
      <body>فعلا!!</body>
    </message>
    <message id="m0030" time="2013-02-24 19:31:00 UTC" participant="139376">
      <body>دس بتقولي كبير اوي</body>
    </message>
    <message id="m0031" time="2013-02-24 19:31:00 UTC" participant="139376">
      <body>يمكن بتروح فرع تاني؟؟</body>
    </message>
    <message id="m0032" time="2013-02-24 19:32:00 UTC" participant="139548">
      <body>بس ليه فروع في حتت كتير وكمان حيفتحو فرع في اسكندريه</body>
    </message>
    <message id="m0033" time="2013-02-24 19:32:00 UTC" participant="139376">
      <body>فين في اسكندريه؟؟</body>
    </message>
    <message id="m0034" time="2013-02-24 19:33:00 UTC" participant="139548">
      <body>يمكن بقى بتروح فرع المعادي هو اكبر واحد</body>
    </message>
    <message id="m0035" time="2013-02-24 19:33:00 UTC" participant="139548">
      <body>تصل انا رحت فرع التجمع و اكتوبر بس</body>
    </message>
    <message id="m0036" time="2013-02-24 19:33:00 UTC" participant="139548">
      <body>عند الدون تاون</body>
    </message>
    <message id="m0037" time="2013-02-24 19:34:00 UTC" participant="139548">
      <body>بس خطتي الجيه اروح مصر الجديده والمعادي</body>
    </message>
    <message id="m0038" time="2013-02-24 19:35:00 UTC" participant="139376">
      <body>ان شاء الله</body>
    </message>
  </messages>
</conversation>
