<?xml version="1.0" encoding="UTF-8"?>
<conversation id="CHT_ARZ_20130221.0000" medium="CHT" donated="true">
  <messages>
    <message id="m0000" participant="138325" time="2013-02-21 23:07:28 UTC">
      <body>Yaraa</body>
    </message>
    <message id="m0001" participant="138325" time="2013-02-21 23:07:40 UTC">
      <body>&lt;media omitted&gt;</body>
    </message>
    <message id="m0002" participant="138112" time="2013-02-21 23:18:10 UTC">
      <body>Helwaaaaa</body>
    </message>
    <message id="m0003" participant="138325" time="2013-02-21 23:25:55 UTC">
      <body/>
    </message>
    <message id="m0004" participant="138325" time="2013-02-21 23:26:01 UTC">
      <body>Anty el 7alwa</body>
    </message>
    <message id="m0005" participant="138325" time="2013-02-21 23:26:04 UTC">
      <body/>
    </message>
    <message id="m0006" participant="138112" time="2013-02-22 00:05:25 UTC">
      <body>:*</body>
    </message>
    <message id="m0008" participant="138325" time="2013-02-22 13:47:45 UTC">
      <body/>
    </message>
    <message id="m0009" participant="138325" time="2013-02-23 01:36:59 UTC">
      <body>Yaraa</body>
    </message>
    <message id="m0010" participant="138112" time="2013-02-23 07:22:07 UTC">
      <body>Mohamed</body>
    </message>
    <message id="m0011" participant="138325" time="2013-02-23 22:47:10 UTC">
      <body>El 3arbya 5alsat</body>
    </message>
    <message id="m0012" participant="138325" time="2013-02-23 22:54:01 UTC">
      <body/>
    </message>
    <message id="m0013" participant="138112" time="2013-02-23 22:58:56 UTC">
      <body>Enta lwa7dak?</body>
    </message>
    <message id="m0014" participant="138325" time="2013-02-23 23:30:38 UTC">
      <body>Ana wa hazem</body>
    </message>
    <message id="m0015" participant="138112" time="2013-02-23 23:32:51 UTC">
      <body>Eh el habal da</body>
    </message>
    <message id="m0016" participant="138112" time="2013-02-23 23:33:10 UTC">
      <body>Ba2i el welad el fel group leh msh beyenzlo m3ak</body>
    </message>
    <message id="m0017" participant="138325" time="2013-02-23 23:33:39 UTC">
      <body>Ana 2olt la m.youssef</body>
    </message>
    <message id="m0018" participant="138112" time="2013-02-23 23:34:05 UTC">
      <body>Yaani eh</body>
    </message>
    <message id="m0019" participant="138325" time="2013-02-23 23:36:50 UTC">
      <body>Ana 2oltlo ma7dash radi yanzal</body>
    </message>
    <message id="m0020" participant="138112" time="2013-02-23 23:44:23 UTC">
      <body>2alak eh</body>
    </message>
    <message id="m0021" participant="138325" time="2013-02-23 23:45:31 UTC">
      <body>Mesh 7aydehom dargat bas 7ay3od ma3anatklam el 2awal</body>
    </message>
    <message id="m0022" participant="138112" time="2013-02-23 23:46:01 UTC">
      <body>Eh??</body>
    </message>
    <message id="m0023" participant="138325" time="2013-02-23 23:47:01 UTC">
      <body>M. Youssef 7ay3od ma3a yatklam</body>
    </message>
    <message id="m0024" participant="138112" time="2013-02-23 23:47:13 UTC">
      <body>Ma3a meen</body>
    </message>
    <message id="m0025" participant="138325" time="2013-02-23 23:50:34 UTC">
      <body>Ma3ana kolna</body>
    </message>
    <message id="m0026" participant="138112" time="2013-02-23 23:50:54 UTC">
      <body>Mmm, mashy</body>
    </message>
    <message id="m0027" participant="138325" time="2013-02-24 00:05:36 UTC">
      <body>Bas to7fa</body>
    </message>
  </messages>
</conversation>
