<?xml version="1.0" encoding="UTF-8"?>
<conversation id="CHT_ARZ_20130516.0003" medium="CHT" donated="true">
  <messages>
    <message id="m0001" time="2013-05-16 14:37:12 UTC" participant="139319">
      <body>Eh?</body>
    </message>
    <message id="m0002" time="2013-05-16 14:37:28 UTC" participant="139206">
      <body>3amla eih</body>
    </message>
    <message id="m0003" time="2013-05-16 14:37:52 UTC" participant="139319">
      <body>Gameela</body>
    </message>
    <message id="m0004" time="2013-05-16 14:37:54 UTC" participant="139319">
      <body>W7shtny shwya</body>
    </message>
    <message id="m0005" time="2013-05-16 14:39:35 UTC" participant="139319">
      <body>Hahahahah</body>
    </message>
    <message id="m0006" time="2013-05-16 14:39:39 UTC" participant="139319">
      <body>Gaya 2day s7</body>
    </message>
    <message id="m0007" time="2013-05-16 14:39:40 UTC" participant="139319">
      <body>?</body>
    </message>
    <message id="m0008" time="2013-05-16 14:40:51 UTC" participant="139206">
      <body>wenty awyy bgd ya nana :(</body>
    </message>
    <message id="m0009" time="2013-05-16 14:40:51 UTC" participant="139206">
      <body>ana mokt2ba</body>
    </message>
    <message id="m0010" time="2013-05-16 14:40:51 UTC" participant="139206">
      <body>la2 msh arfaaa khaless</body>
    </message>
    <message id="m0011" time="2013-05-16 14:40:51 UTC" participant="139206">
      <body>ashan lessa sahiaaa</body>
    </message>
    <message id="m0012" time="2013-05-16 14:41:16 UTC" participant="139319">
      <body>Eh da leh</body>
    </message>
    <message id="m0013" time="2013-05-16 14:41:21 UTC" participant="139319">
      <body>Yala b2a kolna ry7een</body>
    </message>
    <message id="m0014" time="2013-05-16 14:41:33 UTC" participant="139319">
      <body>3eeb e7na maru7nash elhenna</body>
    </message>
    <message id="m0015" time="2013-05-16 14:42:06 UTC" participant="139206">
      <body>hahwel lw zakerrr</body>
    </message>
    <message id="m0016" time="2013-05-16 14:42:34 UTC" participant="139206">
      <body>hader walahyyy</body>
    </message>
    <message id="m0017" time="2013-05-16 19:56:43 UTC" participant="139206">
      <body>amlto eih ehkiilii</body>
    </message>
    <message id="m0018" time="2013-05-16 19:57:43 UTC" participant="139319">
      <body>Nothing ru7na kan katb ktab shaghal</body>
    </message>
    <message id="m0019" time="2013-05-16 19:57:55 UTC" participant="139206">
      <body>emsbto ?</body>
    </message>
    <message id="m0020" time="2013-05-16 19:58:01 UTC" participant="139206">
      <body>kan wehsh mn ghiri :(</body>
    </message>
    <message id="m0021" time="2013-05-16 19:58:09 UTC" participant="139319">
      <body>W fl ska mrw7een</body>
    </message>
    <message id="m0022" time="2013-05-16 19:58:17 UTC" participant="139319">
      <body>Awyaaa akeeed</body>
    </message>
    <message id="m0023" time="2013-05-16 19:58:56 UTC" participant="139206">
      <body>akeed eihh</body>
    </message>
    <message id="m0024" time="2013-05-16 19:58:58 UTC" participant="139206">
      <body>hahahahahha</body>
    </message>
    <message id="m0025" time="2013-05-16 19:59:05 UTC" participant="139206">
      <body>tyb salimli alihm</body>
    </message>
    <message id="m0026" time="2013-05-16 19:59:10 UTC" participant="139206">
      <body>hwa bokra eih nzam isa</body>
    </message>
    <message id="m0027" time="2013-05-16 19:59:17 UTC" participant="139206">
      <body>hwa far7 fin asln</body>
    </message>
    <message id="m0028" time="2013-05-16 19:59:24 UTC" participant="139319">
      <body>Ana lw7dy now</body>
    </message>
    <message id="m0029" time="2013-05-16 19:59:33 UTC" participant="139319">
      <body>Hilton</body>
    </message>
    <message id="m0030" time="2013-05-16 19:59:54 UTC" participant="139206">
      <body>enty afsha mni lih tyb</body>
    </message>
    <message id="m0031" time="2013-05-16 20:04:10 UTC" participant="139206">
      <body>??</body>
    </message>
    <message id="m0032" time="2013-05-16 20:08:24 UTC" participant="139319">
      <body>Meen a2al eny afsha</body>
    </message>
    <message id="m0033" time="2013-05-16 20:11:27 UTC" participant="139206">
      <body>yiiih</body>
    </message>
    <message id="m0034" time="2013-05-16 20:11:27 UTC" participant="139206">
      <body>wadh mn tr2tk</body>
    </message>
    <message id="m0035" time="2013-05-16 20:11:27 UTC" participant="139206">
      <body/>
    </message>
    <message id="m0036" time="2013-05-16 20:11:27 UTC" participant="139206">
      <body>tb wenaby ana 3amlt eih</body>
    </message>
    <message id="m0037" time="2013-05-16 20:11:50 UTC" participant="139206">
      <body>ana ma3rftsh agy today ashan a3da bazaker ashan a3rf aruh bokra mami mkntsh mwf2a ala 3 days khrug</body>
    </message>
    <message id="m0038" time="2013-05-16 20:17:50 UTC" participant="139319">
      <body>W ana mali</body>
    </message>
    <message id="m0039" time="2013-05-16 20:18:00 UTC" participant="139319">
      <body>Msh okhty ana btw</body>
    </message>
    <message id="m0040" time="2013-05-16 20:18:00 UTC" participant="139319">
      <body>Lool</body>
    </message>
    <message id="m0041" time="2013-05-16 20:18:17 UTC" participant="139206">
      <body>mashi mana olt le samaa ml sbh</body>
    </message>
    <message id="m0042" time="2013-05-16 20:18:24 UTC" participant="139206">
      <body>w mklma aliaa ml sbh</body>
    </message>
    <message id="m0043" time="2013-05-16 20:18:33 UTC" participant="139319">
      <body>Tyb ana maly by kol dh brdo</body>
    </message>
    <message id="m0044" time="2013-05-16 20:18:35 UTC" participant="139206">
      <body>mashi tub lih try2a di</body>
    </message>
    <message id="m0045" time="2013-05-16 20:18:39 UTC" participant="139319">
      <body>Msh fhma</body>
    </message>
    <message id="m0046" time="2013-05-16 20:18:41 UTC" participant="139206">
      <body>nana</body>
    </message>
    <message id="m0047" time="2013-05-16 20:18:47 UTC" participant="139206">
      <body>enty msh ty2ani</body>
    </message>
    <message id="m0048" time="2013-05-16 20:18:52 UTC" participant="139206">
      <body>2ouli lih</body>
    </message>
    <message id="m0049" time="2013-05-16 20:18:56 UTC" participant="139206">
      <body>mah kol mara</body>
    </message>
    <message id="m0050" time="2013-05-16 20:19:00 UTC" participant="139319">
      <body>Ya 7wl lelah yarab</body>
    </message>
    <message id="m0051" time="2013-05-16 20:19:08 UTC" participant="139319">
      <body>Rime ya habibty ana 3mltlk eh</body>
    </message>
    <message id="m0052" time="2013-05-16 20:19:12 UTC" participant="139319">
      <body>Msh fhma</body>
    </message>
    <message id="m0053" time="2013-05-16 20:19:13 UTC" participant="139206">
      <body>alia aktahf lwahdy</body>
    </message>
    <message id="m0054" time="2013-05-16 20:19:36 UTC" participant="139319">
      <body>Msh fhma 7ga</body>
    </message>
    <message id="m0055" time="2013-05-16 20:19:42 UTC" participant="139319">
      <body>Bs ana 3mtn wla mdy2a mnk</body>
    </message>
    <message id="m0056" time="2013-05-16 20:19:44 UTC" participant="139319">
      <body>Wla ay 7ga</body>
    </message>
    <message id="m0057" time="2013-05-16 20:19:48 UTC" participant="139319">
      <body>W bs t3abana</body>
    </message>
    <message id="m0058" time="2013-05-16 20:19:51 UTC" participant="139319">
      <body>Msh aktr</body>
    </message>
    <message id="m0059" time="2013-05-16 20:20:09 UTC" participant="139206">
      <body>ok msh msda2aki bs eshta ana sa2ltk w 3amlt eli alia</body>
    </message>
    <message id="m0060" time="2013-05-16 20:22:39 UTC" participant="139206">
      <body>w ana ba3rfk lama msh btkoni adra le had bas ekda</body>
    </message>
    <message id="m0061" time="2013-05-16 20:22:41 UTC" participant="139206">
      <body>keda</body>
    </message>
    <message id="m0062" time="2013-05-17 14:01:52 UTC" participant="139206">
      <body>sotek amel eih todayyyy</body>
    </message>
    <message id="m0063" time="2013-05-17 14:04:55 UTC" participant="139319">
      <body>To7fa zy ma hwa</body>
    </message>
    <message id="m0064" time="2013-05-17 14:08:10 UTC" participant="139206">
      <body/>
    </message>
    <message id="m0065" time="2013-05-17 14:08:35 UTC" participant="139206">
      <body>930 ha3di akhdk nruh el frh ok ?</body>
    </message>
    <message id="m0066" time="2013-05-17 14:10:14 UTC" participant="139319">
      <body>Eh da leh isa</body>
    </message>
    <message id="m0067" time="2013-05-17 14:10:18 UTC" participant="139319">
      <body>:D</body>
    </message>
    <message id="m0068" time="2013-05-17 14:14:09 UTC" participant="139206">
      <body>ashab ek frh ?</body>
    </message>
    <message id="m0069" time="2013-05-17 14:14:14 UTC" participant="139206">
      <body>keda ur my date :p</body>
    </message>
    <message id="m0070" time="2013-05-17 14:17:08 UTC" participant="139319">
      <body>Hahahha</body>
    </message>
    <message id="m0071" time="2013-05-17 14:17:14 UTC" participant="139319">
      <body>L2 badry awiii</body>
    </message>
    <message id="m0072" time="2013-05-17 14:18:30 UTC" participant="139206">
      <body>bgd tyb helw</body>
    </message>
    <message id="m0074" time="2013-05-17 14:19:27 UTC" participant="139319">
      <body>Ah 7lw kda</body>
    </message>
    <message id="m0075" time="2013-05-17 14:19:30 UTC" participant="139319">
      <body>Aw 11 msln</body>
    </message>
    <message id="m0076" time="2013-05-17 14:19:35 UTC" participant="139206">
      <body>okkkk</body>
    </message>
    <message id="m0077" time="2013-05-17 14:19:42 UTC" participant="139206">
      <body>helw awiii</body>
    </message>
    <message id="m0078" time="2013-05-17 19:43:46 UTC" participant="139206">
      <body>hatlbsi eihh</body>
    </message>
    <message id="m0080" time="2013-05-17 20:14:03 UTC" participant="139206">
      <body>bgd walahy</body>
    </message>
    <message id="m0081" time="2013-05-17 20:14:06 UTC" participant="139206">
      <body>ha2tlkk</body>
    </message>
    <message id="m0082" time="2013-05-17 20:14:15 UTC" participant="139319">
      <body>Hahahahhaha</body>
    </message>
    <message id="m0083" time="2013-05-17 20:14:23 UTC" participant="139319">
      <body>Ya black y fushia</body>
    </message>
    <message id="m0085" time="2013-05-17 20:14:34 UTC" participant="139206">
      <body>okiii</body>
    </message>
    <message id="m0086" time="2013-05-17 20:14:41 UTC" participant="139319">
      <body>Enty eh?</body>
    </message>
    <message id="m0087" time="2013-05-17 20:15:04 UTC" participant="139206">
      <body>black and gold bta3y arfah</body>
    </message>
    <message id="m0088" time="2013-05-17 20:15:16 UTC" participant="139319">
      <body>Ahh b7bo</body>
    </message>
    <message id="m0089" time="2013-05-17 20:25:12 UTC" participant="139206">
      <body>beace</body>
    </message>
    <message id="m0090" time="2013-05-17 21:30:40 UTC" participant="139319">
      <body>7nru7 emta</body>
    </message>
    <message id="m0091" time="2013-05-17 21:30:52 UTC" participant="139206">
      <body>el wa2t eli enty ayzaah</body>
    </message>
    <message id="m0092" time="2013-05-17 21:31:27 UTC" participant="139319">
      <body>Msh 3rfa homa eh nzmhom</body>
    </message>
    <message id="m0093" time="2013-05-17 21:32:13 UTC" participant="139206">
      <body>ana hagylk weenever u want</body>
    </message>
    <message id="m0094" time="2013-05-17 21:34:37 UTC" participant="139206">
      <body>tyb ya nanaa ya bananaa rihhh</body>
    </message>
    <message id="m0095" time="2013-05-17 21:35:33 UTC" participant="139319">
      <body>Hahaha</body>
    </message>
    <message id="m0096" time="2013-05-17 21:35:39 UTC" participant="139319">
      <body>Beace</body>
    </message>
    <message id="m0097" time="2013-05-17 21:35:51 UTC" participant="139319">
      <body>Rob3 sa3a w 7bd2 albs</body>
    </message>
    <message id="m0098" time="2013-05-17 21:35:55 UTC" participant="139206">
      <body>ana asln sehnaaa</body>
    </message>
    <message id="m0100" time="2013-05-17 21:35:59 UTC" participant="139319">
      <body>Enty feen?</body>
    </message>
    <message id="m0101" time="2013-05-17 21:36:10 UTC" participant="139206">
      <body>mashia mn nady aho</body>
    </message>
    <message id="m0102" time="2013-05-17 21:59:44 UTC" participant="139206">
      <body>bylbsi ?</body>
    </message>
    <message id="m0104" time="2013-05-17 22:03:05 UTC" participant="139319">
      <body>Yla plzz</body>
    </message>
    <message id="m0105" time="2013-05-17 22:08:15 UTC" participant="139206">
      <body>pk wanaar</body>
    </message>
    <message id="m0106" time="2013-05-17 22:10:27 UTC" participant="139319">
      <body>Eh</body>
    </message>
    <message id="m0107" time="2013-05-17 22:11:12 UTC" participant="139206">
      <body>wana kaman</body>
    </message>
    <message id="m0108" time="2013-05-17 22:11:14 UTC" participant="139206">
      <body>ba2olk</body>
    </message>
    <message id="m0110" time="2013-05-17 22:26:58 UTC" participant="139319">
      <body>Lma tnzly 2ulely</body>
    </message>
    <message id="m0112" time="2013-05-17 22:31:33 UTC" participant="139319">
      <body>Fadlk ad eh</body>
    </message>
    <message id="m0113" time="2013-05-17 22:31:39 UTC" participant="139206">
      <body>tarha w bazla</body>
    </message>
    <message id="m0114" time="2013-05-17 22:31:44 UTC" participant="139319">
      <body>Enty 7ynf3 t3dy 3lya asln</body>
    </message>
    <message id="m0115" time="2013-05-17 22:31:49 UTC" participant="139319">
      <body>Wla akhly 7d yewslny</body>
    </message>
    <message id="m0116" time="2013-05-17 22:37:33 UTC" participant="139206">
      <body>aywaa</body>
    </message>
    <message id="m0117" time="2013-05-17 22:37:37 UTC" participant="139206">
      <body>bs lw mst3gla</body>
    </message>
    <message id="m0118" time="2013-05-17 22:37:41 UTC" participant="139206">
      <body>esb2ini</body>
    </message>
    <message id="m0119" time="2013-05-17 22:37:43 UTC" participant="139206">
      <body>ashan</body>
    </message>
    <message id="m0120" time="2013-05-17 22:37:49 UTC" participant="139206">
      <body>msh aizaki tet3ssbi akia</body>
    </message>
    <message id="m0121" time="2013-05-17 22:37:54 UTC" participant="139206">
      <body>ana mmkn arwahk</body>
    </message>
    <message id="m0122" time="2013-05-17 22:37:57 UTC" participant="139319">
      <body>Tyb 7tlob city cab</body>
    </message>
    <message id="m0123" time="2013-05-17 22:38:01 UTC" participant="139319">
      <body>Enty khlsty</body>
    </message>
    <message id="m0124" time="2013-05-17 22:38:02 UTC" participant="139206">
      <body>yiiih</body>
    </message>
    <message id="m0125" time="2013-05-17 22:38:06 UTC" participant="139319">
      <body>Aw 7khod 3rbya</body>
    </message>
    <message id="m0126" time="2013-05-17 22:38:09 UTC" participant="139206">
      <body>yes fdli gazmaaa</body>
    </message>
    <message id="m0127" time="2013-05-17 22:38:21 UTC" participant="139206">
      <body>bs msh la2ya el frda el tniaaaa</body>
    </message>
    <message id="m0128" time="2013-05-17 22:38:34 UTC" participant="139319">
      <body>Hahahaha</body>
    </message>
    <message id="m0129" time="2013-05-17 22:38:46 UTC" participant="139319">
      <body>Tyb khlsy w 2ulely lw khlst ableeky 7khod mine</body>
    </message>
    <message id="m0130" time="2013-05-17 22:38:56 UTC" participant="139206">
      <body>karmaaa</body>
    </message>
    <message id="m0131" time="2013-05-17 22:39:03 UTC" participant="139206">
      <body>mmkn ta3di takhdk</body>
    </message>
    <message id="m0132" time="2013-05-17 22:39:04 UTC" participant="139319">
      <body>L2 faks</body>
    </message>
    <message id="m0133" time="2013-05-17 22:39:06 UTC" participant="139206">
      <body>hya kessa bardo</body>
    </message>
    <message id="m0135" time="2013-05-17 22:39:09 UTC" participant="139206">
      <body>tb</body>
    </message>
    <message id="m0137" time="2013-05-17 22:39:19 UTC" participant="139319">
      <body>Khalsy bs w 2ulely</body>
    </message>
    <message id="m0138" time="2013-05-17 22:39:47 UTC" participant="139206">
      <body>ikk</body>
    </message>
    <message id="m0140" time="2013-05-17 22:49:17 UTC" participant="139206">
      <body>khlst</body>
    </message>
    <message id="m0141" time="2013-05-17 22:50:24 UTC" participant="139319">
      <body>Tyb 7t3dy 3laya wlaeh</body>
    </message>
    <message id="m0142" time="2013-05-17 23:01:17 UTC" participant="139319">
      <body>A3dy 3leeky</body>
    </message>
    <message id="m0143" time="2013-05-17 23:01:22 UTC" participant="139319">
      <body>Bdal matkhdy urs</body>
    </message>
    <message id="m0144" time="2013-05-17 23:01:23 UTC" participant="139319">
      <body>?</body>
    </message>
    <message id="m0145" time="2013-05-18 01:01:48 UTC" participant="139206">
      <body>&lt;media omitted&gt;</body>
    </message>
    <message id="m0146" time="2013-05-18 15:52:52 UTC" participant="139319">
      <body>7ataha on bbm el sura dih</body>
    </message>
    <message id="m0147" time="2013-05-18 15:52:57 UTC" participant="139319">
      <body>3gbny awii</body>
    </message>
    <message id="m0148" time="2013-05-18 16:21:49 UTC" participant="139206">
      <body>habibiiiii</body>
    </message>
    <message id="m0149" time="2013-05-18 16:21:52 UTC" participant="139206">
      <body>wana kamannnn</body>
    </message>
  </messages>
</conversation>
