<?xml version="1.0" encoding="UTF-8"?>
<conversation id="CHT_ARZ_20130422.0003" medium="CHT" donated="true">
  <messages>
    <message id="m0000" time="2013-04-22 14:54:12 UTC" participant="139134">
      <body>enta lozarr</body>
    </message>
    <message id="m0001" time="2013-04-22 15:24:39 UTC" participant="139594">
      <body>Rimooooooo</body>
    </message>
    <message id="m0002" time="2013-04-22 15:24:44 UTC" participant="139594">
      <body>:(((</body>
    </message>
    <message id="m0003" time="2013-04-22 15:24:55 UTC" participant="139594">
      <body>Ezayeek</body>
    </message>
    <message id="m0004" time="2013-04-22 15:28:52 UTC" participant="139134">
      <body>ahssn mnk</body>
    </message>
    <message id="m0005" time="2013-04-22 15:28:59 UTC" participant="139134">
      <body>:((</body>
    </message>
    <message id="m0006" time="2013-04-22 23:38:46 UTC" participant="139134">
      <body>ei ba2a!</body>
    </message>
    <message id="m0007" time="2013-04-22 23:39:31 UTC" participant="139594">
      <body>Betcancely leeh 3alaya ?:(</body>
    </message>
    <message id="m0009" time="2013-04-22 23:40:16 UTC" participant="139594">
      <body>Eh msh fahem?</body>
    </message>
    <message id="m0010" time="2013-04-22 23:45:17 UTC" participant="139134">
      <body>kont waiting</body>
    </message>
    <message id="m0011" time="2013-04-22 23:45:36 UTC" participant="139594">
      <body>Waiting ma3.meen ya rimoo ;))</body>
    </message>
    <message id="m0012" time="2013-04-22 23:45:42 UTC" participant="139594">
      <body>msh.metamenany entyyyy</body>
    </message>
    <message id="m0014" time="2013-04-22 23:46:00 UTC" participant="139134">
      <body>hahaaha walahi kant nana w mami</body>
    </message>
    <message id="m0015" time="2013-04-22 23:46:08 UTC" participant="139134">
      <body>i miss uu moree</body>
    </message>
    <message id="m0016" time="2013-04-22 23:46:13 UTC" participant="139594">
      <body>Hahahahahaha mashybya rimooi</body>
    </message>
    <message id="m0017" time="2013-04-22 23:46:15 UTC" participant="139134">
      <body>bokra warak eih</body>
    </message>
    <message id="m0018" time="2013-04-22 23:46:17 UTC" participant="139594">
      <body>Leena a3da ;)</body>
    </message>
    <message id="m0019" time="2013-04-22 23:46:26 UTC" participant="139134">
      <body>hHahaha</body>
    </message>
    <message id="m0020" time="2013-04-22 23:46:26 UTC" participant="139594">
      <body>Koleya.we.nady belil isa</body>
    </message>
    <message id="m0021" time="2013-04-22 23:46:28 UTC" participant="139594">
      <body>Wenty?</body>
    </message>
    <message id="m0023" time="2013-04-22 23:47:16 UTC" participant="139594">
      <body>Isaaa</body>
    </message>
    <message id="m0024" time="2013-04-22 23:47:17 UTC" participant="139594">
      <body>Hagilek</body>
    </message>
    <message id="m0025" time="2013-04-22 23:47:34 UTC" participant="139134">
      <body>oki isaa</body>
    </message>
  </messages>
</conversation>
