<?xml version="1.0" encoding="UTF-8"?>
<conversation id="CHT_ARZ_20130404.0004" medium="CHT" donated="true">
  <messages>
    <message id="m0000" time="2013-04-04 09:15:00 UTC" participant="139275">
      <body>Heba .. El doctor ele 2oltelek 3alih</body>
    </message>
    <message id="m0001" time="2013-04-04 09:15:00 UTC" participant="139275">
      <body>Ghalla nafso</body>
    </message>
    <message id="m0002" time="2013-04-04 09:15:00 UTC" participant="139275">
      <body>Ba2a el 7ashw b 180</body>
    </message>
    <message id="m0003" time="2013-04-04 09:16:00 UTC" participant="139275">
      <body>2olt a2olek teb2e 3rfa e5teyaratek :)</body>
    </message>
    <message id="m0004" time="2013-04-04 09:19:00 UTC" participant="139573">
      <body>shokrn.ya sara</body>
    </message>
    <message id="m0005" time="2013-04-04 09:19:00 UTC" participant="139573">
      <body>:))</body>
    </message>
    <message id="m0006" time="2013-04-04 09:20:00 UTC" participant="139573">
      <body>feky el 5err</body>
    </message>
    <message id="m0007" time="2013-04-04 09:20:00 UTC" participant="139275">
      <body>انت بقيتى رقيقة و ذوق بطريقة مريبة كدة ليه</body>
    </message>
    <message id="m0008" time="2013-04-04 09:20:00 UTC" participant="139275">
      <body>:- ))))</body>
    </message>
    <message id="m0009" time="2013-04-04 09:20:00 UTC" participant="139275">
      <body>مش اسلوب ابدا :D</body>
    </message>
    <message id="m0010" time="2013-04-04 09:20:00 UTC" participant="139275">
      <body>ااسلامة غيرتك</body>
    </message>
    <message id="m0011" time="2013-04-04 09:21:00 UTC" participant="139573">
      <body>loooiiol</body>
    </message>
    <message id="m0012" time="2013-04-04 09:21:00 UTC" participant="139573">
      <body>ana aswa2 mn el awel</body>
    </message>
    <message id="m0013" time="2013-04-04 09:21:00 UTC" participant="139573">
      <body>:p</body>
    </message>
    <message id="m0014" time="2013-04-04 09:21:00 UTC" participant="139275">
      <body>هاهاهاها</body>
    </message>
    <message id="m0015" time="2013-04-04 09:21:00 UTC" participant="139275">
      <body>ان شاء الله اما اشوفك لايف احكم على موضوع الزهق ده</body>
    </message>
    <message id="m0016" time="2013-04-04 09:22:00 UTC" participant="139275">
      <body>انت فاضية التلات او الاربع او الخميس الجايين ؟؟</body>
    </message>
    <message id="m0017" time="2013-04-04 09:22:00 UTC" participant="139275">
      <body>ما تشةفي لو سلمى و نهى فاضيين</body>
    </message>
    <message id="m0018" time="2013-04-04 09:22:00 UTC" participant="139275">
      <body>في وقت غدا طبعا :D</body>
    </message>
    <message id="m0019" time="2013-04-04 09:22:00 UTC" participant="139275">
      <body>و نعمل جريمة كونية</body>
    </message>
    <message id="m0020" time="2013-04-04 09:22:00 UTC" participant="139275">
      <body>و نتقابل</body>
    </message>
    <message id="m0021" time="2013-04-04 09:23:00 UTC" participant="139573">
      <body>7lwa garema de :)</body>
    </message>
    <message id="m0022" time="2013-04-04 09:23:00 UTC" participant="139275">
      <body>اصل ده اقل ما يقول</body>
    </message>
    <message id="m0023" time="2013-04-04 09:23:00 UTC" participant="139275">
      <body>يقال</body>
    </message>
    <message id="m0024" time="2013-04-04 09:23:00 UTC" participant="139573">
      <body>el 3 ayam dol s3b</body>
    </message>
    <message id="m0025" time="2013-04-04 09:23:00 UTC" participant="139275">
      <body>لأننا بنكسر قوانين الطبيعة</body>
    </message>
    <message id="m0026" time="2013-04-04 09:23:00 UTC" participant="139275">
      <body>بصفة عامة ولا الاسبوع ده بس ؟!</body>
    </message>
  </messages>
</conversation>
