<?xml version="1.0" encoding="UTF-8"?>
<conversation id="CHT_ARZ_20121231.0000" medium="CHT" donated="true">
  <messages>
    <message id="m0000" participant="138314" time="2012-12-31 20:36:45 UTC">
      <body>Yara</body>
    </message>
    <message id="m0001" participant="138112" time="2012-12-31 21:27:04 UTC">
      <body>Yes</body>
    </message>
    <message id="m0002" participant="138314" time="2012-12-31 21:27:31 UTC">
      <body>Sara kanet bts2l enty gaya ?</body>
    </message>
    <message id="m0003" participant="138112" time="2012-12-31 21:27:55 UTC">
      <body>La2 msh ha3raf</body>
    </message>
    <message id="m0004" participant="138314" time="2012-12-31 21:28:10 UTC">
      <body>Mashy</body>
    </message>
  </messages>
</conversation>
