<?xml version="1.0" encoding="UTF-8"?>
<conversation id="CHT_ARZ_20130407.0009" medium="CHT" donated="true">
  <messages>
    <message id="m0000" time="2013-04-07 03:47:31 UTC" participant="151287">
      <body>Ye7iaaaaaaa</body>
    </message>
    <message id="m0001" time="2013-04-07 03:50:12 UTC" participant="139275">
      <body>n3aaam :D</body>
    </message>
    <message id="m0002" time="2013-04-07 03:50:29 UTC" participant="139275">
      <body>by3'yar now mah fady :D</body>
    </message>
    <message id="m0003" time="2013-04-07 03:53:13 UTC" participant="151287">
      <body>Enti leeh betrodii ana banady 3el a2mr eli fel sora</body>
    </message>
    <message id="m0004" time="2013-04-07 03:53:21 UTC" participant="151287">
      <body>:D</body>
    </message>
    <message id="m0005" time="2013-04-07 03:57:08 UTC" participant="139275">
      <body>da mesh howaaa :D</body>
    </message>
    <message id="m0006" time="2013-04-07 03:57:26 UTC" participant="139275">
      <body>3 wa7da t2oli keda</body>
    </message>
    <message id="m0007" time="2013-04-07 03:57:41 UTC" participant="139275">
      <body>enty shofty ay sora leh?</body>
    </message>
    <message id="m0008" time="2013-04-07 03:58:14 UTC" participant="139275">
      <body>bgd?</body>
    </message>
    <message id="m0009" time="2013-04-07 03:58:36 UTC" participant="139275">
      <body>&lt;media omitted&gt;</body>
    </message>
    <message id="m0010" time="2013-04-07 03:59:02 UTC" participant="139275">
      <body>little ma7moud :D</body>
    </message>
    <message id="m0011" time="2013-04-07 03:59:25 UTC" participant="151287">
      <body>La wallahiii</body>
    </message>
    <message id="m0012" time="2013-04-07 03:59:28 UTC" participant="151287">
      <body>:D</body>
    </message>
    <message id="m0013" time="2013-04-07 03:59:45 UTC" participant="139275">
      <body>&lt;media omitted&gt;</body>
    </message>
    <message id="m0014" time="2013-04-07 03:59:53 UTC" participant="151287">
      <body>Entii el sabb fi 3'ab2na da</body>
    </message>
    <message id="m0015" time="2013-04-07 04:00:02 UTC" participant="151287">
      <body>Noo</body>
    </message>
    <message id="m0016" time="2013-04-07 04:00:27 UTC" participant="151287">
      <body>Ah wallahi ;(</body>
    </message>
    <message id="m0017" time="2013-04-07 04:00:33 UTC" participant="139275">
      <body>yeeees</body>
    </message>
    <message id="m0018" time="2013-04-07 04:00:48 UTC" participant="139275">
      <body>shater waled </body>
    </message>
    <message id="m0019" time="2013-04-07 04:01:20 UTC" participant="151287">
      <body>Ya5lasiii</body>
    </message>
    <message id="m0020" time="2013-04-07 04:01:21 UTC" participant="139275">
      <body>3shan ana ba7eb ma7moud aktr mno</body>
    </message>
    <message id="m0021" time="2013-04-07 04:01:46 UTC" participant="151287">
      <body>Waleed by2olik nos5a mn mahmoud</body>
    </message>
    <message id="m0022" time="2013-04-07 04:01:51 UTC" participant="139275">
      <body>&lt;media omitted&gt;</body>
    </message>
    <message id="m0023" time="2013-04-07 04:01:58 UTC" participant="139275">
      <body>amiin ya rb</body>
    </message>
    <message id="m0024" time="2013-04-07 04:02:11 UTC" participant="139275">
      <body>w nfr7 bekom isaa</body>
    </message>
    <message id="m0025" time="2013-04-07 04:03:22 UTC" participant="151287">
      <body>MashAllah rabna ye7fzholkom yarb</body>
    </message>
    <message id="m0026" time="2013-04-07 04:04:19 UTC" participant="151287">
      <body>Isaaa</body>
    </message>
    <message id="m0027" time="2013-04-07 04:04:31 UTC" participant="151287">
      <body>Bos-holiii awiii</body>
    </message>
    <message id="m0028" time="2013-04-07 04:15:37 UTC" participant="139275">
      <body>7ader :)</body>
    </message>
  </messages>
</conversation>

