<?xml version="1.0" encoding="UTF-8"?>
<conversation id="CHT_ARZ_20130515.0008" medium="CHT" donated="true">
  <messages>
    <message id="m0000" time="2013-05-15 13:55:00 UTC" participant="139230">
      <body>انا حانزل واقابلك في سانستفانو</body>
    </message>
    <message id="m0001" time="2013-05-15 13:56:00 UTC" participant="139230">
      <body>دا حيكون اسهل ما تمشي من جوه واسرع ،،ماشييي؟؟؟</body>
    </message>
    <message id="m0002" time="2013-05-15 13:56:00 UTC" participant="139880">
      <body>La2 ana gaya aho</body>
    </message>
    <message id="m0003" time="2013-05-15 13:56:00 UTC" participant="139230">
      <body>يا بنتي كده احسن</body>
    </message>
    <message id="m0004" time="2013-05-15 13:56:00 UTC" participant="139880">
      <body>Shhhhhhhhh</body>
    </message>
    <message id="m0005" time="2013-05-15 13:56:00 UTC" participant="139230">
      <body>esma3iy el kalam</body>
    </message>
    <message id="m0006" time="2013-05-15 13:56:00 UTC" participant="139880">
      <body>Estany 3andek</body>
    </message>
    <message id="m0007" time="2013-05-15 13:56:00 UTC" participant="139230">
      <body>عشان لو حد معاكي</body>
    </message>
    <message id="m0008" time="2013-05-15 13:57:00 UTC" participant="139230">
      <body>طيب حاضر</body>
    </message>
    <message id="m0009" time="2013-05-15 13:57:00 UTC" participant="139230">
      <body>طيب ابقي رني لي وقولي لي استناكي فين
15:15, 15 May – Hom: ana khalast khalas</body>
    </message>
  </messages>
</conversation>
