<?xml version="1.0" encoding="UTF-8"?>
<conversation id="CHT_ARZ_20130509.0001" medium="CHT" donated="true">
  <messages>
    <message id="m0000" time="2013-05-09 21:10:44 UTC" participant="139508">
      <body>tarekkk</body>
    </message>
    <message id="m0001" time="2013-05-09 21:16:22 UTC" participant="139538">
      <body>Eh ya sisi</body>
    </message>
    <message id="m0002" time="2013-05-09 21:16:28 UTC" participant="139538">
      <body>Ethayek ?</body>
    </message>
    <message id="m0003" time="2013-05-09 21:24:20 UTC" participant="139508">
      <body>mashi mashi</body>
    </message>
    <message id="m0004" time="2013-05-09 21:24:23 UTC" participant="139508">
      <body>ana kowyssaa</body>
    </message>
    <message id="m0005" time="2013-05-09 21:24:32 UTC" participant="139508">
      <body>keda a3rf belspdfa ala surp roo</body>
    </message>
    <message id="m0006" time="2013-05-09 21:54:31 UTC" participant="139538">
      <body>Sanya wa7daa 7ab3atlek 7aga</body>
    </message>
    <message id="m0007" time="2013-05-09 21:55:15 UTC" participant="139538">
      <body>&lt;media omitted&gt;</body>
    </message>
    <message id="m0008" time="2013-05-09 21:55:47 UTC" participant="139538">
      <body>7atla2y nemrtek el 2adima we el gedida makntsh ma3aya we gebtaha men nada walid</body>
    </message>
    <message id="m0009" time="2013-05-09 22:00:45 UTC" participant="139508">
      <body>hahahahahahhaha</body>
    </message>
    <message id="m0010" time="2013-05-09 22:00:52 UTC" participant="139508">
      <body>mashi ya lozarrr</body>
    </message>
    <message id="m0011" time="2013-05-09 22:01:02 UTC" participant="139508">
      <body>3mtn ana mothmssa</body>
    </message>
    <message id="m0012" time="2013-05-09 22:02:37 UTC" participant="139538">
      <body>Shofty zalmany ezay ya moftareya</body>
    </message>
    <message id="m0013" time="2013-05-09 22:12:28 UTC" participant="139508">
      <body>msh awi keda :p</body>
    </message>
    <message id="m0014" time="2013-05-09 22:18:58 UTC" participant="139538">
      <body>La2a bas I called u w kan 3'eir mota7</body>
    </message>
    <message id="m0015" time="2013-05-09 22:37:17 UTC" participant="139508">
      <body>mashi ya tata</body>
    </message>
    <message id="m0016" time="2013-05-09 22:37:25 UTC" participant="139508">
      <body>ana ha3mlaha cupcakes isa okai ?</body>
    </message>
  </messages>
</conversation>
