<?xml version="1.0" encoding="UTF-8"?>
<conversation id="CHT_ARZ_20130430.0005" medium="CHT" donated="true">
  <messages>
    <message id="m0000" time="2013-04-30 00:05:00 UTC" participant="139230">
      <body>ادعيلي يا اختي </body>
    </message>
    <message id="m0001" time="2013-04-30 00:24:00 UTC" participant="139683">
      <body>malek bas?</body>
    </message>
    <message id="m0002" time="2013-04-30 00:26:00 UTC" participant="139683">
      <body>Fe a ya bnty?</body>
    </message>
    <message id="m0003" time="2013-04-30 00:28:00 UTC" participant="139230">
      <body>نتائج تحاليلي طلعت مش كويسة و اادكتور طلب مني تحاليل تانية</body>
    </message>
    <message id="m0004" time="2013-04-30 00:28:00 UTC" participant="139230">
      <body>عشان هو شاكك في شوية حاجات</body>
    </message>
    <message id="m0005" time="2013-04-30 00:29:00 UTC" participant="139230">
      <body>وكل التحاليل لامراض خاصة بجهاز اامناعة</body>
    </message>
    <message id="m0006" time="2013-04-30 00:29:00 UTC" participant="139230">
      <body>الحمد لله على كل شء</body>
    </message>
  </messages>
</conversation>
