<?xml version="1.0" encoding="UTF-8"?>
<conversation id="CHT_ARZ_20120730.0003" medium="CHT" donated="true">
  <messages>
    <message id="m0001" time="2012-07-30 14:46:18 UTC" participant="139275">
      <body>miss youuuu</body>
    </message>
    <message id="m0002" time="2012-07-30 20:06:33 UTC" participant="149434">
      <body>Naniiiiiiiii</body>
    </message>
    <message id="m0003" time="2012-07-30 20:06:46 UTC" participant="149434">
      <body>Miss u too</body>
    </message>
    <message id="m0004" time="2012-07-30 20:08:59 UTC" participant="149434">
      <body>Isa nftar sawa el 7'ames</body>
    </message>
  </messages>
</conversation>

