<?xml version="1.0" encoding="UTF-8"?>
<conversation id="CHT_ARZ_20120421.0003" medium="CHT" donated="true">
  <messages>
    <message id="m0000" time="2012-04-21 21:42:18 UTC" participant="139275">
      <body>i miss you bgd</body>
    </message>
    <message id="m0001" time="2012-04-21 21:42:28 UTC" participant="139275">
      <body>nfsu ashofek ba2a</body>
    </message>
    <message id="m0002" time="2012-04-21 21:42:38 UTC" participant="139275">
      <body>yenf3 keda tayeb ?</body>
    </message>
    <message id="m0003" time="2012-04-21 23:48:48 UTC" participant="139564">
      <body>Wallahy wa7shany aktr</body>
    </message>
    <message id="m0004" time="2012-04-21 23:49:11 UTC" participant="139564">
      <body>Maho 7adretek kan 3ndek fara7 ne3mel e7na eeeeh b2a</body>
    </message>
    <message id="m0005" time="2012-04-21 23:49:15 UTC" participant="139564">
      <body></body>
    </message>
    <message id="m0006" time="2012-04-21 23:49:43 UTC" participant="139564">
      <body>Ana knt fady w dy 7aga msh bt7sal keter </body>
    </message>
    <message id="m0007" time="2012-04-22 07:51:44 UTC" participant="139275">
      <body>m3lsh 7abebty :( tab a3ml eh da fara7 ebn khlty :(</body>
    </message>
    <message id="m0008" time="2012-04-22 09:26:49 UTC" participant="139564">
      <body>La isa n3wdha :)</body>
    </message>
    <message id="m0009" time="2012-04-22 10:11:51 UTC" participant="139564">
      <body>Omnia hwa el wedd isA haykoun open air el dohr ?</body>
    </message>
    <message id="m0010" time="2012-04-22 10:12:51 UTC" participant="139564">
      <body>3ashan i saw a dress bs black * shyfon msh haynfa3 lw dohr sa7 ??</body>
    </message>
    <message id="m0011" time="2012-04-22 14:42:24 UTC" participant="139564">
      <body>Omniaaa sryy msh 3arfa arod ana f lec.</body>
    </message>
    <message id="m0012" time="2012-04-22 14:42:32 UTC" participant="139564">
      <body>Sryyyyy</body>
    </message>
    <message id="m0013" time="2012-04-22 17:22:05 UTC" participant="139275">
      <body>mobilek 3'er mota7 :$</body>
    </message>
    <message id="m0014" time="2012-04-22 23:14:02 UTC" participant="139275">
      <body>nadaaa</body>
    </message>
    <message id="m0015" time="2012-04-22 23:15:03 UTC" participant="139564">
      <body>Omnia walahy sry t3bt w nmt kol da</body>
    </message>
    <message id="m0016" time="2012-04-22 23:15:27 UTC" participant="139275">
      <body>momken acall you now ? :)</body>
    </message>
    <message id="m0017" time="2012-04-22 23:17:42 UTC" participant="139275">
      <body>nadaaa</body>
    </message>
    <message id="m0018" time="2012-04-22 23:22:23 UTC" participant="139564">
      <body>Ahhhh sure</body>
    </message>
    <message id="m0019" time="2012-04-22 23:26:32 UTC" participant="139275">
      <body>keda kter :$ shewaya byrn w shewaya 3'er motaaa7</body>
    </message>
    <message id="m0020" time="2012-04-22 23:29:29 UTC" participant="139564">
      <body>Ah walahy etisalat w7sha awe hna asfa bgd</body>
    </message>
    <message id="m0021" time="2012-04-22 23:29:43 UTC" participant="139275">
      <body>:(</body>
    </message>
    <message id="m0022" time="2012-04-22 23:29:43 UTC" participant="139564">
      <body>Btfdy a call u emta olele</body>
    </message>
    <message id="m0023" time="2012-04-22 23:30:05 UTC" participant="139275">
      <body>da eh el3'alsa de :(</body>
    </message>
    <message id="m0024" time="2012-04-22 23:30:23 UTC" participant="139564">
      <body>Ana asef walahy :(</body>
    </message>
    <message id="m0025" time="2012-04-22 23:30:29 UTC" participant="139564">
      <body>Enty wa7shany aweeee</body>
    </message>
    <message id="m0026" time="2012-04-22 23:30:38 UTC" participant="139564">
      <body>3amla eh tmneny</body>
    </message>
    <message id="m0027" time="2012-04-22 23:30:44 UTC" participant="139275">
      <body>tab mfesh 7eta yekon fe nw 3edla kada :(</body>
    </message>
    <message id="m0028" time="2012-04-22 23:31:09 UTC" participant="139564">
      <body>Mna wa2fa f el shbak w brdo</body>
    </message>
    <message id="m0029" time="2012-04-22 23:31:11 UTC" participant="139275">
      <body>enty kaman wa7shany w wa7shny sotek asln :)</body>
    </message>
    <message id="m0030" time="2012-04-22 23:31:29 UTC" participant="139275">
      <body>tab mfesh ebn geran?? :D</body>
    </message>
    <message id="m0031" time="2012-04-22 23:31:37 UTC" participant="139564">
      <body>Omniaaaaaaa el nw 3ndy whsha aweeee bosy bokra isa awl ma ash7en haklmk</body>
    </message>
    <message id="m0032" time="2012-04-22 23:31:42 UTC" participant="139564">
      <body>:$ rbnz ye5alikiii walahy enty aktr</body>
    </message>
    <message id="m0033" time="2012-04-22 23:32:05 UTC" participant="139564">
      <body>Hhhhhhhhh mnty 3rfa elly feha </body>
    </message>
    <message id="m0034" time="2012-04-22 23:32:20 UTC" participant="139275">
      <body>ana 3ayza a7kelk 3la 7ewar m3ad elfara7 da</body>
    </message>
    <message id="m0035" time="2012-04-22 23:32:31 UTC" participant="139564">
      <body>Ahhhh</body>
    </message>
    <message id="m0036" time="2012-04-22 23:32:55 UTC" participant="139275">
      <body>3shan ashtkelk mn ebn 3amtek :)</body>
    </message>
    <message id="m0037" time="2012-04-22 23:33:22 UTC" participant="139564">
      <body>Eshtky eshtky ana sm3akiii</body>
    </message>
    <message id="m0038" time="2012-04-22 23:33:25 UTC" participant="139564">
      <body>:)</body>
    </message>
    <message id="m0039" time="2012-04-22 23:33:56 UTC" participant="139275">
      <body>ana 3mla open air w tamam w 3amla ba2a mn zaman a2olo n3mlha elsob7</body>
    </message>
    <message id="m0040" time="2012-04-22 23:34:08 UTC" participant="139275">
      <body>el 3asr ya3ny</body>
    </message>
    <message id="m0041" time="2012-04-22 23:34:13 UTC" participant="139564">
      <body>Tmaaaam</body>
    </message>
    <message id="m0042" time="2012-04-22 23:34:20 UTC" participant="139275">
      <body>w bant a7lam</body>
    </message>
    <message id="m0043" time="2012-04-22 23:34:24 UTC" participant="139564">
      <body>Ashiak asln</body>
    </message>
    <message id="m0044" time="2012-04-22 23:34:56 UTC" participant="139275">
      <body>ra7 2ayli mn yomen laa tab3qn t3mleh blel</body>
    </message>
    <message id="m0045" time="2012-04-22 23:35:15 UTC" participant="139564">
      <body>allah !</body>
    </message>
    <message id="m0046" time="2012-04-22 23:35:21 UTC" participant="139564">
      <body>Lih bs kda</body>
    </message>
    <message id="m0047" time="2012-04-22 23:35:38 UTC" participant="139275">
      <body>enty 3amlah yom 7'ames w elnas 7trg3 mn sho3'lha w try7 w tgelk</body>
    </message>
    <message id="m0048" time="2012-04-22 23:35:57 UTC" participant="139275">
      <body>konty 3mlteh gom3a</body>
    </message>
    <message id="m0049" time="2012-04-22 23:36:30 UTC" participant="139275">
      <body>w howa asln ale e7'tar 7'ames 3shan sabe7 gom3a agaza</body>
    </message>
    <message id="m0050" time="2012-04-22 23:36:33 UTC" participant="139275">
      <body>:(</body>
    </message>
    <message id="m0051" time="2012-04-22 23:36:57 UTC" participant="139275">
      <body>fa ana msh 3arfa eh a7'er kalam asln</body>
    </message>
    <message id="m0052" time="2012-04-22 23:36:58 UTC" participant="139564">
      <body>Yoooh</body>
    </message>
    <message id="m0053" time="2012-04-22 23:37:30 UTC" participant="139275">
      <body>kol yom milion 7ewar</body>
    </message>
    <message id="m0054" time="2012-04-22 23:37:31 UTC" participant="139564">
      <body>bs open air ya3ny bykon el 3asr a7la</body>
    </message>
    <message id="m0055" time="2012-04-22 23:37:53 UTC" participant="139275">
      <body>2olilo :( howa hamo el nas w tege mrta7a</body>
    </message>
    <message id="m0056" time="2012-04-22 23:38:14 UTC" participant="139564">
      <body>W el swr btkon gamila 3ashan f el nahar m3 el Garden w alwan el sma kda</body>
    </message>
    <message id="m0057" time="2012-04-22 23:38:38 UTC" participant="139275">
      <body>ana 3aml el3sr lel taswee w ale 7abeb yege yetswer m3aya ahlan waslhn</body>
    </message>
    <message id="m0058" time="2012-04-22 23:38:48 UTC" participant="139275">
      <body>ya3ny abtseh 5 isa</body>
    </message>
    <message id="m0059" time="2012-04-22 23:39:04 UTC" participant="139275">
      <body>w elfara7 nfso yekon mn 7 keda isa</body>
    </message>
    <message id="m0060" time="2012-04-22 23:39:28 UTC" participant="139564">
      <body>Yooooh yabnty tb bosy olelo el 3asr monaseb 7ta lw kda el nas hatsta2zen sa3a msh aktr</body>
    </message>
    <message id="m0061" time="2012-04-22 23:39:39 UTC" participant="139564">
      <body>Tmaaam eshta gdn</body>
    </message>
    <message id="m0062" time="2012-04-22 23:39:44 UTC" participant="139564">
      <body>7lw kda</body>
    </message>
    <message id="m0063" time="2012-04-22 23:40:17 UTC" participant="139564">
      <body>IsA yeb2a youuuuum Gamiiiiiil  Nefsy ashofek blfostan al abyad ya 7abebty</body>
    </message>
    <message id="m0064" time="2012-04-22 23:41:15 UTC" participant="139275">
      <body>rbna ye7'leke</body>
    </message>
    <message id="m0065" time="2012-04-22 23:42:28 UTC" participant="139275">
      <body>3o2balek ya 7bebty</body>
    </message>
    <message id="m0066" time="2012-04-22 23:42:52 UTC" participant="139564">
      <body>Rabna ye5aleki merciii </body>
    </message>
    <message id="m0067" time="2012-04-22 23:42:56 UTC" participant="139275">
      <body>(L)</body>
    </message>
    <message id="m0068" time="2012-04-22 23:43:05 UTC" participant="139275">
      <body>&lt;3</body>
    </message>
    <message id="m0069" time="2012-04-22 23:43:17 UTC" participant="139564">
      <body>Muaaah </body>
    </message>
    <message id="m0070" time="2012-04-22 23:43:42 UTC" participant="139275">
      <body>&lt;media omitted&gt;</body>
    </message>
    <message id="m0071" time="2012-04-22 23:43:56 UTC" participant="139275">
      <body>eh ra2yek :)</body>
    </message>
    <message id="m0072" time="2012-04-22 23:44:18 UTC" participant="139275">
      <body>&lt;media omitted&gt;</body>
    </message>
    <message id="m0073" time="2012-04-22 23:44:21 UTC" participant="139564">
      <body>Wahmyaaaaa asln msAA</body>
    </message>
    <message id="m0074" time="2012-04-22 23:47:15 UTC" participant="139275">
      <body>rabna ye7'lekeee</body>
    </message>
    <message id="m0075" time="2012-04-22 23:47:50 UTC" participant="139275">
      <body>&lt;media omitted&gt;</body>
    </message>
    <message id="m0076" time="2012-04-22 23:48:16 UTC" participant="139564">
      <body>Allaaaah 7elwa aweee msA</body>
    </message>
    <message id="m0077" time="2012-04-22 23:48:24 UTC" participant="139564">
      <body></body>
    </message>
    <message id="m0078" time="2012-04-22 23:48:28 UTC" participant="139275">
      <body>&lt;media omitted&gt;</body>
    </message>
    <message id="m0079" time="2012-04-22 23:58:54 UTC" participant="139564">
      <body>Msa allaaaah ygnnoo</body>
    </message>
    <message id="m0080" time="2012-04-22 23:59:14 UTC" participant="139564">
      <body>Princess allaho akbar 3aleky </body>
    </message>
  </messages>
</conversation>
