<?xml version="1.0" encoding="UTF-8"?>
<conversation id="CHT_ARZ_20130104.0001" medium="CHT" donated="true">
  <messages>
    <message id="m0000" participant="138112" time="2013-01-04 22:47:33 UTC">
      <body>Enta feen yabni</body>
    </message>
    <message id="m0001" participant="138318" time="2013-01-04 23:05:14 UTC">
      <body>Mawgood enty elly mabts2lesh</body>
    </message>
    <message id="m0002" participant="138318" time="2013-01-04 23:05:57 UTC">
      <body>W etsalt bekyy fel new years</body>
    </message>
    <message id="m0003" participant="138112" time="2013-01-04 23:06:07 UTC">
      <body>Begad walahi. Ana mekalemak kteer awy. Mara fiha Kont sayeb mobilak m3a weza</body>
    </message>
    <message id="m0004" participant="138318" time="2013-01-04 23:06:09 UTC">
      <body>W enty mardtesh</body>
    </message>
    <message id="m0005" participant="138318" time="2013-01-04 23:06:26 UTC">
      <body>Ma2leshh asln</body>
    </message>
    <message id="m0006" participant="138318" time="2013-01-04 23:06:37 UTC">
      <body>Mabttslyesh leh 3ala el 012</body>
    </message>
    <message id="m0007" participant="138112" time="2013-01-04 23:06:46 UTC">
      <body>Mana kaman kalemtak 3la el mobile el tany.</body>
    </message>
    <message id="m0008" participant="138318" time="2013-01-04 23:07:43 UTC">
      <body>Magtlesh wla mara</body>
    </message>
    <message id="m0009" participant="138112" time="2013-01-04 23:08:00 UTC">
      <body>Kadab awy</body>
    </message>
    <message id="m0010" participant="138318" time="2013-01-04 23:08:21 UTC">
      <body>hab2a mesh 3awz aklmek ya3nii</body>
    </message>
    <message id="m0011" participant="138318" time="2013-01-04 23:24:15 UTC">
      <body>Akiidd baklmkk entyy mabtrodesshhh</body>
    </message>
    <message id="m0012" participant="138112" time="2013-01-04 23:29:43 UTC">
      <body>Mashy momken bardo</body>
    </message>
    <message id="m0013" participant="138112" time="2013-01-04 23:29:46 UTC">
      <body>3amel eh</body>
    </message>
    <message id="m0014" participant="138318" time="2013-01-04 23:30:57 UTC">
      <body>Kwisss el77777 entyy 3mlaa ehhh wa7shanii awiiii</body>
    </message>
    <message id="m0015" participant="138112" time="2013-01-04 23:31:30 UTC">
      <body>Enta kaman walahi</body>
    </message>
    <message id="m0016" participant="138112" time="2013-01-04 23:31:40 UTC">
      <body>Ana kwayesa bardo kolo mashy</body>
    </message>
    <message id="m0017" participant="138318" time="2013-01-04 23:32:17 UTC">
      <body>Keda mashofkesh l agaza kolaha</body>
    </message>
    <message id="m0018" participant="138112" time="2013-01-04 23:32:28 UTC">
      <body>M enta law betrod...</body>
    </message>
    <message id="m0019" participant="138318" time="2013-01-04 23:35:51 UTC">
      <body>Yalla 7asl 5err</body>
    </message>
    <message id="m0020" participant="138318" time="2013-01-04 23:35:59 UTC">
      <body>El mohem neb2a nenzl</body>
    </message>
    <message id="m0021" participant="138112" time="2013-01-04 23:36:25 UTC">
      <body>Isa lazem</body>
    </message>
    <message id="m0022" participant="138112" time="2013-01-04 23:36:35 UTC">
      <body>Ro7t sp nada???</body>
    </message>
    <message id="m0023" participant="138318" time="2013-01-04 23:56:57 UTC">
      <body>Ah</body>
    </message>
    <message id="m0024" participant="138318" time="2013-01-04 23:57:07 UTC">
      <body>Magtesh leh sa7e7</body>
    </message>
    <message id="m0025" participant="138112" time="2013-01-05 00:02:47 UTC">
      <body>Ma3reftesh</body>
    </message>
    <message id="m0027" participant="138112" time="2013-01-05 00:24:08 UTC">
      <body>Bt3mel eh</body>
    </message>
    <message id="m0028" participant="138112" time="2013-01-05 00:24:17 UTC">
      <body>Enta lesa mesa7eb nourhan haha</body>
    </message>
    <message id="m0029" participant="138318" time="2013-01-05 00:25:41 UTC">
      <body>Lesa da5l l beet</body>
    </message>
    <message id="m0030" participant="138318" time="2013-01-05 00:25:43 UTC">
      <body>l2</body>
    </message>
    <message id="m0031" participant="138112" time="2013-01-05 00:26:54 UTC">
      <body>Kont feen?</body>
    </message>
    <message id="m0032" participant="138318" time="2013-01-05 00:27:44 UTC">
      <body>Kont bal3b playstation</body>
    </message>
    <message id="m0033" participant="138112" time="2013-01-05 01:25:05 UTC">
      <body>Feen m3a meen</body>
    </message>
    <message id="m0034" participant="138318" time="2013-01-05 01:35:48 UTC">
      <body>Ma3a 3assem w weza w andrew</body>
    </message>
    <message id="m0035" participant="138112" time="2013-01-05 01:36:15 UTC">
      <body>Mmmmm</body>
    </message>
    <message id="m0036" participant="138112" time="2013-01-05 01:36:18 UTC">
      <body>Mashy</body>
    </message>
    <message id="m0037" participant="138112" time="2013-01-05 01:36:28 UTC">
      <body>Bt3mel eh</body>
    </message>
    <message id="m0038" participant="138112" time="2013-01-05 01:36:36 UTC">
      <body>3amalt eh New Years</body>
    </message>
    <message id="m0039" participant="138318" time="2013-01-05 01:42:07 UTC">
      <body>23d 3ala laptop</body>
    </message>
    <message id="m0040" participant="138318" time="2013-01-05 01:42:31 UTC">
      <body>Ro7t 7afla fel zamalek sherbt w 3mlt kol 7aga tet3mll</body>
    </message>
    <message id="m0041" participant="138318" time="2013-01-05 01:42:47 UTC">
      <body>W aws555 7aga 7aslt l yoom dahh eny 5abt l 3rbya</body>
    </message>
    <message id="m0043" participant="138318" time="2013-01-05 01:42:57 UTC">
      <body>3mlt 7adsaa</body>
    </message>
    <message id="m0044" participant="138318" time="2013-01-05 01:43:04 UTC">
      <body>L 3rbya etkasrt</body>
    </message>
    <message id="m0045" participant="138112" time="2013-01-05 01:44:42 UTC">
      <body>Enta Kont betsoo2 sakran?</body>
    </message>
    <message id="m0046" participant="138112" time="2013-01-05 01:45:05 UTC">
      <body>Eh kol 7aga tet3mel? 3amalt eh ya3ni</body>
    </message>
    <message id="m0047" participant="138318" time="2013-01-05 01:46:40 UTC">
      <body>La2 tab3an ana kont shareb 3adyy</body>
    </message>
    <message id="m0048" participant="138318" time="2013-01-05 01:50:17 UTC">
      <body>23ad ma3a banat w sherbt ma3ahomm w keda</body>
    </message>
    <message id="m0049" participant="138318" time="2013-01-05 01:50:28 UTC">
      <body>Asln mesh ana elly kont say2</body>
    </message>
    <message id="m0050" participant="138318" time="2013-01-05 01:50:38 UTC">
      <body>Asdy mesh ana elly 3*ltann</body>
    </message>
    <message id="m0051" participant="138318" time="2013-01-05 01:50:48 UTC">
      <body>Hwa bet3 l bmw hwa elly 3*ltan</body>
    </message>
    <message id="m0052" participant="138112" time="2013-01-05 01:54:21 UTC">
      <body>Mmm</body>
    </message>
    <message id="m0053" participant="138112" time="2013-01-05 01:54:31 UTC">
      <body>Banat w shorb alllllahhh</body>
    </message>
    <message id="m0054" participant="138318" time="2013-01-05 01:54:39 UTC">
      <body>Hahah</body>
    </message>
    <message id="m0055" participant="138112" time="2013-01-05 01:55:06 UTC">
      <body>Ana hadrabak lma ashoofak. 3ashan mamtek Allah yer7amha law lesa 3aysha kanet bardo tedeek 3al2a</body>
    </message>
    <message id="m0056" participant="138318" time="2013-01-05 01:59:06 UTC">
      <body>Allah yer7mha</body>
    </message>
    <message id="m0057" participant="138112" time="2013-01-05 01:59:44 UTC">
      <body>Eh el habal da ya Gad begad</body>
    </message>
    <message id="m0058" participant="138112" time="2013-01-05 02:00:02 UTC">
      <body>W feen abook</body>
    </message>
    <message id="m0059" participant="138318" time="2013-01-05 02:02:19 UTC">
      <body>Dah kan yoom ana mat2ltsh fel shorb asln</body>
    </message>
    <message id="m0060" participant="138318" time="2013-01-05 02:02:45 UTC">
      <body>W aboya aslnn fash5555nnyy 3shann 7warr l 7dsaa ana kont hamoot ya yara</body>
    </message>
    <message id="m0061" participant="138112" time="2013-01-05 02:03:18 UTC">
      <body>Eh el 7asal b2a bzabt</body>
    </message>
    <message id="m0062" participant="138318" time="2013-01-05 02:04:15 UTC">
      <body>Ana kont fel zamalek 5alast l 7afla 3a 2 w ray7 l re7ab akaml l yoom</body>
    </message>
    <message id="m0063" participant="138318" time="2013-01-05 02:04:52 UTC">
      <body>Fa wna ray7 fa wa7d b bmw kan bygry fa kan hay3ml 7adsa fa 5abt feya 3shann 3rbyto matlefsh</body>
    </message>
    <message id="m0064" participant="138318" time="2013-01-05 02:05:04 UTC">
      <body>Fa 5alanyy ana 3rbyty elly telef</body>
    </message>
    <message id="m0065" participant="138112" time="2013-01-05 02:05:43 UTC">
      <body>W ba3d keda</body>
    </message>
    <message id="m0066" participant="138112" time="2013-01-05 02:05:51 UTC">
      <body>We2eflak??</body>
    </message>
    <message id="m0067" participant="138112" time="2013-01-05 02:06:02 UTC">
      <body>W Kont f anhi 3arabia</body>
    </message>
    <message id="m0068" participant="138112" time="2013-01-05 02:06:09 UTC">
      <body>W meen kan ma3ak</body>
    </message>
    <message id="m0069" participant="138318" time="2013-01-05 02:06:15 UTC">
      <body>L2 maw2fsh</body>
    </message>
    <message id="m0070" participant="138318" time="2013-01-05 02:06:22 UTC">
      <body>Skoda</body>
    </message>
    <message id="m0071" participant="138318" time="2013-01-05 02:06:34 UTC">
      <body>3assem w s3eed</body>
    </message>
    <message id="m0072" participant="138112" time="2013-01-05 02:06:50 UTC">
      <body>Tele3 yegri??</body>
    </message>
    <message id="m0073" participant="138318" time="2013-01-05 02:07:17 UTC">
      <body>Ahh</body>
    </message>
    <message id="m0074" participant="138318" time="2013-01-05 02:07:41 UTC">
      <body>Sabna benlf fel tary2 w ben3mll 7adsa w 3rbyto et3adlt 5las w gery</body>
    </message>
    <message id="m0075" participant="138112" time="2013-01-05 02:07:48 UTC">
      <body>W magebtoosh?</body>
    </message>
    <message id="m0076" participant="138112" time="2013-01-05 02:08:07 UTC">
      <body>Yanharrrreswed</body>
    </message>
    <message id="m0077" participant="138112" time="2013-01-05 02:08:12 UTC">
      <body>W 3amalt eh</body>
    </message>
    <message id="m0078" participant="138112" time="2013-01-05 02:08:22 UTC">
      <body>Kont kwayes</body>
    </message>
    <message id="m0079" participant="138318" time="2013-01-05 02:18:14 UTC">
      <body>Wla 7aga l 3rbya bet3ty etdamrt</body>
    </message>
    <message id="m0080" participant="138318" time="2013-01-05 02:18:24 UTC">
      <body>W hwa 3rbyto kwisa</body>
    </message>
    <message id="m0081" participant="138318" time="2013-01-05 02:18:26 UTC">
      <body>W ger</body>
    </message>
    <message id="m0082" participant="138318" time="2013-01-05 02:18:29 UTC">
      <body>Gery*</body>
    </message>
    <message id="m0083" participant="138112" time="2013-01-05 02:18:49 UTC">
      <body>Rabena ya5do.</body>
    </message>
    <message id="m0084" participant="138318" time="2013-01-05 02:19:04 UTC">
      <body>Rabena y7r2o</body>
    </message>
    <message id="m0085" participant="138112" time="2013-01-05 02:19:34 UTC">
      <body>5alas el ragel mat</body>
    </message>
    <message id="m0086" participant="138112" time="2013-01-05 02:19:46 UTC">
      <body>W abook b2a kalemto 3la tool ba3diha?</body>
    </message>
    <message id="m0087" participant="138318" time="2013-01-05 02:22:55 UTC">
      <body>L2 etsarft w gebt l 3rbya le7ad l beet w b3deen hwa 3ref w ana ta7t l beet</body>
    </message>
    <message id="m0088" participant="138112" time="2013-01-05 02:28:06 UTC">
      <body>W 3amal feek eh?</body>
    </message>
    <message id="m0089" participant="138112" time="2013-01-05 02:28:28 UTC">
      <body>El 3arabia hatetsala7 wla medamara 5ales</body>
    </message>
    <message id="m0090" participant="138318" time="2013-01-05 02:29:21 UTC">
      <body>Fash55niiii ah bas ana hasl7ha 3ala 7esaby ana</body>
    </message>
    <message id="m0091" participant="138112" time="2013-01-05 02:32:20 UTC">
      <body>Ezay?</body>
    </message>
    <message id="m0092" participant="138318" time="2013-01-05 02:40:51 UTC">
      <body>Men felossy ana atsarf b2a</body>
    </message>
    <message id="m0094" participant="138112" time="2013-01-05 02:43:51 UTC">
      <body>Maho floosak heya feloos abook ya zaki</body>
    </message>
    <message id="m0095" participant="138112" time="2013-01-05 02:44:04 UTC">
      <body>Bas ma3lesh kol haga hat3adi 3la 5er</body>
    </message>
    <message id="m0096" participant="138112" time="2013-01-05 02:44:23 UTC">
      <body>Ana a5ooya 2alab 3arabyat omi abl keda</body>
    </message>
    <message id="m0097" participant="138318" time="2013-01-05 02:45:15 UTC">
      <body>W hwa kwis</body>
    </message>
    <message id="m0098" participant="138112" time="2013-01-05 02:46:16 UTC">
      <body>Ahh el7 tele3 kwayes bas sa7beto el kanet m3a dahraha etkasar</body>
    </message>
    <message id="m0099" participant="138112" time="2013-01-05 02:50:03 UTC">
      <body>Bos</body>
    </message>
    <message id="m0100" participant="138112" time="2013-01-05 02:50:16 UTC">
      <body>&lt;media omitted&gt;</body>
    </message>
    <message id="m0101" participant="138318" time="2013-01-05 02:55:41 UTC">
      <body>Yadenyyy :o</body>
    </message>
  </messages>
</conversation>
