<?xml version="1.0" encoding="UTF-8"?>
<conversation id="CHT_ARZ_20130214.0002" medium="CHT" donated="true">
  <messages>
    <message id="m0000" participant="138325" time="2013-02-14 19:21:45 UTC">
      <body>Yooojoo</body>
    </message>
    <message id="m0003" participant="138325" time="2013-02-14 19:41:41 UTC">
      <body>7atgbili hadya a ?</body>
    </message>
    <message id="m0004" participant="138112" time="2013-02-14 19:41:49 UTC">
      <body/>
    </message>
    <message id="m0006" participant="138325" time="2013-02-14 19:41:54 UTC">
      <body/>
    </message>
    <message id="m0010" participant="138325" time="2013-02-14 19:42:13 UTC">
      <body>Hahha</body>
    </message>
    <message id="m0011" participant="138325" time="2013-02-14 19:42:36 UTC">
      <body/>
    </message>
    <message id="m0012" participant="138112" time="2013-02-14 19:42:51 UTC">
      <body>5alas, wala ay haga ya gazma</body>
    </message>
    <message id="m0013" participant="138325" time="2013-02-14 19:43:20 UTC">
      <body>Tab lah kada</body>
    </message>
    <message id="m0014" participant="138325" time="2013-02-14 19:43:24 UTC">
      <body>Wa gazma kman</body>
    </message>
    <message id="m0015" participant="138325" time="2013-02-14 19:43:26 UTC">
      <body/>
    </message>
    <message id="m0016" participant="138325" time="2013-02-14 19:44:02 UTC">
      <body>Mafesh valentine 5ales </body>
    </message>
    <message id="m0017" participant="138112" time="2013-02-14 19:47:56 UTC">
      <body>La2 mafish</body>
    </message>
    <message id="m0018" participant="138325" time="2013-02-14 19:50:39 UTC">
      <body>❤</body>
    </message>
    <message id="m0019" participant="138112" time="2013-02-14 21:56:11 UTC">
      <body>&lt;3</body>
    </message>
    <message id="m0020" participant="138325" time="2013-02-14 21:57:01 UTC">
      <body>Anty fan ?</body>
    </message>
    <message id="m0021" participant="138112" time="2013-02-14 21:57:40 UTC">
      <body>Ana rawaht</body>
    </message>
    <message id="m0022" participant="138325" time="2013-02-14 21:58:32 UTC">
      <body>Konty fan</body>
    </message>
    <message id="m0023" participant="138112" time="2013-02-14 21:58:52 UTC">
      <body>Ma3 Yasmin bakol f restaurant</body>
    </message>
    <message id="m0024" participant="138325" time="2013-02-14 22:03:15 UTC">
      <body>Hmm </body>
    </message>
  </messages>
</conversation>
