<?xml version="1.0" encoding="UTF-8"?>
<conversation id="CHT_ARZ_20121214.0000" medium="CHT" donated="true">
  <messages>
    <message id="m0000" participant="138323" time="2012-12-14 11:16:30 UTC">
      <body>Fenek</body>
    </message>
    <message id="m0001" participant="138323" time="2012-12-14 11:16:36 UTC">
      <body>Mbts2alish leh</body>
    </message>
    <message id="m0002" participant="138112" time="2012-12-14 11:33:00 UTC">
      <body>Haha 3amla eh</body>
    </message>
    <message id="m0003" participant="138323" time="2012-12-14 11:34:43 UTC">
      <body>El7 :D</body>
    </message>
    <message id="m0004" participant="138323" time="2012-12-14 11:34:46 UTC">
      <body>Wenty</body>
    </message>
    <message id="m0005" participant="138112" time="2012-12-14 11:35:16 UTC">
      <body>Kwayesa el7!!</body>
    </message>
    <message id="m0006" participant="138323" time="2012-12-14 11:35:55 UTC">
      <body>El7</body>
    </message>
    <message id="m0007" participant="138323" time="2012-12-14 11:35:57 UTC">
      <body>Fenek</body>
    </message>
    <message id="m0008" participant="138112" time="2012-12-14 11:53:07 UTC">
      <body>Ana hena walahi</body>
    </message>
    <message id="m0009" participant="138323" time="2012-12-14 11:55:14 UTC">
      <body>Omal mbts2alish</body>
    </message>
    <message id="m0010" participant="138112" time="2012-12-14 12:45:31 UTC">
      <body>Mash3'oola awy b droos el sat</body>
    </message>
    <message id="m0011" participant="138323" time="2012-12-14 12:46:15 UTC">
      <body>Mmm m3lsh ya babe :(</body>
    </message>
    <message id="m0012" participant="138323" time="2012-12-14 18:56:17 UTC">
      <body>Yara</body>
    </message>
    <message id="m0013" participant="138112" time="2012-12-14 19:11:17 UTC">
      <body>T3ali 3andi!</body>
    </message>
    <message id="m0014" participant="138323" time="2012-12-14 19:11:42 UTC">
      <body>Mafish 7ad ygebni :(</body>
    </message>
    <message id="m0015" participant="138323" time="2012-12-14 19:11:48 UTC">
      <body>M7adsh fl bet</body>
    </message>
    <message id="m0016" participant="138323" time="2012-12-14 19:11:52 UTC">
      <body>Enty 3aamalti eh?</body>
    </message>
    <message id="m0017" participant="138112" time="2012-12-14 19:13:36 UTC">
      <body>Emshi el wa2t mesh meta5ar</body>
    </message>
    <message id="m0018" participant="138323" time="2012-12-14 19:14:39 UTC">
      <body>Mt2a5ar :( , mtigi enty wnabi :D</body>
    </message>
    <message id="m0019" participant="138112" time="2012-12-14 19:31:32 UTC">
      <body>A5ooya lesa nazel law konte te2oleele men 10 minutes bzabt!!!</body>
    </message>
    <message id="m0020" participant="138323" time="2012-12-14 19:34:15 UTC">
      <body>Mana 2olt :'( :'(</body>
    </message>
    <message id="m0021" participant="138323" time="2012-12-14 19:34:23 UTC">
      <body>Eh el5ara da 3ayza ashofek :(</body>
    </message>
    <message id="m0022" participant="138112" time="2012-12-14 20:06:58 UTC">
      <body>Mamtek feen?</body>
    </message>
    <message id="m0023" participant="138323" time="2012-12-14 20:12:39 UTC">
      <body>Kolhom ra7oo elnady</body>
    </message>
    <message id="m0024" participant="138112" time="2012-12-14 20:22:08 UTC">
      <body>Leh maro7tish ma3ashom</body>
    </message>
    <message id="m0025" participant="138323" time="2012-12-14 20:22:56 UTC">
      <body>3shan msh 3ayza aro7</body>
    </message>
    <message id="m0026" participant="138323" time="2012-12-15 14:26:16 UTC">
      <body>Yara</body>
    </message>
    <message id="m0027" participant="138112" time="2012-12-15 14:35:32 UTC">
      <body>Na3am ya 7abibti:*</body>
    </message>
    <message id="m0028" participant="138323" time="2012-12-15 14:35:57 UTC">
      <body>3amalti eh f canon embare7?</body>
    </message>
    <message id="m0029" participant="138112" time="2012-12-15 14:37:26 UTC">
      <body>Kan 2afel :(</body>
    </message>
    <message id="m0030" participant="138323" time="2012-12-15 14:38:24 UTC">
      <body>:| , tb w b3den 3amalrty eh</body>
    </message>
    <message id="m0031" participant="138323" time="2012-12-15 14:38:28 UTC">
      <body>*3amalty</body>
    </message>
    <message id="m0032" participant="138112" time="2012-12-15 14:39:52 UTC">
      <body>Wala 7aga</body>
    </message>
    <message id="m0033" participant="138323" time="2012-12-15 14:41:57 UTC">
      <body>Hahahaha :D ht3mli eh bkra?</body>
    </message>
    <message id="m0034" participant="138112" time="2012-12-15 14:42:46 UTC">
      <body>Msh 3arfa lesa, enti hat3mli eh</body>
    </message>
    <message id="m0035" participant="138323" time="2012-12-15 14:43:34 UTC">
      <body>3ayza ad5ol breaking dawn</body>
    </message>
    <message id="m0036" participant="138323" time="2012-12-15 14:43:37 UTC">
      <body>Tigi?</body>
    </message>
    <message id="m0037" participant="138112" time="2012-12-15 14:46:56 UTC">
      <body>Ana aslan e7temal ashoofo enahrada</body>
    </message>
    <message id="m0038" participant="138323" time="2012-12-15 14:48:09 UTC">
      <body>Mtstany w nro7 bkra m3 b3d</body>
    </message>
    <message id="m0039" participant="138323" time="2012-12-15 14:48:15 UTC">
      <body>Ana kol da mstniaki</body>
    </message>
    <message id="m0040" participant="138112" time="2012-12-15 14:51:08 UTC">
      <body>Tab hashoof:D haha</body>
    </message>
    <message id="m0041" participant="138323" time="2012-12-15 14:51:57 UTC">
      <body>Kalba :P</body>
    </message>
    <message id="m0043" participant="138323" time="2012-12-15 15:00:30 UTC">
      <body>Tb shofi w 2olili (A)</body>
    </message>
    <message id="m0044" participant="138112" time="2012-12-15 22:30:33 UTC">
      <body>Mami aslan enaharda ma5eltnish a5rog</body>
    </message>
    <message id="m0046" participant="138323" time="2012-12-15 23:58:59 UTC">
      <body>Leh :</body>
    </message>
    <message id="m0048" participant="138112" time="2012-12-16 07:43:27 UTC">
      <body>Msh 3arfa</body>
    </message>
    <message id="m0049" participant="138323" time="2012-12-16 13:05:22 UTC">
      <body>Yara ht3rafi tenzeli elnharda?</body>
    </message>
    <message id="m0050" participant="138112" time="2012-12-16 16:18:02 UTC">
      <body>La2:/ 3andi dars 6 w 8</body>
    </message>
    <message id="m0051" participant="138323" time="2012-12-16 17:09:47 UTC">
      <body>Abo sshaklek :(</body>
    </message>
    <message id="m0052" participant="138112" time="2012-12-16 17:10:14 UTC">
      <body>A3mel eh tayeb!</body>
    </message>
    <message id="m0053" participant="138323" time="2012-12-16 17:11:09 UTC">
      <body>msh 3arfa</body>
    </message>
    <message id="m0054" participant="138323" time="2012-12-16 17:11:18 UTC">
      <body>Eldars malsh m3ad tany? :(</body>
    </message>
    <message id="m0055" participant="138112" time="2012-12-16 17:12:15 UTC">
      <body>La2:/</body>
    </message>
    <message id="m0056" participant="138323" time="2012-12-16 17:13:11 UTC">
      <body>Yoooh :(</body>
    </message>
    <message id="m0057" participant="138112" time="2012-12-16 17:36:59 UTC">
      <body>Arab Ana t3ebt</body>
    </message>
    <message id="m0058" participant="138112" time="2012-12-16 17:37:02 UTC">
      <body>*araf</body>
    </message>
    <message id="m0059" participant="138323" time="2012-12-16 21:32:48 UTC">
      <body>M3lsh ya 7abebty :(</body>
    </message>
    <message id="m0060" participant="138112" time="2012-12-16 23:36:52 UTC">
      <body>Ana mat7oona lesa rag3a men dars el physics</body>
    </message>
    <message id="m0061" participant="138323" time="2012-12-16 23:43:40 UTC">
      <body>M3lsh ya 7abebt</body>
    </message>
    <message id="m0062" participant="138323" time="2012-12-16 23:43:48 UTC">
      <body>*7abebty</body>
    </message>
    <message id="m0063" participant="138323" time="2012-12-16 23:43:52 UTC">
      <body>3andi emt7anat :(</body>
    </message>
    <message id="m0064" participant="138112" time="2012-12-16 23:51:35 UTC">
      <body>Ana kaman :(</body>
    </message>
    <message id="m0065" participant="138323" time="2012-12-16 23:52:30 UTC">
      <body>Ana zhe2t :(</body>
    </message>
    <message id="m0066" participant="138112" time="2012-12-16 23:53:05 UTC">
      <body>Ana kaman:/</body>
    </message>
    <message id="m0067" participant="138323" time="2012-12-16 23:53:19 UTC">
      <body>Nehrab? :o</body>
    </message>
    <message id="m0068" participant="138112" time="2012-12-16 23:53:22 UTC">
      <body>Yala</body>
    </message>
    <message id="m0069" participant="138323" time="2012-12-16 23:53:41 UTC">
      <body>Hahahah</body>
    </message>
    <message id="m0070" participant="138323" time="2012-12-16 23:53:44 UTC">
      <body>Nro7 fen</body>
    </message>
    <message id="m0071" participant="138112" time="2012-12-17 00:02:08 UTC">
      <body>America</body>
    </message>
    <message id="m0072" participant="138323" time="2012-12-17 00:04:13 UTC">
      <body>W agawez rami malek</body>
    </message>
    <message id="m0073" participant="138112" time="2012-12-17 00:06:49 UTC">
      <body>Hahahahaha meen</body>
    </message>
    <message id="m0074" participant="138323" time="2012-12-17 00:08:52 UTC">
      <body>Ba3 breaking dawn</body>
    </message>
    <message id="m0075" participant="138112" time="2012-12-17 00:11:44 UTC">
      <body>Ahhh hahaha</body>
    </message>
    <message id="m0076" participant="138323" time="2012-12-17 00:13:35 UTC">
      <body>Ba7bo ;;)</body>
    </message>
  </messages>
</conversation>
