<?xml version="1.0" encoding="UTF-8"?>
<conversation id="CHT_ARZ_20130424.0003" medium="CHT" donated="true">
  <messages>
    <message id="m0000" time="2013-04-24 14:52:41 UTC" participant="139134">
      <body>amira eenaby fakri 3okda bel jacket</body>
    </message>
    <message id="m0001" time="2013-04-24 14:52:58 UTC" participant="139591">
      <body>7aderr</body>
    </message>
    <message id="m0002" time="2013-04-24 14:53:04 UTC" participant="139591">
      <body>Enty hat3mley a 2dy?</body>
    </message>
    <message id="m0003" time="2013-04-24 14:53:46 UTC" participant="139134">
      <body>ana w nana aizin nruh chllis ala 930</body>
    </message>
    <message id="m0004" time="2013-04-24 14:53:55 UTC" participant="139591">
      <body>3okda ry7a brdo</body>
    </message>
    <message id="m0005" time="2013-04-24 14:56:32 UTC" participant="139134">
      <body>wenty eih</body>
    </message>
    <message id="m0006" time="2013-04-24 14:58:20 UTC" participant="139591">
      <body>La2 msh 3yza arou7</body>
    </message>
    <message id="m0007" time="2013-04-24 14:58:28 UTC" participant="139591">
      <body>Malish nfs leeh</body>
    </message>
    <message id="m0008" time="2013-04-24 14:58:46 UTC" participant="139591">
      <body>We aklt yest pizza hut fa 7assa eny hamoot :D</body>
    </message>
    <message id="m0009" time="2013-04-24 14:58:51 UTC" participant="139134">
      <body>ahhhh</body>
    </message>
  </messages>
</conversation>
