<?xml version="1.0" encoding="UTF-8"?>
<conversation id="CHT_ARZ_20130301.0001" medium="CHT" donated="true">
  <messages>
    <message id="m0000" participant="138112" time="2013-03-01 02:05:15 UTC">
      <body>Sa7y?</body>
    </message>
    <message id="m0002" participant="138112" time="2013-03-01 02:12:00 UTC">
      <body>Bt3mel eh</body>
    </message>
    <message id="m0003" participant="138319" time="2013-03-01 02:12:18 UTC">
      <body>Da5el anam</body>
    </message>
    <message id="m0005" participant="138112" time="2013-03-01 02:12:48 UTC">
      <body>Wala haga Ana a3da shwaya kaman, 3andak bokra agaza??</body>
    </message>
    <message id="m0006" participant="138319" time="2013-03-01 02:13:40 UTC">
      <body>Akeed bokra gom3a</body>
    </message>
    <message id="m0007" participant="138112" time="2013-03-01 02:14:00 UTC">
      <body>Bokra Friday hahaha</body>
    </message>
    <message id="m0008" participant="138112" time="2013-03-01 02:14:05 UTC">
      <body>Eh el 3'aba2 da</body>
    </message>
    <message id="m0009" participant="138112" time="2013-03-01 02:14:10 UTC">
      <body>Msh ga3an?</body>
    </message>
    <message id="m0010" participant="138112" time="2013-03-01 02:14:15 UTC">
      <body>Yala nenzl nakol</body>
    </message>
    <message id="m0012" participant="138112" time="2013-03-01 02:15:31 UTC">
      <body>Ah</body>
    </message>
    <message id="m0015" participant="138112" time="2013-03-01 02:20:29 UTC">
      <body>yala b2a</body>
    </message>
    <message id="m0016" participant="138319" time="2013-03-01 02:20:48 UTC">
      <body>Tab albsy yala</body>
    </message>
    <message id="m0017" participant="138112" time="2013-03-01 02:20:58 UTC">
      <body>Msh bahazar</body>
    </message>
    <message id="m0018" participant="138319" time="2013-03-01 02:21:37 UTC">
      <body>Wala ana</body>
    </message>
    <message id="m0019" participant="138112" time="2013-03-01 02:21:51 UTC">
      <body>3aref Ana sakna feen?</body>
    </message>
    <message id="m0020" participant="138319" time="2013-03-01 02:22:09 UTC">
      <body>Hahaha la2</body>
    </message>
    <message id="m0021" participant="138112" time="2013-03-01 02:36:57 UTC">
      <body>Haaaaa?</body>
    </message>
    <message id="m0022" participant="138112" time="2013-03-01 02:37:04 UTC">
      <body>Ana 3andi tmam</body>
    </message>
    <message id="m0024" participant="138112" time="2013-03-01 02:39:25 UTC">
      <body>Enta ra2yak eh</body>
    </message>
    <message id="m0025" participant="138319" time="2013-03-01 02:40:26 UTC">
      <body>Ana eshta</body>
    </message>
    <message id="m0026" participant="138112" time="2013-03-01 02:40:59 UTC">
      <body>Wala nestana yom tani na5odha men el sa3a 1 masalan</body>
    </message>
    <message id="m0027" participant="138319" time="2013-03-01 02:41:44 UTC">
      <body>Ah eshtaa momken</body>
    </message>
    <message id="m0028" participant="138112" time="2013-03-01 02:43:05 UTC">
      <body>Hahaha mashy</body>
    </message>
    <message id="m0029" participant="138112" time="2013-03-01 02:43:29 UTC">
      <body>Hatnam???</body>
    </message>
    <message id="m0030" participant="138319" time="2013-03-01 02:44:14 UTC">
      <body>Yes ana bfys</body>
    </message>
    <message id="m0031" participant="138319" time="2013-03-01 02:44:28 UTC">
      <body>Wa momken nb2a n3ml kda next thursday</body>
    </message>
    <message id="m0032" participant="138112" time="2013-03-01 02:44:57 UTC">
      <body>Tayeb kona hanenzl ezay, Ana Aslan lama afalt m3ak garabt w fata7t el bab</body>
    </message>
    <message id="m0033" participant="138112" time="2013-03-01 02:45:07 UTC">
      <body>5alas eshta</body>
    </message>
    <message id="m0034" participant="138112" time="2013-03-01 02:45:12 UTC">
      <body>5osh nam</body>
    </message>
    <message id="m0036" participant="138319" time="2013-03-01 02:45:48 UTC">
      <body>Hahahahaha eshta ya3ni :D</body>
    </message>
    <message id="m0037" participant="138319" time="2013-03-01 02:46:08 UTC">
      <body>Asly i was going to date u bas 5laas</body>
    </message>
    <message id="m0038" participant="138319" time="2013-03-01 02:46:12 UTC">
      <body>:*</body>
    </message>
    <message id="m0039" participant="138319" time="2013-03-01 02:46:16 UTC">
      <body>Hahaha</body>
    </message>
    <message id="m0041" participant="138112" time="2013-03-01 02:46:29 UTC">
      <body>Date me yaani hatsa7ebni</body>
    </message>
    <message id="m0042" participant="138112" time="2013-03-01 02:47:09 UTC">
      <body>W Take me on a date yaani te5aragni :)</body>
    </message>
    <message id="m0043" participant="138319" time="2013-03-01 02:47:36 UTC">
      <body>Omal ana kont ha5rog m3 omi</body>
    </message>
    <message id="m0044" participant="138112" time="2013-03-01 02:48:10 UTC">
      <body>5osh nam a7san</body>
    </message>
  </messages>
</conversation>
