<?xml version="1.0" encoding="UTF-8"?>
<conversation id="CHT_ARZ_20130316.0001" medium="CHT" donated="true">
  <messages>
    <message id="m0001" participant="138324" time="2013-03-16 20:31:50 UTC">
      <body>Hayatie ana</body>
    </message>
    <message id="m0002" participant="138324" time="2013-03-16 20:31:57 UTC">
      <body>Kont bafakar feki</body>
    </message>
    <message id="m0004" participant="138112" time="2013-03-16 20:32:08 UTC">
      <body>Wahashteni</body>
    </message>
    <message id="m0006" participant="138112" time="2013-03-16 20:32:25 UTC">
      <body>Bt3mli eh b2a kol yom ya say3a</body>
    </message>
    <message id="m0007" participant="138324" time="2013-03-16 20:32:30 UTC">
      <body>wahashteni fashkh</body>
    </message>
    <message id="m0008" participant="138324" time="2013-03-16 20:32:36 UTC">
      <body>Basy3</body>
    </message>
    <message id="m0009" participant="138112" time="2013-03-16 20:32:54 UTC">
      <body>Hahahaha say3a!! A5bar el tanning eh</body>
    </message>
    <message id="m0010" participant="138324" time="2013-03-16 20:40:18 UTC">
      <body>El animation mozaz</body>
    </message>
    <message id="m0011" participant="138112" time="2013-03-16 20:45:36 UTC">
      <body>Tabaan hahaha bt3mli eh now</body>
    </message>
    <message id="m0012" participant="138324" time="2013-03-16 20:50:12 UTC">
      <body>Nazla atfrag aleihom haha</body>
    </message>
    <message id="m0013" participant="138324" time="2013-03-16 20:50:22 UTC">
      <body>Enty bet3meli eh?</body>
    </message>
    <message id="m0014" participant="138112" time="2013-03-16 20:50:52 UTC">
      <body>Hahaha eshta Ana a3da watching tv</body>
    </message>
    <message id="m0015" participant="138112" time="2013-03-16 20:51:11 UTC">
      <body>Raga3oni el madrasa enaharda awel yom</body>
    </message>
    <message id="m0016" participant="138324" time="2013-03-16 20:52:28 UTC">
      <body>Begad yayyy</body>
    </message>
    <message id="m0017" participant="138112" time="2013-03-16 20:52:50 UTC">
      <body>Ahh f ba7awel al7a2 el assignments w keda</body>
    </message>
    <message id="m0018" participant="138112" time="2013-03-16 20:53:15 UTC">
      <body>W ba2ali 10 days a3da fel bet el period 7abaket teegi enaharda el sob7</body>
    </message>
    <message id="m0019" participant="138112" time="2013-03-16 20:53:29 UTC">
      <body>Bas el7 abl el prom haha</body>
    </message>
    <message id="m0020" participant="138324" time="2013-03-16 23:20:12 UTC">
      <body>w hoda reg3t?</body>
    </message>
    <message id="m0021" participant="138112" time="2013-03-16 23:20:42 UTC">
      <body>La2 lsa</body>
    </message>
    <message id="m0022" participant="138324" time="2013-03-16 23:20:53 UTC">
      <body>ana period gaya</body>
    </message>
    <message id="m0023" participant="138324" time="2013-03-16 23:21:05 UTC">
      <body>W 3amala bad3y magtlish bokra</body>
    </message>
    <message id="m0024" participant="138324" time="2013-03-16 23:21:13 UTC">
      <body>W mesh fel prom bardo haha</body>
    </message>
    <message id="m0025" participant="138324" time="2013-03-16 23:21:20 UTC">
      <body>Enty hatbaty maa yomna?</body>
    </message>
    <message id="m0026" participant="138112" time="2013-03-16 23:22:05 UTC">
      <body>Yomna babaha 3ayez ygebha 2 hahahaha fa law keda la2</body>
    </message>
    <message id="m0027" participant="138324" time="2013-03-16 23:22:31 UTC">
      <body>tub ayzaki tgy ba2a</body>
    </message>
    <message id="m0028" participant="138112" time="2013-03-16 23:22:54 UTC">
      <body>Ha2ol le mami hader</body>
    </message>
    <message id="m0029" participant="138324" time="2013-03-16 23:23:37 UTC">
      <body>Ok hayatiee</body>
    </message>
    <message id="m0030" participant="138324" time="2013-03-16 23:23:41 UTC">
      <body>Bet3meli eh</body>
    </message>
    <message id="m0031" participant="138112" time="2013-03-16 23:24:05 UTC">
      <body>Wala haga zah2ana awy</body>
    </message>
    <message id="m0032" participant="138112" time="2013-03-16 23:24:10 UTC">
      <body>Enti bt3mli eh</body>
    </message>
    <message id="m0033" participant="138324" time="2013-03-16 23:27:18 UTC">
      <body>&lt;media omitted&gt;</body>
    </message>
    <message id="m0034" participant="138324" time="2013-03-16 23:27:43 UTC">
      <body>&lt;media omitted&gt;</body>
    </message>
    <message id="m0035" participant="138112" time="2013-03-16 23:28:55 UTC">
      <body>Hahaha 7lww</body>
    </message>
    <message id="m0036" participant="138324" time="2013-03-16 23:29:07 UTC">
      <body/>
    </message>
    <message id="m0039" participant="138112" time="2013-03-16 23:31:14 UTC">
      <body>Hateegi el madrasa Monday wla Tuesday?</body>
    </message>
    <message id="m0040" participant="138324" time="2013-03-16 23:31:26 UTC">
      <body>Shaklaha keda tuesday</body>
    </message>
    <message id="m0041" participant="138112" time="2013-03-16 23:31:49 UTC">
      <body>Enta msafra tayaran sag?</body>
    </message>
    <message id="m0042" participant="138112" time="2013-03-16 23:31:56 UTC">
      <body>*sah</body>
    </message>
    <message id="m0043" participant="138324" time="2013-03-16 23:33:00 UTC">
      <body>Ah</body>
    </message>
    <message id="m0044" participant="138112" time="2013-03-16 23:33:27 UTC">
      <body>Shoft sharm men fo2 tohfa ezay</body>
    </message>
    <message id="m0046" participant="138324" time="2013-03-16 23:35:28 UTC">
      <body>Fazi3a maa</body>
    </message>
    <message id="m0047" participant="138112" time="2013-03-16 23:36:01 UTC">
      <body>Esmareti?? </body>
    </message>
    <message id="m0048" participant="138324" time="2013-03-16 23:39:06 UTC">
      <body>Shewayaa</body>
    </message>
    <message id="m0050" participant="138112" time="2013-03-16 23:39:37 UTC">
      <body/>
    </message>
    <message id="m0051" participant="138324" time="2013-03-16 23:46:45 UTC">
      <body>Bokra mesh hatharak</body>
    </message>
    <message id="m0052" participant="138324" time="2013-03-16 23:46:51 UTC">
      <body>Men shama</body>
    </message>
    <message id="m0053" participant="138324" time="2013-03-16 23:46:55 UTC">
      <body>Shams</body>
    </message>
    <message id="m0054" participant="138112" time="2013-03-16 23:47:20 UTC">
      <body>Ana a5er yom f sharm bardo 3amalt keda hahahaha have fun baby </body>
    </message>
    <message id="m0055" participant="138324" time="2013-03-17 00:07:26 UTC">
      <body>Thank youuu love</body>
    </message>
    <message id="m0056" participant="138112" time="2013-03-17 21:23:38 UTC">
      <body>El quiz tele3 youm el talat</body>
    </message>
    <message id="m0057" participant="138324" time="2013-03-17 21:25:54 UTC">
      <body>Tub helw awi</body>
    </message>
    <message id="m0061" participant="138112" time="2013-03-18 17:57:26 UTC">
      <body>Ma3amaloosh votes today aslan</body>
    </message>
    <message id="m0062" participant="138112" time="2013-03-18 17:57:30 UTC">
      <body>W Adham magash</body>
    </message>
    <message id="m0063" participant="138324" time="2013-03-18 17:58:31 UTC">
      <body>ah 3ereft haytie</body>
    </message>
    <message id="m0065" participant="138112" time="2013-03-18 17:59:05 UTC">
      <body>7amdela 3al salama :***</body>
    </message>
    <message id="m0066" participant="138324" time="2013-03-18 18:13:34 UTC">
      <body>Allaah yeslmk</body>
    </message>
    <message id="m0067" participant="138324" time="2013-03-18 18:13:37 UTC">
      <body/>
    </message>
  </messages>
</conversation>
