<?xml version="1.0" encoding="UTF-8"?>
<conversation id="CHT_ARZ_20130308.0005" medium="CHT" donated="true">
  <messages>
    <message id="m0000" time="2013-03-08 15:17:00 UTC" participant="139376">
      <body>عايزة اكلمك اطمن عليكي بس مش عارفة موعيدك :)</body>
    </message>
    <message id="m0001" time="2013-03-08 15:18:00 UTC" participant="139547">
      <body>انا كنت مدروخه امبارح كله</body>
    </message>
    <message id="m0002" time="2013-03-08 15:19:00 UTC" participant="139547">
      <body>بس الحمد لل</body>
    </message>
    <message id="m0003" time="2013-03-08 15:19:00 UTC" participant="139547">
      <body>لله احسن انهارده</body>
    </message>
    <message id="m0004" time="2013-03-08 15:19:00 UTC" participant="139547">
      <body>:)</body>
    </message>
    <message id="m0005" time="2013-03-08 15:19:00 UTC" participant="139547">
      <body>استنى ابعتلك صورته</body>
    </message>
    <message id="m0006" time="2013-03-08 15:19:00 UTC" participant="139376">
      <body>ليه بس مالك؟</body>
    </message>
    <message id="m0007" time="2013-03-08 15:19:00 UTC" participant="139547">
      <body>&lt;Media omitted&gt;</body>
    </message>
    <message id="m0008" time="2013-03-08 15:19:00 UTC" participant="139547">
      <body>و الله يا مها</body>
    </message>
    <message id="m0009" time="2013-03-08 15:20:00 UTC" participant="139547">
      <body>موضوع القسطره ده</body>
    </message>
    <message id="m0010" time="2013-03-08 15:20:00 UTC" participant="139376">
      <body>كميل اوي اوي</body>
    </message>
    <message id="m0011" time="2013-03-08 15:20:00 UTC" participant="139547">
      <body>مأثر انى اتحكم</body>
    </message>
    <message id="m0012" time="2013-03-08 15:20:00 UTC" participant="139547">
      <body>و مدأيقنى</body>
    </message>
    <message id="m0013" time="2013-03-08 15:20:00 UTC" participant="139547">
      <body>و الجرح بيشد عليا جأمد</body>
    </message>
    <message id="m0014" time="2013-03-08 15:21:00 UTC" participant="139547">
      <body>و بيجيلة تقل كده من تحت زي الshock</body>
    </message>
    <message id="m0015" time="2013-03-08 15:21:00 UTC" participant="139547">
      <body>بس اكيد ده طبيعى</body>
    </message>
    <message id="m0016" time="2013-03-08 15:21:00 UTC" participant="139547">
      <body>هاخد وقتى</body>
    </message>
    <message id="m0017" time="2013-03-08 15:21:00 UTC" participant="139547">
      <body>و انشاءالله اتحسن</body>
    </message>
    <message id="m0018" time="2013-03-08 15:21:00 UTC" participant="139547">
      <body>يا رب</body>
    </message>
    <message id="m0019" time="2013-03-08 15:25:00 UTC" participant="139376">
      <body>معلش يا حبيبتي</body>
    </message>
    <message id="m0020" time="2013-03-08 15:25:00 UTC" participant="139376">
      <body>ده قرف القيصري</body>
    </message>
    <message id="m0021" time="2013-03-08 15:30:00 UTC" participant="139547">
      <body>و الطبيعى</body>
    </message>
    <message id="m0022" time="2013-03-08 15:30:00 UTC" participant="139547">
      <body>انا خدت العلقتين</body>
    </message>
    <message id="m0023" time="2013-03-08 15:30:00 UTC" participant="139547">
      <body>الحمد لله</body>
    </message>
    <message id="m0024" time="2013-03-08 15:30:00 UTC" participant="139547">
      <body></body>
    </message>
    <message id="m0025" time="2013-03-08 15:30:00 UTC" participant="139376">
      <body>الحمد لله</body>
    </message>
    <message id="m0026" time="2013-03-08 15:31:00 UTC" participant="139547">
      <body>الحمد لله  :)</body>
    </message>
    <message id="m0027" time="2013-03-08 15:33:00 UTC" participant="139376">
      <body>عاملة ايه في الرضاعة؟</body>
    </message>
    <message id="m0028" time="2013-03-08 15:34:00 UTC" participant="139547">
      <body>الحمد لله بحاول معاه يوم عن يوم احسن بس  مؤلمه جدأ</body>
    </message>
    <message id="m0029" time="2013-03-08 15:34:00 UTC" participant="139376">
      <body>اوي اوي</body>
    </message>
    <message id="m0030" time="2013-03-08 15:34:00 UTC" participant="139376">
      <body></body>
    </message>
    <message id="m0031" time="2013-03-08 15:35:00 UTC" participant="139376">
      <body>انا في علي كنت بتعذب في الرضاعة</body>
    </message>
    <message id="m0032" time="2013-03-08 15:35:00 UTC" participant="139547">
      <body>ربنا يعينا</body>
    </message>
    <message id="m0033" time="2013-03-08 15:35:00 UTC" participant="139547">
      <body>الستات هيروحوا الجنه</body>
    </message>
    <message id="m0034" time="2013-03-08 15:35:00 UTC" participant="139547">
      <body>انشاءالله</body>
    </message>
    <message id="m0035" time="2013-03-08 15:36:00 UTC" participant="139376">
      <body>حدف ان شاء الله</body>
    </message>
    <message id="m0036" time="2013-03-08 15:36:00 UTC" participant="139547">
      <body></body>
    </message>
    <message id="m0037" time="2013-03-09 13:34:00 UTC" participant="139547">
      <body>&lt;Media omitted&gt;</body>
    </message>
    <message id="m0038" time="2013-03-09 13:34:00 UTC" participant="139547">
      <body>ثباح الخير </body>
    </message>
    <message id="m0039" time="2013-03-09 13:38:00 UTC" participant="139376">
      <body>ثباح الفل و العسل و كل حاجة حلوة على القمر ده بس</body>
    </message>
    <message id="m0040" time="2013-03-09 13:38:00 UTC" participant="139376">
      <body>قلبي الضعيف لا يحتمل</body>
    </message>
    <message id="m0041" time="2013-03-09 13:38:00 UTC" participant="139547">
      <body></body>
    </message>
    <message id="m0042" time="2013-03-09 13:38:00 UTC" participant="139547">
      <body></body>
    </message>
    <message id="m0043" time="2013-03-09 13:38:00 UTC" participant="139376">
      <body>فظيع اوي ماشاء اللإ</body>
    </message>
    <message id="m0044" time="2013-03-09 13:39:00 UTC" participant="139376">
      <body>الله</body>
    </message>
    <message id="m0045" time="2013-03-09 13:39:00 UTC" participant="139547">
      <body> يستاهلوا التعب</body>
    </message>
    <message id="m0046" time="2013-03-09 13:39:00 UTC" participant="139376">
      <body>ربنا يحميه يارب و يبارك فيه</body>
    </message>
    <message id="m0047" time="2013-03-09 13:39:00 UTC" participant="139376">
      <body></body>
    </message>
    <message id="m0048" time="2013-03-09 13:39:00 UTC" participant="139547">
      <body>الحمد لله</body>
    </message>
    <message id="m0049" time="2013-03-09 13:39:00 UTC" participant="139547">
      <body>امين يا رب</body>
    </message>
    <message id="m0050" time="2013-03-09 13:41:00 UTC" participant="139376">
      <body>مازن عامل معاه ايه؟</body>
    </message>
    <message id="m0051" time="2013-03-09 13:42:00 UTC" participant="139547">
      <body>سألته امبارح</body>
    </message>
    <message id="m0052" time="2013-03-09 13:42:00 UTC" participant="139547">
      <body>لما بتبصله بتحس بأيه</body>
    </message>
    <message id="m0053" time="2013-03-09 13:42:00 UTC" participant="139547">
      <body>بتشوفنى و لا</body>
    </message>
    <message id="m0054" time="2013-03-09 13:42:00 UTC" participant="139547">
      <body>لأ</body>
    </message>
    <message id="m0055" time="2013-03-09 13:42:00 UTC" participant="139547">
      <body>قلى بصراحه لما بشوفه</body>
    </message>
    <message id="m0056" time="2013-03-09 13:43:00 UTC" participant="139547">
      <body></body>
    </message>
    <message id="m0057" time="2013-03-09 13:43:00 UTC" participant="139376">
      <body></body>
    </message>
    <message id="m0058" time="2013-03-09 13:43:00 UTC" participant="139376">
      <body>ربنا يخلهوله يارب</body>
    </message>
    <message id="m0059" time="2013-03-09 13:43:00 UTC" participant="139547">
      <body>بحس انه بتاعى وبس</body>
    </message>
    <message id="m0060" time="2013-03-09 13:44:00 UTC" participant="139547">
      <body></body>
    </message>
    <message id="m0061" time="2013-03-10 12:27:00 UTC" participant="139376">
      <body>صباح الفل</body>
    </message>
    <message id="m0062" time="2013-03-10 12:28:00 UTC" participant="139376">
      <body>كتكوتي عامل ايه؟</body>
    </message>
    <message id="m0063" time="2013-03-10 13:13:00 UTC" participant="139547">
      <body>كتكوتك نايم طول النهار</body>
    </message>
    <message id="m0064" time="2013-03-10 13:13:00 UTC" participant="139547">
      <body>و بنصحى سوا سوا طول الليل</body>
    </message>
    <message id="m0065" time="2013-03-10 13:13:00 UTC" participant="139547">
      <body></body>
    </message>
    <message id="m0066" time="2013-03-10 13:14:00 UTC" participant="139547">
      <body>معدتش بعرف افرق بين صبح و ليل</body>
    </message>
    <message id="m0067" time="2013-03-10 13:15:00 UTC" participant="139376">
      <body>هو منهم </body>
    </message>
    <message id="m0068" time="2013-03-10 13:16:00 UTC" participant="139376">
      <body>كتكوت ابو الليل </body>
    </message>
    <message id="m0069" time="2013-03-10 13:17:00 UTC" participant="139547">
      <body>هههه</body>
    </message>
    <message id="m0070" time="2013-03-10 13:17:00 UTC" participant="139547">
      <body>اسم رائع</body>
    </message>
    <message id="m0071" time="2013-03-10 13:18:00 UTC" participant="139547">
      <body></body>
    </message>
    <message id="m0072" time="2013-03-10 13:18:00 UTC" participant="139376">
      <body></body>
    </message>
    <message id="m0073" time="2013-03-10 18:16:00 UTC" participant="139376">
      <body>ده بيتاوب ولا بيعيط ! </body>
    </message>
    <message id="m0074" time="2013-03-10 18:53:00 UTC" participant="139547">
      <body>Bytaweeb</body>
    </message>
    <message id="m0075" time="2013-03-10 18:53:00 UTC" participant="139547">
      <body/>
    </message>
    <message id="m0076" time="2013-03-10 18:55:00 UTC" participant="139376">
      <body></body>
    </message>
  </messages>
</conversation>
