<?xml version="1.0" encoding="UTF-8"?>
<conversation id="CHT_ARZ_20130406.0006" medium="CHT" donated="true">
  <messages>
    <message id="m0000" time="2013-04-06 19:33:27 UTC" participant="151289">
      <body>Omnytiii 3mla eeh yarb tkoni b5er</body>
    </message>
    <message id="m0002" time="2013-04-06 19:37:12 UTC" participant="139275">
      <body>7oby ezayek?</body>
    </message>
    <message id="m0003" time="2013-04-06 20:47:57 UTC" participant="151289">
      <body>El7ll tmAm enty yamniny 3liki w 3la 3bd elkdos</body>
    </message>
    <message id="m0004" time="2013-04-07 02:46:38 UTC" participant="139275">
      <body>Ye7ia 2asdk :D</body>
    </message>
    <message id="m0005" time="2013-04-07 02:46:49 UTC" participant="139275">
      <body>enty 3arfty ene waldt mesh keda?</body>
    </message>
    <message id="m0006" time="2013-04-07 02:48:04 UTC" participant="139275">
      <body>bgd mt3rfesh</body>
    </message>
    <message id="m0008" time="2013-04-07 02:48:29 UTC" participant="139275">
      <body>allah yeslmk ya rb</body>
    </message>
    <message id="m0009" time="2013-04-07 02:48:47 UTC" participant="139275">
      <body>sad2a ya 7abebty</body>
    </message>
    <message id="m0010" time="2013-04-07 02:49:45 UTC" participant="151289">
      <body>Eeeeeh emta da wana feeen</body>
    </message>
    <message id="m0011" time="2013-04-07 02:49:51 UTC" participant="151289">
      <body/>
    </message>
    <message id="m0012" time="2013-04-07 02:50:11 UTC" participant="151289">
      <body>Bs alf 7amdella 3la slama</body>
    </message>
    <message id="m0013" time="2013-04-07 02:50:26 UTC" participant="151289">
      <body>W7yat rbna m3rf</body>
    </message>
    <message id="m0014" time="2013-04-07 02:50:48 UTC" participant="151289">
      <body>Samar elklba m2ltlesh</body>
    </message>
    <message id="m0015" time="2013-04-07 02:51:09 UTC" participant="151289">
      <body>Ana 3rfa enk 7ywldy 20/4</body>
    </message>
    <message id="m0016" time="2013-04-07 02:53:28 UTC" participant="139275">
      <body>laaa ana asln kan m3ady 8-4</body>
    </message>
    <message id="m0017" time="2013-04-07 02:53:33 UTC" participant="139275">
      <body>akher 7aga</body>
    </message>
    <message id="m0018" time="2013-04-07 02:53:46 UTC" participant="139275">
      <body>ro7y 3odeha ba2a :D</body>
    </message>
    <message id="m0019" time="2013-04-07 02:56:08 UTC" participant="151289">
      <body>Sbehalyyyyyy</body>
    </message>
    <message id="m0020" time="2013-04-07 02:56:24 UTC" participant="151289">
      <body>7gbha mn sh3rha</body>
    </message>
    <message id="m0021" time="2013-04-07 02:57:14 UTC" participant="139275">
      <body/>
    </message>
    <message id="m0022" time="2013-04-07 02:58:54 UTC" participant="139275">
      <body>ma7miud :D</body>
    </message>
    <message id="m0023" time="2013-04-07 03:00:33 UTC" participant="151289">
      <body>Elmohm elnono 3l eh w shbah meen</body>
    </message>
    <message id="m0024" time="2013-04-07 03:11:08 UTC" participant="151289">
      <body>Rbna y5lholk yarb 5las haty bnota shbhek b2a</body>
    </message>
  </messages>
</conversation>

