<?xml version="1.0" encoding="UTF-8"?>
<conversation id="CHT_ARZ_20121031.0000" medium="CHT" donated="true">
  <messages>
    <message id="m0000" participant="138318" time="2012-10-31 11:40:02 UTC">
      <body>Enty feen</body>
    </message>
    <message id="m0001" participant="138112" time="2012-11-01 06:38:21 UTC">
      <body>Ana hena</body>
    </message>
    <message id="m0002" participant="138112" time="2012-11-01 06:38:35 UTC">
      <body>Mamy kanet wa5da meny el mobile</body>
    </message>
    <message id="m0003" participant="138112" time="2012-11-01 06:38:43 UTC">
      <body>Ma3lesh</body>
    </message>
    <message id="m0004" participant="138318" time="2012-11-01 09:02:35 UTC">
      <body>La wla yehemk</body>
    </message>
    <message id="m0005" participant="138112" time="2012-11-01 09:15:36 UTC">
      <body>Bt3mel eh</body>
    </message>
    <message id="m0006" participant="138318" time="2012-11-01 09:29:12 UTC">
      <body>Tal3 l so5na</body>
    </message>
    <message id="m0007" participant="138318" time="2012-11-01 09:29:32 UTC">
      <body>Tigy ana w 7ekmat w khalaf w nourhan</body>
    </message>
    <message id="m0008" participant="138112" time="2012-11-01 09:30:24 UTC">
      <body>Mayenfa3sh, 3andy dars w lazem azaker sat</body>
    </message>
    <message id="m0009" participant="138318" time="2012-11-01 09:31:27 UTC">
      <body>Enty bet3mly eh</body>
    </message>
    <message id="m0010" participant="138112" time="2012-11-01 09:32:13 UTC">
      <body>Wla 7aga</body>
    </message>
    <message id="m0011" participant="138112" time="2012-11-01 09:32:22 UTC">
      <body>Enta bt3mel eh</body>
    </message>
    <message id="m0012" participant="138318" time="2012-11-01 09:32:57 UTC">
      <body>Badwr f mall 3ala akl 3shan aftar w b3d keda haroo7 l so5na</body>
    </message>
    <message id="m0013" participant="138318" time="2012-11-01 09:56:53 UTC">
      <body>Wa7shani</body>
    </message>
    <message id="m0014" participant="138112" time="2012-11-01 10:00:54 UTC">
      <body>Enta kaman awyyy</body>
    </message>
    <message id="m0015" participant="138318" time="2012-11-01 10:12:09 UTC">
      <body>:*</body>
    </message>
    <message id="m0016" participant="138112" time="2012-11-01 10:12:19 UTC">
      <body>:*</body>
    </message>
    <message id="m0017" participant="138112" time="2012-11-01 10:12:31 UTC">
      <body>Haha v for vendetta</body>
    </message>
    <message id="m0018" participant="138318" time="2012-11-01 10:13:17 UTC">
      <body>Hwa enty konty eh</body>
    </message>
    <message id="m0019" participant="138112" time="2012-11-01 10:13:25 UTC">
      <body>Hope solo</body>
    </message>
    <message id="m0020" participant="138318" time="2012-11-01 10:14:20 UTC">
      <body>Bas eh ra2yak</body>
    </message>
    <message id="m0021" participant="138318" time="2012-11-01 10:14:34 UTC">
      <body>I have the mask</body>
    </message>
    <message id="m0022" participant="138112" time="2012-11-01 10:15:11 UTC">
      <body>Kont betekalem kteer awy</body>
    </message>
    <message id="m0023" participant="138318" time="2012-11-01 10:16:56 UTC">
      <body>Asl mesh ana elly 3ml l power point</body>
    </message>
    <message id="m0024" participant="138112" time="2012-11-01 10:28:30 UTC">
      <body>Meen</body>
    </message>
    <message id="m0025" participant="138318" time="2012-11-01 10:49:09 UTC">
      <body>Wa7d sa7by 3shan ana kont mt25er fe t2demm l projects</body>
    </message>
    <message id="m0026" participant="138318" time="2012-11-01 10:49:24 UTC">
      <body>Fa talabt menoh y3mlholy</body>
    </message>
    <message id="m0027" participant="138112" time="2012-11-01 11:50:16 UTC">
      <body>Ya lahwy!</body>
    </message>
    <message id="m0028" participant="138112" time="2012-11-01 11:50:19 UTC">
      <body>Bad boy</body>
    </message>
    <message id="m0029" participant="138318" time="2012-11-01 11:51:18 UTC">
      <body>Kan 3ndy 7agat keter a3mlha</body>
    </message>
    <message id="m0030" participant="138112" time="2012-11-01 11:51:48 UTC">
      <body>Eh ya3ny</body>
    </message>
    <message id="m0031" participant="138318" time="2012-11-01 11:54:01 UTC">
      <body>Ya3ni kont 25ly 7ad y3mlholy wla as2t</body>
    </message>
    <message id="m0032" participant="138318" time="2012-11-01 11:54:05 UTC">
      <body>:p</body>
    </message>
    <message id="m0033" participant="138112" time="2012-11-01 11:55:43 UTC">
      <body>Ana Kont a3mlo</body>
    </message>
    <message id="m0034" participant="138318" time="2012-11-01 12:23:58 UTC">
      <body>:*</body>
    </message>
    <message id="m0035" participant="138112" time="2012-11-01 12:24:26 UTC">
      <body>:*</body>
    </message>
    <message id="m0036" participant="138112" time="2012-11-01 22:36:31 UTC">
      <body>Enta feeen</body>
    </message>
    <message id="m0037" participant="138318" time="2012-11-01 22:37:00 UTC">
      <body>Fel matar</body>
    </message>
    <message id="m0038" participant="138112" time="2012-11-01 22:37:05 UTC">
      <body>Leh</body>
    </message>
    <message id="m0039" participant="138318" time="2012-11-01 22:37:08 UTC">
      <body>Wenty</body>
    </message>
    <message id="m0040" participant="138112" time="2012-11-01 22:37:27 UTC">
      <body>Ana fi 5etooba</body>
    </message>
    <message id="m0041" participant="138318" time="2012-11-01 22:37:29 UTC">
      <body>Bageb wa7d sa7by lesa rag3</body>
    </message>
    <message id="m0042" participant="138318" time="2012-11-01 22:37:34 UTC">
      <body>Men l sodan</body>
    </message>
    <message id="m0043" participant="138112" time="2012-11-01 22:37:43 UTC">
      <body>Ahhhh mashy haha Sudan</body>
    </message>
    <message id="m0044" participant="138112" time="2012-11-01 22:37:57 UTC">
      <body>Msh Kont raye7 el so5na today?</body>
    </message>
    <message id="m0045" participant="138318" time="2012-11-01 22:38:16 UTC">
      <body>Aha mana ro7t w reg3t</body>
    </message>
    <message id="m0046" participant="138112" time="2012-11-01 22:38:33 UTC">
      <body>L7e2t?</body>
    </message>
    <message id="m0047" participant="138318" time="2012-11-01 22:39:22 UTC">
      <body>Aha</body>
    </message>
    <message id="m0048" participant="138318" time="2012-11-01 22:39:33 UTC">
      <body>Hawryky l swer awl matgyly</body>
    </message>
    <message id="m0049" participant="138112" time="2012-11-01 22:41:24 UTC">
      <body>Hatwareeni eh</body>
    </message>
    <message id="m0050" participant="138318" time="2012-11-01 22:42:20 UTC">
      <body>L swr</body>
    </message>
    <message id="m0051" participant="138112" time="2012-11-01 22:43:02 UTC">
      <body>Ahhhh wareeni</body>
    </message>
    <message id="m0052" participant="138318" time="2012-11-01 22:43:27 UTC">
      <body>Awl matgyly</body>
    </message>
    <message id="m0053" participant="138112" time="2012-11-01 22:43:38 UTC">
      <body>Ageelak feen?</body>
    </message>
    <message id="m0054" participant="138318" time="2012-11-01 22:43:41 UTC">
      <body>Heya 3ala l camera bet3t hekmt</body>
    </message>
    <message id="m0055" participant="138112" time="2012-11-01 22:43:50 UTC">
      <body>Mashyyyy okay</body>
    </message>
    <message id="m0056" participant="138112" time="2012-11-01 22:43:54 UTC">
      <body>Did you have fun</body>
    </message>
    <message id="m0057" participant="138318" time="2012-11-01 22:44:14 UTC">
      <body>Awiiiiii kanett 7lwaa awiiii</body>
    </message>
    <message id="m0058" participant="138112" time="2012-11-01 22:44:28 UTC">
      <body>Ro7to feen?</body>
    </message>
    <message id="m0059" participant="138112" time="2012-11-01 22:44:32 UTC">
      <body>Fel Sokhna</body>
    </message>
    <message id="m0060" participant="138318" time="2012-11-01 22:44:45 UTC">
      <body>Amego</body>
    </message>
    <message id="m0061" participant="138318" time="2012-11-01 22:44:52 UTC">
      <body>Hotel henak esmo amego</body>
    </message>
    <message id="m0062" participant="138112" time="2012-11-01 22:45:00 UTC">
      <body>Kan 7lw?</body>
    </message>
    <message id="m0063" participant="138318" time="2012-11-01 22:45:01 UTC">
      <body>Tegyly feenn ?!!</body>
    </message>
    <message id="m0064" participant="138318" time="2012-11-01 22:46:14 UTC">
      <body>Hwa kan ba7r w picin bas</body>
    </message>
    <message id="m0065" participant="138318" time="2012-11-01 22:46:15 UTC">
      <body>Kan 7lw</body>
    </message>
    <message id="m0066" participant="138318" time="2012-11-01 22:46:31 UTC">
      <body>(Y)</body>
    </message>
    <message id="m0067" participant="138318" time="2012-11-01 22:47:21 UTC">
      <body>Wenty feen</body>
    </message>
    <message id="m0068" participant="138112" time="2012-11-01 22:47:59 UTC">
      <body>Oltelak Ana f 5otooba</body>
    </message>
    <message id="m0069" participant="138318" time="2012-11-01 22:48:20 UTC">
      <body>Magatlesh</body>
    </message>
    <message id="m0070" participant="138112" time="2012-11-01 22:48:39 UTC">
      <body>Mmmm okay</body>
    </message>
    <message id="m0071" participant="138318" time="2012-11-01 22:49:02 UTC">
      <body>Zakrty ll sat</body>
    </message>
    <message id="m0072" participant="138112" time="2012-11-01 22:49:49 UTC">
      <body>Ahhhh shwaya</body>
    </message>
    <message id="m0073" participant="138112" time="2012-11-01 22:49:58 UTC">
      <body>W shwaya bokra b2a</body>
    </message>
    <message id="m0074" participant="138318" time="2012-11-01 22:51:15 UTC">
      <body>Mmmm</body>
    </message>
    <message id="m0075" participant="138112" time="2012-11-01 23:46:04 UTC">
      <body>Hahahaha b2olak eh</body>
    </message>
    <message id="m0076" participant="138318" time="2012-11-02 00:51:37 UTC">
      <body>Ollay a</body>
    </message>
    <message id="m0077" participant="138112" time="2012-11-02 22:30:33 UTC">
      <body>Da5el el sat bokra</body>
    </message>
    <message id="m0078" participant="138318" time="2012-11-02 22:33:10 UTC">
      <body>Aha</body>
    </message>
    <message id="m0079" participant="138318" time="2012-11-02 22:33:39 UTC">
      <body>Wenty</body>
    </message>
    <message id="m0080" participant="138112" time="2012-11-02 22:39:00 UTC">
      <body>Ahhh!!</body>
    </message>
    <message id="m0081" participant="138318" time="2012-11-02 22:41:13 UTC">
      <body>3mlty eh enhrda</body>
    </message>
    <message id="m0082" participant="138112" time="2012-11-02 22:41:50 UTC">
      <body>Wala 7aga</body>
    </message>
    <message id="m0083" participant="138112" time="2012-11-02 22:41:53 UTC">
      <body>Zakert</body>
    </message>
    <message id="m0084" participant="138318" time="2012-11-02 22:45:41 UTC">
      <body>Shwaya mesh awii</body>
    </message>
    <message id="m0085" participant="138318" time="2012-11-02 22:45:52 UTC">
      <body>7let 20 question bas</body>
    </message>
    <message id="m0086" participant="138318" time="2012-11-02 22:45:54 UTC">
      <body>:D</body>
    </message>
    <message id="m0087" participant="138318" time="2012-11-02 22:45:57 UTC">
      <body>Wenty</body>
    </message>
  </messages>
</conversation>
