<?xml version="1.0" encoding="UTF-8"?>
<conversation id="CHT_ARZ_20130216.0003" medium="CHT" donated="true">
  <messages>
    <message id="m0000" participant="138328" time="2013-02-16 14:00:25 UTC">
      <body>Enty feen</body>
    </message>
    <message id="m0001" participant="138112" time="2013-02-16 14:00:56 UTC">
      <body>Fel art</body>
    </message>
    <message id="m0002" participant="138328" time="2013-02-16 14:01:56 UTC">
      <body>Tyb</body>
    </message>
    <message id="m0003" participant="138328" time="2013-02-16 14:02:00 UTC">
      <body>Msh htnzli</body>
    </message>
    <message id="m0004" participant="138112" time="2013-02-16 14:18:56 UTC">
      <body>Ana taht</body>
    </message>
    <message id="m0005" participant="138112" time="2013-02-16 14:19:03 UTC">
      <body>3and el stairs</body>
    </message>
    <message id="m0006" participant="138112" time="2013-02-16 14:19:06 UTC">
      <body>M3a samny</body>
    </message>
    <message id="m0007" participant="138112" time="2013-02-16 14:19:10 UTC">
      <body>Taali</body>
    </message>
    <message id="m0008" participant="138328" time="2013-02-16 14:19:22 UTC">
      <body>T3ali enty</body>
    </message>
    <message id="m0009" participant="138328" time="2013-02-16 14:19:38 UTC">
      <body>Gayalekkk</body>
    </message>
  </messages>
</conversation>
