<?xml version="1.0" encoding="UTF-8"?>
<conversation id="CHT_ARZ_20130502.0006" medium="CHT" donated="true">
  <messages>
    <message id="m0000" time="2013-05-02 00:05:21 UTC" participant="139588">
      <body>Enty leh 3latool msh fadya?</body>
    </message>
    <message id="m0001" time="2013-05-02 00:10:52 UTC" participant="139134">
      <body>klns...,,</body>
    </message>
    <message id="m0002" time="2013-05-02 00:16:14 UTC" participant="139588">
      <body>Akeed tb3an</body>
    </message>
    <message id="m0003" time="2013-05-02 12:24:19 UTC" participant="139134">
      <body>sooooory</body>
    </message>
    <message id="m0004" time="2013-05-02 12:24:25 UTC" participant="139134">
      <body>iwnas sleeping</body>
    </message>
    <message id="m0011" time="2013-05-02 22:26:48 UTC" participant="139588">
      <body>:(</body>
    </message>
    <message id="m0012" time="2013-05-02 23:03:53 UTC" participant="139134">
      <body>tyb ma3lsh mmkn say ?</body>
    </message>
    <message id="m0013" time="2013-05-02 23:04:16 UTC" participant="139588">
      <body>Y3ni eh?</body>
    </message>
    <message id="m0015" time="2013-05-03 00:50:29 UTC" participant="139588">
      <body>It's okay khalas</body>
    </message>
    <message id="m0018" time="2013-05-03 01:09:35 UTC" participant="139134">
      <body>aizaaa ashuff</body>
    </message>
    <message id="m0019" time="2013-05-03 01:09:41 UTC" participant="139134">
      <body>ana bas out of town</body>
    </message>
    <message id="m0020" time="2013-05-03 01:09:43 UTC" participant="139134">
      <body>msh aktr</body>
    </message>
    <message id="m0021" time="2013-05-03 01:13:25 UTC" participant="139588">
      <body>Tyb yb2a later then</body>
    </message>
    <message id="m0022" time="2013-05-03 01:29:54 UTC" participant="139134">
      <body>tyb mana ba2olk sat</body>
    </message>
  </messages>
</conversation>
