<?xml version="1.0" encoding="UTF-8"?>
<conversation id="CHT_ARZ_20130325.0001" medium="CHT" donated="true">
  <messages>
    <message id="m0000" participant="138112" time="2013-03-25 22:20:28 UTC">
      <body>Andrew</body>
    </message>
    <message id="m0001" participant="138112" time="2013-03-25 22:20:38 UTC">
      <body>Ana mesh fahma el 5ara da</body>
    </message>
    <message id="m0002" participant="138112" time="2013-03-25 22:21:12 UTC">
      <body>El equation bta3t r w I</body>
    </message>
    <message id="m0003" participant="138319" time="2013-03-25 23:03:58 UTC">
      <body>El r dah geh mn el rule bta3 el p</body>
    </message>
    <message id="m0004" participant="138319" time="2013-03-25 23:04:06 UTC">
      <body>El I sorry</body>
    </message>
    <message id="m0005" participant="138112" time="2013-03-25 23:16:44 UTC">
      <body>Ya she5 -__-</body>
    </message>
    <message id="m0006" participant="138112" time="2013-03-25 23:16:57 UTC">
      <body>Hahaha Ana asdi el relation</body>
    </message>
    <message id="m0007" participant="138319" time="2013-03-25 23:17:09 UTC">
      <body>Msh fahm el moshkla :D</body>
    </message>
    <message id="m0008" participant="138112" time="2013-03-25 23:17:12 UTC">
      <body>Yaani el shar7, el equation d gat ezay</body>
    </message>
    <message id="m0009" participant="138319" time="2013-03-25 23:17:40 UTC">
      <body>Mot2kda ank 3ayza t3rfy</body>
    </message>
    <message id="m0010" participant="138319" time="2013-03-25 23:17:46 UTC">
      <body>:D hahaha</body>
    </message>
    <message id="m0011" participant="138112" time="2013-03-25 23:17:57 UTC">
      <body>Ah mota2akeda haga</body>
    </message>
    <message id="m0012" participant="138112" time="2013-03-25 23:18:01 UTC">
      <body>*hahaha</body>
    </message>
    <message id="m0013" participant="138319" time="2013-03-25 23:18:18 UTC">
      <body>Aslo malosh lazma</body>
    </message>
    <message id="m0014" participant="138319" time="2013-03-25 23:18:22 UTC">
      <body>:D</body>
    </message>
    <message id="m0015" participant="138112" time="2013-03-25 23:18:57 UTC">
      <body>Talama enta shayef keda mashy hahaha</body>
    </message>
    <message id="m0016" participant="138112" time="2013-03-25 23:19:23 UTC">
      <body>Ana da5la anam b2a, wish me luck bokra fel physics exam </body>
    </message>
    <message id="m0018" participant="138112" time="2013-03-26 15:35:54 UTC">
      <body>Ana 3amalt kwayes AWY</body>
    </message>
    <message id="m0019" participant="138319" time="2013-03-26 15:46:20 UTC">
      <body>Aywa b2aaaaz ;)</body>
    </message>
  </messages>
</conversation>
