<?xml version="1.0" encoding="UTF-8"?>
<conversation id="CHT_ARZ_20130419.0010" medium="CHT" donated="true">
  <messages>
    <message id="m0000" time="2013-04-19 03:15:44 UTC" participant="139275">
      <body>amiraaaaa</body>
    </message>
    <message id="m0001" time="2013-04-19 03:15:51 UTC" participant="139275">
      <body>ezayeeek?</body>
    </message>
    <message id="m0002" time="2013-04-19 03:16:26 UTC" participant="139275">
      <body>w eh akhbarek? nawya 3ala emta isA?</body>
    </message>
    <message id="m0003" time="2013-04-19 03:21:55 UTC" participant="139275">
      <body>el 7amdo lealalh</body>
    </message>
    <message id="m0004" time="2013-04-19 03:22:08 UTC" participant="139275">
      <body>enty ale 3amla eh?</body>
    </message>
    <message id="m0005" time="2013-04-19 03:22:22 UTC" participant="139275">
      <body>7addty 7'alas issa?</body>
    </message>
    <message id="m0006" time="2013-04-19 03:22:56 UTC" participant="139275">
      <body>Rabna m3aki ya rb</body>
    </message>
    <message id="m0007" time="2013-04-19 03:23:02 UTC" participant="139275">
      <body>w tkon shla isA</body>
    </message>
    <message id="m0008" time="2013-04-19 03:23:28 UTC" participant="151287">
      <body>Monmon</body>
    </message>
    <message id="m0009" time="2013-04-19 03:23:38 UTC" participant="151287">
      <body>Ana tamm e7lll</body>
    </message>
    <message id="m0010" time="2013-04-19 03:23:41 UTC" participant="151287">
      <body>U?</body>
    </message>
    <message id="m0011" time="2013-04-19 03:23:55 UTC" participant="151287">
      <body>Ya7iaa 3aml eh</body>
    </message>
    <message id="m0012" time="2013-04-19 03:24:13 UTC" participant="151287">
      <body>Ana yom 5/5 isaa</body>
    </message>
    <message id="m0013" time="2013-04-19 03:24:49 UTC" participant="151287">
      <body>Ah e7lll</body>
    </message>
    <message id="m0014" time="2013-04-19 03:25:24 UTC" participant="151287">
      <body>Mar3obaa</body>
    </message>
    <message id="m0015" time="2013-04-19 03:36:40 UTC" participant="139275">
      <body>lala aswa2 7aga elkhof</body>
    </message>
    <message id="m0016" time="2013-04-19 03:36:45 UTC" participant="139275">
      <body>isA kher</body>
    </message>
  </messages>
</conversation>

