<?xml version="1.0" encoding="UTF-8"?>
<conversation id="CHT_ARZ_20120413.0001" medium="CHT" donated="true">
  <messages>
    <message id="m0000" time="2012-04-13 17:33:57 UTC" participant="139275">
      <body>shof ya a7'y elbany 2admen :D</body>
    </message>
    <message id="m0001" time="2012-04-13 17:35:20 UTC" participant="139566">
      <body>W m3 zalk msh 3arfa tgeb 2oda m2asha mazbot</body>
    </message>
    <message id="m0002" time="2012-04-13 17:35:27 UTC" participant="139566">
      <body>Bs b2a ya sedy w omnia omnia gabt i fone    :D</body>
    </message>
    <message id="m0003" time="2012-04-13 17:36:20 UTC" participant="139275">
      <body>e7s :D</body>
    </message>
    <message id="m0004" time="2012-04-13 17:36:42 UTC" participant="139275">
      <body>yade elsyaaaa7 :$</body>
    </message>
    <message id="m0005" time="2012-04-13 17:37:38 UTC" participant="139566">
      <body>Ana 3agbny el bta3 da bs el moshkla eny msh 3arfa ad5ol wireless w bad5ol b el 5t     :S</body>
    </message>
    <message id="m0006" time="2012-04-13 17:38:18 UTC" participant="139566">
      <body>La2 ensy ay 7aga twsl l shaza yb2a btwslny f nfs el la7za :D</body>
    </message>
    <message id="m0007" time="2012-04-13 17:38:34 UTC" participant="139566">
      <body>Fakrteny as2al 3mlt eh f el exam</body>
    </message>
    <message id="m0008" time="2012-04-13 17:38:46 UTC" participant="139275">
      <body>ahaaa w ana 3ala frkra now a7'do mny 5 LE :$</body>
    </message>
    <message id="m0009" time="2012-04-13 17:39:00 UTC" participant="139275">
      <body>de 3alam 3'arebaaa!!</body>
    </message>
    <message id="m0010" time="2012-04-13 17:39:11 UTC" participant="139566">
      <body>O5tk gaia f 3ed el fas7 ?</body>
    </message>
    <message id="m0011" time="2012-04-13 17:39:36 UTC" participant="139275">
      <body>ahy gambi ahee</body>
    </message>
    <message id="m0012" time="2012-04-13 17:39:42 UTC" participant="139566">
      <body>5 lE ya boyyyy la ana 7amshy mn hna ana aslan m3aia gneh</body>
    </message>
    <message id="m0013" time="2012-04-13 17:39:48 UTC" participant="139275">
      <body>ana fe cairo</body>
    </message>
    <message id="m0014" time="2012-04-13 17:39:59 UTC" participant="139566">
      <body>Slmy 3aliha kteeer</body>
    </message>
    <message id="m0015" time="2012-04-13 17:40:08 UTC" participant="139275">
      <body>ana 3shan iphone lkn 3'er keda 3ady</body>
    </message>
    <message id="m0016" time="2012-04-13 17:40:42 UTC" participant="139566">
      <body>W 2oly l karim y3zmk 3la ice cream quidar</body>
    </message>
    <message id="m0017" time="2012-04-13 17:41:20 UTC" participant="139566">
      <body>Tyb el 7amdolalah eny fa2era w m3aia mobile 3aml nafso black berry</body>
    </message>
    <message id="m0018" time="2012-04-13 17:41:39 UTC" participant="139275">
      <body>mai bt2olak men 3azmk 3aleh 2abl keda</body>
    </message>
    <message id="m0019" time="2012-04-13 17:41:54 UTC" participant="139275">
      <body>?</body>
    </message>
    <message id="m0020" time="2012-04-13 17:42:45 UTC" participant="139566">
      <body>Bareeee2 ya beh</body>
    </message>
    <message id="m0021" time="2012-04-13 17:43:05 UTC" participant="139275">
      <body>e3trfy ya bet</body>
    </message>
    <message id="m0022" time="2012-04-13 17:43:15 UTC" participant="139275">
      <body>mesh nawya t7kili ba2a :D</body>
    </message>
    <message id="m0023" time="2012-04-13 17:43:36 UTC" participant="139566">
      <body>Wlahy da abeh karim hoa ely 2aly 3alih</body>
    </message>
    <message id="m0024" time="2012-04-13 17:44:05 UTC" participant="139566">
      <body>Mna bt3lm what's app leh ;)</body>
    </message>
    <message id="m0025" time="2012-04-13 17:47:30 UTC" participant="139566">
      <body>Fen ayam zman lma el wa7d kan bytzbt b sms :D</body>
    </message>
    <message id="m0026" time="2012-04-13 17:57:19 UTC" participant="139275">
      <body>:D bzabt keda</body>
    </message>
    <message id="m0027" time="2012-04-13 17:57:24 UTC" participant="139275">
      <body>howa gamed</body>
    </message>
    <message id="m0028" time="2012-04-13 17:57:54 UTC" participant="139566">
      <body>Eh hoa el whats app :dd</body>
    </message>
    <message id="m0029" time="2012-04-13 17:57:54 UTC" participant="139566">
      <body>?</body>
    </message>
    <message id="m0030" time="2012-04-13 17:58:16 UTC" participant="139275">
      <body>awya ya bet howa fe 3'eroo</body>
    </message>
    <message id="m0031" time="2012-04-13 17:59:06 UTC" participant="139566">
      <body>Ya omnia enty aslk mn zmn el gwabat msh 2adra asd2 en de omnia :D</body>
    </message>
    <message id="m0032" time="2012-04-13 17:59:36 UTC" participant="139275">
      <body>hehhehehhheee ana 3andy gawbat bl3abet</body>
    </message>
    <message id="m0033" time="2012-04-13 18:03:47 UTC" participant="139566">
      <body>Hehehehehhee bs rbna akrmk now aho</body>
    </message>
    <message id="m0034" time="2012-04-13 18:07:36 UTC" participant="139275">
      <body>:)))</body>
    </message>
    <message id="m0035" time="2012-04-13 18:08:14 UTC" participant="139275">
      <body>eh nashtatak ela7'eraa ba2a?</body>
    </message>
    <message id="m0036" time="2012-04-13 18:08:20 UTC" participant="139566">
      <body>Mat3rfesh shimaa w fo2ad gom wla l2</body>
    </message>
    <message id="m0037" time="2012-04-13 18:08:35 UTC" participant="139275">
      <body>howa msrosh asln i think</body>
    </message>
    <message id="m0038" time="2012-04-13 18:09:12 UTC" participant="139566">
      <body>Mmmmm nshtat , momkn atklm 3n el ksl :D ?</body>
    </message>
    <message id="m0039" time="2012-04-13 18:09:47 UTC" participant="139275">
      <body>hehegegeee. leh keda ba2a?</body>
    </message>
    <message id="m0040" time="2012-04-13 18:12:45 UTC" participant="139566">
      <body>Hia dayman el nashtat tnthy el nhaia de :D el mohm eshtrety el mla7a w fta7t el 3lb w m3al2 el ice cream ?</body>
    </message>
    <message id="m0041" time="2012-04-13 18:14:04 UTC" participant="139566">
      <body>Yala 7a2om now ashofk later 3 el bta3 da :)</body>
    </message>
    <message id="m0042" time="2012-04-13 18:38:10 UTC" participant="139275">
      <body>salam ya 7oby :)</body>
    </message>
    <message id="m0043" time="2012-04-14 18:18:00 UTC" participant="139275">
      <body>btzkry ya hanem</body>
    </message>
    <message id="m0044" time="2012-04-14 18:24:54 UTC" participant="139566">
      <body>Yaa enty men ?</body>
    </message>
    <message id="m0045" time="2012-04-14 18:25:17 UTC" participant="139275">
      <body>omnia hanem</body>
    </message>
    <message id="m0046" time="2012-04-14 18:26:01 UTC" participant="139566">
      <body>Tyb w btetklmy 3n nfsk kda leh msh bt7beky ?</body>
    </message>
    <message id="m0047" time="2012-04-14 18:27:54 UTC" participant="139275">
      <body>men de!!</body>
    </message>
    <message id="m0048" time="2012-04-14 18:28:24 UTC" participant="139566">
      <body>Enty bt2oly 3la nfsk omnia hanm leh</body>
    </message>
    <message id="m0049" time="2012-04-14 18:28:48 UTC" participant="139566">
      <body>M3lsh asly bzakr w bab2a 3'abia f el wa2t da</body>
    </message>
  </messages>
</conversation>
