<?xml version="1.0" encoding="UTF-8"?>
<conversation id="CHT_ARZ_20130513.0001" medium="CHT" donated="true">
  <messages>
    <message id="m0001" time="2013-05-13 03:36:23 UTC" participant="139508">
      <body>ei nzam isa</body>
    </message>
    <message id="m0002" time="2013-05-13 03:36:24 UTC" participant="139508">
      <body>?</body>
    </message>
    <message id="m0003" time="2013-05-13 03:47:14 UTC" participant="139540">
      <body>Todayyy mesh haynfa333 :( ha7awel azabat bkra aw ba3do</body>
    </message>
  </messages>
</conversation>
