<?xml version="1.0" encoding="UTF-8"?>
<conversation id="CHT_ARZ_20121117.0004" medium="CHT" donated="true">
  <messages>
    <message id="m0000" time="2012-11-17 18:03:00 UTC" participant="139275">
      <body>3agwaaaa</body>
    </message>
    <message id="m0001" time="2012-11-17 20:07:00 UTC" participant="139578">
      <body>Wla 7oda</body>
    </message>
    <message id="m0002" time="2012-11-17 20:17:00 UTC" participant="139275">
      <body>Ehhhhhhh</body>
    </message>
    <message id="m0003" time="2012-11-17 20:21:00 UTC" participant="139578">
      <body>Enta ele btndah</body>
    </message>
    <message id="m0004" time="2012-11-17 20:21:00 UTC" participant="139275">
      <body>Bl3b ya gad3</body>
    </message>
    <message id="m0005" time="2012-11-17 20:22:00 UTC" participant="139578">
      <body>Enta feen ya la3eb</body>
    </message>
    <message id="m0006" time="2012-11-17 20:29:00 UTC" participant="139275">
      <body>Ana fe al mktab ak be3eed</body>
    </message>
    <message id="m0007" time="2012-11-17 20:30:00 UTC" participant="139578">
      <body>Mmmmmmmmmm</body>
    </message>
    <message id="m0008" time="2012-11-17 20:30:00 UTC" participant="139578">
      <body>tegy b alsalama ya baby</body>
    </message>
  </messages>
</conversation>
