<?xml version="1.0" encoding="UTF-8"?>
<conversation id="CHT_ARZ_20130321.0002" medium="CHT" donated="true">
  <messages>
    <message id="m0000" time="2013-03-21 19:33:43 UTC" participant="139275">
      <body>&lt;media omitted&gt;</body>
    </message>
    <message id="m0001" time="2013-03-21 19:33:53 UTC" participant="139275">
      <body>shofty el gamal :D</body>
    </message>
    <message id="m0002" time="2013-03-21 21:30:07 UTC" participant="139275">
      <body>يا شيخة !!!</body>
    </message>
    <message id="m0003" time="2013-03-21 21:30:28 UTC" participant="139275">
      <body>انتي يارب</body>
    </message>
    <message id="m0004" time="2013-03-21 21:30:36 UTC" participant="139275">
      <body>محمد عمل ايه؟</body>
    </message>
    <message id="m0005" time="2013-03-21 21:31:21 UTC" participant="139558">
      <body>يا حبيبتي</body>
    </message>
    <message id="m0006" time="2013-03-21 21:31:25 UTC" participant="139558">
      <body>زي القمر</body>
    </message>
    <message id="m0007" time="2013-03-21 21:31:32 UTC" participant="139558">
      <body>ماما جميلة خالص</body>
    </message>
    <message id="m0008" time="2013-03-21 21:31:43 UTC" participant="139558">
      <body>ربنا يقومك بالسلامة يا رب</body>
    </message>
    <message id="m0009" time="2013-03-21 21:31:49 UTC" participant="139558">
      <body/>
    </message>
    <message id="m0010" time="2013-03-21 21:32:02 UTC" participant="139275">
      <body>طب لو بعتيله على الواتس اب ميردش بردو؟</body>
    </message>
    <message id="m0011" time="2013-03-21 21:32:06 UTC" participant="139558">
      <body>والله جميلة خالص</body>
    </message>
    <message id="m0012" time="2013-03-21 21:32:29 UTC" participant="139275">
      <body>ممممم</body>
    </message>
    <message id="m0013" time="2013-03-21 21:32:37 UTC" participant="139275">
      <body>ربنا معاه يارب</body>
    </message>
    <message id="m0014" time="2013-03-21 21:32:44 UTC" participant="139558">
      <body>لسه والله مستنياه يطمني</body>
    </message>
    <message id="m0015" time="2013-03-21 21:32:48 UTC" participant="139275">
      <body>ويجعل القبول في وشه يارب</body>
    </message>
    <message id="m0016" time="2013-03-21 21:33:08 UTC" participant="139558">
      <body>مش عارفة عنه حاجة خالص</body>
    </message>
    <message id="m0017" time="2013-03-21 21:33:57 UTC" participant="139558">
      <body>مش عاوزة اعمله قلق</body>
    </message>
    <message id="m0018" time="2013-03-21 21:34:04 UTC" participant="139558">
      <body>سيباه براحته</body>
    </message>
    <message id="m0019" time="2013-03-21 21:35:57 UTC" participant="139558">
      <body>امين يا رب</body>
    </message>
    <message id="m0020" time="2013-03-21 21:36:09 UTC" participant="139558">
      <body>ربنا يكرمهم</body>
    </message>
    <message id="m0021" time="2013-03-22 13:52:59 UTC" participant="139558">
      <body>طمنيني عليكي يا أمنية لما تقدري</body>
    </message>
  </messages>
</conversation>
