<?xml version="1.0" encoding="UTF-8"?>
<conversation id="CHT_ARZ_20130506.0003" medium="CHT" donated="true">
  <messages>
    <message id="m0000" time="2013-05-06 14:06:00 UTC" participant="139275">
      <body>دودو</body>
    </message>
    <message id="m0001" time="2013-05-06 14:06:07 UTC" participant="139275">
      <body>عاملة ايه يا حبي؟</body>
    </message>
    <message id="m0002" time="2013-05-06 14:06:29 UTC" participant="139275">
      <body>وكنزي حييبة قلبي ازيها؟</body>
    </message>
    <message id="m0003" time="2013-05-06 18:16:34 UTC" participant="139558">
      <body>منمن</body>
    </message>
    <message id="m0004" time="2013-05-06 18:16:37 UTC" participant="139558">
      <body>ازيك انت</body>
    </message>
    <message id="m0005" time="2013-05-06 18:16:44 UTC" participant="139558">
      <body>إحنا بخير الحمد لله</body>
    </message>
    <message id="m0006" time="2013-05-06 18:16:52 UTC" participant="139558">
      <body>طمنيني انت عليكوا</body>
    </message>
    <message id="m0007" time="2013-05-06 18:17:02 UTC" participant="139558">
      <body>عاملين ايه دلوقتي</body>
    </message>
    <message id="m0008" time="2013-05-06 18:17:34 UTC" participant="139558">
      <body>&lt;media omitted&gt;</body>
    </message>
  </messages>
</conversation>
