<?xml version="1.0" encoding="UTF-8"?>
<conversation id="CHT_ARZ_20130405.0004" medium="CHT" donated="true">
  <messages>
    <message id="m0000" time="2013-04-05 10:44:27 UTC" participant="139275">
      <body>&lt;media omitted&gt;</body>
    </message>
    <message id="m0001" time="2013-04-05 12:28:56 UTC" participant="139561">
      <body>Da 7a2ee2y !!!!!!!!!!!!</body>
    </message>
    <message id="m0002" time="2013-04-05 12:29:00 UTC" participant="139561">
      <body/>
    </message>
    <message id="m0003" time="2013-04-05 12:29:05 UTC" participant="139561">
      <body/>
    </message>
  </messages>
</conversation>
