<?xml version="1.0" encoding="UTF-8"?>
<conversation id="CHT_ARZ_20130212.0002" medium="CHT" donated="true">
  <messages>
    <message id="m0000" participant="138319" time="2013-02-12 20:05:32 UTC">
      <body>Np 3amla eh ya 7obi :*</body>
    </message>
    <message id="m0001" participant="138112" time="2013-02-12 20:21:09 UTC">
      <body>Ana Kwayesa, enta 3amel eh</body>
    </message>
    <message id="m0002" participant="138319" time="2013-02-12 20:25:02 UTC">
      <body>Tmam el7</body>
    </message>
    <message id="m0003" participant="138319" time="2013-02-12 20:25:09 UTC">
      <body>Etbsty fy sharm</body>
    </message>
    <message id="m0004" participant="138112" time="2013-02-12 20:44:25 UTC">
      <body>Ah el7, a5et tan :D</body>
    </message>
    <message id="m0005" participant="138112" time="2013-02-12 20:45:29 UTC">
      <body>Enta el agaza beta3tak 5elset wla lesa</body>
    </message>
    <message id="m0006" participant="138319" time="2013-02-12 20:46:31 UTC">
      <body>La2 lasa</body>
    </message>
    <message id="m0007" participant="138112" time="2013-02-12 21:00:26 UTC">
      <body>Haterga3 emta?</body>
    </message>
    <message id="m0008" participant="138319" time="2013-02-12 21:08:13 UTC">
      <body>Kman asbo3 kda</body>
    </message>
    <message id="m0009" participant="138112" time="2013-02-12 21:08:41 UTC">
      <body>Eh!!! Kol da leh yaani, safer b2a Keda kam yom</body>
    </message>
    <message id="m0010" participant="138319" time="2013-02-12 21:08:59 UTC">
      <body>3ayz ashofk sytk</body>
    </message>
    <message id="m0011" participant="138112" time="2013-02-12 21:09:27 UTC">
      <body>Tayeb this weekend b2a</body>
    </message>
    <message id="m0012" participant="138319" time="2013-02-12 21:09:51 UTC">
      <body>Isa</body>
    </message>
    <message id="m0013" participant="138112" time="2013-02-12 21:10:39 UTC">
      <body>Bas matgeesh bas matrodesh</body>
    </message>
    <message id="m0014" participant="138319" time="2013-02-12 21:11:49 UTC">
      <body>Ana mardtsh 3laki ana mabrodsh 3ala yomna hahaha</body>
    </message>
    <message id="m0015" participant="138112" time="2013-02-12 21:12:38 UTC">
      <body>HAHAHAHAHHA!!!!!</body>
    </message>
    <message id="m0016" participant="138112" time="2013-02-12 21:13:18 UTC">
      <body>Tab ma heya yomna el betnazam w Keda</body>
    </message>
    <message id="m0017" participant="138112" time="2013-02-12 21:13:36 UTC">
      <body>Ba3d Ana yaani el atesel</body>
    </message>
    <message id="m0018" participant="138319" time="2013-02-12 21:14:05 UTC">
      <body>Mana baklmk aho</body>
    </message>
    <message id="m0019" participant="138112" time="2013-02-12 21:15:08 UTC">
      <body>Mashy ya Andrew haha</body>
    </message>
    <message id="m0020" participant="138112" time="2013-02-12 21:15:21 UTC">
      <body>Shoof el yom el 3ayez tenzl f w oli</body>
    </message>
    <message id="m0021" participant="138319" time="2013-02-12 21:22:03 UTC">
      <body>La2 shofi anty ana fady :D</body>
    </message>
    <message id="m0022" participant="138112" time="2013-02-12 21:23:18 UTC">
      <body>5alas okay momken Thursday or Saturday</body>
    </message>
    <message id="m0024" participant="138319" time="2013-02-12 21:23:59 UTC">
      <body>Eshta nb2a nshof abliha lasa msh 3arf</body>
    </message>
    <message id="m0026" participant="138112" time="2013-02-12 21:24:12 UTC">
      <body>Bt3mel eh</body>
    </message>
    <message id="m0027" participant="138319" time="2013-02-12 21:24:51 UTC">
      <body>Fy el shAre3 m3 wa7ed sa7by wanty</body>
    </message>
    <message id="m0028" participant="138112" time="2013-02-12 21:25:05 UTC">
      <body>Bt3mlo eh</body>
    </message>
    <message id="m0029" participant="138112" time="2013-02-12 21:25:14 UTC">
      <body>Ana a3da watching tv</body>
    </message>
    <message id="m0030" participant="138319" time="2013-02-12 21:25:28 UTC">
      <body>Fy el rehab fy el guc</body>
    </message>
    <message id="m0031" participant="138112" time="2013-02-12 21:25:40 UTC">
      <body>Ana te3ebt men el madrasa</body>
    </message>
    <message id="m0032" participant="138112" time="2013-02-12 21:25:46 UTC">
      <body>Msh aroo7 bokra</body>
    </message>
    <message id="m0033" participant="138319" time="2013-02-12 21:25:58 UTC">
      <body>Hahahaha leh bas</body>
    </message>
    <message id="m0034" participant="138112" time="2013-02-12 21:26:23 UTC">
      <body>Msh adra ashoof el ashkal el m3aya fel madrasa kol yom Keda</body>
    </message>
    <message id="m0035" participant="138112" time="2013-02-12 21:26:27 UTC">
      <body>T3ebt haha</body>
    </message>
    <message id="m0036" participant="138319" time="2013-02-12 21:26:44 UTC">
      <body>Hahahahaha asdk meen</body>
    </message>
    <message id="m0037" participant="138112" time="2013-02-12 21:27:03 UTC">
      <body>La2 msh asdi 7ad bas f nas Keda rezla haha</body>
    </message>
    <message id="m0038" participant="138112" time="2013-02-12 21:27:19 UTC">
      <body>Asl Ana el class bta3y mo3zamo welad</body>
    </message>
    <message id="m0039" participant="138112" time="2013-02-12 21:27:28 UTC">
      <body>W hezarhom sa5iffff awy</body>
    </message>
    <message id="m0040" participant="138112" time="2013-02-12 21:27:45 UTC">
      <body>F kol yom Keda msh ba2dar</body>
    </message>
    <message id="m0042" participant="138319" time="2013-02-12 21:33:20 UTC">
      <body>Hahahahahahaha</body>
    </message>
    <message id="m0043" participant="138319" time="2013-02-12 21:33:43 UTC">
      <body>La2 bas ana kont wa3dk afs7k fy el agaza fady nafsak</body>
    </message>
    <message id="m0044" participant="138112" time="2013-02-12 21:34:46 UTC">
      <body>Tefasa7ni?? Hahahaha feen b2a</body>
    </message>
    <message id="m0045" participant="138112" time="2013-02-12 21:35:05 UTC">
      <body>Ana dayman fadyalak ya Andrew :*</body>
    </message>
    <message id="m0046" participant="138319" time="2013-02-12 21:37:03 UTC">
      <body>Malkish da3wa b2a :*</body>
    </message>
    <message id="m0047" participant="138112" time="2013-02-12 21:37:51 UTC">
      <body>Mashyyyy ya Andrew we will see hahaha</body>
    </message>
    <message id="m0048" participant="138112" time="2013-02-12 21:39:36 UTC">
      <body>E7na ay heta hanro7a yomna hat2ool el nas kolahaaaa te3rafni haha</body>
    </message>
    <message id="m0049" participant="138112" time="2013-02-12 21:40:09 UTC">
      <body>Ehna we7na rayheen sharm 2aletli Ana el nas kolaha f sharm 3arfani hatshoofi</body>
    </message>
    <message id="m0050" participant="138112" time="2013-02-12 21:40:27 UTC">
      <body>Hahaha Begad fazi3aaa</body>
    </message>
    <message id="m0051" participant="138112" time="2013-02-12 21:42:26 UTC">
      <body>Han7otaha f shantet el 3arabia</body>
    </message>
    <message id="m0053" participant="138112" time="2013-02-12 21:44:27 UTC">
      <body>Haha ahh</body>
    </message>
    <message id="m0054" participant="138112" time="2013-02-12 21:44:37 UTC">
      <body>Ettkalemt maaha</body>
    </message>
    <message id="m0055" participant="138112" time="2013-02-12 21:44:43 UTC">
      <body>Enaharda</body>
    </message>
    <message id="m0057" participant="138112" time="2013-02-12 21:46:13 UTC">
      <body>Eh da Begad 7aga 3'areeeeba haha</body>
    </message>
    <message id="m0058" participant="138112" time="2013-02-12 21:46:58 UTC">
      <body>Ana w Michael lesa mesh benetkalem hahaha</body>
    </message>
    <message id="m0059" participant="138112" time="2013-02-12 21:47:07 UTC">
      <body>Ta5ayallll</body>
    </message>
    <message id="m0060" participant="138319" time="2013-02-12 21:51:35 UTC">
      <body>Tab hat3mli eh</body>
    </message>
    <message id="m0061" participant="138112" time="2013-02-12 21:52:00 UTC">
      <body>Ha3mel eh f eh</body>
    </message>
    <message id="m0062" participant="138319" time="2013-02-12 21:52:31 UTC">
      <body>Fy mwdoo3 mikel</body>
    </message>
    <message id="m0063" participant="138112" time="2013-02-12 21:53:04 UTC">
      <body>Michael***</body>
    </message>
    <message id="m0064" participant="138112" time="2013-02-12 21:53:13 UTC">
      <body>W wala haga ha3mel eh yaani</body>
    </message>
    <message id="m0066" participant="138319" time="2013-02-12 21:53:48 UTC">
      <body>Ana 3arf btktb ezay 3ala fkra ana ba5tsr :D</body>
    </message>
    <message id="m0068" participant="138319" time="2013-02-12 21:55:30 UTC">
      <body>:D tab 5laas kda ya3ni bee5</body>
    </message>
    <message id="m0069" participant="138112" time="2013-02-12 21:56:15 UTC">
      <body>Msh fahma</body>
    </message>
    <message id="m0070" participant="138319" time="2013-02-12 21:56:38 UTC">
      <body>Asdy mafish amal y3ni wala eh</body>
    </message>
    <message id="m0071" participant="138112" time="2013-02-12 21:57:29 UTC">
      <body>Ya</body>
    </message>
    <message id="m0072" participant="138112" time="2013-02-12 21:57:38 UTC">
      <body>Ana lama 3'elet f I said sorry, he didn't</body>
    </message>
    <message id="m0073" participant="138319" time="2013-02-12 21:58:24 UTC">
      <body>Mmmm</body>
    </message>
    <message id="m0075" participant="138112" time="2013-02-12 21:58:41 UTC">
      <body>*7ad</body>
    </message>
    <message id="m0076" participant="138319" time="2013-02-12 21:58:49 UTC">
      <body>Hwa al kda la meen</body>
    </message>
    <message id="m0077" participant="138112" time="2013-02-12 21:58:55 UTC">
      <body>Le yomna</body>
    </message>
    <message id="m0078" participant="138319" time="2013-02-12 22:00:03 UTC">
      <body>Mmm 5laas b2a kabry mo5k</body>
    </message>
    <message id="m0079" participant="138112" time="2013-02-12 22:01:42 UTC">
      <body>W howa kan kabar dema3'o lama et7ayelt 3la mayez3lsh</body>
    </message>
    <message id="m0082" participant="138112" time="2013-02-12 22:02:24 UTC">
      <body>El picture el 7atetha d enta? Bt3mel drifting!!? 7aram 3alek hahaha</body>
    </message>
    <message id="m0083" participant="138319" time="2013-02-12 22:05:03 UTC">
      <body>5laas mady2ish nfsak :*</body>
    </message>
    <message id="m0084" participant="138319" time="2013-02-12 22:05:11 UTC">
      <body>Yes fy videos kman</body>
    </message>
    <message id="m0085" participant="138319" time="2013-02-12 22:05:25 UTC">
      <body>Bt7bty drifts</body>
    </message>
    <message id="m0087" participant="138112" time="2013-02-12 22:06:18 UTC">
      <body>Law 3amaltaha 3'alat tebawaz el car</body>
    </message>
    <message id="m0088" participant="138319" time="2013-02-12 22:10:57 UTC">
      <body>El video bytb3t bas m3mlo cut 3shan whAts app 45 sec bas</body>
    </message>
    <message id="m0089" participant="138112" time="2013-02-12 22:11:16 UTC">
      <body>Okayyy</body>
    </message>
    <message id="m0090" participant="138112" time="2013-02-12 22:22:01 UTC">
      <body>Ya alby 3al bmw ya albyyyyy</body>
    </message>
    <message id="m0091" participant="138112" time="2013-02-12 22:22:03 UTC">
      <body>Hahaha</body>
    </message>
    <message id="m0092" participant="138112" time="2013-02-12 22:22:20 UTC">
      <body>Et3alemt drifting menen ya saye3</body>
    </message>
    <message id="m0093" participant="138319" time="2013-02-12 22:56:54 UTC">
      <body>3eeeb 3lakiii :*</body>
    </message>
    <message id="m0094" participant="138112" time="2013-02-12 23:15:43 UTC">
      <body>Hahaha :*</body>
    </message>
    <message id="m0095" participant="138112" time="2013-02-12 23:15:50 UTC">
      <body>Bas 5ali bales</body>
    </message>
    <message id="m0096" participant="138112" time="2013-02-12 23:15:56 UTC">
      <body>*balak</body>
    </message>
    <message id="m0097" participant="138112" time="2013-02-12 23:16:28 UTC">
      <body>Meen kan m3ak</body>
    </message>
    <message id="m0098" participant="138319" time="2013-02-12 23:19:44 UTC">
      <body>Eshta , Wa7ed sa7by asmo andrew</body>
    </message>
    <message id="m0099" participant="138112" time="2013-02-12 23:21:39 UTC">
      <body>Hahahahaha</body>
    </message>
    <message id="m0100" participant="138112" time="2013-02-12 23:22:15 UTC">
      <body>Mashy</body>
    </message>
    <message id="m0101" participant="138112" time="2013-02-12 23:22:18 UTC">
      <body>Rawaht</body>
    </message>
    <message id="m0102" participant="138319" time="2013-02-12 23:23:44 UTC">
      <body>Lasa</body>
    </message>
    <message id="m0105" participant="138112" time="2013-02-12 23:33:41 UTC">
      <body>Leh ma2oltelish</body>
    </message>
    <message id="m0107" participant="138319" time="2013-02-12 23:33:59 UTC">
      <body>La2 ana z3lan</body>
    </message>
    <message id="m0109" participant="138112" time="2013-02-12 23:34:26 UTC">
      <body>Asal7ak ezayyyyy</body>
    </message>
    <message id="m0111" participant="138112" time="2013-02-12 23:34:43 UTC">
      <body>Leh ma2oltelish ya gazma</body>
    </message>
    <message id="m0112" participant="138112" time="2013-02-12 23:34:59 UTC">
      <body>Enta delwa2ty 19??</body>
    </message>
    <message id="m0113" participant="138319" time="2013-02-12 23:37:23 UTC">
      <body>Yessss</body>
    </message>
    <message id="m0114" participant="138319" time="2013-02-12 23:37:39 UTC">
      <body>sal7ini ezay b2a</body>
    </message>
    <message id="m0115" participant="138112" time="2013-02-12 23:37:59 UTC">
      <body>Eda kebert awy, happy birthday</body>
    </message>
    <message id="m0116" participant="138112" time="2013-02-12 23:38:05 UTC">
      <body>Ezay </body>
    </message>
    <message id="m0117" participant="138319" time="2013-02-12 23:38:29 UTC">
      <body>3ayzzz bossa kbera (A)</body>
    </message>
    <message id="m0118" participant="138112" time="2013-02-12 23:38:40 UTC">
      <body>Hahaha :D</body>
    </message>
    <message id="m0119" participant="138112" time="2013-02-12 23:38:44 UTC">
      <body>Bas Keda!!!!</body>
    </message>
    <message id="m0120" participant="138112" time="2013-02-12 23:38:46 UTC">
      <body>7ader</body>
    </message>
    <message id="m0128" participant="138112" time="2013-02-12 23:46:48 UTC">
      <body>Yomna bet2oli kalemetak w oltelta msh fadi this weekend, hahahah enta fazi3</body>
    </message>
    <message id="m0129" participant="138112" time="2013-02-12 23:47:08 UTC">
      <body>Oltelta la hayefda</body>
    </message>
    <message id="m0130" participant="138112" time="2013-02-12 23:47:18 UTC">
      <body>*oltelha</body>
    </message>
    <message id="m0131" participant="138319" time="2013-02-12 23:47:31 UTC">
      <body>7obi brb sanya</body>
    </message>
    <message id="m0132" participant="138112" time="2013-02-12 23:47:39 UTC">
      <body>Okayyy tyt</body>
    </message>
    <message id="m0133" participant="138112" time="2013-02-13 00:06:52 UTC">
      <body>Law yomna sa2alet, Ana el sa7betak el enta olteltha 3eleha hahaaha</body>
    </message>
    <message id="m0134" participant="138319" time="2013-02-13 00:11:46 UTC">
      <body>Hahahahahaha 5las anty b2ati my bbe</body>
    </message>
    <message id="m0135" participant="138319" time="2013-02-13 00:11:48 UTC">
      <body>:*</body>
    </message>
    <message id="m0136" participant="138112" time="2013-02-13 00:12:58 UTC">
      <body>Okayy :**</body>
    </message>
    <message id="m0137" participant="138112" time="2013-02-13 00:13:01 UTC">
      <body>Hahaha bos</body>
    </message>
    <message id="m0138" participant="138319" time="2013-02-13 00:13:43 UTC">
      <body>Hahahahaha</body>
    </message>
    <message id="m0140" participant="138112" time="2013-02-13 00:14:37 UTC">
      <body>Msh Ana el tele3t hab2a m3ak on valentines day?</body>
    </message>
    <message id="m0141" participant="138112" time="2013-02-13 00:14:52 UTC">
      <body>Yeb2a Thursday el French kiss</body>
    </message>
    <message id="m0142" participant="138112" time="2013-02-13 00:14:55 UTC">
      <body>Hahaha</body>
    </message>
    <message id="m0143" participant="138112" time="2013-02-13 00:14:56 UTC">
      <body>:*</body>
    </message>
    <message id="m0144" participant="138319" time="2013-02-13 00:16:10 UTC">
      <body>La2 ana 3ayz wa7da nw with cherry flavour</body>
    </message>
    <message id="m0146" participant="138112" time="2013-02-13 00:17:13 UTC">
      <body>:****</body>
    </message>
    <message id="m0148" participant="138319" time="2013-02-13 00:21:44 UTC">
      <body>:******^^</body>
    </message>
    <message id="m0149" participant="138112" time="2013-02-13 00:23:02 UTC">
      <body>Tab el7 ;) haha</body>
    </message>
    <message id="m0150" participant="138112" time="2013-02-13 00:23:14 UTC">
      <body>Ana hanam</body>
    </message>
    <message id="m0153" participant="138319" time="2013-02-13 00:25:36 UTC">
      <body>:*</body>
    </message>
    <message id="m0154" participant="138319" time="2013-02-13 00:25:38 UTC">
      <body>Tc</body>
    </message>
  </messages>
</conversation>
