<?xml version="1.0" encoding="UTF-8"?>
<conversation id="CHT_ARZ_20120816.0003" medium="CHT" donated="true">
  <messages>
    <message id="m0000" time="2012-08-16 21:40:35 UTC" participant="139275">
      <body>dodoo</body>
    </message>
    <message id="m0001" time="2012-08-16 21:40:56 UTC" participant="139275">
      <body>wa7shteneee ya 7oby bgd</body>
    </message>
    <message id="m0002" time="2012-08-16 21:43:48 UTC" participant="139275">
      <body>ana el7amdo leallah</body>
    </message>
    <message id="m0003" time="2012-08-16 21:43:58 UTC" participant="139275">
      <body>7aba keda w 7aba keda</body>
    </message>
    <message id="m0004" time="2012-08-16 21:44:16 UTC" participant="139275">
      <body>ana 3and mama now</body>
    </message>
    <message id="m0005" time="2012-08-16 21:44:30 UTC" participant="139275">
      <body>el7amdo leallah</body>
    </message>
    <message id="m0006" time="2012-08-16 21:46:53 UTC" participant="139275">
      <body>allah ye7'leke</body>
    </message>
    <message id="m0007" time="2012-08-16 21:47:09 UTC" participant="139275">
      <body>howa fe cairo ana basfrlo</body>
    </message>
    <message id="m0008" time="2012-08-16 21:47:45 UTC" participant="139275">
      <body>lkn 73od m3 mama 3shan heya 7tb2a lwa7dha</body>
    </message>
    <message id="m0009" time="2012-08-16 21:48:39 UTC" participant="139275">
      <body>ahh el7amdo leallah</body>
    </message>
    <message id="m0010" time="2012-08-16 21:48:50 UTC" participant="139275">
      <body>bs m7'tmsh :(</body>
    </message>
    <message id="m0011" time="2012-08-16 21:49:18 UTC" participant="139275">
      <body>enty 3andk masged henak?</body>
    </message>
    <message id="m0012" time="2012-08-16 21:50:06 UTC" participant="139275">
      <body>ahaa</body>
    </message>
    <message id="m0013" time="2012-08-16 21:50:18 UTC" participant="139275">
      <body>gozek bysali ya do7?</body>
    </message>
    <message id="m0014" time="2012-08-16 21:52:03 UTC" participant="139275">
      <body>rabna m3aki w m3ah ana 3arfa enha 7aga s3ba awe</body>
    </message>
    <message id="m0015" time="2012-08-16 21:52:12 UTC" participant="139275">
      <body>w kaman fl3'orb</body>
    </message>
    <message id="m0016" time="2012-08-16 21:52:32 UTC" participant="139275">
      <body>w 7amaki 3amel m3aki eh?</body>
    </message>
    <message id="m0017" time="2012-08-16 21:53:55 UTC" participant="139275">
      <body>:D</body>
    </message>
    <message id="m0018" time="2012-08-16 21:54:14 UTC" participant="139275">
      <body>tab 2afly 3ala el mawdo3</body>
    </message>
    <message id="m0019" time="2012-08-16 21:54:53 UTC" participant="139275">
      <body>babaki w mamatk 3amlen eh?</body>
    </message>
    <message id="m0020" time="2012-08-16 21:56:19 UTC" participant="139275">
      <body>w bt2ady yomek ezay a7sn ana yomy byb2a tawel 3alaya awe</body>
    </message>
    <message id="m0021" time="2012-08-16 21:57:31 UTC" participant="139275">
      <body>aha</body>
    </message>
    <message id="m0022" time="2012-08-16 21:57:47 UTC" participant="139275">
      <body>ahm 7aga howa kowys m3aki?</body>
    </message>
    <message id="m0023" time="2012-08-16 21:58:04 UTC" participant="139275">
      <body>w 3aref 2emtk bgd wala eh?</body>
    </message>
    <message id="m0024" time="2012-08-16 21:58:55 UTC" participant="139275">
      <body>tab el7amdo leallah</body>
    </message>
    <message id="m0025" time="2012-08-16 22:00:02 UTC" participant="139275">
      <body>rbna yehade serkom</body>
    </message>
    <message id="m0026" time="2012-08-16 22:00:54 UTC" participant="139275">
      <body>el7amdo leallah bs ana asln mesh bshofo kter :)</body>
    </message>
    <message id="m0027" time="2012-08-16 22:01:11 UTC" participant="139275">
      <body>tol elwa2t bnsafer</body>
    </message>
    <message id="m0028" time="2012-08-16 22:01:19 UTC" participant="139275">
      <body>w shylen elham</body>
    </message>
    <message id="m0029" time="2012-08-16 22:01:37 UTC" participant="139275">
      <body>w stress sho3'lo</body>
    </message>
    <message id="m0030" time="2012-08-16 22:02:22 UTC" participant="139275">
      <body>w elsho3'l byklmoh fe ay wa2t sob7 w lel</body>
    </message>
    <message id="m0031" time="2012-08-16 22:02:42 UTC" participant="139275">
      <body>el7amdo leallh howa tayb w 3'lban</body>
    </message>
    <message id="m0032" time="2012-08-16 22:03:31 UTC" participant="139275">
      <body>bs lma byz3l by2ol kalam we7sh awe..w ana b7s en aboya mat f3lan</body>
    </message>
    <message id="m0033" time="2012-08-16 22:04:15 UTC" participant="139275">
      <body>fa dyman mesh b3raf afr7 w lw far7t mama bto3od t2oli enty mesh za3lana 3ala baba?</body>
    </message>
    <message id="m0034" time="2012-08-16 22:04:33 UTC" participant="139275">
      <body>mesh b3raf a3ml eh fe 7yaty wallhy</body>
    </message>
    <message id="m0035" time="2012-08-16 22:06:06 UTC" participant="139275">
      <body>aked</body>
    </message>
    <message id="m0036" time="2012-08-16 22:06:42 UTC" participant="139275">
      <body>rbn yehwen ya dodo :)</body>
    </message>
    <message id="m0037" time="2012-08-16 22:07:07 UTC" participant="139275">
      <body>w enty kaman efr7y bgd</body>
    </message>
    <message id="m0038" time="2012-08-16 22:07:16 UTC" participant="139275">
      <body>akeed</body>
    </message>
    <message id="m0039" time="2012-08-16 22:08:10 UTC" participant="139275">
      <body>ya rab</body>
    </message>
    <message id="m0040" time="2012-08-16 22:08:24 UTC" participant="139275">
      <body>7'ale balak 3ala nfsk ya 7abebty</body>
    </message>
    <message id="m0041" time="2012-08-16 22:13:13 UTC" participant="139275">
      <body>w eb3tele ay wa2t brdo :)</body>
    </message>
    <message id="m0042" time="2012-08-16 22:13:32 UTC" participant="139275">
      <body>7tbst bgd :)</body>
    </message>
    <message id="m0043" time="2012-08-16 22:45:41 UTC" participant="139558">
      <body>Ya monmon</body>
    </message>
    <message id="m0044" time="2012-08-16 22:46:29 UTC" participant="139558">
      <body>Wa7shtenyy</body>
    </message>
    <message id="m0045" time="2012-08-16 22:46:37 UTC" participant="139558">
      <body>Walahyy wa Enzym</body>
    </message>
    <message id="m0046" time="2012-08-16 22:46:42 UTC" participant="139558">
      <body>Entyy</body>
    </message>
    <message id="m0047" time="2012-08-16 22:47:04 UTC" participant="139558">
      <body>Kan nefsyy akon ma3akyy</body>
    </message>
    <message id="m0048" time="2012-08-16 22:47:14 UTC" participant="139558">
      <body>Tamneny 3alekyy</body>
    </message>
    <message id="m0049" time="2012-08-16 22:49:42 UTC" participant="139558">
      <body>Wa tant wa e5watek</body>
    </message>
    <message id="m0050" time="2012-08-16 22:49:54 UTC" participant="139558">
      <body>Gozek safer sa7</body>
    </message>
    <message id="m0051" time="2012-08-16 22:50:45 UTC" participant="139558">
      <body>Allah Ya2awko ya 7abebtyy</body>
    </message>
    <message id="m0052" time="2012-08-16 22:52:49 UTC" participant="139558">
      <body>Ah</body>
    </message>
    <message id="m0053" time="2012-08-16 22:53:23 UTC" participant="139558">
      <body>Ayoa fahmakyy</body>
    </message>
    <message id="m0054" time="2012-08-16 22:53:41 UTC" participant="139558">
      <body>Salety eltarwr7</body>
    </message>
    <message id="m0055" time="2012-08-16 22:54:19 UTC" participant="139558">
      <body>El7amdolelah</body>
    </message>
    <message id="m0056" time="2012-08-16 22:54:27 UTC" participant="139558">
      <body>Wa Ana kaman</body>
    </message>
    <message id="m0057" time="2012-08-16 22:54:34 UTC" participant="139558">
      <body></body>
    </message>
    <message id="m0058" time="2012-08-16 22:54:48 UTC" participant="139558">
      <body>Rabena yesame7na</body>
    </message>
    <message id="m0059" time="2012-08-16 22:54:53 UTC" participant="139558">
      <body>Akeddd</body>
    </message>
    <message id="m0060" time="2012-08-16 22:55:05 UTC" participant="139558">
      <body>Bas be3ed 3any shoaya</body>
    </message>
    <message id="m0061" time="2012-08-16 22:56:15 UTC" participant="139558">
      <body>Bay7aeel ya Omnia wa ana bad3elohh</body>
    </message>
    <message id="m0062" time="2012-08-16 22:57:11 UTC" participant="139558">
      <body>El7ayah Hena sa3ba</body>
    </message>
    <message id="m0063" time="2012-08-16 22:57:32 UTC" participant="139558">
      <body>Bas el7amdolelah</body>
    </message>
    <message id="m0064" time="2012-08-16 22:57:40 UTC" participant="139558">
      <body>Ahhh</body>
    </message>
    <message id="m0065" time="2012-08-16 22:57:51 UTC" participant="139558">
      <body>El7amdolelah walahyy</body>
    </message>
    <message id="m0066" time="2012-08-16 22:58:31 UTC" participant="139558">
      <body>Aho A3ed ganbyyy</body>
    </message>
    <message id="m0067" time="2012-08-16 22:58:36 UTC" participant="139558">
      <body></body>
    </message>
    <message id="m0068" time="2012-08-16 22:59:51 UTC" participant="139558">
      <body>Hehehehh</body>
    </message>
    <message id="m0069" time="2012-08-16 23:00:18 UTC" participant="139558">
      <body>La el7amdolelah mashya el7al</body>
    </message>
    <message id="m0070" time="2012-08-16 23:00:35 UTC" participant="139558">
      <body>Be5er Walahy el7amdolelah</body>
    </message>
    <message id="m0071" time="2012-08-16 23:01:25 UTC" participant="139558">
      <body>Tamneny 3alekyy dayman</body>
    </message>
    <message id="m0072" time="2012-08-16 23:01:35 UTC" participant="139558">
      <body>Kalmenyy fe ayyyy wa2t</body>
    </message>
    <message id="m0073" time="2012-08-16 23:01:47 UTC" participant="139558">
      <body>Ana Hena 3ala tool</body>
    </message>
    <message id="m0074" time="2012-08-16 23:02:21 UTC" participant="139558">
      <body>Ana 3andyy esbo3 3'er esbo3</body>
    </message>
    <message id="m0075" time="2012-08-16 23:02:42 UTC" participant="139558">
      <body>7sab sho3'l 3ammar</body>
    </message>
    <message id="m0076" time="2012-08-16 23:03:34 UTC" participant="139558">
      <body>Ba3mel elro5sa</body>
    </message>
    <message id="m0077" time="2012-08-16 23:03:44 UTC" participant="139558">
      <body>Badhta3'al sa3at</body>
    </message>
    <message id="m0078" time="2012-08-16 23:04:01 UTC" participant="139558">
      <body>3andy shoayet so7ab wa nett dayman</body>
    </message>
    <message id="m0079" time="2012-08-16 23:04:13 UTC" participant="139558">
      <body>El7amdolelahhh</body>
    </message>
    <message id="m0080" time="2012-08-16 23:04:54 UTC" participant="139558">
      <body>Aked kolman3esh ma3 ba3d Kol ma bne3raf ba3d</body>
    </message>
    <message id="m0081" time="2012-08-16 23:05:05 UTC" participant="139558">
      <body>Wa fe3lan fe far2</body>
    </message>
    <message id="m0082" time="2012-08-16 23:05:35 UTC" participant="139558">
      <body>2olely enty mabsota ma3 ma7mod</body>
    </message>
    <message id="m0083" time="2012-08-16 23:05:41 UTC" participant="139558">
      <body>Amen</body>
    </message>
    <message id="m0084" time="2012-08-16 23:07:03 UTC" participant="139558">
      <body>Bokra matb3dosh ma3 ba3d abdämmen</body>
    </message>
    <message id="m0085" time="2012-08-16 23:07:07 UTC" participant="139558">
      <body>Abdan</body>
    </message>
    <message id="m0086" time="2012-08-16 23:07:37 UTC" participant="139558">
      <body>Aham 7aga yekon koayesa ma3akyy</body>
    </message>
    <message id="m0087" time="2012-08-16 23:08:14 UTC" participant="139558">
      <body>Ahh walahyy 3arfa ele7sas dah</body>
    </message>
    <message id="m0088" time="2012-08-16 23:08:24 UTC" participant="139558">
      <body>Sa3b awyy</body>
    </message>
    <message id="m0089" time="2012-08-16 23:08:41 UTC" participant="139558">
      <body>Sho3'l 3ammar kedah Damian</body>
    </message>
    <message id="m0090" time="2012-08-16 23:09:27 UTC" participant="139558">
      <body>Ya 7abebtyy la matz3aleshh</body>
    </message>
    <message id="m0091" time="2012-08-16 23:10:21 UTC" participant="139558">
      <body>Kolena Lama benez3al benkon wa7shen</body>
    </message>
    <message id="m0092" time="2012-08-16 23:10:39 UTC" participant="139558">
      <body>Wa aked tant mawgo3a awyyy</body>
    </message>
    <message id="m0093" time="2012-08-16 23:10:47 UTC" participant="139558">
      <body>Fasa3b 3alehaa</body>
    </message>
    <message id="m0094" time="2012-08-16 23:11:26 UTC" participant="139558">
      <body>Wa ma2olte el teator wa elsafar toll elea2t sa3baa</body>
    </message>
    <message id="m0095" time="2012-08-16 23:11:37 UTC" participant="139558">
      <body>Esboryy ya monmon</body>
    </message>
    <message id="m0096" time="2012-08-16 23:11:47 UTC" participant="139558">
      <body>Wa ed3yyy kterrrrr</body>
    </message>
    <message id="m0097" time="2012-08-16 23:11:55 UTC" participant="139558">
      <body>Wa efra7yy</body>
    </message>
    <message id="m0098" time="2012-08-16 23:12:21 UTC" participant="139558">
      <body>Bas matbayeneshh latant</body>
    </message>
    <message id="m0099" time="2012-08-16 23:12:31 UTC" participant="139558">
      <body>3ala ad mate2daryy</body>
    </message>
    <message id="m0100" time="2012-08-16 23:12:54 UTC" participant="139558">
      <body>3ashan aked Haa 7asasa dalwa2tyy</body>
    </message>
    <message id="m0101" time="2012-08-16 23:13:27 UTC" participant="139558">
      <body>Rabena yefara7 elkoll</body>
    </message>
    <message id="m0102" time="2012-08-16 23:13:59 UTC" participant="139558">
      <body>Wa yeb3ed ay 7ozn wa yehawen</body>
    </message>
    <message id="m0103" time="2012-08-16 23:14:05 UTC" participant="139558">
      <body>Wa entyyy</body>
    </message>
    <message id="m0104" time="2012-08-16 23:14:08 UTC" participant="139558">
      <body></body>
    </message>
    <message id="m0105" time="2012-08-16 23:19:03 UTC" participant="139558">
      <body>Aked ya 7 abebtyy</body>
    </message>
    <message id="m0106" time="2012-08-16 23:19:08 UTC" participant="139558">
      <body></body>
    </message>
    <message id="m0107" time="2012-08-16 23:19:14 UTC" participant="139558">
      <body>Mesh ayyyy</body>
    </message>
  </messages>
</conversation>
