<?xml version="1.0" encoding="UTF-8"?>
<conversation id="CHT_ARZ_20130407.0000" medium="CHT" donated="true">
  <messages>
    <message id="m0000" participant="138112" time="2013-04-07 02:00:57 UTC">
      <body>Andrew</body>
    </message>
    <message id="m0001" participant="138319" time="2013-04-07 13:29:14 UTC">
      <body>Yes</body>
    </message>
    <message id="m0002" participant="138112" time="2013-04-07 13:54:41 UTC">
      <body>3amel eh</body>
    </message>
    <message id="m0003" participant="138319" time="2013-04-08 09:51:13 UTC">
      <body>Ana el7 wanty</body>
    </message>
    <message id="m0004" participant="138112" time="2013-04-08 10:56:05 UTC">
      <body>Kwayesa</body>
    </message>
    <message id="m0005" participant="138112" time="2013-04-08 10:56:07 UTC">
      <body>Feenak</body>
    </message>
    <message id="m0006" participant="138319" time="2013-04-08 10:56:29 UTC">
      <body>Ana bardo</body>
    </message>
    <message id="m0007" participant="138112" time="2013-04-08 10:57:24 UTC">
      <body>E7na el etneen</body>
    </message>
    <message id="m0008" participant="138319" time="2013-04-08 10:59:18 UTC">
      <body>Ana kalmtk wa 2oltli haklmk wa b3d kda matklmtish hwa eh dah el e7na el etneen</body>
    </message>
    <message id="m0009" participant="138112" time="2013-04-08 11:03:28 UTC">
      <body>Ana nseet 5ales, I'm sorry :(</body>
    </message>
    <message id="m0011" participant="138112" time="2013-04-08 11:20:32 UTC">
      <body>Tayeb lma t5alas oli</body>
    </message>
    <message id="m0012" participant="138112" time="2013-04-08 20:11:15 UTC">
      <body>Enta feen</body>
    </message>
    <message id="m0013" participant="138319" time="2013-04-08 23:59:36 UTC">
      <body>Fl beit</body>
    </message>
    <message id="m0014" participant="138112" time="2013-04-09 00:00:47 UTC">
      <body>Fadi?</body>
    </message>
  </messages>
</conversation>
