<?xml version="1.0" encoding="UTF-8"?>
<conversation id="CHT_ARZ_20130120.0000" medium="CHT" donated="true">
  <messages>
    <message id="m0001" participant="138326" time="2013-01-21 17:32:50 UTC">
      <body>Yara</body>
    </message>
    <message id="m0003" participant="138326" time="2013-01-21 19:23:36 UTC">
      <body>3amla eeeeh</body>
    </message>
    <message id="m0004" participant="138326" time="2013-01-21 19:23:38 UTC">
      <body>Wahashteny walahy</body>
    </message>
    <message id="m0005" participant="138112" time="2013-01-21 19:33:02 UTC">
      <body>Ma3lesh I didn't answer yesterday 3ashan 3andi exams el yomeen dol</body>
    </message>
    <message id="m0006" participant="138326" time="2013-01-21 19:34:13 UTC">
      <body>W Ana ma3lesh 3ashan makontsh bas2Al 3aleky 3ashan kan 3andy final exams</body>
    </message>
    <message id="m0008" participant="138326" time="2013-01-21 20:00:25 UTC">
      <body>Elmohem enty 3amla eh</body>
    </message>
    <message id="m0009" participant="138112" time="2013-01-21 20:01:33 UTC">
      <body>Kwayes el7 w enta</body>
    </message>
    <message id="m0010" participant="138326" time="2013-01-21 20:01:58 UTC">
      <body>Elhamdulelah</body>
    </message>
    <message id="m0011" participant="138326" time="2013-01-21 20:02:08 UTC">
      <body>Bet3mely eh</body>
    </message>
    <message id="m0012" participant="138112" time="2013-01-21 20:02:19 UTC">
      <body>Bazaker</body>
    </message>
    <message id="m0013" participant="138326" time="2013-01-21 20:03:05 UTC">
      <body>Rabena ma3aky</body>
    </message>
  </messages>
</conversation>
