<?xml version="1.0" encoding="UTF-8"?>
<conversation id="CHT_ARZ_20130321.0001" medium="CHT" donated="true">
  <messages>
    <message id="m0000" time="2013-03-21 18:31:56 UTC" participant="139557">
      <body>نني حبيبتي</body>
    </message>
    <message id="m0001" time="2013-03-21 18:32:14 UTC" participant="139557">
      <body>كل سنة وانتى طيبة ياماما</body>
    </message>
    <message id="m0002" time="2013-03-21 18:34:06 UTC" participant="139275">
      <body>وانتي طيبة</body>
    </message>
    <message id="m0003" time="2013-03-21 18:34:30 UTC" participant="139275">
      <body>عيديلي على طنط وعلى نفسك</body>
    </message>
    <message id="m0004" time="2013-03-21 18:34:47 UTC" participant="139275">
      <body>وادعولي كتيييير</body>
    </message>
    <message id="m0005" time="2013-03-21 18:36:26 UTC" participant="139557">
      <body>أنتى عند سونة</body>
    </message>
    <message id="m0006" time="2013-03-21 18:36:49 UTC" participant="139557">
      <body>ربنا يقومك بالسلامة أنتى والتوتر يارب</body>
    </message>
    <message id="m0007" time="2013-03-21 18:37:01 UTC" participant="139557">
      <body>ويجعلها ساعة سهله</body>
    </message>
    <message id="m0008" time="2013-03-21 18:37:39 UTC" participant="139557">
      <body>أنا عرفت انك بكرة إنشاء الله</body>
    </message>
    <message id="m0009" time="2013-03-21 19:04:27 UTC" participant="139557">
      <body>ننى ابعتيلي موبايل ظنت</body>
    </message>
    <message id="m0011" time="2013-03-21 19:31:33 UTC" participant="139557">
      <body>جهزتى حاجتك ولا لسة</body>
    </message>
    <message id="m0012" time="2013-03-21 19:31:51 UTC" participant="139275">
      <body>اه الحمد لله بس لسه براجع تاني</body>
    </message>
    <message id="m0013" time="2013-03-21 19:32:15 UTC" participant="139275">
      <body>انا اصلا لسة محضراها من كام يوم ربنا يستر بقى :)</body>
    </message>
    <message id="m0014" time="2013-03-21 19:32:31 UTC" participant="139275">
      <body>قولي لطنط كنا عايزينك معانا اوييي</body>
    </message>
    <message id="m0015" time="2013-03-21 19:32:55 UTC" participant="139275">
      <body>&lt;media omitted&gt;</body>
    </message>
    <message id="m0016" time="2013-03-21 19:33:05 UTC" participant="139275">
      <body>شوفتي البطيخة؟</body>
    </message>
    <message id="m0017" time="2013-03-21 19:33:11 UTC" participant="139275">
      <body/>
    </message>
    <message id="m0018" time="2013-03-21 19:36:03 UTC" participant="139557">
      <body>ههههه</body>
    </message>
    <message id="m0019" time="2013-03-21 19:36:55 UTC" participant="139557">
      <body>أي ده يانني أنتى بطنك كبرت عن ماكنت ف مصر يا حبيبتي</body>
    </message>
    <message id="m0020" time="2013-03-21 19:38:55 UTC" participant="139275">
      <body>akeeeed :D</body>
    </message>
    <message id="m0021" time="2013-03-21 19:39:10 UTC" participant="139275">
      <body>معلش خليها تدعيلي بس كتير</body>
    </message>
    <message id="m0022" time="2013-03-21 19:39:39 UTC" participant="139557">
      <body>والله يانني وماما ماتتخيليش ماما متدايقة قد إيه أنها مش جنبك</body>
    </message>
    <message id="m0023" time="2013-03-21 19:39:55 UTC" participant="139275">
      <body>اه هنا</body>
    </message>
    <message id="m0024" time="2013-03-21 19:41:18 UTC" participant="139557">
      <body>هي سونة معاكي</body>
    </message>
    <message id="m0025" time="2013-03-21 19:42:36 UTC" participant="139557">
      <body>والله يانني من غير ماتقولي  بندعيلك على طول</body>
    </message>
    <message id="m0026" time="2013-03-21 19:42:56 UTC" participant="139557">
      <body>طيب مش بترد على موبايلها ليه</body>
    </message>
    <message id="m0027" time="2013-03-21 19:44:23 UTC" participant="139557">
      <body>عايزين نكملها نعيد عليها</body>
    </message>
    <message id="m0028" time="2013-03-21 19:51:20 UTC" participant="139557">
      <body>ننى ردي عليا بتصل بيكي</body>
    </message>
    <message id="m0029" time="2013-03-21 20:08:58 UTC" participant="139275">
      <body>شيمو معلش كنت في الحمام</body>
    </message>
    <message id="m0030" time="2013-03-21 20:09:05 UTC" participant="139275">
      <body>كلميني تاني لو ينفع</body>
    </message>
    <message id="m0031" time="2013-03-21 23:40:14 UTC" participant="139275">
      <body>شيماء ابعتيلي دعاء الولادة الي بعتهولي تاني هنا لو عندك معلش</body>
    </message>
    <message id="m0033" time="2013-03-22 09:27:28 UTC" participant="139557">
      <body>ربنا يقومك بالسلامة يا حبيبتي</body>
    </message>
  </messages>
</conversation>
