<?xml version="1.0" encoding="UTF-8"?>
<conversation id="CHT_ARZ_20130411.0002" medium="CHT" donated="true">
  <messages>
    <message id="m0000" time="2013-04-11 12:24:00 UTC" participant="139547">
      <body>&lt;Media omitted&gt;</body>
    </message>
    <message id="m0001" time="2013-04-11 12:24:00 UTC" participant="139547">
      <body>صباح الخير</body>
    </message>
    <message id="m0002" time="2013-04-11 12:25:00 UTC" participant="139547">
      <body></body>
    </message>
    <message id="m0003" time="2013-04-11 12:25:00 UTC" participant="139376">
      <body>صباح الفل والورد والعسل على العسل ده</body>
    </message>
    <message id="m0004" time="2013-04-11 12:26:00 UTC" participant="139547">
      <body></body>
    </message>
  </messages>
</conversation>
