<?xml version="1.0" encoding="UTF-8"?>
<conversation id="CHT_ARZ_20130404.0003" medium="CHT" donated="true">
  <messages>
    <message id="m0000" time="2013-04-04 12:17:43 UTC" participant="139275">
      <body>ya3ny mfessh 7amdAllah 3ala el salama </body>
    </message>
    <message id="m0001" time="2013-04-04 12:17:51 UTC" participant="139275">
      <body>ya 2lbk</body>
    </message>
    <message id="m0002" time="2013-04-04 12:25:30 UTC" participant="139560">
      <body>Monmonnn laaa dana gyalk aslnnnn</body>
    </message>
    <message id="m0003" time="2013-04-04 12:25:39 UTC" participant="139560">
      <body>7abibyyy</body>
    </message>
    <message id="m0004" time="2013-04-04 12:26:00 UTC" participant="139560">
      <body>Ana klmtk kan mobilk m2foll wklmt samar klmt maha</body>
    </message>
    <message id="m0005" time="2013-04-04 12:26:04 UTC" participant="139275">
      <body>mashy ya 3am</body>
    </message>
    <message id="m0006" time="2013-04-04 12:26:05 UTC" participant="139560">
      <body/>
    </message>
    <message id="m0007" time="2013-04-04 12:28:48 UTC" participant="139560">
      <body>W7shteny ymonmmontyyyyy wel nono a5baro aaa</body>
    </message>
    <message id="m0008" time="2013-04-04 12:28:52 UTC" participant="139560">
      <body>E7kely b2aaa</body>
    </message>
    <message id="m0009" time="2013-04-04 12:28:59 UTC" participant="139560">
      <body>Shbhk wla shbh amr</body>
    </message>
    <message id="m0010" time="2013-04-04 13:13:53 UTC" participant="139275">
      <body>amr men :D</body>
    </message>
    <message id="m0011" time="2013-04-04 13:36:53 UTC" participant="139560">
      <body/>
    </message>
    <message id="m0012" time="2013-04-04 13:36:59 UTC" participant="139560">
      <body>M7moood</body>
    </message>
    <message id="m0013" time="2013-04-04 13:37:02 UTC" participant="139560">
      <body>Hehehehehehe</body>
    </message>
    <message id="m0014" time="2013-04-04 15:20:00 UTC" participant="139560">
      <body>Monmon eb3tely sort elnono</body>
    </message>
    <message id="m0015" time="2013-04-04 19:44:23 UTC" participant="139275">
      <body>&lt;media omitted&gt;</body>
    </message>
    <message id="m0016" time="2013-04-04 19:47:14 UTC" participant="139560">
      <body>Ya5alashyyyy</body>
    </message>
    <message id="m0017" time="2013-04-04 19:47:17 UTC" participant="139560">
      <body>Msaaaa</body>
    </message>
    <message id="m0018" time="2013-04-04 19:47:17 UTC" participant="139275">
      <body>isA 7oby aked :)</body>
    </message>
    <message id="m0019" time="2013-04-04 19:47:26 UTC" participant="139560">
      <body>3yza al3b beh y monmonnn</body>
    </message>
    <message id="m0020" time="2013-04-04 19:47:29 UTC" participant="139560">
      <body/>
    </message>
    <message id="m0021" time="2013-04-04 19:49:28 UTC" participant="139560">
      <body/>
    </message>
  </messages>
</conversation>
