<?xml version="1.0" encoding="UTF-8"?>
<conversation id="CHT_ARZ_20121214.0001" medium="CHT" donated="true">
  <messages>
    <message id="m0000" participant="138329" time="2012-12-14 14:23:26 UTC">
      <body>:/</body>
    </message>
    <message id="m0001" participant="138329" time="2012-12-14 14:23:34 UTC">
      <body>Yaraaaaa</body>
    </message>
    <message id="m0002" participant="138112" time="2012-12-14 14:30:39 UTC">
      <body>3ayez eh!!</body>
    </message>
    <message id="m0003" participant="138329" time="2012-12-14 14:31:43 UTC">
      <body>Mesh 3yz haga</body>
    </message>
    <message id="m0004" participant="138112" time="2012-12-14 14:32:06 UTC">
      <body>Tyb</body>
    </message>
  </messages>
</conversation>
