<?xml version="1.0" encoding="UTF-8"?>
<conversation id="CHT_ARZ_20130412.0006" medium="CHT" donated="true">
  <messages>
    <message id="m0000" time="2013-04-12 01:06:00 UTC" participant="139683">
      <body>Elamana wasalt l sa7betna ya  </body>
    </message>
    <message id="m0001" time="2013-04-12 01:24:00 UTC" participant="139230">
      <body>Begad , ro7telha:)</body>
    </message>
    <message id="m0002" time="2013-04-12 01:25:00 UTC" participant="139683">
      <body>No, ba3thom m3 common friend</body>
    </message>
    <message id="m0003" time="2013-04-12 01:26:00 UTC" participant="139230">
      <body>Eh da, begad?? Tayeb leh msro7telhash ??</body>
    </message>
    <message id="m0004" time="2013-04-12 01:27:00 UTC" participant="139683">
      <body>3shan mawa3dna marakbtsh m3 b3d, fa2oltlha eny hab3thom w 2oltlhs enha hdeytna e7na 3</body>
    </message>
    <message id="m0005" time="2013-04-12 01:30:00 UTC" participant="139230">
      <body>Tayeb great :) tab3an ma te3rafeesh</body>
    </message>
    <message id="m0006" time="2013-04-12 01:31:00 UTC" participant="139683">
      <body>La2</body>
    </message>
    <message id="m0007" time="2013-04-12 01:31:00 UTC" participant="139230">
      <body>خلاص احنا كده براءة</body>
    </message>
    <message id="m0008" time="2013-04-12 01:32:00 UTC" participant="139683">
      <body>Hya kant 2ylali htOamni, mOamtnish fa2olt tkon 3'yart ra2yaha</body>
    </message>
    <message id="m0009" time="2013-04-12 01:34:00 UTC" participant="139230">
      <body>احتمال فعلا</body>
    </message>
  </messages>
</conversation>
