<?xml version="1.0" encoding="UTF-8"?>
<conversation id="CHT_ARZ_20130322.0001" medium="CHT" donated="true">
  <messages>
    <message id="m0000" time="2013-03-22 17:14:00 UTC" participant="139376">
      <body>&lt;Media omitted&gt;</body>
    </message>
    <message id="m0001" time="2013-03-22 17:15:00 UTC" participant="139376">
      <body>يحيي </body>
    </message>
    <message id="m0002" time="2013-03-22 18:48:00 UTC" participant="139547">
      <body>ماشاؤ الله االه اكبر ربننا يبارك فيه</body>
    </message>
    <message id="m0003" time="2013-03-22 18:49:00 UTC" participant="139547">
      <body>شبهكم اوى</body>
    </message>
    <message id="m0004" time="2013-03-22 18:49:00 UTC" participant="139547">
      <body>سبحان الله</body>
    </message>
    <message id="m0005" time="2013-03-22 18:49:00 UTC" participant="139547">
      <body></body>
    </message>
    <message id="m0006" time="2013-03-22 18:50:00 UTC" participant="139376">
      <body></body>
    </message>
    <message id="m0007" time="2013-03-22 18:50:00 UTC" participant="139547">
      <body>انا مازن الف مليون مبروك</body>
    </message>
    <message id="m0008" time="2013-03-22 18:50:00 UTC" participant="139376">
      <body>مزونة</body>
    </message>
    <message id="m0009" time="2013-03-22 18:51:00 UTC" participant="139376">
      <body></body>
    </message>
    <message id="m0010" time="2013-03-22 18:51:00 UTC" participant="139547">
      <body>مبروك</body>
    </message>
    <message id="m0011" time="2013-03-22 18:51:00 UTC" participant="139376">
      <body>الله يبارك فيك</body>
    </message>
    <message id="m0012" time="2013-03-22 18:51:00 UTC" participant="139547">
      <body>كنا عيال وكبرنا يا موهه</body>
    </message>
    <message id="m0013" time="2013-03-22 18:52:00 UTC" participant="139376">
      <body>لسه بقولهم لما شفت مازن شايل عمار</body>
    </message>
    <message id="m0014" time="2013-03-22 18:53:00 UTC" participant="139376">
      <body>اول مرة اشوفإ كبر كده  وبقه مازن كبير مش مازن الي كنا بنلعب معاه</body>
    </message>
    <message id="m0015" time="2013-03-22 18:53:00 UTC" participant="139547">
      <body>العيال كبرت</body>
    </message>
    <message id="m0016" time="2013-03-23 18:14:00 UTC" participant="139547">
      <body>مهااا يا مهااا</body>
    </message>
    <message id="m0017" time="2013-03-23 18:14:00 UTC" participant="139547">
      <body>اخباركم ايه</body>
    </message>
    <message id="m0018" time="2013-03-23 18:14:00 UTC" participant="139547">
      <body>امنيه عامله ايه دلوقتى</body>
    </message>
    <message id="m0019" time="2013-03-23 18:15:00 UTC" participant="139547">
      <body>و يويو </body>
    </message>
  </messages>
</conversation>
