<?xml version="1.0" encoding="UTF-8"?>
<conversation id="CHT_ARZ_20121126.0003" medium="CHT" donated="true">
  <messages>
    <message id="m0000" participant="138112" time="2012-11-26 18:59:29 UTC">
      <body>Enta fenak yabny</body>
    </message>
    <message id="m0001" participant="138112" time="2012-11-26 18:59:36 UTC">
      <body>Enta lesa 3ayesh</body>
    </message>
    <message id="m0002" participant="138325" time="2012-11-26 18:59:59 UTC">
      <body>Ah</body>
    </message>
    <message id="m0003" participant="138325" time="2012-11-26 19:00:04 UTC">
      <body>3amla a</body>
    </message>
    <message id="m0004" participant="138112" time="2012-11-26 19:00:09 UTC">
      <body>Enta 3amel eh</body>
    </message>
    <message id="m0005" participant="138325" time="2012-11-26 19:00:58 UTC">
      <body>Tmamm el7</body>
    </message>
    <message id="m0006" participant="138112" time="2012-11-26 19:01:04 UTC">
      <body>Fenak?</body>
    </message>
    <message id="m0007" participant="138325" time="2012-11-26 19:01:36 UTC">
      <body>Ro7t amt7ant 2day fe el GUC wa sa2at</body>
    </message>
    <message id="m0008" participant="138112" time="2012-11-26 19:02:54 UTC">
      <body>Leh?</body>
    </message>
    <message id="m0009" participant="138112" time="2012-11-26 19:02:58 UTC">
      <body>F anhy wa7ed?</body>
    </message>
    <message id="m0010" participant="138325" time="2012-11-26 19:03:15 UTC">
      <body>El atnan</body>
    </message>
    <message id="m0011" participant="138112" time="2012-11-26 19:04:12 UTC">
      <body>Leh?</body>
    </message>
    <message id="m0012" participant="138325" time="2012-11-26 19:04:29 UTC">
      <body>Ma3rfsh</body>
    </message>
    <message id="m0013" participant="138112" time="2012-11-26 19:04:49 UTC">
      <body>Tab w ba3den</body>
    </message>
    <message id="m0014" participant="138325" time="2012-11-26 19:04:54 UTC">
      <body>Ana kont ba7al eng 7alw ma3rfsh azay sa2at</body>
    </message>
    <message id="m0015" participant="138325" time="2012-11-26 19:05:09 UTC">
      <body>7aro7 amt7an tani</body>
    </message>
    <message id="m0016" participant="138112" time="2012-11-26 19:14:01 UTC">
      <body>Mmmm</body>
    </message>
    <message id="m0017" participant="138325" time="2012-11-26 19:14:38 UTC">
      <body>Anty 7atro7i ta7gazi ??</body>
    </message>
    <message id="m0018" participant="138112" time="2012-11-26 19:41:09 UTC">
      <body>Ana already 5at el exams</body>
    </message>
    <message id="m0019" participant="138325" time="2012-11-26 19:41:43 UTC">
      <body>Naga7ty</body>
    </message>
    <message id="m0020" participant="138112" time="2012-11-26 19:42:08 UTC">
      <body>Ah</body>
    </message>
    <message id="m0021" participant="138325" time="2012-11-26 19:42:20 UTC">
      <body>El7</body>
    </message>
    <message id="m0022" participant="138325" time="2012-11-27 14:30:33 UTC">
      <body>Yoyo</body>
    </message>
    <message id="m0023" participant="138112" time="2012-11-27 16:24:14 UTC">
      <body>Ya na3am</body>
    </message>
    <message id="m0024" participant="138325" time="2012-11-27 16:48:48 UTC">
      <body>Ro7ty el madrsa?</body>
    </message>
    <message id="m0025" participant="138112" time="2012-11-27 17:26:17 UTC">
      <body>La2</body>
    </message>
    <message id="m0026" participant="138325" time="2012-11-27 18:01:58 UTC">
      <body>7atnzaly el ta7riir</body>
    </message>
    <message id="m0027" participant="138112" time="2012-11-27 20:59:22 UTC">
      <body>Akeed la2</body>
    </message>
    <message id="m0028" participant="138325" time="2012-11-27 20:59:43 UTC">
      <body>Haahaaa</body>
    </message>
    <message id="m0029" participant="138325" time="2012-11-28 13:50:18 UTC">
      <body>Ya yara</body>
    </message>
    <message id="m0031" participant="138112" time="2012-11-28 14:13:49 UTC">
      <body>Ehhh?</body>
    </message>
    <message id="m0032" participant="138325" time="2012-11-28 14:14:58 UTC">
      <body>3amla a</body>
    </message>
    <message id="m0033" participant="138112" time="2012-11-28 14:15:18 UTC">
      <body>Kwayesa enta 3amel eh</body>
    </message>
    <message id="m0034" participant="138325" time="2012-11-28 14:15:32 UTC">
      <body>Ta3ban awi</body>
    </message>
    <message id="m0035" participant="138112" time="2012-11-28 14:15:57 UTC">
      <body>Alf salama malak?</body>
    </message>
    <message id="m0036" participant="138325" time="2012-11-28 14:16:19 UTC">
      <body>Bard gamad awii</body>
    </message>
    <message id="m0037" participant="138112" time="2012-11-28 14:16:32 UTC">
      <body>Alf salama 3alek!!</body>
    </message>
    <message id="m0038" participant="138112" time="2012-11-28 14:16:42 UTC">
      <body>Ana bardo kan 3andi bard</body>
    </message>
    <message id="m0039" participant="138112" time="2012-11-28 14:16:46 UTC">
      <body>Aw7ash 7aga!</body>
    </message>
    <message id="m0040" participant="138325" time="2012-11-28 14:17:48 UTC">
      <body>:S</body>
    </message>
    <message id="m0041" participant="138325" time="2012-11-28 14:18:00 UTC">
      <body>Batro7i el madrasa??</body>
    </message>
    <message id="m0042" participant="138112" time="2012-11-28 14:20:50 UTC">
      <body>La2!</body>
    </message>
    <message id="m0043" participant="138325" time="2012-11-28 14:21:31 UTC">
      <body>5alena 23den fe el beat a7san</body>
    </message>
    <message id="m0044" participant="138325" time="2012-11-28 14:21:34 UTC">
      <body/>
    </message>
    <message id="m0045" participant="138112" time="2012-11-28 14:27:55 UTC">
      <body>Ahhh haha</body>
    </message>
    <message id="m0046" participant="138325" time="2012-11-28 22:29:44 UTC">
      <body>Whatsapp is shutting down on 28th jan   Message from Jim Balsamic (CEO of Whatsapp) we have had an over usage of user names on whatsapp Messenger. We are requesting all users to forward this message to their entire contact list. If you do not forward this message, we will take it as your account is invalid and it will be deleted within the next 48 hours. Please DO NOT ignore this message or whatsapp will no longer recognise your activation. If you wish to re-activate your account after it has been deleted, a charge of 25.00 will be added to your monthly bill. We are also aware of the issue involving the pictures updates not showing. We are working diligently at fixing this problem and it will be up and running as soon as possible. Thank you for your cooperation from the Whatsapp team..:)

FINAL WARNING!
If your WhatsApp status is error:status unavailable then you are not frequent user and by 5:00pm C.A.T WhatsApp will start charging you. To become a frequent user send this message to 10 people who receive it..</body>
    </message>
    <message id="m0047" participant="138112" time="2012-11-28 22:50:56 UTC">
      <body>Ehhhh el habal da</body>
    </message>
    <message id="m0048" participant="138325" time="2012-11-28 22:51:24 UTC">
      <body>Mesh 3araf</body>
    </message>
    <message id="m0049" participant="138112" time="2012-11-28 22:56:06 UTC">
      <body>Hahaha</body>
    </message>
    <message id="m0050" participant="138325" time="2012-11-28 22:56:19 UTC">
      <body/>
    </message>
    <message id="m0051" participant="138325" time="2012-11-28 22:56:27 UTC">
      <body>Wa7ashtini</body>
    </message>
  </messages>
</conversation>
