<?xml version="1.0" encoding="UTF-8"?>
<conversation id="CHT_ARZ_20120621.0003" medium="CHT" donated="true">
  <messages>
    <message id="m0000" time="2012-06-21 09:44:04 UTC" participant="139275">
      <body>كتب الكتاب في القاعة نفسها قبل الفرح إن  شاء الله ٧ لكن سعادتك تيجي ٦ إن شاء الله عشان نتصور :)</body>
    </message>
    <message id="m0001" time="2012-06-21 15:50:22 UTC" participant="139275">
      <body>rabna ye7'leke leyaaaa ya rel bgd</body>
    </message>
    <message id="m0002" time="2012-06-21 15:50:43 UTC" participant="139275">
      <body>rbna wa7do ale ye3lam enty eh blnesbali</body>
    </message>
    <message id="m0004" time="2012-06-21 16:26:16 UTC" participant="139566">
      <body>Ana 7agy at night this day ady ely a5dnah mn el afra7 ely btbd2 badry w 3adat el frenga malo el sahar</body>
    </message>
  </messages>
</conversation>
