<?xml version="1.0" encoding="UTF-8"?>
<conversation id="CHT_ARZ_20130315.0003" medium="CHT" donated="true">
  <messages>
    <message id="m0000" time="2013-03-15 16:34:57 UTC" participant="139275">
      <body>Dodo</body>
    </message>
    <message id="m0001" time="2013-03-15 16:35:20 UTC" participant="139275">
      <body>ازيك يا حبي</body>
    </message>
    <message id="m0002" time="2013-03-15 16:35:39 UTC" participant="139275">
      <body>ليه يعني</body>
    </message>
    <message id="m0003" time="2013-03-15 16:35:45 UTC" participant="139275">
      <body>عشان مش باينة :)))</body>
    </message>
    <message id="m0004" time="2013-03-15 16:36:04 UTC" participant="139275">
      <body>ليه حلمتي ولا ايه؟</body>
    </message>
    <message id="m0005" time="2013-03-15 16:36:43 UTC" participant="139558">
      <body>7abebty</body>
    </message>
    <message id="m0006" time="2013-03-15 16:36:45 UTC" participant="139275">
      <body>لا والله لسة</body>
    </message>
    <message id="m0007" time="2013-03-15 16:36:47 UTC" participant="139558">
      <body/>
    </message>
    <message id="m0008" time="2013-03-15 16:36:57 UTC" participant="139558">
      <body>شكلك ولدني</body>
    </message>
    <message id="m0009" time="2013-03-15 16:36:57 UTC" participant="139275">
      <body>بس الجمعة الجاية إن شاء الله</body>
    </message>
    <message id="m0010" time="2013-03-15 16:37:01 UTC" participant="139558">
      <body>ولدتي</body>
    </message>
    <message id="m0011" time="2013-03-15 16:37:14 UTC" participant="139558">
      <body>حسه بيكي</body>
    </message>
    <message id="m0012" time="2013-03-15 16:37:16 UTC" participant="139558">
      <body>اه</body>
    </message>
    <message id="m0013" time="2013-03-15 16:37:20 UTC" participant="139275">
      <body>حجزت خلاص :)</body>
    </message>
    <message id="m0014" time="2013-03-15 16:37:29 UTC" participant="139275">
      <body>ربنا يسهل يا رب</body>
    </message>
    <message id="m0015" time="2013-03-15 16:37:43 UTC" participant="139558">
      <body>لا</body>
    </message>
    <message id="m0016" time="2013-03-15 16:37:48 UTC" participant="139558">
      <body>بس بقول</body>
    </message>
    <message id="m0017" time="2013-03-15 16:38:04 UTC" participant="139558">
      <body>ولدتي بجد</body>
    </message>
    <message id="m0018" time="2013-03-15 16:38:13 UTC" participant="139275">
      <body>اه الحمد لله :)</body>
    </message>
    <message id="m0019" time="2013-03-15 16:38:18 UTC" participant="139275">
      <body>ادعيلي بقى</body>
    </message>
    <message id="m0020" time="2013-03-15 16:38:34 UTC" participant="139275">
      <body>يارب</body>
    </message>
    <message id="m0021" time="2013-03-15 16:39:00 UTC" participant="139275">
      <body>يارب حبيبتي المهم انتي عاملة ايه؟</body>
    </message>
    <message id="m0022" time="2013-03-15 16:39:13 UTC" participant="139275">
      <body>صحتك عاملة ايه؟</body>
    </message>
    <message id="m0023" time="2013-03-15 16:39:27 UTC" participant="139558">
      <body>يجد</body>
    </message>
    <message id="m0024" time="2013-03-15 16:39:36 UTC" participant="139558">
      <body>يا حبيبتي</body>
    </message>
    <message id="m0025" time="2013-03-15 16:39:49 UTC" participant="139558">
      <body>ربنا يقومك بالسلامة</body>
    </message>
    <message id="m0026" time="2013-03-15 16:40:02 UTC" participant="139275">
      <body>انتي وصلتي للكام دلوقتي؟</body>
    </message>
    <message id="m0027" time="2013-03-15 16:40:06 UTC" participant="139558">
      <body>ربنا معاكي يا منمن</body>
    </message>
    <message id="m0028" time="2013-03-15 16:40:40 UTC" participant="139558">
      <body>الحمد لله يا منمن</body>
    </message>
    <message id="m0029" time="2013-03-15 16:40:50 UTC" participant="139558">
      <body>والله الحمد لله</body>
    </message>
    <message id="m0030" time="2013-03-15 16:41:11 UTC" participant="139558">
      <body>مستنية أولد بقي</body>
    </message>
    <message id="m0031" time="2013-03-15 16:41:35 UTC" participant="139275">
      <body>لسة ادامك حبة حلوين يا مهون</body>
    </message>
    <message id="m0032" time="2013-03-15 16:42:00 UTC" participant="139558">
      <body>عديت ١٠ أيام في التامن</body>
    </message>
    <message id="m0033" time="2013-03-15 17:03:45 UTC" participant="139558">
      <body>اه ٢٠ يوم عمالة اعد فيهم</body>
    </message>
    <message id="m0034" time="2013-03-15 17:04:21 UTC" participant="139275">
      <body>حتستني طبيعي ان شاء الله ولا حتعملي ايه؟</body>
    </message>
    <message id="m0035" time="2013-03-15 17:05:35 UTC" participant="139275">
      <body>ربنا يكتب لك الخيير يارب</body>
    </message>
    <message id="m0036" time="2013-03-15 17:06:01 UTC" participant="139275">
      <body>ان شاء الله ناس كتير بتقول انه احسن لبيبي وليكس</body>
    </message>
    <message id="m0037" time="2013-03-15 17:06:22 UTC" participant="139275">
      <body>لكن انا اخدتها من قصيرها بقى وعشان الدكتور مسافر</body>
    </message>
    <message id="m0038" time="2013-03-15 17:06:32 UTC" participant="139275">
      <body>فانا محبتش اروح لدكتور تاني</body>
    </message>
    <message id="m0039" time="2013-03-15 17:06:41 UTC" participant="139558">
      <body>والله سيباها علي ربنا</body>
    </message>
    <message id="m0040" time="2013-03-15 17:07:01 UTC" participant="139558">
      <body>بس بفكر كده في الطبيعي</body>
    </message>
    <message id="m0041" time="2013-03-15 17:07:22 UTC" participant="139558">
      <body>امين</body>
    </message>
    <message id="m0042" time="2013-03-15 17:07:40 UTC" participant="139558">
      <body>اه بيقولولي كده</body>
    </message>
    <message id="m0043" time="2013-03-15 17:08:02 UTC" participant="139558">
      <body>اه قولتيلي</body>
    </message>
    <message id="m0044" time="2013-03-15 17:09:52 UTC" participant="139275">
      <body>ياارب</body>
    </message>
    <message id="m0045" time="2013-03-15 17:10:43 UTC" participant="139275">
      <body>اكيد يارب فكرني</body>
    </message>
    <message id="m0046" time="2013-03-15 17:10:45 UTC" participant="139275">
      <body>:)</body>
    </message>
    <message id="m0047" time="2013-03-15 17:10:51 UTC" participant="139558">
      <body>هانت يا أمنية</body>
    </message>
    <message id="m0048" time="2013-03-15 17:11:00 UTC" participant="139558">
      <body>شدي حيلك و اجمدي</body>
    </message>
    <message id="m0049" time="2013-03-15 17:11:14 UTC" participant="139558">
      <body>وانشالله تعدي علي خير</body>
    </message>
    <message id="m0050" time="2013-03-15 17:11:40 UTC" participant="139558">
      <body>بس متنسيش تدعيلي وانت بتولدي</body>
    </message>
    <message id="m0051" time="2013-03-15 17:12:26 UTC" participant="139558">
      <body>انشالله ☺</body>
    </message>
    <message id="m0052" time="2013-03-15 17:13:37 UTC" participant="139275">
      <body>عمار عامل ايه؟</body>
    </message>
    <message id="m0053" time="2013-03-15 17:14:35 UTC" participant="139275">
      <body>الحمد لله</body>
    </message>
    <message id="m0054" time="2013-03-15 17:15:28 UTC" participant="139558">
      <body>الحمد لله يا حبيبتي</body>
    </message>
    <message id="m0055" time="2013-03-15 17:15:45 UTC" participant="139558">
      <body>انت جوزك عامل ايه</body>
    </message>
    <message id="m0056" time="2013-03-15 17:16:23 UTC" participant="139558">
      <body>يا رب دايما</body>
    </message>
  </messages>
</conversation>
