<?xml version="1.0" encoding="UTF-8"?>
<conversation id="CHT_ARZ_20130506.0006" medium="CHT" donated="true">
  <messages>
    <message id="m0000" time="2013-05-06 19:19:00 UTC" participant="139880">
      <body>heyya bete2bal el 3aza delwa2ti</body>
    </message>
    <message id="m0001" time="2013-05-06 19:27:00 UTC" participant="139230">
      <body>kwayes enaha eqtana3et</body>
    </message>
    <message id="m0002" time="2013-05-07 16:45:00 UTC" participant="139880">
      <body>ba2olek eeh</body>
    </message>
    <message id="m0003" time="2013-05-07 16:45:00 UTC" participant="139880">
      <body>ma tenseesh el kettle</body>
    </message>
    <message id="m0004" time="2013-05-07 16:46:00 UTC" participant="139880">
      <body>7otteh f shantetek</body>
    </message>
    <message id="m0005" time="2013-05-07 16:58:00 UTC" participant="139230">
      <body>kwayes enek fakarteni</body>
    </message>
  </messages>
</conversation>
