<?xml version="1.0" encoding="UTF-8"?>
<conversation id="CHT_ARZ_20121115.0002" medium="CHT" donated="true">
  <messages>
    <message id="m0000" time="2012-11-15 16:47:39 UTC" participant="139275">
      <body></body>
    </message>
    <message id="m0001" time="2012-11-15 16:50:23 UTC" participant="139566">
      <body>Sana kamria sa3eda</body>
    </message>
    <message id="m0002" time="2012-11-15 16:51:22 UTC" participant="139275">
      <body>shreefa 3azizaaa :))</body>
    </message>
    <message id="m0003" time="2012-11-15 16:51:29 UTC" participant="139566">
      <body></body>
    </message>
  </messages>
</conversation>
