<?xml version="1.0" encoding="UTF-8"?>
<conversation id="CHT_ARZ_20130322.0002" medium="CHT" donated="true">
  <messages>
    <message id="m0000" time="2013-03-22 00:59:00 UTC" participant="139275">
      <body>Ma2oltolish 3al 5rouga lih :(</body>
    </message>
    <message id="m0001" time="2013-03-22 00:59:00 UTC" participant="139275">
      <body>Akid ba3d el maghreb :)</body>
    </message>
    <message id="m0002" time="2013-03-22 01:18:00 UTC" participant="139573">
      <body>msh 5roga awy</body>
    </message>
    <message id="m0003" time="2013-03-22 01:18:00 UTC" participant="139573">
      <body>ro7na el beat l nahla</body>
    </message>
    <message id="m0004" time="2013-03-22 01:18:00 UTC" participant="139275">
      <body>ااااااه</body>
    </message>
    <message id="m0005" time="2013-03-22 01:18:00 UTC" participant="139275">
      <body>ماهو ده الاحتمال التاني الي فكرت فيه</body>
    </message>
    <message id="m0006" time="2013-03-22 01:18:00 UTC" participant="139275">
      <body>وحشتينى :(</body>
    </message>
    <message id="m0007" time="2013-03-22 01:19:00 UTC" participant="139573">
      <body>wenty awy ba2a</body>
    </message>
    <message id="m0008" time="2013-03-22 01:20:00 UTC" participant="139275">
      <body>بتكلمينى ع الفيس ليه :)))</body>
    </message>
    <message id="m0009" time="2013-03-22 01:20:00 UTC" participant="139573">
      <body>3ashan mobily soghyr</body>
    </message>
    <message id="m0010" time="2013-03-22 01:20:00 UTC" participant="139275">
      <body>ها ؟</body>
    </message>
    <message id="m0011" time="2013-03-22 01:21:00 UTC" participant="139275">
      <body>اناىفيىالحالتين ع الموبايل يعنى :p</body>
    </message>
    <message id="m0012" time="2013-03-22 01:21:00 UTC" participant="139573">
      <body>msh n3rf aktb kwys</body>
    </message>
    <message id="m0013" time="2013-03-22 01:21:00 UTC" participant="139275">
      <body>اها</body>
    </message>
    <message id="m0014" time="2013-03-22 01:22:00 UTC" participant="139573">
      <body>ahh</body>
    </message>
  </messages>
</conversation>
