<?xml version="1.0" encoding="UTF-8"?>
<conversation id="CHT_ARZ_20130428.0000" medium="CHT" donated="true">
  <messages>
    <message id="m0000" participant="138112" time="2013-04-28 10:32:34 UTC">
      <body>Myrna enti m3a meen f el villa maquette d</body>
    </message>
    <message id="m0001" participant="138112" time="2013-04-28 10:32:38 UTC">
      <body>Project el art</body>
    </message>
    <message id="m0002" participant="138328" time="2013-04-28 10:53:28 UTC">
      <body>Wla aii had</body>
    </message>
    <message id="m0003" participant="138112" time="2013-04-28 10:54:28 UTC">
      <body>Enti fahma aslan el project da</body>
    </message>
    <message id="m0005" participant="138112" time="2013-04-28 11:00:21 UTC">
      <body>Tab eh</body>
    </message>
    <message id="m0006" participant="138328" time="2013-04-28 11:00:36 UTC">
      <body>Enty ht3mlih m3 men</body>
    </message>
    <message id="m0007" participant="138112" time="2013-04-28 11:01:03 UTC">
      <body>Lwahdi</body>
    </message>
    <message id="m0008" participant="138328" time="2013-04-28 11:01:20 UTC">
      <body>Tayb man3mli m3 b3d</body>
    </message>
    <message id="m0009" participant="138112" time="2013-04-28 11:01:54 UTC">
      <body>El mafrood you get more credit law 3amlti lwa7dek</body>
    </message>
    <message id="m0010" participant="138112" time="2013-04-28 11:04:16 UTC">
      <body>Howa mafrood byt3ml ezay b2a</body>
    </message>
    <message id="m0011" participant="138112" time="2013-04-28 11:04:41 UTC">
      <body>Bafakar aslan a5ali y3mlhooli</body>
    </message>
    <message id="m0012" participant="138328" time="2013-04-28 11:10:28 UTC">
      <body>Hwa joe by3mlovnw</body>
    </message>
    <message id="m0013" participant="138328" time="2013-04-28 11:10:35 UTC">
      <body>5lih yfhmholk bzabt</body>
    </message>
    <message id="m0014" participant="138112" time="2013-04-28 11:11:20 UTC">
      <body>Tayeb n3mlo m3a ba3d w 5las w joe yeb2a ysa3edna w n3mel f 7agat extra</body>
    </message>
    <message id="m0015" participant="138112" time="2013-04-28 11:11:34 UTC">
      <body>?</body>
    </message>
    <message id="m0016" participant="138328" time="2013-04-28 11:11:34 UTC">
      <body>5las oki</body>
    </message>
    <message id="m0017" participant="138112" time="2013-04-28 11:11:45 UTC">
      <body>Tayeb ok eshta</body>
    </message>
    <message id="m0018" participant="138112" time="2013-04-28 11:12:03 UTC">
      <body>Hashoof el design n3mlo ezay</body>
    </message>
  </messages>
</conversation>
