<?xml version="1.0" encoding="UTF-8"?>
<conversation id="CHT_ARZ_20130106.0002" medium="CHT" donated="true">
  <messages>
    <message id="m0000" time="2013-01-06 21:25:00 UTC" participant="139546">
      <body>مها إخبارك</body>
    </message>
    <message id="m0001" time="2013-01-06 21:25:00 UTC" participant="139546">
      <body>تسلمي علشان على</body>
    </message>
    <message id="m0002" time="2013-01-06 21:26:00 UTC" participant="139546">
      <body>عبد الرحمن ليه أسبوعين زن عأيز يقابله</body>
    </message>
    <message id="m0003" time="2013-01-06 21:26:00 UTC" participant="139546">
      <body>وأنا أساسا عندي حاله زهق ؤحتى ؤلا هو بيخرج</body>
    </message>
    <message id="m0004" time="2013-01-06 21:26:00 UTC" participant="139376">
      <body>والله وعلي كمان</body>
    </message>
    <message id="m0005" time="2013-01-06 21:27:00 UTC" participant="139376">
      <body>والله احنا بقالنا اسبوعين متقبلناش</body>
    </message>
    <message id="m0006" time="2013-01-06 21:27:00 UTC" participant="139376">
      <body>يوم الجمعة بس خرجنا اتغدينا بسرعة علر البحر و رجعنا بسرعة</body>
    </message>
    <message id="m0007" time="2013-01-06 21:28:00 UTC" participant="139546">
      <body>انت إخبارك</body>
    </message>
    <message id="m0008" time="2013-01-06 21:28:00 UTC" participant="139546">
      <body>وحسين</body>
    </message>
    <message id="m0009" time="2013-01-06 21:28:00 UTC" participant="139376">
      <body>والله الحمد لله</body>
    </message>
    <message id="m0010" time="2013-01-06 21:28:00 UTC" participant="139376">
      <body>انتم اخباركم ايه</body>
    </message>
    <message id="m0011" time="2013-01-06 21:29:00 UTC" participant="139376">
      <body>كل سنةانتم طيبين</body>
    </message>
    <message id="m0012" time="2013-01-06 21:29:00 UTC" participant="139376">
      <body>مش حسألك طبعا كام سنه</body>
    </message>
    <message id="m0013" time="2013-01-06 21:29:00 UTC" participant="139376">
      <body>طبعا 29</body>
    </message>
    <message id="m0014" time="2013-01-06 21:29:00 UTC" participant="139376">
      <body/>
    </message>
    <message id="m0015" time="2013-01-06 21:29:00 UTC" participant="139546">
      <body>لاء عيب 22</body>
    </message>
    <message id="m0016" time="2013-01-06 21:29:00 UTC" participant="139546">
      <body></body>
    </message>
    <message id="m0017" time="2013-01-06 21:30:00 UTC" participant="139376">
      <body>اما اسفة اتلخبط مع واحدة تانية</body>
    </message>
    <message id="m0018" time="2013-01-06 21:30:00 UTC" participant="139376">
      <body></body>
    </message>
    <message id="m0019" time="2013-01-06 21:30:00 UTC" participant="139546">
      <body>إيوة كدة</body>
    </message>
    <message id="m0020" time="2013-01-06 21:30:00 UTC" participant="139376">
      <body></body>
    </message>
    <message id="m0021" time="2013-01-06 21:31:00 UTC" participant="139546">
      <body>يا سيتي العمر بيعدي</body>
    </message>
    <message id="m0022" time="2013-01-06 21:31:00 UTC" participant="139376">
      <body>اه والله</body>
    </message>
    <message id="m0023" time="2013-01-06 21:31:00 UTC" participant="139546">
      <body>حسين بطل مدرسه ؤلا لسه</body>
    </message>
    <message id="m0024" time="2013-01-06 21:32:00 UTC" participant="139376">
      <body>لا خلاص بقوا حبايب</body>
    </message>
    <message id="m0025" time="2013-01-06 21:32:00 UTC" participant="139546">
      <body>طيب كويس ممتاز</body>
    </message>
    <message id="m0026" time="2013-01-06 21:32:00 UTC" participant="139376">
      <body>اه الحمد للخ</body>
    </message>
    <message id="m0027" time="2013-01-06 21:32:00 UTC" participant="139376">
      <body>لله</body>
    </message>
    <message id="m0028" time="2013-01-06 21:33:00 UTC" participant="139546">
      <body>بدأ إجازة</body>
    </message>
    <message id="m0029" time="2013-01-06 21:33:00 UTC" participant="139376">
      <body>لا لسه</body>
    </message>
    <message id="m0030" time="2013-01-06 21:33:00 UTC" participant="139376">
      <body>هو علي جاي في الطريق؟؟</body>
    </message>
    <message id="m0031" time="2013-01-06 21:34:00 UTC" participant="139546">
      <body>بياكلوا</body>
    </message>
    <message id="m0032" time="2013-01-06 21:34:00 UTC" participant="139376">
      <body>انتم فين؟؟</body>
    </message>
    <message id="m0033" time="2013-01-06 21:34:00 UTC" participant="139546">
      <body>إتاخر ؟؟</body>
    </message>
    <message id="m0034" time="2013-01-06 21:34:00 UTC" participant="139546">
      <body>لاء بيت</body>
    </message>
    <message id="m0035" time="2013-01-06 21:34:00 UTC" participant="139376">
      <body>طب كويس</body>
    </message>
    <message id="m0036" time="2013-01-06 21:34:00 UTC" participant="139546">
      <body>قعدوا يلعبوا</body>
    </message>
    <message id="m0037" time="2013-01-06 21:35:00 UTC" participant="139376">
      <body>طب كويس والله</body>
    </message>
    <message id="m0038" time="2013-01-06 21:35:00 UTC" participant="139376">
      <body>كويس انهم بياكلوا</body>
    </message>
    <message id="m0039" time="2013-01-06 21:35:00 UTC" participant="139376">
      <body>بيشجعوا بعض</body>
    </message>
    <message id="m0040" time="2013-01-06 21:35:00 UTC" participant="139546">
      <body>إيوة</body>
    </message>
    <message id="m0041" time="2013-01-06 21:36:00 UTC" participant="139546">
      <body>أول مرة عبد الرحمن يخلص أكله</body>
    </message>
    <message id="m0042" time="2013-01-06 21:36:00 UTC" participant="139376">
      <body>طب الحمد لله</body>
    </message>
    <message id="m0043" time="2013-01-06 21:39:00 UTC" participant="139546">
      <body>وعلى جيه عند النصف وقالي شبعت بس قلتله كمل مع عبد الرحمن وخلص الحمد لله</body>
    </message>
    <message id="m0044" time="2013-01-06 21:39:00 UTC" participant="139376">
      <body>طب الحمد لله</body>
    </message>
    <message id="m0045" time="2013-01-06 21:40:00 UTC" participant="139546">
      <body>هو خلاص نازل أهو</body>
    </message>
    <message id="m0046" time="2013-01-06 21:40:00 UTC" participant="139376">
      <body>ماشي</body>
    </message>
    <message id="m0047" time="2013-01-06 21:40:00 UTC" participant="139376">
      <body>احنا الي متشكرين</body>
    </message>
    <message id="m0048" time="2013-01-06 21:42:00 UTC" participant="139546">
      <body>على يا مها</body>
    </message>
    <message id="m0049" time="2013-01-06 21:43:00 UTC" participant="139376">
      <body>علشان علي اكيد قضى وقت حلو معاكم</body>
    </message>
    <message id="m0050" time="2013-01-06 21:44:00 UTC" participant="139546">
      <body>ؤالله وجود على بيريحني من كتر ما عبد الرحمن بيكون عأيز يلعب معاه</body>
    </message>
    <message id="m0051" time="2013-01-06 21:44:00 UTC" participant="139376">
      <body>يا حبيبي</body>
    </message>
    <message id="m0052" time="2013-01-06 21:45:00 UTC" participant="139376">
      <body>لا نرتب خروجة الاسبوع ده ان شاء الله</body>
    </message>
    <message id="m0053" time="2013-01-06 21:45:00 UTC" participant="139546">
      <body>أن شاء الله</body>
    </message>
  </messages>
</conversation>
