<?xml version="1.0" encoding="UTF-8"?>
<conversation id="CHT_ARZ_20130516.0001" medium="CHT" donated="true">
  <messages>
    <message id="m0000" participant="138112" time="2013-05-16 12:06:10 UTC">
      <body>Weselti</body>
    </message>
    <message id="m0001" participant="138328" time="2013-05-16 12:07:10 UTC">
      <body>Lesaaaa</body>
    </message>
    <message id="m0002" participant="138328" time="2013-05-16 12:07:42 UTC">
      <body>Bass 2rbtt hbebe</body>
    </message>
    <message id="m0003" participant="138112" time="2013-05-16 12:11:11 UTC">
      <body>Oleeli lama twsali</body>
    </message>
    <message id="m0004" participant="138328" time="2013-05-16 12:19:44 UTC">
      <body>Ana weslt ahoo</body>
    </message>
    <message id="m0005" participant="138112" time="2013-05-16 12:20:52 UTC">
      <body>Tyb el7</body>
    </message>
    <message id="m0006" participant="138328" time="2013-05-16 12:31:45 UTC">
      <body/>
    </message>
    <message id="m0007" participant="138328" time="2013-05-16 12:31:51 UTC">
      <body>Mamtk rag3a when 2dau</body>
    </message>
    <message id="m0008" participant="138112" time="2013-05-16 12:39:00 UTC">
      <body>Mafrood 5 keda</body>
    </message>
    <message id="m0009" participant="138328" time="2013-05-16 12:41:38 UTC">
      <body>Tigii bel salamaa</body>
    </message>
  </messages>
</conversation>
