<?xml version="1.0" encoding="UTF-8"?>
<conversation id="CHT_ARZ_20130310.0001" medium="CHT" donated="true">
  <messages>
    <message id="m0000" participant="138329" time="2013-03-10 16:10:06 UTC">
      <body>Marfoda</body>
    </message>
    <message id="m0003" participant="138329" time="2013-03-10 16:21:20 UTC">
      <body>Enty marfoda men el madrsa</body>
    </message>
    <message id="m0005" participant="138112" time="2013-03-10 16:25:59 UTC">
      <body>Hahahaha</body>
    </message>
    <message id="m0007" participant="138329" time="2013-03-10 16:26:20 UTC">
      <body>Ana b2olha kda</body>
    </message>
    <message id="m0008" participant="138329" time="2013-03-10 16:26:22 UTC">
      <body>:)</body>
    </message>
    <message id="m0009" participant="138329" time="2013-03-10 16:26:42 UTC">
      <body>Bardo naughty girl mafr2tsh el mohem enek marfoda</body>
    </message>
    <message id="m0011" participant="138329" time="2013-03-10 16:26:53 UTC">
      <body>Ahhhhaaahahha</body>
    </message>
    <message id="m0012" participant="138112" time="2013-03-10 16:29:38 UTC">
      <body>Hahaha mashy</body>
    </message>
    <message id="m0013" participant="138329" time="2013-03-10 16:29:55 UTC">
      <body/>
    </message>
  </messages>
</conversation>
