<?xml version="1.0" encoding="UTF-8"?>
<conversation id="CHT_ARZ_20130220.0003" medium="CHT" donated="true">
  <messages>
    <message id="m0001" time="2013-02-21 00:33:00 UTC" participant="139574">
      <body>&lt;Media omitted&gt;</body>
    </message>
    <message id="m0002" time="2013-02-21 00:33:00 UTC" participant="139574">
      <body>&lt;Media omitted&gt;</body>
    </message>
    <message id="m0003" time="2013-02-21 00:34:00 UTC" participant="139574">
      <body>&lt;Media omitted&gt;</body>
    </message>
    <message id="m0004" time="2013-02-21 00:34:00 UTC" participant="139574">
      <body>&lt;Media omitted&gt;</body>
    </message>
    <message id="m0005" time="2013-02-21 00:34:00 UTC" participant="139574">
      <body>&lt;Media omitted&gt;</body>
    </message>
    <message id="m0006" time="2013-02-21 00:34:00 UTC" participant="139574">
      <body>&lt;Media omitted&gt;</body>
    </message>
    <message id="m0007" time="2013-02-21 00:34:00 UTC" participant="139574">
      <body>&lt;Media omitted&gt;</body>
    </message>
    <message id="m0008" time="2013-02-21 00:34:00 UTC" participant="139574">
      <body>&lt;Media omitted&gt;</body>
    </message>
    <message id="m0009" time="2013-02-21 00:34:00 UTC" participant="139574">
      <body>&lt;Media omitted&gt;</body>
    </message>
    <message id="m0010" time="2013-02-21 00:34:00 UTC" participant="139574">
      <body>&lt;Media omitted&gt;</body>
    </message>
    <message id="m0011" time="2013-02-21 00:35:00 UTC" participant="139574">
      <body>&lt;Media omitted&gt;</body>
    </message>
    <message id="m0012" time="2013-02-21 00:35:00 UTC" participant="139574">
      <body>&lt;Media omitted&gt;</body>
    </message>
    <message id="m0013" time="2013-02-21 00:35:00 UTC" participant="139574">
      <body>&lt;Media omitted&gt;</body>
    </message>
    <message id="m0014" time="2013-02-21 00:35:00 UTC" participant="139574">
      <body>&lt;Media omitted&gt;</body>
    </message>
    <message id="m0015" time="2013-02-21 00:35:00 UTC" participant="139574">
      <body>&lt;Media omitted&gt;</body>
    </message>
    <message id="m0017" time="2013-02-21 00:36:00 UTC" participant="139574">
      <body>&lt;Media omitted&gt;</body>
    </message>
    <message id="m0018" time="2013-02-21 00:36:00 UTC" participant="139574">
      <body>&lt;Media omitted&gt;</body>
    </message>
    <message id="m0020" time="2013-02-21 07:49:00 UTC" participant="139275">
      <body>W eb3atihom tany ma3lesh</body>
    </message>
    <message id="m0021" time="2013-02-21 07:49:00 UTC" participant="139275">
      <body>3shan sewar el wahtsapp btigy soghayara w msh wad7a</body>
    </message>
    <message id="m0022" time="2013-02-22 00:00:00 UTC" participant="139275">
      <body>Marwaaaa</body>
    </message>
    <message id="m0023" time="2013-02-22 00:00:00 UTC" participant="139275">
      <body>Howa email soha eh ?</body>
    </message>
    <message id="m0025" time="2013-02-22 00:10:00 UTC" participant="139574">
      <body>Hya fennnn</body>
    </message>
    <message id="m0026" time="2013-02-22 00:10:00 UTC" participant="139275">
      <body>Yeb2a howa dahbsa7</body>
    </message>
    <message id="m0027" time="2013-02-22 00:10:00 UTC" participant="139275">
      <body>Ele ba3ato 3aliha</body>
    </message>
    <message id="m0028" time="2013-02-22 00:10:00 UTC" participant="139275">
      <body>Bosy ya marwa</body>
    </message>
    <message id="m0029" time="2013-02-22 00:10:00 UTC" participant="139574">
      <body>Ba2olek eh i checked pics on drop box wd7in msA</body>
    </message>
    <message id="m0030" time="2013-02-22 00:11:00 UTC" participant="139275">
      <body>W fel zoom 7elw ?</body>
    </message>
    <message id="m0032" time="2013-02-22 00:11:00 UTC" participant="139574">
      <body>Fat7tohom bs</body>
    </message>
    <message id="m0033" time="2013-02-22 00:11:00 UTC" participant="139275">
      <body>Enty momken e7tyaty men el uphone now</body>
    </message>
    <message id="m0034" time="2013-02-22 00:12:00 UTC" participant="139275">
      <body>E3mely share via dropbox</body>
    </message>
    <message id="m0036" time="2013-02-22 00:14:00 UTC" participant="139574">
      <body>Sara ana mal2tsh paste</body>
    </message>
    <message id="m0037" time="2013-02-22 00:14:00 UTC" participant="139574">
      <body>Lol</body>
    </message>
    <message id="m0038" time="2013-02-22 00:14:00 UTC" participant="139574">
      <body>23mel upload folders de</body>
    </message>
    <message id="m0039" time="2013-02-22 00:15:00 UTC" participant="139275">
      <body>Ha ?:D</body>
    </message>
    <message id="m0041" time="2013-02-22 00:15:00 UTC" participant="139574">
      <body>:D</body>
    </message>
    <message id="m0044" time="2013-02-22 00:16:00 UTC" participant="139275">
      <body>3shan matetlat3ish 2odam el site</body>
    </message>
    <message id="m0045" time="2013-02-22 00:16:00 UTC" participant="139574">
      <body>Ahhhh 3shan kda</body>
    </message>
    <message id="m0046" time="2013-02-22 00:17:00 UTC" participant="139574">
      <body>Tb so2al .. If i copied and pasted it w aflt el computer mesh 7ytna2al s7?</body>
    </message>
    <message id="m0048" time="2013-02-22 00:18:00 UTC" participant="139275">
      <body>Lazem yefdal maftou7</body>
    </message>
  </messages>
</conversation>
