<?xml version="1.0" encoding="UTF-8"?>
<conversation id="CHT_ARZ_20130511.0001" medium="CHT" donated="true">
  <messages>
    <message id="m0000" time="2013-05-11 12:43:44 UTC" participant="139206">
      <body>nanaaaaaaa</body>
    </message>
    <message id="m0002" time="2013-05-11 21:27:17 UTC" participant="139319">
      <body>I'm sry lw klmtk btr2a w7sha</body>
    </message>
    <message id="m0003" time="2013-05-11 21:27:18 UTC" participant="139319">
      <body/>
    </message>
    <message id="m0004" time="2013-05-11 23:02:40 UTC" participant="139206">
      <body>mashi ya lozar</body>
    </message>
    <message id="m0005" time="2013-05-11 23:02:45 UTC" participant="139206">
      <body>ma2bula mnk ya amat</body>
    </message>
    <message id="m0006" time="2013-05-11 23:02:49 UTC" participant="139206">
      <body>amar</body>
    </message>
    <message id="m0007" time="2013-05-11 23:03:00 UTC" participant="139206">
      <body>akid mady2tsh</body>
    </message>
    <message id="m0008" time="2013-05-11 23:03:49 UTC" participant="139319">
      <body>L2 mat3shesh</body>
    </message>
    <message id="m0009" time="2013-05-11 23:03:52 UTC" participant="139319">
      <body>Enty ghaltna</body>
    </message>
    <message id="m0010" time="2013-05-11 23:03:53 UTC" participant="139319">
      <body>:D</body>
    </message>
    <message id="m0011" time="2013-05-11 23:04:03 UTC" participant="139319">
      <body>Asln</body>
    </message>
    <message id="m0012" time="2013-05-11 23:04:03 UTC" participant="139319">
      <body>Bs ana demaghy kbeetra</body>
    </message>
    <message id="m0013" time="2013-05-11 23:42:31 UTC" participant="139206">
      <body>ya salammm</body>
    </message>
    <message id="m0014" time="2013-05-11 23:42:35 UTC" participant="139206">
      <body>bgd walahyy</body>
    </message>
    <message id="m0015" time="2013-05-11 23:42:37 UTC" participant="139206">
      <body>hahahhaha</body>
    </message>
    <message id="m0016" time="2013-05-12 00:23:49 UTC" participant="139319">
      <body>???</body>
    </message>
    <message id="m0017" time="2013-05-12 00:23:49 UTC" participant="139319">
      <body>Weslty</body>
    </message>
    <message id="m0019" time="2013-05-12 00:24:57 UTC" participant="139319">
      <body>Mashy yakhty</body>
    </message>
    <message id="m0020" time="2013-05-12 00:25:03 UTC" participant="139206">
      <body>hahahahahha</body>
    </message>
    <message id="m0021" time="2013-05-12 00:25:08 UTC" participant="139206">
      <body>yalla ya lozer</body>
    </message>
    <message id="m0022" time="2013-05-12 21:44:41 UTC" participant="139319">
      <body>Ririii</body>
    </message>
    <message id="m0024" time="2013-05-12 21:54:56 UTC" participant="139319">
      <body>Magteesh leh?</body>
    </message>
    <message id="m0025" time="2013-05-12 22:09:28 UTC" participant="139206">
      <body>ento khslto</body>
    </message>
    <message id="m0026" time="2013-05-12 22:09:30 UTC" participant="139206">
      <body>?</body>
    </message>
    <message id="m0027" time="2013-05-12 22:09:33 UTC" participant="139206">
      <body>a3da bazaker</body>
    </message>
    <message id="m0028" time="2013-05-12 22:09:40 UTC" participant="139206">
      <body>ashan mazketdh ba2ali 3 days</body>
    </message>
    <message id="m0029" time="2013-05-12 22:16:38 UTC" participant="139319">
      <body>Eh da leh</body>
    </message>
    <message id="m0030" time="2013-05-12 22:25:38 UTC" participant="139319">
      <body>Ririi</body>
    </message>
    <message id="m0031" time="2013-05-12 22:25:38 UTC" participant="139319">
      <body>3yza ur password on facebook ashuf 7ga</body>
    </message>
    <message id="m0032" time="2013-05-12 22:25:38 UTC" participant="139319">
      <body>Ynf3</body>
    </message>
    <message id="m0033" time="2013-05-12 22:25:47 UTC" participant="139206">
      <body>aiwa akidd</body>
    </message>
    <message id="m0034" time="2013-05-12 22:25:51 UTC" participant="139206">
      <body>hatshufi eih</body>
    </message>
    <message id="m0035" time="2013-05-12 22:27:20 UTC" participant="139206">
      <body>khodi</body>
    </message>
    <message id="m0036" time="2013-05-12 22:27:39 UTC" participant="139319">
      <body>Bs lma arawa7</body>
    </message>
    <message id="m0039" time="2013-05-12 22:30:06 UTC" participant="139319">
      <body>Beace</body>
    </message>
    <message id="m0040" time="2013-05-12 22:30:11 UTC" participant="139319">
      <body>7ga msh leya dw</body>
    </message>
    <message id="m0041" time="2013-05-12 22:30:14 UTC" participant="139319">
      <body>:D</body>
    </message>
    <message id="m0042" time="2013-05-12 22:50:02 UTC" participant="139319">
      <body>Malek?</body>
    </message>
    <message id="m0043" time="2013-05-13 00:17:29 UTC" participant="139206">
      <body>hHahahahahhaha</body>
    </message>
    <message id="m0044" time="2013-05-13 00:17:33 UTC" participant="139206">
      <body>malish mnfu5a</body>
    </message>
    <message id="m0045" time="2013-05-13 00:17:36 UTC" participant="139206">
      <body>mara wahda</body>
    </message>
    <message id="m0046" time="2013-05-13 00:17:41 UTC" participant="139206">
      <body>albi et2bd</body>
    </message>
    <message id="m0047" time="2013-05-13 00:17:56 UTC" participant="139206">
      <body>fkrt f haga dy2tni bs mahfkra eih hya</body>
    </message>
    <message id="m0048" time="2013-05-13 00:18:17 UTC" participant="139319">
      <body>Ahh fhma</body>
    </message>
    <message id="m0049" time="2013-05-13 00:38:58 UTC" participant="139206">
      <body>bas hwa da</body>
    </message>
    <message id="m0050" time="2013-05-13 03:34:26 UTC" participant="139206">
      <body>nanaa</body>
    </message>
    <message id="m0051" time="2013-05-13 11:15:22 UTC" participant="139319">
      <body>Eh ya ririii</body>
    </message>
    <message id="m0055" time="2013-05-13 15:26:24 UTC" participant="139206">
      <body>u fin ?</body>
    </message>
    <message id="m0057" time="2013-05-13 15:39:11 UTC" participant="139206">
      <body>malekk</body>
    </message>
    <message id="m0058" time="2013-05-13 15:55:44 UTC" participant="139319">
      <body>Mfeesh</body>
    </message>
    <message id="m0059" time="2013-05-13 15:58:19 UTC" participant="139206">
      <body>okaii</body>
    </message>
    <message id="m0060" time="2013-05-13 18:57:48 UTC" participant="139206">
      <body>nana gaya today ?</body>
    </message>
    <message id="m0062" time="2013-05-13 18:58:34 UTC" participant="139206">
      <body>isaaaa</body>
    </message>
    <message id="m0065" time="2013-05-14 01:15:27 UTC" participant="139319">
      <body>Ririii</body>
    </message>
    <message id="m0066" time="2013-05-14 01:15:27 UTC" participant="139319">
      <body>B2ulk</body>
    </message>
    <message id="m0068" time="2013-05-14 01:26:40 UTC" participant="139319">
      <body>T3rfy w7da esmha amany eweida</body>
    </message>
    <message id="m0069" time="2013-05-14 01:26:57 UTC" participant="139319">
      <body>??</body>
    </message>
    <message id="m0070" time="2013-05-14 01:27:19 UTC" participant="139206">
      <body/>
    </message>
    <message id="m0072" time="2013-05-14 01:27:27 UTC" participant="139206">
      <body>bs arfa eweida da</body>
    </message>
    <message id="m0073" time="2013-05-14 01:27:29 UTC" participant="139206">
      <body>nsh ghrib alia</body>
    </message>
    <message id="m0075" time="2013-05-14 01:27:37 UTC" participant="139319">
      <body>:D</body>
    </message>
    <message id="m0076" time="2013-05-14 01:28:29 UTC" participant="139206">
      <body>yanhar al assami do</body>
    </message>
    <message id="m0077" time="2013-05-14 01:28:30 UTC" participant="139206">
      <body>di</body>
    </message>
    <message id="m0078" time="2013-05-14 01:28:35 UTC" participant="139206">
      <body>eb3tili sowar ashal</body>
    </message>
    <message id="m0079" time="2013-05-14 01:28:37 UTC" participant="139319">
      <body>Hahahaha</body>
    </message>
    <message id="m0080" time="2013-05-14 01:28:41 UTC" participant="139319">
      <body>Msh 3ndy</body>
    </message>
    <message id="m0081" time="2013-05-14 01:28:42 UTC" participant="139319">
      <body>Fakes</body>
    </message>
    <message id="m0082" time="2013-05-14 01:32:20 UTC" participant="139206">
      <body>&lt;media omitted&gt;</body>
    </message>
    <message id="m0083" time="2013-05-14 01:32:26 UTC" participant="139206">
      <body>&lt;media omitted&gt;</body>
    </message>
    <message id="m0084" time="2013-05-14 01:32:38 UTC" participant="139206">
      <body>&lt;media omitted&gt;</body>
    </message>
    <message id="m0085" time="2013-05-14 01:32:38 UTC" participant="139206">
      <body>&lt;media omitted&gt;</body>
    </message>
    <message id="m0086" time="2013-05-14 01:33:24 UTC" participant="139319">
      <body>Hahahaha</body>
    </message>
    <message id="m0087" time="2013-05-14 01:33:28 UTC" participant="139319">
      <body>Ma enty 7lwa ahoh</body>
    </message>
    <message id="m0088" time="2013-05-14 01:33:32 UTC" participant="139319">
      <body>Ah homa dul</body>
    </message>
    <message id="m0089" time="2013-05-14 01:33:34 UTC" participant="139206">
      <body>hahahahahhaha</body>
    </message>
    <message id="m0090" time="2013-05-14 01:33:36 UTC" participant="139319">
      <body>T3rfy ay 7d fehom</body>
    </message>
    <message id="m0091" time="2013-05-14 01:33:37 UTC" participant="139206">
      <body>malhm</body>
    </message>
    <message id="m0092" time="2013-05-14 01:33:42 UTC" participant="139206">
      <body>la2</body>
    </message>
    <message id="m0093" time="2013-05-14 01:33:45 UTC" participant="139206">
      <body>ba a3rf sohabo</body>
    </message>
    <message id="m0094" time="2013-05-14 01:34:39 UTC" participant="139319">
      <body>So7ab meen</body>
    </message>
    <message id="m0095" time="2013-05-14 01:34:46 UTC" participant="139206">
      <body>el walad</body>
    </message>
    <message id="m0096" time="2013-05-14 01:34:47 UTC" participant="139206">
      <body>el bent</body>
    </message>
    <message id="m0097" time="2013-05-14 01:34:54 UTC" participant="139206">
      <body>la2it common friends soghyrin</body>
    </message>
    <message id="m0098" time="2013-05-14 01:35:06 UTC" participant="139319">
      <body>Ah okay</body>
    </message>
    <message id="m0099" time="2013-05-14 01:36:03 UTC" participant="139206">
      <body>da ei hakythm ?</body>
    </message>
    <message id="m0100" time="2013-05-14 01:36:07 UTC" participant="139206">
      <body/>
    </message>
    <message id="m0101" time="2013-05-14 01:36:21 UTC" participant="139319">
      <body>Wla eh</body>
    </message>
    <message id="m0102" time="2013-05-14 01:36:31 UTC" participant="139319">
      <body>Msh lazm ay 7d yb2a loh 7ekaya</body>
    </message>
    <message id="m0103" time="2013-05-14 01:37:00 UTC" participant="139206">
      <body>bgd walahi ya nana</body>
    </message>
    <message id="m0104" time="2013-05-14 01:37:03 UTC" participant="139206">
      <body>mashi</body>
    </message>
    <message id="m0105" time="2013-05-14 01:37:10 UTC" participant="139206">
      <body>ana msh hat7shr sorry</body>
    </message>
    <message id="m0106" time="2013-05-14 01:39:22 UTC" participant="139319">
      <body>Loool</body>
    </message>
    <message id="m0107" time="2013-05-14 01:39:28 UTC" participant="139319">
      <body>Enty habla ya rime</body>
    </message>
    <message id="m0108" time="2013-05-14 01:39:35 UTC" participant="139319">
      <body>Hwa lazm kol 7ga 7ewar</body>
    </message>
    <message id="m0109" time="2013-05-14 01:39:46 UTC" participant="139319">
      <body>3mlenly add w ana m3rfhomsh</body>
    </message>
    <message id="m0110" time="2013-05-14 01:39:48 UTC" participant="139206">
      <body>okai</body>
    </message>
    <message id="m0111" time="2013-05-14 01:39:50 UTC" participant="139319">
      <body>Msh kesa</body>
    </message>
    <message id="m0112" time="2013-05-14 01:39:51 UTC" participant="139206">
      <body>mah hewar</body>
    </message>
    <message id="m0113" time="2013-05-14 01:39:53 UTC" participant="139206">
      <body>msh</body>
    </message>
    <message id="m0114" time="2013-05-14 01:40:03 UTC" participant="139206">
      <body>bs tri2a eli oltli biha</body>
    </message>
    <message id="m0115" time="2013-05-14 01:40:06 UTC" participant="139206">
      <body>akno</body>
    </message>
    <message id="m0116" time="2013-05-14 01:40:16 UTC" participant="139206">
      <body>akni ana khan2aki awi w bas2al f kol haga</body>
    </message>
    <message id="m0117" time="2013-05-14 01:40:24 UTC" participant="139206">
      <body>w bt2olilo msh lazm kessa baa keda</body>
    </message>
    <message id="m0118" time="2013-05-14 01:40:41 UTC" participant="139319">
      <body>Yaaah kol dh 3shn 2oltlk kelmteen</body>
    </message>
    <message id="m0119" time="2013-05-14 01:40:51 UTC" participant="139319">
      <body>B2a m3nah kol dh</body>
    </message>
    <message id="m0120" time="2013-05-14 01:40:53 UTC" participant="139319">
      <body>Lool</body>
    </message>
    <message id="m0121" time="2013-05-14 01:41:17 UTC" participant="139319">
      <body>Bs 7lwa el sura</body>
    </message>
    <message id="m0122" time="2013-05-14 01:41:18 UTC" participant="139319">
      <body>:p</body>
    </message>
    <message id="m0123" time="2013-05-14 01:43:34 UTC" participant="139206">
      <body/>
    </message>
    <message id="m0124" time="2013-05-14 01:43:43 UTC" participant="139206">
      <body/>
    </message>
    <message id="m0125" time="2013-05-14 01:43:47 UTC" participant="139206">
      <body>enty msh fiha asln</body>
    </message>
    <message id="m0126" time="2013-05-14 01:46:29 UTC" participant="139319">
      <body>Eh da bgd</body>
    </message>
    <message id="m0127" time="2013-05-14 01:46:34 UTC" participant="139319">
      <body>Eftkrt ana feha</body>
    </message>
    <message id="m0128" time="2013-05-14 01:46:36 UTC" participant="139319">
      <body>Ufff</body>
    </message>
    <message id="m0129" time="2013-05-14 01:46:37 UTC" participant="139319">
      <body>:D</body>
    </message>
    <message id="m0130" time="2013-05-14 01:46:41 UTC" participant="139319">
      <body>Khlsto met2khr</body>
    </message>
    <message id="m0131" time="2013-05-14 01:49:03 UTC" participant="139206">
      <body>hahahahahahha</body>
    </message>
    <message id="m0132" time="2013-05-14 01:49:10 UTC" participant="139206">
      <body>la di shabihatek</body>
    </message>
    <message id="m0133" time="2013-05-14 01:49:15 UTC" participant="139206">
      <body>hahahaahha</body>
    </message>
    <message id="m0134" time="2013-05-14 01:49:18 UTC" participant="139206">
      <body>laaa 11</body>
    </message>
  </messages>
</conversation>
