<?xml version="1.0" encoding="UTF-8"?>
<conversation id="CHT_ARZ_20121103.0002" medium="CHT" donated="true">
  <messages>
    <message id="m0000" participant="138325" time="2012-11-03 06:45:39 UTC">
      <body>Yara</body>
    </message>
    <message id="m0001" participant="138112" time="2012-11-03 06:51:32 UTC">
      <body>Yea!</body>
    </message>
    <message id="m0002" participant="138325" time="2012-11-03 13:50:31 UTC">
      <body>Anty fann</body>
    </message>
    <message id="m0003" participant="138112" time="2012-11-03 14:11:59 UTC">
      <body>Fel share3 haha</body>
    </message>
    <message id="m0004" participant="138325" time="2012-11-03 19:13:41 UTC">
      <body>Yara</body>
    </message>
    <message id="m0005" participant="138112" time="2012-11-03 19:14:29 UTC">
      <body>Ehh</body>
    </message>
    <message id="m0006" participant="138325" time="2012-11-03 19:42:27 UTC">
      <body>Wa7ashtini</body>
    </message>
    <message id="m0007" participant="138112" time="2012-11-03 21:59:51 UTC">
      <body>Enta kaman!</body>
    </message>
    <message id="m0008" participant="138325" time="2012-11-03 22:14:07 UTC">
      <body>Kadba</body>
    </message>
    <message id="m0009" participant="138325" time="2012-11-03 22:14:31 UTC">
      <body>Anty fan wa bat3maly a??!</body>
    </message>
    <message id="m0010" participant="138112" time="2012-11-03 22:57:12 UTC">
      <body>Fel bet</body>
    </message>
    <message id="m0011" participant="138325" time="2012-11-03 23:20:04 UTC">
      <body>Bat3maly a</body>
    </message>
    <message id="m0012" participant="138112" time="2012-11-03 23:31:11 UTC">
      <body>Wla 7aga</body>
    </message>
    <message id="m0013" participant="138112" time="2012-11-03 23:31:17 UTC">
      <body>Enta bt3ml eh</body>
    </message>
    <message id="m0014" participant="138325" time="2012-11-03 23:32:05 UTC">
      <body>songs</body>
    </message>
    <message id="m0015" participant="138325" time="2012-11-03 23:32:14 UTC">
      <body>3ayan anzal now a5osh cinima</body>
    </message>
    <message id="m0016" participant="138112" time="2012-11-03 23:32:49 UTC">
      <body>Ehhhhh????</body>
    </message>
    <message id="m0017" participant="138325" time="2012-11-03 23:33:51 UTC">
      <body>3ayaz anzal aro7 cinima</body>
    </message>
    <message id="m0018" participant="138112" time="2012-11-03 23:36:04 UTC">
      <body>Delwa2ty!!!!!?</body>
    </message>
    <message id="m0019" participant="138325" time="2012-11-03 23:36:24 UTC">
      <body>Ah</body>
    </message>
    <message id="m0020" participant="138112" time="2012-11-03 23:39:38 UTC">
      <body>L2a</body>
    </message>
    <message id="m0024" participant="138325" time="2012-11-03 23:40:28 UTC">
      <body>Anty el mesh 7atnzaly</body>
    </message>
    <message id="m0025" participant="138325" time="2012-11-03 23:43:39 UTC">
      <body>Yaraaa</body>
    </message>
    <message id="m0026" participant="138112" time="2012-11-03 23:44:30 UTC">
      <body>Ya na3am</body>
    </message>
    <message id="m0027" participant="138112" time="2012-11-03 23:44:42 UTC">
      <body>Msh hatenzel</body>
    </message>
    <message id="m0028" participant="138325" time="2012-11-03 23:44:48 UTC">
      <body>I love u ❤</body>
    </message>
    <message id="m0030" participant="138325" time="2012-11-03 23:46:00 UTC">
      <body>Man 2albak :D ?</body>
    </message>
    <message id="m0031" participant="138112" time="2012-11-03 23:53:13 UTC">
      <body>Awyyyy❤❤❤❤</body>
    </message>
    <message id="m0032" participant="138325" time="2012-11-03 23:53:44 UTC">
      <body>Hahahahahah</body>
    </message>
    <message id="m0033" participant="138112" time="2012-11-03 23:55:26 UTC">
      <body>:*</body>
    </message>
    <message id="m0034" participant="138325" time="2012-11-04 00:04:19 UTC">
      <body/>
    </message>
    <message id="m0035" participant="138325" time="2012-11-04 00:08:27 UTC">
      <body>Ana ba7ab yara u know this ?</body>
    </message>
    <message id="m0036" participant="138112" time="2012-11-04 00:11:17 UTC">
      <body>Ana ba7rb Mohamed El-rayes!</body>
    </message>
    <message id="m0037" participant="138325" time="2012-11-04 00:11:52 UTC">
      <body>❤❤❤❤❤❤</body>
    </message>
    <message id="m0038" participant="138325" time="2012-11-04 00:18:06 UTC">
      <body>Mazkra wala a</body>
    </message>
    <message id="m0040" participant="138325" time="2012-11-04 01:06:25 UTC">
      <body>7at3maly a bokra??</body>
    </message>
    <message id="m0041" participant="138112" time="2012-11-04 07:20:49 UTC">
      <body>Msh 3arfa lesa</body>
    </message>
    <message id="m0042" participant="138112" time="2012-11-04 07:20:55 UTC">
      <body>Enta hat3ml eh</body>
    </message>
    <message id="m0043" participant="138325" time="2012-11-04 12:42:19 UTC">
      <body>3ayaz 23od azakar</body>
    </message>
    <message id="m0046" participant="138325" time="2012-11-04 12:54:03 UTC">
      <body>Mesh faham ay 7aga</body>
    </message>
    <message id="m0047" participant="138325" time="2012-11-04 13:05:43 UTC">
      <body>Anty 7atzkrilii</body>
    </message>
    <message id="m0048" participant="138112" time="2012-11-04 13:15:14 UTC">
      <body>L2a haha</body>
    </message>
    <message id="m0049" participant="138325" time="2012-11-04 13:34:27 UTC">
      <body>La2</body>
    </message>
    <message id="m0050" participant="138112" time="2012-11-04 13:34:36 UTC">
      <body>Ahh:D</body>
    </message>
    <message id="m0051" participant="138325" time="2012-11-04 13:34:48 UTC">
      <body/>
    </message>
    <message id="m0052" participant="138112" time="2012-11-04 13:35:28 UTC">
      <body>Ehhhh!</body>
    </message>
    <message id="m0053" participant="138325" time="2012-11-04 13:35:40 UTC">
      <body>❤</body>
    </message>
    <message id="m0054" participant="138325" time="2012-11-04 13:35:44 UTC">
      <body>❤</body>
    </message>
    <message id="m0055" participant="138325" time="2012-11-04 13:35:52 UTC">
      <body>Ma2darsh</body>
    </message>
    <message id="m0056" participant="138112" time="2012-11-04 13:52:22 UTC">
      <body>Msh fahma 7ga!</body>
    </message>
    <message id="m0057" participant="138112" time="2012-11-04 14:27:15 UTC">
      <body>&lt;media omitted&gt;</body>
    </message>
    <message id="m0058" participant="138325" time="2012-11-04 14:27:33 UTC">
      <body>Wa7ashtak</body>
    </message>
    <message id="m0059" participant="138325" time="2012-11-04 14:27:36 UTC">
      <body/>
    </message>
    <message id="m0060" participant="138112" time="2012-11-04 14:28:48 UTC">
      <body>L2a :D</body>
    </message>
    <message id="m0061" participant="138325" time="2012-11-04 14:29:07 UTC">
      <body>Lieee</body>
    </message>
    <message id="m0062" participant="138112" time="2012-11-04 14:30:29 UTC">
      <body>Shoft el 3'aseel!!!</body>
    </message>
    <message id="m0063" participant="138112" time="2012-11-04 14:30:30 UTC">
      <body>Hahaha</body>
    </message>
    <message id="m0064" participant="138325" time="2012-11-04 14:30:47 UTC">
      <body>Tab2iii</body>
    </message>
    <message id="m0065" participant="138325" time="2012-11-04 14:30:53 UTC">
      <body/>
    </message>
    <message id="m0066" participant="138325" time="2012-11-04 14:31:16 UTC">
      <body>Min kan bayklmak</body>
    </message>
    <message id="m0067" participant="138112" time="2012-11-04 14:32:03 UTC">
      <body>Yomna!</body>
    </message>
    <message id="m0068" participant="138325" time="2012-11-04 14:32:16 UTC">
      <body/>
    </message>
    <message id="m0069" participant="138325" time="2012-11-04 17:56:00 UTC">
      <body>My love❤</body>
    </message>
    <message id="m0070" participant="138325" time="2012-11-04 19:02:21 UTC">
      <body>Happy valentine ❤</body>
    </message>
    <message id="m0071" participant="138325" time="2012-11-04 19:02:40 UTC">
      <body>Awl sana ya baby wa a7na ma3a ba3dena</body>
    </message>
    <message id="m0072" participant="138112" time="2012-11-04 19:31:40 UTC">
      <body>Today msh el valentines day haha</body>
    </message>
    <message id="m0073" participant="138325" time="2012-11-04 19:32:14 UTC">
      <body>Fe nas 2altli ano 2day</body>
    </message>
    <message id="m0074" participant="138325" time="2012-11-04 19:32:16 UTC">
      <body/>
    </message>
    <message id="m0075" participant="138112" time="2012-11-04 19:32:27 UTC">
      <body>La2 kadabeen haha</body>
    </message>
    <message id="m0076" participant="138325" time="2012-11-04 19:32:43 UTC">
      <body>Haaahaaa</body>
    </message>
    <message id="m0077" participant="138325" time="2012-11-05 01:00:37 UTC">
      <body>Yoyo</body>
    </message>
    <message id="m0078" participant="138112" time="2012-11-05 01:01:17 UTC">
      <body>Ehhhh ezayak</body>
    </message>
    <message id="m0079" participant="138325" time="2012-11-05 01:01:30 UTC">
      <body>Tmamm</body>
    </message>
    <message id="m0080" participant="138325" time="2012-11-05 01:01:31 UTC">
      <body>U</body>
    </message>
    <message id="m0081" participant="138325" time="2012-11-05 01:02:40 UTC">
      <body>Wa7ashtiniii</body>
    </message>
    <message id="m0082" participant="138112" time="2012-11-05 01:03:11 UTC">
      <body>Enta kaman!</body>
    </message>
    <message id="m0083" participant="138325" time="2012-11-05 01:03:27 UTC">
      <body>Man 2albak</body>
    </message>
    <message id="m0084" participant="138112" time="2012-11-05 01:12:43 UTC">
      <body>Ah!</body>
    </message>
    <message id="m0086" participant="138325" time="2012-11-05 01:13:09 UTC">
      <body>Wa ana love u</body>
    </message>
    <message id="m0088" participant="138325" time="2012-11-05 01:15:51 UTC">
      <body/>
    </message>
    <message id="m0089" participant="138112" time="2012-11-05 01:19:13 UTC">
      <body/>
    </message>
    <message id="m0090" participant="138325" time="2012-11-05 01:19:53 UTC">
      <body>A el 7ob dah koloo</body>
    </message>
    <message id="m0091" participant="138325" time="2012-11-05 01:20:06 UTC">
      <body>Anty mraty 5alass</body>
    </message>
    <message id="m0092" participant="138112" time="2012-11-05 01:20:08 UTC">
      <body>Shoft b2a :D</body>
    </message>
    <message id="m0093" participant="138325" time="2012-11-05 01:21:08 UTC">
      <body>Mraty 7abbty❤</body>
    </message>
    <message id="m0094" participant="138112" time="2012-11-05 01:21:19 UTC">
      <body>:*****</body>
    </message>
    <message id="m0095" participant="138325" time="2012-11-05 01:21:34 UTC">
      <body/>
    </message>
    <message id="m0096" participant="138325" time="2012-11-05 01:21:55 UTC">
      <body/>
    </message>
    <message id="m0097" participant="138325" time="2012-11-05 01:56:42 UTC">
      <body>7ayatyy</body>
    </message>
    <message id="m0098" participant="138112" time="2012-11-05 08:31:24 UTC">
      <body/>
    </message>
    <message id="m0099" participant="138325" time="2012-11-05 11:38:00 UTC">
      <body>Maratyyyy 7abbtyy</body>
    </message>
    <message id="m0100" participant="138112" time="2012-11-05 13:39:54 UTC">
      <body>:*</body>
    </message>
    <message id="m0101" participant="138325" time="2012-11-05 13:54:43 UTC">
      <body>3amla a</body>
    </message>
    <message id="m0102" participant="138112" time="2012-11-05 14:04:28 UTC">
      <body>Kwayesa!!</body>
    </message>
    <message id="m0103" participant="138112" time="2012-11-05 14:04:30 UTC">
      <body>Enta eh?</body>
    </message>
    <message id="m0104" participant="138325" time="2012-11-05 14:38:31 UTC">
      <body>Tmamm el7</body>
    </message>
    <message id="m0105" participant="138112" time="2012-11-05 15:19:24 UTC">
      <body>:*</body>
    </message>
    <message id="m0106" participant="138325" time="2012-11-05 15:20:16 UTC">
      <body>❤</body>
    </message>
    <message id="m0107" participant="138325" time="2012-11-05 15:20:23 UTC">
      <body>Zakarty wala 3amlty a</body>
    </message>
    <message id="m0108" participant="138325" time="2012-11-05 17:44:30 UTC">
      <body>yooyoo</body>
    </message>
    <message id="m0109" participant="138112" time="2012-11-05 17:45:17 UTC">
      <body>Estana sanya</body>
    </message>
    <message id="m0110" participant="138325" time="2012-11-05 17:55:58 UTC">
      <body>Kol deh sania</body>
    </message>
    <message id="m0111" participant="138112" time="2012-11-05 17:56:23 UTC">
      <body>Bakol!</body>
    </message>
    <message id="m0112" participant="138325" time="2012-11-05 17:56:41 UTC">
      <body>Wa ana kman</body>
    </message>
    <message id="m0113" participant="138325" time="2012-11-05 19:01:33 UTC">
      <body>Kol dah batkli</body>
    </message>
    <message id="m0114" participant="138325" time="2012-11-05 21:12:07 UTC">
      <body>Ya yaaaaraaaaaa</body>
    </message>
    <message id="m0115" participant="138112" time="2012-11-05 21:15:23 UTC">
      <body>Estana delwa2ty</body>
    </message>
    <message id="m0116" participant="138325" time="2012-11-05 21:37:57 UTC">
      <body>Oki tyt</body>
    </message>
    <message id="m0117" participant="138112" time="2012-11-05 21:38:55 UTC">
      <body>El nagar kasar el bab bta3na</body>
    </message>
    <message id="m0118" participant="138112" time="2012-11-05 21:39:12 UTC">
      <body>A5ooya nesi el mofta7 fel bet</body>
    </message>
    <message id="m0119" participant="138325" time="2012-11-05 21:49:42 UTC">
      <body>Wa ba3dan?</body>
    </message>
    <message id="m0120" participant="138112" time="2012-11-05 21:50:36 UTC">
      <body>Wla ablen</body>
    </message>
    <message id="m0121" participant="138112" time="2012-11-05 21:50:50 UTC">
      <body>W 3amalba kalon gedeed</body>
    </message>
    <message id="m0122" participant="138325" time="2012-11-05 21:51:06 UTC">
      <body>Tab el7</body>
    </message>
    <message id="m0123" participant="138325" time="2012-11-05 21:51:55 UTC">
      <body>zakarty</body>
    </message>
    <message id="m0125" participant="138112" time="2012-11-05 21:52:14 UTC">
      <body>Omi metnarfeza fsh5</body>
    </message>
    <message id="m0126" participant="138112" time="2012-11-05 21:52:22 UTC">
      <body>La2</body>
    </message>
    <message id="m0127" participant="138112" time="2012-11-05 21:52:35 UTC">
      <body>Msh bzaker Ana oltelak:D</body>
    </message>
    <message id="m0129" participant="138325" time="2012-11-05 21:56:06 UTC">
      <body>?</body>
    </message>
    <message id="m0131" participant="138325" time="2012-11-05 21:56:45 UTC">
      <body>Tab 5oshi zakrii</body>
    </message>
    <message id="m0132" participant="138112" time="2012-11-05 21:57:43 UTC">
      <body>La2</body>
    </message>
    <message id="m0133" participant="138325" time="2012-11-05 21:58:02 UTC">
      <body>7ats2aty</body>
    </message>
    <message id="m0134" participant="138112" time="2012-11-05 22:00:35 UTC">
      <body>Eh</body>
    </message>
    <message id="m0135" participant="138325" time="2012-11-05 22:00:56 UTC">
      <body>Zakrii</body>
    </message>
    <message id="m0136" participant="138325" time="2012-11-05 22:01:08 UTC">
      <body>Wa anty ma7btnesh 2day lah</body>
    </message>
    <message id="m0137" participant="138112" time="2012-11-05 22:02:22 UTC">
      <body>Msh fahma 7aga</body>
    </message>
    <message id="m0138" participant="138325" time="2012-11-05 22:02:42 UTC">
      <body>Anty ma7btnesh lah 2day</body>
    </message>
    <message id="m0139" participant="138112" time="2012-11-05 22:02:49 UTC">
      <body>Ya3ni eh</body>
    </message>
    <message id="m0140" participant="138325" time="2012-11-05 22:03:09 UTC">
      <body>Why you don't love me 2day ??</body>
    </message>
    <message id="m0141" participant="138325" time="2012-11-05 22:13:09 UTC">
      <body>?????</body>
    </message>
    <message id="m0142" participant="138112" time="2012-11-05 22:23:08 UTC">
      <body>I don't understand -__-</body>
    </message>
    <message id="m0143" participant="138325" time="2012-11-05 23:00:23 UTC">
      <body/>
    </message>
    <message id="m0144" participant="138325" time="2012-11-05 23:00:23 UTC">
      <body>5oshi nami</body>
    </message>
    <message id="m0145" participant="138112" time="2012-11-06 01:00:07 UTC">
      <body>Nemt?</body>
    </message>
    <message id="m0146" participant="138325" time="2012-11-06 01:00:22 UTC">
      <body>La2</body>
    </message>
    <message id="m0147" participant="138112" time="2012-11-06 01:00:42 UTC">
      <body>Ana t3bana awy</body>
    </message>
    <message id="m0148" participant="138112" time="2012-11-06 01:00:46 UTC">
      <body>W msh 3arfa anam</body>
    </message>
    <message id="m0149" participant="138325" time="2012-11-06 01:00:55 UTC">
      <body>Malak?</body>
    </message>
    <message id="m0150" participant="138112" time="2012-11-06 01:01:34 UTC">
      <body>Msh 3arfa :(</body>
    </message>
    <message id="m0151" participant="138325" time="2012-11-06 01:02:31 UTC">
      <body>Ashrbi water wa nami</body>
    </message>
    <message id="m0152" participant="138112" time="2012-11-06 01:03:13 UTC">
      <body>-____- maya?</body>
    </message>
    <message id="m0153" participant="138325" time="2012-11-06 01:03:23 UTC">
      <body>Ah</body>
    </message>
    <message id="m0154" participant="138112" time="2012-11-06 01:03:32 UTC">
      <body>Haha la2</body>
    </message>
    <message id="m0155" participant="138325" time="2012-11-06 01:03:54 UTC">
      <body>balash 3ala shan mat3malesh babi</body>
    </message>
    <message id="m0156" participant="138325" time="2012-11-06 01:03:57 UTC">
      <body/>
    </message>
    <message id="m0157" participant="138112" time="2012-11-06 01:04:30 UTC">
      <body>Hahahahahahaha</body>
    </message>
    <message id="m0158" participant="138112" time="2012-11-06 01:04:46 UTC">
      <body>La2 3ahsan msh adra a2oom ageeb maya</body>
    </message>
    <message id="m0159" participant="138325" time="2012-11-06 01:13:12 UTC">
      <body/>
    </message>
    <message id="m0160" participant="138325" time="2012-11-06 01:14:58 UTC">
      <body>Yoho</body>
    </message>
    <message id="m0161" participant="138325" time="2012-11-06 01:15:07 UTC">
      <body>Yoyoo*/</body>
    </message>
    <message id="m0162" participant="138325" time="2012-11-06 20:40:51 UTC">
      <body>Yaaraaa</body>
    </message>
    <message id="m0163" participant="138112" time="2012-11-06 20:41:07 UTC">
      <body>Howa enta hatroo7 te3azi Mahmoud today?</body>
    </message>
    <message id="m0164" participant="138325" time="2012-11-06 20:41:44 UTC">
      <body>Howa fe 3aya 2day??</body>
    </message>
    <message id="m0165" participant="138112" time="2012-11-06 20:42:01 UTC">
      <body>Msh 3arfa bas assem w mark kano ray7een</body>
    </message>
    <message id="m0166" participant="138112" time="2012-11-06 20:42:06 UTC">
      <body>El monofeya</body>
    </message>
    <message id="m0167" participant="138112" time="2012-11-06 20:42:19 UTC">
      <body>Lma yerga3 t3ala nroo7 ne3azi m3a ba3d</body>
    </message>
    <message id="m0168" participant="138325" time="2012-11-06 20:42:29 UTC">
      <body>Oki</body>
    </message>
    <message id="m0169" participant="138325" time="2012-11-06 20:42:33 UTC">
      <body>Aked</body>
    </message>
    <message id="m0170" participant="138112" time="2012-11-06 20:43:37 UTC">
      <body>Okay matro7 m3a 7ad tani e7na haroo7 m3a ba3d 5alas</body>
    </message>
    <message id="m0171" participant="138325" time="2012-11-06 20:44:01 UTC">
      <body>Ba7bek</body>
    </message>
    <message id="m0172" participant="138112" time="2012-11-06 20:44:19 UTC">
      <body>Seme3t!!!!!</body>
    </message>
    <message id="m0173" participant="138112" time="2012-11-06 20:44:22 UTC">
      <body>M3a ba3d</body>
    </message>
    <message id="m0174" participant="138112" time="2012-11-06 20:44:30 UTC">
      <body>Ana kaman ba7ebak!!</body>
    </message>
    <message id="m0175" participant="138325" time="2012-11-06 20:45:11 UTC">
      <body>Asbaty anak bat7bini</body>
    </message>
    <message id="m0176" participant="138325" time="2012-11-06 20:45:14 UTC">
      <body/>
    </message>
    <message id="m0177" participant="138112" time="2012-11-06 20:46:46 UTC">
      <body>:*</body>
    </message>
    <message id="m0178" participant="138325" time="2012-11-06 20:47:03 UTC">
      <body>Bosa bass</body>
    </message>
    <message id="m0179" participant="138112" time="2012-11-06 20:47:24 UTC">
      <body>:* :* etnen ya sidi</body>
    </message>
    <message id="m0180" participant="138325" time="2012-11-06 20:47:39 UTC">
      <body>Bostan bas</body>
    </message>
    <message id="m0181" participant="138325" time="2012-11-06 20:47:42 UTC">
      <body/>
    </message>
    <message id="m0182" participant="138112" time="2012-11-06 20:48:04 UTC">
      <body>:s</body>
    </message>
    <message id="m0183" participant="138325" time="2012-11-06 20:48:18 UTC">
      <body>Fe a</body>
    </message>
    <message id="m0184" participant="138325" time="2012-11-06 20:50:46 UTC">
      <body>I love u my little girl ❤</body>
    </message>
    <message id="m0185" participant="138112" time="2012-11-06 20:52:22 UTC">
      <body>Little girl? -___-</body>
    </message>
    <message id="m0186" participant="138325" time="2012-11-06 20:52:36 UTC">
      <body>Yes</body>
    </message>
    <message id="m0187" participant="138325" time="2012-11-06 20:52:46 UTC">
      <body>Anty kbera??</body>
    </message>
    <message id="m0188" participant="138325" time="2012-11-06 21:12:10 UTC">
      <body>Yaraaa</body>
    </message>
    <message id="m0189" participant="138112" time="2012-11-06 21:12:44 UTC">
      <body>Ahh!</body>
    </message>
    <message id="m0190" participant="138325" time="2012-11-07 14:33:04 UTC">
      <body>Anty fan</body>
    </message>
    <message id="m0191" participant="138112" time="2012-11-07 14:48:21 UTC">
      <body>Hena</body>
    </message>
    <message id="m0192" participant="138325" time="2012-11-07 14:51:35 UTC">
      <body>Wa7ashtini</body>
    </message>
    <message id="m0193" participant="138325" time="2012-11-07 14:51:35 UTC">
      <body/>
    </message>
    <message id="m0194" participant="138325" time="2012-11-07 20:52:48 UTC">
      <body>Baabyyy</body>
    </message>
    <message id="m0195" participant="138112" time="2012-11-07 20:53:31 UTC">
      <body>La2a :(</body>
    </message>
    <message id="m0196" participant="138325" time="2012-11-07 20:53:57 UTC">
      <body>La2a a?</body>
    </message>
    <message id="m0197" participant="138325" time="2012-11-07 20:54:26 UTC">
      <body>?</body>
    </message>
    <message id="m0198" participant="138112" time="2012-11-07 20:54:46 UTC">
      <body>Enta w7sh</body>
    </message>
    <message id="m0199" participant="138325" time="2012-11-07 20:55:07 UTC">
      <body>Ana?</body>
    </message>
    <message id="m0200" participant="138325" time="2012-11-07 20:56:26 UTC">
      <body>Yaaraaaa</body>
    </message>
    <message id="m0201" participant="138325" time="2012-11-07 20:56:28 UTC">
      <body>Fe a</body>
    </message>
    <message id="m0202" participant="138112" time="2012-11-07 20:56:56 UTC">
      <body>Ahh haha</body>
    </message>
    <message id="m0203" participant="138325" time="2012-11-07 20:57:14 UTC">
      <body>Bat3'irii 3alya??</body>
    </message>
    <message id="m0204" participant="138325" time="2012-11-07 20:57:16 UTC">
      <body/>
    </message>
    <message id="m0205" participant="138325" time="2012-11-07 21:08:28 UTC">
      <body>Yaraa</body>
    </message>
    <message id="m0206" participant="138112" time="2012-11-07 23:13:59 UTC">
      <body>Ya na3am!</body>
    </message>
    <message id="m0207" participant="138325" time="2012-11-07 23:22:24 UTC">
      <body>Bat3maly a</body>
    </message>
    <message id="m0208" participant="138112" time="2012-11-07 23:25:25 UTC">
      <body>Bashrab!</body>
    </message>
    <message id="m0209" participant="138325" time="2012-11-07 23:25:42 UTC">
      <body>Beer??</body>
    </message>
    <message id="m0210" participant="138325" time="2012-11-07 23:25:49 UTC">
      <body/>
    </message>
    <message id="m0211" participant="138112" time="2012-11-07 23:27:19 UTC">
      <body>Tomato soup</body>
    </message>
    <message id="m0212" participant="138325" time="2012-11-07 23:27:42 UTC">
      <body>Blalal.kada</body>
    </message>
    <message id="m0213" participant="138112" time="2012-11-07 23:28:31 UTC">
      <body>Eh haha</body>
    </message>
    <message id="m0214" participant="138325" time="2012-11-07 23:28:55 UTC">
      <body>Batshrbi soup balall kada</body>
    </message>
    <message id="m0215" participant="138325" time="2012-11-07 23:29:03 UTC">
      <body>Koli 7aga 5afifa</body>
    </message>
    <message id="m0216" participant="138112" time="2012-11-07 23:29:12 UTC">
      <body>La2a :)</body>
    </message>
    <message id="m0217" participant="138325" time="2012-11-07 23:29:36 UTC">
      <body>Ma2oltlesh ba7bak el nahrda lah??</body>
    </message>
    <message id="m0218" participant="138112" time="2012-11-07 23:30:45 UTC">
      <body>Leh :D</body>
    </message>
    <message id="m0219" participant="138325" time="2012-11-07 23:31:08 UTC">
      <body>A el leh</body>
    </message>
    <message id="m0220" participant="138325" time="2012-11-07 23:33:15 UTC">
      <body>????</body>
    </message>
    <message id="m0221" participant="138112" time="2012-11-07 23:34:11 UTC">
      <body>Ahhh Ana ya3ni? Ana b7ebak awi!!!</body>
    </message>
    <message id="m0222" participant="138325" time="2012-11-07 23:34:36 UTC">
      <body/>
    </message>
    <message id="m0223" participant="138325" time="2012-11-07 23:34:55 UTC">
      <body>Anty mesh batfhmi lah el klam el ana ba2olo??!</body>
    </message>
    <message id="m0224" participant="138112" time="2012-11-07 23:36:48 UTC">
      <body>3'abeya t2ool eh</body>
    </message>
    <message id="m0225" participant="138325" time="2012-11-07 23:37:22 UTC">
      <body>La2 mat2olesh kada 3ala 7abbty</body>
    </message>
    <message id="m0226" participant="138325" time="2012-11-07 23:44:23 UTC">
      <body>Looloooi</body>
    </message>
    <message id="m0227" participant="138112" time="2012-11-08 00:10:46 UTC">
      <body>Aywa kda :D</body>
    </message>
    <message id="m0228" participant="138325" time="2012-11-08 00:11:01 UTC">
      <body/>
    </message>
    <message id="m0229" participant="138325" time="2012-11-08 00:11:17 UTC">
      <body>Zakarty?</body>
    </message>
    <message id="m0230" participant="138112" time="2012-11-08 00:12:32 UTC">
      <body>Ahhh</body>
    </message>
    <message id="m0231" participant="138325" time="2012-11-08 00:15:43 UTC">
      <body>Gad3a ya lolo</body>
    </message>
    <message id="m0232" participant="138325" time="2012-11-08 00:27:11 UTC">
      <body>Anty namty ??</body>
    </message>
    <message id="m0233" participant="138112" time="2012-11-08 00:30:59 UTC">
      <body>Hanam delwa2ty aho</body>
    </message>
    <message id="m0234" participant="138325" time="2012-11-08 00:31:52 UTC">
      <body>El 3afret 7aytla3lek wa anty nayma lawa7dek</body>
    </message>
    <message id="m0235" participant="138112" time="2012-11-08 00:32:43 UTC">
      <body>Msh ba5af haha</body>
    </message>
    <message id="m0236" participant="138325" time="2012-11-08 00:33:03 UTC">
      <body>Haaahaaaa</body>
    </message>
    <message id="m0237" participant="138325" time="2012-11-08 00:33:23 UTC">
      <body>El 3afrit 7aytla3lek</body>
    </message>
    <message id="m0238" participant="138112" time="2012-11-08 00:33:26 UTC">
      <body>:* goodnight</body>
    </message>
    <message id="m0239" participant="138325" time="2012-11-08 00:34:02 UTC">
      <body>❤ba7bekkkkkkkkkkkkkkkkkk❤❤</body>
    </message>
    <message id="m0240" participant="138112" time="2012-11-08 00:34:57 UTC">
      <body>Ana kaman bye!!!</body>
    </message>
    <message id="m0241" participant="138325" time="2012-11-08 00:35:13 UTC">
      <body>Byeeee</body>
    </message>
    <message id="m0242" participant="138325" time="2012-11-08 15:21:05 UTC">
      <body>Lolo</body>
    </message>
    <message id="m0243" participant="138112" time="2012-11-08 15:22:57 UTC">
      <body>Eh</body>
    </message>
    <message id="m0244" participant="138325" time="2012-11-08 15:23:23 UTC">
      <body>Raw7ty</body>
    </message>
    <message id="m0245" participant="138112" time="2012-11-08 15:23:36 UTC">
      <body>Ahh</body>
    </message>
    <message id="m0246" participant="138325" time="2012-11-08 15:24:02 UTC">
      <body>Oki</body>
    </message>
    <message id="m0247" participant="138325" time="2012-11-08 19:22:12 UTC">
      <body>Yooyooo</body>
    </message>
    <message id="m0248" participant="138325" time="2012-11-08 21:02:15 UTC">
      <body>Yaaraa</body>
    </message>
    <message id="m0249" participant="138325" time="2012-11-08 21:02:15 UTC">
      <body>Ba2olk a</body>
    </message>
    <message id="m0250" participant="138112" time="2012-11-08 21:04:54 UTC">
      <body>Yes!!</body>
    </message>
    <message id="m0251" participant="138325" time="2012-11-08 21:05:21 UTC">
      <body>Anty asmak a</body>
    </message>
    <message id="m0252" participant="138112" time="2012-11-08 21:05:27 UTC">
      <body>Yara</body>
    </message>
    <message id="m0253" participant="138325" time="2012-11-08 21:05:49 UTC">
      <body>Anty fag2tini</body>
    </message>
    <message id="m0254" participant="138325" time="2012-11-08 21:19:02 UTC">
      <body>Yara</body>
    </message>
    <message id="m0255" participant="138112" time="2012-11-08 21:20:31 UTC">
      <body>Ah Yara</body>
    </message>
    <message id="m0256" participant="138325" time="2012-11-08 21:20:50 UTC">
      <body>Ana zah2ann awii</body>
    </message>
    <message id="m0257" participant="138112" time="2012-11-08 23:31:04 UTC">
      <body>Ana kaman</body>
    </message>
    <message id="m0258" participant="138112" time="2012-11-08 23:31:07 UTC">
      <body>W 3ayza anam</body>
    </message>
    <message id="m0259" participant="138325" time="2012-11-08 23:43:04 UTC">
      <body>Nazalty 2day aslann??!</body>
    </message>
    <message id="m0260" participant="138112" time="2012-11-08 23:43:40 UTC">
      <body>Ahhhh lesa rag3a el bet aslan</body>
    </message>
    <message id="m0261" participant="138112" time="2012-11-08 23:43:47 UTC">
      <body>El denya za7ma fsh5</body>
    </message>
    <message id="m0262" participant="138325" time="2012-11-08 23:44:13 UTC">
      <body>Konty fan?</body>
    </message>
    <message id="m0263" participant="138112" time="2012-11-08 23:44:30 UTC">
      <body>M3a Yomna</body>
    </message>
    <message id="m0264" participant="138112" time="2012-11-08 23:44:33 UTC">
      <body>Bensi3</body>
    </message>
    <message id="m0265" participant="138325" time="2012-11-08 23:45:00 UTC">
      <body>Mashi ya say3a</body>
    </message>
    <message id="m0266" participant="138325" time="2012-11-08 23:45:02 UTC">
      <body/>
    </message>
    <message id="m0267" participant="138112" time="2012-11-08 23:45:17 UTC">
      <body>:*</body>
    </message>
    <message id="m0268" participant="138325" time="2012-11-08 23:45:41 UTC">
      <body/>
    </message>
    <message id="m0269" participant="138112" time="2012-11-08 23:45:54 UTC">
      <body>:* :* :* :*</body>
    </message>
    <message id="m0270" participant="138325" time="2012-11-08 23:46:16 UTC">
      <body>Haahaa</body>
    </message>
    <message id="m0271" participant="138112" time="2012-11-08 23:53:36 UTC">
      <body>:*I</body>
    </message>
    <message id="m0272" participant="138325" time="2012-11-08 23:54:12 UTC">
      <body>Kol dah boos</body>
    </message>
    <message id="m0273" participant="138325" time="2012-11-08 23:54:15 UTC">
      <body/>
    </message>
    <message id="m0274" participant="138325" time="2012-11-09 00:23:10 UTC">
      <body>Ro7to fan??</body>
    </message>
    <message id="m0275" participant="138112" time="2012-11-09 00:24:28 UTC">
      <body>3arabeyet kebda</body>
    </message>
    <message id="m0276" participant="138325" time="2012-11-09 13:25:40 UTC">
      <body>Looolooo</body>
    </message>
    <message id="m0277" participant="138112" time="2012-11-09 13:42:33 UTC">
      <body>Ehhh b2a</body>
    </message>
    <message id="m0278" participant="138112" time="2012-11-09 13:42:36 UTC">
      <body>3ayez eh</body>
    </message>
    <message id="m0279" participant="138112" time="2012-11-09 13:42:39 UTC">
      <body>Estana</body>
    </message>
    <message id="m0280" participant="138112" time="2012-11-09 13:42:42 UTC">
      <body>B2a</body>
    </message>
    <message id="m0281" participant="138112" time="2012-11-09 13:42:44 UTC">
      <body>7aram</body>
    </message>
    <message id="m0282" participant="138112" time="2012-11-09 13:42:46 UTC">
      <body>3alek</body>
    </message>
    <message id="m0283" participant="138325" time="2012-11-09 14:16:27 UTC">
      <body>Fe a ya banty</body>
    </message>
    <message id="m0284" participant="138325" time="2012-11-09 17:13:43 UTC">
      <body>Yaraaaaaaaaaaqq</body>
    </message>
    <message id="m0285" participant="138112" time="2012-11-09 17:24:59 UTC">
      <body>El 3aza emta?</body>
    </message>
    <message id="m0286" participant="138325" time="2012-11-09 17:36:02 UTC">
      <body>Now</body>
    </message>
    <message id="m0287" participant="138325" time="2012-11-09 17:36:14 UTC">
      <body>Ana 7a5od shower wa 7anzal</body>
    </message>
    <message id="m0288" participant="138112" time="2012-11-09 17:39:21 UTC">
      <body>Tab howa beye5las emta</body>
    </message>
    <message id="m0289" participant="138112" time="2012-11-09 18:44:42 UTC">
      <body>Enta feen</body>
    </message>
    <message id="m0290" participant="138112" time="2012-11-09 18:44:43 UTC">
      <body>Feen</body>
    </message>
    <message id="m0291" participant="138112" time="2012-11-09 18:44:45 UTC">
      <body>Feen</body>
    </message>
    <message id="m0292" participant="138112" time="2012-11-09 18:44:47 UTC">
      <body>Feen</body>
    </message>
    <message id="m0293" participant="138112" time="2012-11-09 18:44:50 UTC">
      <body>Enta</body>
    </message>
    <message id="m0294" participant="138112" time="2012-11-09 18:44:51 UTC">
      <body>Feen</body>
    </message>
    <message id="m0295" participant="138112" time="2012-11-09 18:44:54 UTC">
      <body>Feen</body>
    </message>
    <message id="m0296" participant="138112" time="2012-11-09 18:44:56 UTC">
      <body>Feen</body>
    </message>
    <message id="m0297" participant="138112" time="2012-11-09 18:44:57 UTC">
      <body>Enta</body>
    </message>
    <message id="m0298" participant="138112" time="2012-11-09 18:44:59 UTC">
      <body>Feen</body>
    </message>
    <message id="m0299" participant="138325" time="2012-11-09 18:45:16 UTC">
      <body>5mint wa 7ab2a hnak</body>
    </message>
    <message id="m0300" participant="138112" time="2012-11-09 18:45:26 UTC">
      <body>:O mashy</body>
    </message>
    <message id="m0301" participant="138112" time="2012-11-09 18:45:38 UTC">
      <body>:O</body>
    </message>
    <message id="m0302" participant="138112" time="2012-11-09 18:45:40 UTC">
      <body>:O</body>
    </message>
    <message id="m0303" participant="138112" time="2012-11-09 18:45:42 UTC">
      <body>:O</body>
    </message>
    <message id="m0304" participant="138112" time="2012-11-09 18:45:43 UTC">
      <body>:O</body>
    </message>
    <message id="m0305" participant="138325" time="2012-11-09 18:45:49 UTC">
      <body>U</body>
    </message>
    <message id="m0306" participant="138325" time="2012-11-09 18:45:55 UTC">
      <body>???</body>
    </message>
    <message id="m0307" participant="138112" time="2012-11-09 18:46:06 UTC">
      <body>Ana 10 mins wab2a henak</body>
    </message>
    <message id="m0308" participant="138325" time="2012-11-09 18:46:15 UTC">
      <body/>
    </message>
    <message id="m0309" participant="138112" time="2012-11-09 18:46:24 UTC">
      <body>Lma troo7 shofly el banat beyod5olo menen</body>
    </message>
    <message id="m0310" participant="138112" time="2012-11-09 18:46:26 UTC">
      <body>!!!</body>
    </message>
    <message id="m0311" participant="138112" time="2012-11-09 18:46:27 UTC">
      <body>!</body>
    </message>
    <message id="m0312" participant="138112" time="2012-11-09 18:46:29 UTC">
      <body>!</body>
    </message>
    <message id="m0313" participant="138112" time="2012-11-09 18:46:30 UTC">
      <body>!!</body>
    </message>
    <message id="m0314" participant="138325" time="2012-11-09 18:46:42 UTC">
      <body>Oki</body>
    </message>
    <message id="m0315" participant="138325" time="2012-11-09 18:58:20 UTC">
      <body>??</body>
    </message>
    <message id="m0316" participant="138112" time="2012-11-09 18:59:10 UTC">
      <body>Haaaa feen</body>
    </message>
    <message id="m0317" participant="138325" time="2012-11-09 18:59:42 UTC">
      <body>Ana waslt</body>
    </message>
    <message id="m0318" participant="138112" time="2012-11-09 18:59:52 UTC">
      <body>Tab estanani bara</body>
    </message>
    <message id="m0319" participant="138112" time="2012-11-09 19:00:01 UTC">
      <body>Ana kaman hena ta2riban</body>
    </message>
    <message id="m0320" participant="138325" time="2012-11-09 19:00:21 UTC">
      <body>Oki</body>
    </message>
    <message id="m0321" participant="138112" time="2012-11-09 19:03:17 UTC">
      <body>Tab ed5ol el denya za7ma</body>
    </message>
    <message id="m0322" participant="138325" time="2012-11-09 19:03:45 UTC">
      <body>Ana wa2af bara bashrab sagra</body>
    </message>
    <message id="m0323" participant="138112" time="2012-11-09 19:03:53 UTC">
      <body>Tab mashy 5alas</body>
    </message>
    <message id="m0324" participant="138112" time="2012-11-09 19:08:21 UTC">
      <body>El denya za7ma fsh5 eh da</body>
    </message>
    <message id="m0325" participant="138325" time="2012-11-09 19:08:53 UTC">
      <body>Anty fan</body>
    </message>
    <message id="m0326" participant="138112" time="2012-11-09 19:09:13 UTC">
      <body>Odam el game3 ya3ny bas el denya za7ma awy</body>
    </message>
    <message id="m0327" participant="138112" time="2012-11-09 19:15:18 UTC">
      <body>Ana da5alt 3la fkra</body>
    </message>
    <message id="m0328" participant="138325" time="2012-11-09 19:15:49 UTC">
      <body>Oki</body>
    </message>
    <message id="m0329" participant="138325" time="2012-11-09 19:15:58 UTC">
      <body>7at3odi kater ??</body>
    </message>
    <message id="m0330" participant="138112" time="2012-11-09 19:18:22 UTC">
      <body>Ya3ny 20 Mins kda</body>
    </message>
    <message id="m0331" participant="138325" time="2012-11-09 19:18:39 UTC">
      <body>Oki</body>
    </message>
    <message id="m0332" participant="138112" time="2012-11-09 19:19:13 UTC">
      <body>Enta??</body>
    </message>
    <message id="m0333" participant="138325" time="2012-11-09 20:04:03 UTC">
      <body>Anty fan ??</body>
    </message>
    <message id="m0334" participant="138112" time="2012-11-09 20:04:21 UTC">
      <body>Goes</body>
    </message>
    <message id="m0335" participant="138112" time="2012-11-09 20:04:26 UTC">
      <body>*gowa</body>
    </message>
    <message id="m0336" participant="138325" time="2012-11-09 20:04:38 UTC">
      <body>7ata3maly a</body>
    </message>
    <message id="m0337" participant="138325" time="2012-11-09 20:04:40 UTC">
      <body>??</body>
    </message>
    <message id="m0338" participant="138112" time="2012-11-09 20:05:02 UTC">
      <body>Harawa7 ta3bana awy</body>
    </message>
    <message id="m0339" participant="138325" time="2012-11-09 20:05:28 UTC">
      <body>Oki</body>
    </message>
    <message id="m0340" participant="138112" time="2012-11-09 20:58:29 UTC">
      <body>Enta feen</body>
    </message>
    <message id="m0341" participant="138325" time="2012-11-09 20:58:48 UTC">
      <body>Lasa mashu</body>
    </message>
    <message id="m0342" participant="138325" time="2012-11-09 20:58:54 UTC">
      <body>Mashi*</body>
    </message>
    <message id="m0343" participant="138325" time="2012-11-09 20:59:16 UTC">
      <body>a7tml 7aro7 owasis ba3deha</body>
    </message>
    <message id="m0344" participant="138112" time="2012-11-09 20:59:29 UTC">
      <body>M3a meen</body>
    </message>
    <message id="m0345" participant="138325" time="2012-11-09 20:59:53 UTC">
      <body>Nas so7abi hnak a7tmal 7aro7lhom</body>
    </message>
    <message id="m0346" participant="138112" time="2012-11-09 21:00:23 UTC">
      <body>Mashy ya 3am</body>
    </message>
    <message id="m0347" participant="138325" time="2012-11-09 22:06:39 UTC">
      <body>Mesg batrodi 3alya lah??</body>
    </message>
    <message id="m0348" participant="138112" time="2012-11-09 22:11:39 UTC">
      <body>A3da m3a 5ali</body>
    </message>
    <message id="m0349" participant="138325" time="2012-11-09 22:12:20 UTC">
      <body>5alsi wa call me 3ayzeek</body>
    </message>
    <message id="m0350" participant="138112" time="2012-11-09 22:12:55 UTC">
      <body>F eh?</body>
    </message>
    <message id="m0351" participant="138325" time="2012-11-09 22:13:18 UTC">
      <body>Mafesh</body>
    </message>
    <message id="m0352" participant="138112" time="2012-11-09 22:14:46 UTC">
      <body>3la eh?</body>
    </message>
    <message id="m0353" participant="138325" time="2012-11-09 22:22:53 UTC">
      <body>Ashifek malak</body>
    </message>
    <message id="m0354" participant="138112" time="2012-11-09 22:23:16 UTC">
      <body>Ana kwayesa walahi</body>
    </message>
    <message id="m0355" participant="138325" time="2012-11-09 22:23:30 UTC">
      <body>5alsi bas wa call me</body>
    </message>
    <message id="m0356" participant="138112" time="2012-11-09 22:23:45 UTC">
      <body>La2 call me enta lma trawa7</body>
    </message>
    <message id="m0357" participant="138325" time="2012-11-09 22:24:07 UTC">
      <body>Ana maro7tesh ana raw7t</body>
    </message>
    <message id="m0358" participant="138112" time="2012-11-09 23:00:41 UTC">
      <body>Tab estana</body>
    </message>
    <message id="m0359" participant="138325" time="2012-11-10 00:52:02 UTC">
      <body>Namty</body>
    </message>
    <message id="m0360" participant="138112" time="2012-11-10 00:53:29 UTC">
      <body>La2</body>
    </message>
    <message id="m0361" participant="138325" time="2012-11-10 01:12:54 UTC">
      <body>Bat3maly a</body>
    </message>
    <message id="m0362" participant="138112" time="2012-11-10 01:17:03 UTC">
      <body>Wla 7aga u?</body>
    </message>
    <message id="m0363" participant="138325" time="2012-11-10 01:53:25 UTC">
      <body>7anam</body>
    </message>
    <message id="m0364" participant="138325" time="2012-11-10 12:16:42 UTC">
      <body>Yoora</body>
    </message>
    <message id="m0365" participant="138112" time="2012-11-10 12:29:09 UTC">
      <body>Good morning haha</body>
    </message>
    <message id="m0366" participant="138325" time="2012-11-10 12:32:42 UTC">
      <body/>
    </message>
    <message id="m0367" participant="138112" time="2012-11-10 12:35:19 UTC">
      <body>:)</body>
    </message>
    <message id="m0368" participant="138325" time="2012-11-10 12:35:51 UTC">
      <body>A dah ??</body>
    </message>
    <message id="m0369" participant="138112" time="2012-11-10 13:09:38 UTC">
      <body>Eh</body>
    </message>
    <message id="m0370" participant="138325" time="2012-11-10 13:10:04 UTC">
      <body>3amla a</body>
    </message>
    <message id="m0371" participant="138112" time="2012-11-10 13:10:18 UTC">
      <body>Kwayesa!!</body>
    </message>
    <message id="m0372" participant="138325" time="2012-11-10 13:34:30 UTC">
      <body>Wa ana el7 kwayes</body>
    </message>
    <message id="m0373" participant="138325" time="2012-11-10 13:34:30 UTC">
      <body/>
    </message>
    <message id="m0374" participant="138325" time="2012-11-10 13:34:40 UTC">
      <body/>
    </message>
    <message id="m0375" participant="138325" time="2012-11-10 16:04:32 UTC">
      <body>Yaraaa</body>
    </message>
    <message id="m0376" participant="138112" time="2012-11-10 16:13:38 UTC">
      <body>Lesa sa7ya, ehhhh</body>
    </message>
    <message id="m0377" participant="138325" time="2012-11-10 19:25:51 UTC">
      <body>Sa7aty wala lasa nayma</body>
    </message>
    <message id="m0378" participant="138112" time="2012-11-10 19:46:49 UTC">
      <body>Men zaman</body>
    </message>
    <message id="m0379" participant="138325" time="2012-11-10 20:19:29 UTC">
      <body>3amla a</body>
    </message>
    <message id="m0380" participant="138112" time="2012-11-10 20:30:32 UTC">
      <body>Kwayesa</body>
    </message>
    <message id="m0381" participant="138325" time="2012-11-10 20:30:53 UTC">
      <body>El7</body>
    </message>
    <message id="m0382" participant="138112" time="2012-11-10 20:31:48 UTC">
      <body>Enta?</body>
    </message>
    <message id="m0383" participant="138325" time="2012-11-10 20:34:53 UTC">
      <body>Aho el7</body>
    </message>
    <message id="m0384" participant="138325" time="2012-11-10 20:35:02 UTC">
      <body>Anty fan</body>
    </message>
    <message id="m0385" participant="138112" time="2012-11-10 20:35:53 UTC">
      <body>Ana f placido</body>
    </message>
    <message id="m0386" participant="138325" time="2012-11-10 20:36:15 UTC">
      <body>A?</body>
    </message>
    <message id="m0387" participant="138325" time="2012-11-11 01:55:23 UTC">
      <body>Namty?</body>
    </message>
    <message id="m0388" participant="138325" time="2012-11-11 14:16:43 UTC">
      <body>Yoyo</body>
    </message>
    <message id="m0389" participant="138112" time="2012-11-11 16:26:34 UTC">
      <body>Ezayak</body>
    </message>
    <message id="m0390" participant="138325" time="2012-11-11 17:26:48 UTC">
      <body>Tmamm</body>
    </message>
    <message id="m0391" participant="138325" time="2012-11-11 23:04:07 UTC">
      <body>Yaraaaa</body>
    </message>
    <message id="m0392" participant="138112" time="2012-11-11 23:07:59 UTC">
      <body>Baby </body>
    </message>
    <message id="m0393" participant="138325" time="2012-11-11 23:11:13 UTC">
      <body>A el 7ob dah kolo a el 7asal</body>
    </message>
    <message id="m0394" participant="138112" time="2012-11-11 23:15:11 UTC">
      <body>Eh ya ga7sh 3ayez eh</body>
    </message>
    <message id="m0395" participant="138325" time="2012-11-11 23:15:35 UTC">
      <body>Na3am!</body>
    </message>
    <message id="m0396" participant="138112" time="2012-11-11 23:15:57 UTC">
      <body>:^</body>
    </message>
    <message id="m0397" participant="138112" time="2012-11-11 23:16:03 UTC">
      <body>:*</body>
    </message>
    <message id="m0398" participant="138325" time="2012-11-11 23:17:27 UTC">
      <body>Mashi</body>
    </message>
    <message id="m0399" participant="138112" time="2012-11-11 23:17:36 UTC">
      <body>:D</body>
    </message>
    <message id="m0400" participant="138325" time="2012-11-11 23:17:36 UTC">
      <body>Anty fan?</body>
    </message>
    <message id="m0401" participant="138112" time="2012-11-11 23:17:43 UTC">
      <body>Fel serir</body>
    </message>
    <message id="m0402" participant="138325" time="2012-11-11 23:18:07 UTC">
      <body>Bat3maly a</body>
    </message>
    <message id="m0403" participant="138325" time="2012-11-11 23:20:38 UTC">
      <body>??</body>
    </message>
    <message id="m0404" participant="138112" time="2012-11-11 23:20:55 UTC">
      <body>Ba7awel anam haha</body>
    </message>
    <message id="m0405" participant="138325" time="2012-11-11 23:21:12 UTC">
      <body>mafesh noom</body>
    </message>
    <message id="m0406" participant="138325" time="2012-11-11 23:21:47 UTC">
      <body>Lasa 7an7ab ba3d wa nal3ab ma3a ba3d wa kada</body>
    </message>
    <message id="m0407" participant="138112" time="2012-11-11 23:23:58 UTC">
      <body>Lem nafsak :D</body>
    </message>
    <message id="m0408" participant="138112" time="2012-11-11 23:24:06 UTC">
      <body>Ana lesa f bet abooya!!!</body>
    </message>
    <message id="m0409" participant="138325" time="2012-11-11 23:25:31 UTC">
      <body>Malak ya yara fe a</body>
    </message>
    <message id="m0410" participant="138325" time="2012-11-11 23:25:37 UTC">
      <body/>
    </message>
    <message id="m0411" participant="138325" time="2012-11-11 23:30:03 UTC">
      <body>Yaraaaaaaaaaaaaaaa</body>
    </message>
    <message id="m0412" participant="138112" time="2012-11-11 23:30:53 UTC">
      <body>:D eh</body>
    </message>
    <message id="m0413" participant="138325" time="2012-11-11 23:31:12 UTC">
      <body>Ma7bnash ba3d 2day</body>
    </message>
    <message id="m0414" participant="138325" time="2012-11-11 23:31:26 UTC">
      <body>❤</body>
    </message>
    <message id="m0415" participant="138325" time="2012-11-11 23:33:36 UTC">
      <body>Yaraaaaaaaaaaaa</body>
    </message>
    <message id="m0416" participant="138325" time="2012-11-11 23:33:54 UTC">
      <body>amta your birthday ??</body>
    </message>
    <message id="m0417" participant="138112" time="2012-11-11 23:38:43 UTC">
      <body>8-31</body>
    </message>
    <message id="m0418" participant="138112" time="2012-11-11 23:38:46 UTC">
      <body>Enta eh?</body>
    </message>
    <message id="m0419" participant="138325" time="2012-11-11 23:39:02 UTC">
      <body>1995??</body>
    </message>
    <message id="m0420" participant="138112" time="2012-11-11 23:39:07 UTC">
      <body>Ahh</body>
    </message>
    <message id="m0421" participant="138325" time="2012-11-11 23:39:22 UTC">
      <body>31/7/1995</body>
    </message>
    <message id="m0422" participant="138325" time="2012-11-11 23:40:57 UTC">
      <body>7atigi bokra ??</body>
    </message>
    <message id="m0423" participant="138112" time="2012-11-11 23:51:20 UTC">
      <body>Eda enta orayeb meni awy!</body>
    </message>
    <message id="m0424" participant="138325" time="2012-11-11 23:52:05 UTC">
      <body>2olili ya 3amoo</body>
    </message>
    <message id="m0425" participant="138325" time="2012-11-11 23:52:15 UTC">
      <body>:P aw.ya 7abibi</body>
    </message>
    <message id="m0426" participant="138325" time="2012-11-11 23:52:19 UTC">
      <body/>
    </message>
    <message id="m0427" participant="138112" time="2012-11-11 23:58:23 UTC">
      <body>Hahahaha 3amo?</body>
    </message>
    <message id="m0428" participant="138325" time="2012-11-11 23:58:45 UTC">
      <body>Aw 7abiibii !</body>
    </message>
    <message id="m0429" participant="138112" time="2012-11-11 23:59:04 UTC">
      <body>Ya 7omar :D</body>
    </message>
    <message id="m0430" participant="138325" time="2012-11-11 23:59:27 UTC">
      <body>Ma ta7trmi nafsak ba2a wala 3ala shan saktlekk</body>
    </message>
    <message id="m0431" participant="138325" time="2012-11-11 23:59:35 UTC">
      <body/>
    </message>
    <message id="m0432" participant="138112" time="2012-11-12 00:00:50 UTC">
      <body>3ashan enta 2adi:p</body>
    </message>
    <message id="m0433" participant="138325" time="2012-11-12 00:01:18 UTC">
      <body>2adek ah</body>
    </message>
    <message id="m0434" participant="138112" time="2012-11-12 00:07:01 UTC">
      <body>Ahhh</body>
    </message>
    <message id="m0435" participant="138325" time="2012-11-12 00:07:24 UTC">
      <body>Bayan 3alaki 3ayza tanami</body>
    </message>
    <message id="m0436" participant="138325" time="2012-11-12 00:07:27 UTC">
      <body/>
    </message>
    <message id="m0437" participant="138112" time="2012-11-12 00:17:46 UTC">
      <body>Ahhhh</body>
    </message>
    <message id="m0438" participant="138112" time="2012-11-12 00:17:59 UTC">
      <body>Bas el nas msh saybani :D</body>
    </message>
    <message id="m0439" participant="138325" time="2012-11-12 00:18:27 UTC">
      <body>Asdak ana ya3ni</body>
    </message>
    <message id="m0440" participant="138325" time="2012-11-12 00:18:29 UTC">
      <body>??</body>
    </message>
    <message id="m0441" participant="138325" time="2012-11-12 00:18:45 UTC">
      <body>wa min el nas dool??</body>
    </message>
    <message id="m0442" participant="138112" time="2012-11-12 00:18:53 UTC">
      <body>Enta malak!!!</body>
    </message>
    <message id="m0443" participant="138112" time="2012-11-12 00:19:00 UTC">
      <body>:)</body>
    </message>
    <message id="m0444" participant="138325" time="2012-11-12 00:19:17 UTC">
      <body>oki</body>
    </message>
    <message id="m0445" participant="138325" time="2012-11-12 00:19:23 UTC">
      <body>Mashiii</body>
    </message>
    <message id="m0446" participant="138325" time="2012-11-12 00:19:29 UTC">
      <body>Bye</body>
    </message>
    <message id="m0447" participant="138112" time="2012-11-12 00:19:49 UTC">
      <body>:( ehhh</body>
    </message>
    <message id="m0448" participant="138112" time="2012-11-12 00:19:55 UTC">
      <body>Bahazar ya 3am</body>
    </message>
    <message id="m0449" participant="138325" time="2012-11-12 00:20:14 UTC">
      <body>No more love</body>
    </message>
    <message id="m0450" participant="138112" time="2012-11-12 00:20:54 UTC">
      <body>Why!</body>
    </message>
    <message id="m0451" participant="138325" time="2012-11-12 00:21:46 UTC">
      <body/>
    </message>
    <message id="m0452" participant="138112" time="2012-11-12 00:27:53 UTC">
      <body/>
    </message>
    <message id="m0453" participant="138325" time="2012-11-12 00:29:01 UTC">
      <body>7at3zmini fan bokra ?</body>
    </message>
    <message id="m0454" participant="138325" time="2012-11-12 00:38:01 UTC">
      <body>Anty namty??</body>
    </message>
    <message id="m0455" participant="138325" time="2012-11-12 01:04:11 UTC">
      <body>Yaaraaaa</body>
    </message>
    <message id="m0456" participant="138325" time="2012-11-12 08:32:22 UTC">
      <body>Anty fann??</body>
    </message>
    <message id="m0457" participant="138112" time="2012-11-12 09:15:23 UTC">
      <body>Nemt haha</body>
    </message>
    <message id="m0458" participant="138325" time="2012-11-12 09:24:37 UTC">
      <body>Ro7ty el madrasa??</body>
    </message>
    <message id="m0459" participant="138325" time="2012-11-12 14:53:39 UTC">
      <body>???</body>
    </message>
    <message id="m0460" participant="138112" time="2012-11-12 15:19:01 UTC">
      <body>Ahhh!</body>
    </message>
    <message id="m0461" participant="138325" time="2012-11-12 15:28:06 UTC">
      <body>Raw7ty wala lasa??</body>
    </message>
    <message id="m0462" participant="138112" time="2012-11-12 15:28:44 UTC">
      <body>Ahhh rawa75</body>
    </message>
    <message id="m0463" participant="138112" time="2012-11-12 15:28:54 UTC">
      <body>*rawa7t?</body>
    </message>
    <message id="m0464" participant="138325" time="2012-11-12 15:29:05 UTC">
      <body/>
    </message>
    <message id="m0465" participant="138325" time="2012-11-12 15:29:27 UTC">
      <body>Aked tab3an wa7ashteek</body>
    </message>
    <message id="m0466" participant="138112" time="2012-11-12 15:32:14 UTC">
      <body>Ahhhh!</body>
    </message>
    <message id="m0467" participant="138325" time="2012-11-12 15:32:27 UTC">
      <body/>
    </message>
    <message id="m0468" participant="138325" time="2012-11-12 15:35:18 UTC">
      <body>7alwa el pic</body>
    </message>
    <message id="m0469" participant="138112" time="2012-11-12 15:35:41 UTC">
      <body>Pic eh??</body>
    </message>
    <message id="m0470" participant="138325" time="2012-11-12 15:36:34 UTC">
      <body>El anty 7atha</body>
    </message>
    <message id="m0471" participant="138112" time="2012-11-12 15:37:00 UTC">
      <body>Merci!?</body>
    </message>
    <message id="m0472" participant="138112" time="2012-11-12 15:37:04 UTC">
      <body>*merci!! Haha</body>
    </message>
    <message id="m0473" participant="138325" time="2012-11-12 15:38:40 UTC">
      <body/>
    </message>
    <message id="m0474" participant="138112" time="2012-11-12 15:45:34 UTC">
      <body>:*</body>
    </message>
    <message id="m0475" participant="138325" time="2012-11-12 15:45:49 UTC">
      <body/>
    </message>
    <message id="m0476" participant="138325" time="2012-11-12 15:46:25 UTC">
      <body>3azmani fan 2day</body>
    </message>
    <message id="m0477" participant="138325" time="2012-11-12 15:46:41 UTC">
      <body/>
    </message>
    <message id="m0478" participant="138112" time="2012-11-12 19:09:51 UTC">
      <body>Ay 7eta!</body>
    </message>
    <message id="m0479" participant="138325" time="2012-11-12 19:10:13 UTC">
      <body/>
    </message>
    <message id="m0480" participant="138325" time="2012-11-12 19:19:24 UTC">
      <body>Bat3mly a</body>
    </message>
    <message id="m0481" participant="138112" time="2012-11-12 19:23:04 UTC">
      <body>Bakol!</body>
    </message>
    <message id="m0482" participant="138325" time="2012-11-12 21:28:35 UTC">
      <body>Yaaaraaa</body>
    </message>
    <message id="m0483" participant="138112" time="2012-11-12 21:28:44 UTC">
      <body>Na3am</body>
    </message>
    <message id="m0484" participant="138325" time="2012-11-12 21:29:05 UTC">
      <body>Yaaraaaaaaaaa</body>
    </message>
    <message id="m0485" participant="138325" time="2012-11-12 21:29:09 UTC">
      <body/>
    </message>
    <message id="m0486" participant="138112" time="2012-11-12 21:29:35 UTC">
      <body>Msh harod 3alek </body>
    </message>
    <message id="m0487" participant="138325" time="2012-11-12 21:50:09 UTC">
      <body>Anty 7abbty</body>
    </message>
    <message id="m0488" participant="138325" time="2012-11-12 21:50:09 UTC">
      <body>Mat2dresh</body>
    </message>
    <message id="m0489" participant="138325" time="2012-11-12 23:52:34 UTC">
      <body>Yaaaraaaaaa</body>
    </message>
    <message id="m0490" participant="138325" time="2012-11-12 23:52:40 UTC">
      <body>Aked manteshhh</body>
    </message>
    <message id="m0491" participant="138325" time="2012-11-12 23:58:10 UTC">
      <body>Yaaraaa</body>
    </message>
    <message id="m0492" participant="138112" time="2012-11-13 00:20:28 UTC">
      <body>Eh</body>
    </message>
    <message id="m0493" participant="138325" time="2012-11-13 00:20:49 UTC">
      <body>Bat3maly a</body>
    </message>
    <message id="m0494" participant="138325" time="2012-11-13 00:20:50 UTC">
      <body>?!</body>
    </message>
    <message id="m0495" participant="138112" time="2012-11-13 00:20:56 UTC">
      <body>Banam</body>
    </message>
    <message id="m0496" participant="138112" time="2012-11-13 00:21:03 UTC">
      <body>Gay bokra el madrasa</body>
    </message>
    <message id="m0497" participant="138325" time="2012-11-13 00:21:13 UTC">
      <body>Ah</body>
    </message>
    <message id="m0498" participant="138325" time="2012-11-13 00:21:13 UTC">
      <body>U</body>
    </message>
    <message id="m0499" participant="138112" time="2012-11-13 00:22:32 UTC">
      <body>Ahhh</body>
    </message>
    <message id="m0500" participant="138325" time="2012-11-13 00:22:40 UTC">
      <body>C u</body>
    </message>
    <message id="m0501" participant="138325" time="2012-11-13 00:22:44 UTC">
      <body>❤</body>
    </message>
    <message id="m0502" participant="138325" time="2012-11-13 08:46:26 UTC">
      <body>Anty fan</body>
    </message>
    <message id="m0503" participant="138325" time="2012-11-13 10:53:07 UTC">
      <body>Zaftaaa</body>
    </message>
    <message id="m0504" participant="138325" time="2012-11-13 16:32:05 UTC">
      <body>Mattjlmesh ma3aya</body>
    </message>
    <message id="m0505" participant="138325" time="2012-11-13 16:32:22 UTC">
      <body>Nattklmesh**</body>
    </message>
    <message id="m0506" participant="138112" time="2012-11-13 18:27:25 UTC">
      <body>Ehhh</body>
    </message>
    <message id="m0507" participant="138325" time="2012-11-13 19:57:27 UTC">
      <body/>
    </message>
    <message id="m0508" participant="138112" time="2012-11-13 21:28:39 UTC">
      <body>اههههه</body>
    </message>
    <message id="m0509" participant="138325" time="2012-11-13 21:29:22 UTC">
      <body>A??</body>
    </message>
    <message id="m0510" participant="138112" time="2012-11-13 21:30:11 UTC">
      <body>اهً؟</body>
    </message>
    <message id="m0511" participant="138325" time="2012-11-13 21:30:55 UTC">
      <body>2a2ol a ??</body>
    </message>
    <message id="m0512" participant="138112" time="2012-11-13 21:40:18 UTC">
      <body>وإلا حاخة</body>
    </message>
    <message id="m0513" participant="138325" time="2012-11-13 21:41:41 UTC">
      <body>Mobili mesh bay2ra 3arbi!!</body>
    </message>
    <message id="m0514" participant="138112" time="2012-11-13 21:46:48 UTC">
      <body>Hahaha okay</body>
    </message>
    <message id="m0515" participant="138325" time="2012-11-13 21:51:16 UTC">
      <body>Bas</body>
    </message>
    <message id="m0516" participant="138325" time="2012-11-13 21:51:16 UTC">
      <body>Za3lan manek</body>
    </message>
    <message id="m0517" participant="138112" time="2012-11-13 21:51:24 UTC">
      <body>Mashy</body>
    </message>
    <message id="m0518" participant="138325" time="2012-11-13 22:22:29 UTC">
      <body>Mesh 7atsl7ini ?</body>
    </message>
    <message id="m0519" participant="138112" time="2012-11-13 22:23:05 UTC">
      <body>Lahhhh</body>
    </message>
    <message id="m0520" participant="138325" time="2012-11-13 22:29:38 UTC">
      <body>Anty 7ora ya yaraaaaa</body>
    </message>
    <message id="m0521" participant="138112" time="2012-11-13 22:30:12 UTC">
      <body>&lt;media omitted&gt;</body>
    </message>
    <message id="m0522" participant="138325" time="2012-11-13 22:31:08 UTC">
      <body>Min deh?</body>
    </message>
    <message id="m0523" participant="138112" time="2012-11-13 22:31:24 UTC">
      <body>Mesh 3arfa haha</body>
    </message>
    <message id="m0524" participant="138325" time="2012-11-13 22:32:39 UTC">
      <body>:D</body>
    </message>
    <message id="m0525" participant="138325" time="2012-11-13 22:32:50 UTC">
      <body>Anty lah mab2atesh bat7bini</body>
    </message>
    <message id="m0526" participant="138112" time="2012-11-13 22:35:43 UTC">
      <body>3ashan bet3amelni betari2a we7sha!</body>
    </message>
    <message id="m0527" participant="138325" time="2012-11-14 00:59:27 UTC">
      <body>7aram 3alkii walahi</body>
    </message>
    <message id="m0528" participant="138325" time="2012-11-14 10:24:31 UTC">
      <body>Yaaraaaa</body>
    </message>
    <message id="m0529" participant="138325" time="2012-11-14 10:32:51 UTC">
      <body>❤</body>
    </message>
    <message id="m0530" participant="138112" time="2012-11-14 12:32:51 UTC">
      <body>Eh</body>
    </message>
    <message id="m0531" participant="138325" time="2012-11-14 12:33:11 UTC">
      <body>Bas ya bay</body>
    </message>
    <message id="m0532" participant="138325" time="2012-11-14 12:33:14 UTC">
      <body>Bat*</body>
    </message>
    <message id="m0533" participant="138325" time="2012-11-14 13:54:31 UTC">
      <body/>
    </message>
    <message id="m0534" participant="138325" time="2012-11-14 15:46:23 UTC">
      <body>Yaraaa</body>
    </message>
    <message id="m0535" participant="138325" time="2012-11-14 15:46:30 UTC">
      <body>3ayaz atklm ma3akii</body>
    </message>
    <message id="m0536" participant="138112" time="2012-11-14 16:08:03 UTC">
      <body>F eh</body>
    </message>
    <message id="m0537" participant="138325" time="2012-11-14 19:58:47 UTC">
      <body>Yara</body>
    </message>
    <message id="m0538" participant="138112" time="2012-11-14 20:09:10 UTC">
      <body>Eh</body>
    </message>
    <message id="m0539" participant="138325" time="2012-11-14 20:10:34 UTC">
      <body>Bat3mlini kada lah ba2$$</body>
    </message>
    <message id="m0540" participant="138325" time="2012-11-14 20:10:42 UTC">
      <body>??**</body>
    </message>
    <message id="m0541" participant="138112" time="2012-11-14 20:11:00 UTC">
      <body>Ezay?? Haha</body>
    </message>
    <message id="m0542" participant="138112" time="2012-11-14 20:11:06 UTC">
      <body>Enta bt3mel eh</body>
    </message>
    <message id="m0543" participant="138325" time="2012-11-14 20:11:27 UTC">
      <body>Astni bas walahi 3ayaz 23raf lahh</body>
    </message>
    <message id="m0544" participant="138325" time="2012-11-14 20:11:50 UTC">
      <body>Ana ba3mlek 7aga batdy2ek?</body>
    </message>
    <message id="m0545" participant="138112" time="2012-11-14 20:20:00 UTC">
      <body>La2a</body>
    </message>
    <message id="m0546" participant="138325" time="2012-11-14 20:20:25 UTC">
      <body>Tab fe a ba2a??</body>
    </message>
    <message id="m0547" participant="138112" time="2012-11-14 20:20:47 UTC">
      <body>Mafish begad</body>
    </message>
    <message id="m0548" participant="138325" time="2012-11-14 20:36:36 UTC">
      <body>Mashi ya yara</body>
    </message>
    <message id="m0549" participant="138112" time="2012-11-14 20:43:18 UTC">
      <body>&lt;media omitted&gt;</body>
    </message>
    <message id="m0550" participant="138325" time="2012-11-14 20:43:50 UTC">
      <body>Ya zbalaa</body>
    </message>
    <message id="m0551" participant="138325" time="2012-11-14 20:43:54 UTC">
      <body/>
    </message>
    <message id="m0552" participant="138112" time="2012-11-14 20:45:21 UTC">
      <body>:*</body>
    </message>
    <message id="m0553" participant="138325" time="2012-11-14 20:46:06 UTC">
      <body>Yara ana ba7bek</body>
    </message>
    <message id="m0554" participant="138112" time="2012-11-14 20:47:48 UTC">
      <body>Ana kaman!</body>
    </message>
    <message id="m0555" participant="138325" time="2012-11-14 20:48:45 UTC">
      <body>Kadbaa!!!</body>
    </message>
    <message id="m0556" participant="138112" time="2012-11-14 20:48:51 UTC">
      <body>Mashy:(</body>
    </message>
    <message id="m0557" participant="138325" time="2012-11-14 21:01:11 UTC">
      <body>Yara</body>
    </message>
    <message id="m0558" participant="138112" time="2012-11-14 21:01:17 UTC">
      <body>Na3am</body>
    </message>
    <message id="m0559" participant="138325" time="2012-11-14 21:01:24 UTC">
      <body/>
    </message>
    <message id="m0560" participant="138112" time="2012-11-14 21:01:31 UTC">
      <body>La2</body>
    </message>
    <message id="m0561" participant="138325" time="2012-11-14 21:01:48 UTC">
      <body>Fe a malaek</body>
    </message>
    <message id="m0562" participant="138112" time="2012-11-14 21:02:06 UTC">
      <body>Oltelak mafish b2a</body>
    </message>
    <message id="m0563" participant="138112" time="2012-11-14 21:02:20 UTC">
      <body>Enta kol shwaya hat2ol malek msh harod begad</body>
    </message>
    <message id="m0564" participant="138325" time="2012-11-14 21:03:21 UTC">
      <body>Shofy anyy battklmi ma3aya azay</body>
    </message>
    <message id="m0565" participant="138325" time="2012-11-14 21:03:47 UTC">
      <body>Law mesh 3ayza tattklmi ma3a oki!!</body>
    </message>
    <message id="m0566" participant="138112" time="2012-11-15 00:35:48 UTC">
      <body>Ya zbala</body>
    </message>
    <message id="m0567" participant="138325" time="2012-11-15 00:36:11 UTC">
      <body>Thx u</body>
    </message>
    <message id="m0568" participant="138325" time="2012-11-15 23:41:02 UTC">
      <body>7atigi bokra??</body>
    </message>
    <message id="m0569" participant="138325" time="2012-11-15 23:41:02 UTC">
      <body>Yaraaa</body>
    </message>
    <message id="m0570" participant="138325" time="2012-11-15 23:41:02 UTC">
      <body>7atigi bokra??</body>
    </message>
    <message id="m0571" participant="138112" time="2012-11-15 23:42:17 UTC">
      <body>Ahhh isa</body>
    </message>
    <message id="m0572" participant="138325" time="2012-11-15 23:51:30 UTC">
      <body>C U</body>
    </message>
    <message id="m0573" participant="138325" time="2012-11-15 23:51:32 UTC">
      <body/>
    </message>
    <message id="m0574" participant="138325" time="2012-11-15 23:51:49 UTC">
      <body>Mesh 7anr5am 3ala ba3d ba2a</body>
    </message>
    <message id="m0575" participant="138112" time="2012-11-15 23:51:57 UTC">
      <body>Okay :*</body>
    </message>
    <message id="m0576" participant="138325" time="2012-11-15 23:52:07 UTC">
      <body>❤</body>
    </message>
  </messages>
</conversation>
