<?xml version="1.0" encoding="UTF-8"?>
<conversation id="CHT_ARZ_20130416.0004" medium="CHT" donated="true">
  <messages>
    <message id="m0002" time="2013-04-16 12:25:34 UTC" participant="139591">
      <body>3amla aaaa</body>
    </message>
    <message id="m0003" time="2013-04-16 12:26:36 UTC" participant="139134">
      <body>mtkssraaa </body>
    </message>
    <message id="m0004" time="2013-04-16 12:26:40 UTC" participant="139134">
      <body>w lessa sahia</body>
    </message>
    <message id="m0005" time="2013-04-16 12:26:50 UTC" participant="139591">
      <body>Wana kaamaan</body>
    </message>
    <message id="m0006" time="2013-04-16 12:26:59 UTC" participant="139591">
      <body>We f borg el 3arraab</body>
    </message>
    <message id="m0007" time="2013-04-16 12:27:03 UTC" participant="139134">
      <body/>
    </message>
    <message id="m0008" time="2013-04-16 12:27:05 UTC" participant="139591">
      <body>3amlty a m3 nana ??</body>
    </message>
    <message id="m0009" time="2013-04-16 12:27:22 UTC" participant="139591">
      <body>Tarekk bd 2day </body>
    </message>
    <message id="m0010" time="2013-04-16 12:28:24 UTC" participant="139134">
      <body/>
    </message>
    <message id="m0012" time="2013-04-16 12:28:33 UTC" participant="139134">
      <body>enty kowyssa ?!</body>
    </message>
    <message id="m0013" time="2013-04-16 12:28:37 UTC" participant="139591">
      <body>Hahaha ys 7amd :d</body>
    </message>
    <message id="m0015" time="2013-04-16 12:36:56 UTC" participant="139591">
      <body>Ahh walahii 7amd :d 3ady</body>
    </message>
    <message id="m0016" time="2013-04-16 12:53:26 UTC" participant="139134">
      <body>hahahahahaha</body>
    </message>
    <message id="m0017" time="2013-04-16 12:53:27 UTC" participant="139134">
      <body>hamdlll</body>
    </message>
    <message id="m0018" time="2013-04-16 12:53:33 UTC" participant="139134">
      <body>ana w nana kowyssin mw</body>
    </message>
    <message id="m0019" time="2013-04-16 13:23:21 UTC" participant="139591">
      <body>Tybb 7amddd</body>
    </message>
    <message id="m0020" time="2013-04-16 13:23:29 UTC" participant="139591">
      <body/>
    </message>
    <message id="m0021" time="2013-04-16 13:56:43 UTC" participant="139134">
      <body>mwahhhh</body>
    </message>
    <message id="m0023" time="2013-04-17 00:39:38 UTC" participant="139134">
      <body/>
    </message>
    <message id="m0024" time="2013-04-17 00:40:03 UTC" participant="139591">
      <body>A fi a :D</body>
    </message>
    <message id="m0025" time="2013-04-17 01:00:31 UTC" participant="139134">
      <body>barod ala ur thnk u</body>
    </message>
    <message id="m0026" time="2013-04-17 01:05:58 UTC" participant="139591">
      <body>7bbtyy ya ririi</body>
    </message>
  </messages>
</conversation>
