<?xml version="1.0" encoding="UTF-8"?>
<conversation id="CHT_ARZ_20130221.0002" medium="CHT" donated="true">
  <messages>
    <message id="m0000" time="2013-02-21 20:01:00 UTC" participant="139376">
      <body>ازيك يا رباب؟؟</body>
    </message>
    <message id="m0001" time="2013-02-21 21:52:00 UTC" participant="139376">
      <body>بقولك احنا ان شاء الله حنروح بكرة جزيرة الشراع</body>
    </message>
    <message id="m0002" time="2013-02-21 21:53:00 UTC" participant="139376">
      <body>هناك في بسين صغير العيال تلعب في شوية وكمان في مراجيح يلعبوا فيه</body>
    </message>
    <message id="m0003" time="2013-02-21 21:53:00 UTC" participant="139376">
      <body>شوفي نظامك ايه وردي عليا</body>
    </message>
    <message id="m0004" time="2013-02-22 12:45:00 UTC" participant="139546">
      <body>أزيك يا بنتي</body>
    </message>
    <message id="m0005" time="2013-02-22 12:45:00 UTC" participant="139546">
      <body>إخبارك</body>
    </message>
    <message id="m0006" time="2013-02-22 12:46:00 UTC" participant="139376">
      <body>الحمد لله والله</body>
    </message>
    <message id="m0007" time="2013-02-22 12:46:00 UTC" participant="139376">
      <body>انتم أخياركم ايه؟؟</body>
    </message>
    <message id="m0008" time="2013-02-22 12:46:00 UTC" participant="139546">
      <body>تمام مآشي الحال</body>
    </message>
    <message id="m0009" time="2013-02-22 12:46:00 UTC" participant="139546">
      <body>كلنا بخير</body>
    </message>
    <message id="m0010" time="2013-02-22 12:47:00 UTC" participant="139376">
      <body>الحمد لله</body>
    </message>
    <message id="m0011" time="2013-02-22 12:47:00 UTC" participant="139546">
      <body>حسين وعلى عاملين إيه</body>
    </message>
    <message id="m0012" time="2013-02-22 12:48:00 UTC" participant="139376">
      <body>الحمد لله والله</body>
    </message>
    <message id="m0013" time="2013-02-22 12:48:00 UTC" participant="139376">
      <body>نظامكم ايه النهاردة؟؟</body>
    </message>
    <message id="m0014" time="2013-02-22 12:50:00 UTC" participant="139546">
      <body>انتم طالعين إمتى علشان إشوف مع أحمد الوضع لما يرجع من الصلاة</body>
    </message>
    <message id="m0015" time="2013-02-22 12:51:00 UTC" participant="139376">
      <body>على الساعة 2 كده ان شاء الله</body>
    </message>
    <message id="m0016" time="2013-02-22 12:51:00 UTC" participant="139546">
      <body>خلاص يرجع إشوفه واقولك</body>
    </message>
    <message id="m0018" time="2013-02-22 13:50:00 UTC" participant="139546">
      <body>أحمد رجع من الصلاه بس قالي تعبان مرهق شويه عأيز ينام</body>
    </message>
    <message id="m0019" time="2013-02-22 13:50:00 UTC" participant="139546">
      <body>انتم قاعدين لحد إمتى</body>
    </message>
    <message id="m0020" time="2013-02-22 13:52:00 UTC" participant="139376">
      <body>لبعد المغرب كده ان شاء الله</body>
    </message>
    <message id="m0021" time="2013-02-22 13:52:00 UTC" participant="139376">
      <body>بس كام نفسي تيجوا بدري علشان مانا يلعب في المية معاهم</body>
    </message>
    <message id="m0022" time="2013-02-22 13:53:00 UTC" participant="139546">
      <body>ححاول أحمد يريح ساعه ونيجي</body>
    </message>
  </messages>
</conversation>
