<?xml version="1.0" encoding="UTF-8"?>
<conversation id="CHT_ARZ_20121022.0000" medium="CHT" donated="true">
  <messages>
    <message id="m0000" time="2012-10-22 23:02:15 UTC" participant="139275">
      <body>وانتي والله وحشتينااااا اكتر</body>
    </message>
    <message id="m0001" time="2012-10-22 23:02:35 UTC" participant="139275">
      <body>عاملين ايه؟</body>
    </message>
    <message id="m0002" time="2012-10-22 23:08:30 UTC" participant="139570">
      <body>حلوه صورتكم وحشتوووووووووووني</body>
    </message>
    <message id="m0003" time="2012-10-22 23:12:00 UTC" participant="139570">
      <body>الحمد لله كويسين</body>
    </message>
    <message id="m0004" time="2012-10-22 23:12:15 UTC" participant="139570">
      <body>وانتم عاملين ايه</body>
    </message>
    <message id="m0005" time="2012-10-22 23:12:24 UTC" participant="139570">
      <body>كل سنه و انتم طيبين</body>
    </message>
    <message id="m0006" time="2012-10-22 23:12:36 UTC" participant="139570">
      <body>و ازي مامتك يارب تكون احسن</body>
    </message>
  </messages>
</conversation>
