<?xml version="1.0" encoding="UTF-8"?>
<conversation id="CHT_ARZ_20121115.0000" medium="CHT" donated="true">
  <messages>
    <message id="m0000" participant="138112" time="2012-11-15 20:36:44 UTC">
      <body>Leena enti hatroo7i bokra el trip de</body>
    </message>
    <message id="m0001" participant="138314" time="2012-11-15 20:36:53 UTC">
      <body>Ah</body>
    </message>
    <message id="m0002" participant="138314" time="2012-11-15 20:38:19 UTC">
      <body>Wenty?</body>
    </message>
    <message id="m0003" participant="138314" time="2012-11-15 20:57:43 UTC">
      <body>Mamtk msh mwf2a</body>
    </message>
    <message id="m0004" participant="138112" time="2012-11-15 20:58:20 UTC">
      <body>Ana hashoof m3a Waleed law lesa yenfa3</body>
    </message>
    <message id="m0005" participant="138314" time="2012-11-15 20:59:09 UTC">
      <body>Mmm</body>
    </message>
    <message id="m0006" participant="138314" time="2012-11-15 21:34:32 UTC">
      <body>5aly waleed yes2alk 5odary 3shn fe wa7ed msh 3ayz his ticket 3andna</body>
    </message>
    <message id="m0007" participant="138112" time="2012-11-15 21:35:57 UTC">
      <body>Okay hashoof</body>
    </message>
  </messages>
</conversation>
