<?xml version="1.0" encoding="UTF-8"?>
<conversation id="CHT_ARZ_20130511.0004" medium="CHT" donated="true">
  <messages>
    <message id="m0000" time="2013-05-11 21:18:42 UTC" participant="139275">
      <body>&lt;media omitted&gt;</body>
    </message>
    <message id="m0001" time="2013-05-11 21:19:12 UTC" participant="139275">
      <body>تعتقدي الجلسات الي حعملها دي عبارة عن ايه؟</body>
    </message>
    <message id="m0002" time="2013-05-12 11:57:32 UTC" participant="139554">
      <body>هاقرا اشوف و اقولك لو عرفت حاجة :)</body>
    </message>
  </messages>
</conversation>
