<?xml version="1.0" encoding="UTF-8"?>
<conversation id="CHT_ARZ_20130512.0008" medium="CHT" donated="true">
  <messages>
    <message id="m0000" time="2013-05-12 01:54:44 UTC" participant="139275">
      <body>7obyyy</body>
    </message>
    <message id="m0001" time="2013-05-12 01:55:06 UTC" participant="139275">
      <body>7amdAllah 3ala elsalma :)</body>
    </message>
    <message id="m0002" time="2013-05-12 01:55:26 UTC" participant="139275">
      <body>el7amdo leallah enty ale ezayek?</body>
    </message>
    <message id="m0003" time="2013-05-12 01:55:55 UTC" participant="139275">
      <body>w ezay 3omr..e7na tamam el7amdo leallah</body>
    </message>
    <message id="m0004" time="2013-05-12 01:56:17 UTC" participant="139275">
      <body>el gar7 a7sn el7amdo leallH?</body>
    </message>
    <message id="m0005" time="2013-05-12 01:57:39 UTC" participant="151287">
      <body>Ezaik</body>
    </message>
    <message id="m0006" time="2013-05-12 01:57:53 UTC" participant="151287">
      <body>Allah yesalmik</body>
    </message>
    <message id="m0007" time="2013-05-12 01:57:58 UTC" participant="139275">
      <body>awyaaan :)</body>
    </message>
    <message id="m0008" time="2013-05-12 01:58:02 UTC" participant="151287">
      <body>3mla eh</body>
    </message>
    <message id="m0009" time="2013-05-12 01:58:10 UTC" participant="151287">
      <body>W ye7iaaa</body>
    </message>
    <message id="m0010" time="2013-05-12 01:58:23 UTC" participant="151287">
      <body>Kolo tamam el7</body>
    </message>
    <message id="m0011" time="2013-05-12 01:59:01 UTC" participant="151287">
      <body>Omar metl3 3enii akiiid enti megrba abl mni</body>
    </message>
    <message id="m0012" time="2013-05-12 01:59:12 UTC" participant="151287">
      <body>Ah tb3n e7lll</body>
    </message>
    <message id="m0013" time="2013-05-12 01:59:54 UTC" participant="139275">
      <body>3amla eh fl reda3a :D</body>
    </message>
    <message id="m0014" time="2013-05-12 02:00:07 UTC" participant="151287">
      <body>El mas2olyaaa kebera awii</body>
    </message>
    <message id="m0015" time="2013-05-12 02:00:22 UTC" participant="139275">
      <body>w ana :(((</body>
    </message>
    <message id="m0016" time="2013-05-12 02:00:51 UTC" participant="139275">
      <body>bgd mesh 3ayza akrahhs bs bgd t3bt gamed</body>
    </message>
    <message id="m0017" time="2013-05-12 02:01:30 UTC" participant="139275">
      <body>bosy 7oty fl pra fl bet war2 kabotshy ( 7'as)</body>
    </message>
    <message id="m0018" time="2013-05-12 02:01:58 UTC" participant="139275">
      <body>3shan el nipples</body>
    </message>
    <message id="m0019" time="2013-05-12 02:02:10 UTC" participant="139275">
      <body>el 7almat</body>
    </message>
    <message id="m0020" time="2013-05-12 02:02:41 UTC" participant="139275">
      <body>bthady el elthab</body>
    </message>
    <message id="m0021" time="2013-05-12 02:02:45 UTC" participant="151287">
      <body>Manfo5aaaaa</body>
    </message>
    <message id="m0022" time="2013-05-12 02:02:52 UTC" participant="151287">
      <body>Betwg3 awii</body>
    </message>
    <message id="m0023" time="2013-05-12 02:02:54 UTC" participant="151287">
      <body>;(</body>
    </message>
    <message id="m0024" time="2013-05-12 02:02:55 UTC" participant="139275">
      <body>btry7 ya3ny</body>
    </message>
    <message id="m0025" time="2013-05-12 02:03:48 UTC" participant="151287">
      <body>Ahhh</body>
    </message>
    <message id="m0026" time="2013-05-12 02:04:02 UTC" participant="139275">
      <body>w lma t7'lsy reda3a seby sedrk fl hawa keda 7aba l7d ma yenshaf w ba3den 3'ateh blhdom 3ady</body>
    </message>
    <message id="m0027" time="2013-05-12 02:04:19 UTC" participant="151287">
      <body>Leeh</body>
    </message>
    <message id="m0028" time="2013-05-12 02:04:39 UTC" participant="139275">
      <body>ok</body>
    </message>
    <message id="m0029" time="2013-05-12 02:05:01 UTC" participant="151287">
      <body>Aiwaa bet3mlha eh</body>
    </message>
    <message id="m0030" time="2013-05-12 02:05:33 UTC" participant="151287">
      <body>Bgd tb eshtaa awiii</body>
    </message>
    <message id="m0031" time="2013-05-12 02:07:08 UTC" participant="151287">
      <body>Wait haklmk</body>
    </message>
  </messages>
</conversation>

