<?xml version="1.0" encoding="UTF-8"?>
<conversation id="CHT_ARZ_20130309.0002" medium="CHT" donated="true">
  <messages>
    <message id="m0000" participant="138325" time="2013-03-09 01:57:25 UTC">
      <body>Mabts2alesh lah?</body>
    </message>
    <message id="m0001" participant="138325" time="2013-03-09 14:53:02 UTC">
      <body>Yaraa</body>
    </message>
    <message id="m0002" participant="138112" time="2013-03-09 15:40:38 UTC">
      <body>Ya</body>
    </message>
    <message id="m0003" participant="138325" time="2013-03-09 17:08:04 UTC">
      <body>Mesh batklmini lah</body>
    </message>
  </messages>
</conversation>
