<?xml version="1.0" encoding="UTF-8"?>
<conversation id="CHT_ARZ_20130325.0000" medium="CHT" donated="true">
  <messages>
    <message id="m0000" participant="138303" time="2013-03-25 19:02:35 UTC">
      <body>Ehh ya yara</body>
    </message>
    <message id="m0001" participant="138112" time="2013-03-25 19:47:26 UTC">
      <body>Eh ya Adham ezayak</body>
    </message>
    <message id="m0002" participant="138303" time="2013-03-25 20:09:53 UTC">
      <body>Wenty</body>
    </message>
    <message id="m0003" participant="138303" time="2013-03-25 20:09:53 UTC">
      <body>Tamam</body>
    </message>
    <message id="m0004" participant="138112" time="2013-03-25 20:16:18 UTC">
      <body>Kwayesa!! Bt3ml eh</body>
    </message>
    <message id="m0005" participant="138303" time="2013-03-25 20:17:15 UTC">
      <body>Bal3b ps</body>
    </message>
    <message id="m0006" participant="138112" time="2013-03-25 20:21:04 UTC">
      <body>Fel bet!</body>
    </message>
  </messages>
</conversation>
