<?xml version="1.0" encoding="UTF-8"?>
<conversation id="CHT_ARZ_20130418.0003" medium="CHT" donated="true">
  <messages>
    <message id="m0000" time="2013-04-18 22:02:36 UTC" participant="139275">
      <body>moha 7abbty</body>
    </message>
    <message id="m0001" time="2013-04-18 22:02:48 UTC" participant="139275">
      <body>dr mervat btbarek leke awe</body>
    </message>
    <message id="m0002" time="2013-04-18 22:03:47 UTC" participant="139275">
      <body>w 7tklm tant mamt marwan tbarek lha w ta7'od nmretk isA</body>
    </message>
    <message id="m0003" time="2013-04-18 23:54:53 UTC" participant="139562">
      <body>allah yabark fiha wallahi wa7shatni awii salami 3aliha kteeeeeeer w 2olalaha shokran gdn 3ala ehatamamha w barklaha 3ala ya7ia el amar</body>
    </message>
    <message id="m0004" time="2013-04-18 23:55:25 UTC" participant="139275">
      <body>rbna ye7'leke ya rb</body>
    </message>
    <message id="m0005" time="2013-04-18 23:55:43 UTC" participant="139275">
      <body>ezay 3arostna el 7elwa </body>
    </message>
    <message id="m0006" time="2013-04-18 23:55:50 UTC" participant="139275">
      <body>?</body>
    </message>
    <message id="m0007" time="2013-04-19 16:18:29 UTC" participant="139562">
      <body>Wallahi ya moni ana ta3bana gdn w hya kaman batsar5 kteeer awiiii ana sa3at msh ba3rf 7ata ad5ol el toilet menaha msh 3arfa a3mel eh bgd</body>
    </message>
    <message id="m0008" time="2013-04-19 16:24:24 UTC" participant="139562">
      <body>يؤتى بأهل البلاء يوم القيامة فلا ينصب لهم ميزان ولا يُنشر لهم ديوان ويصب عليهم الأجر صباً، حتى أن أهل العافية ليتمنون في الموقف أن أجسادهم قُرضت بالمقاريض من حسن ثواب الله لهم..
فالحزن بلاء
وضيق العيش بلاء
وقطع العلاقات بالأحباب بلاء
وابتعاد الناس عنك بلاء
والديون بلاء 
وموت أقرب الناس بلاء
والفقر بلاء
والمرض من ألم وخز الشوكة إلى أشد أنواعه وأقواها بلاء
والمشاكل الزوجية بلاء 
والحسد بلاء
وكل ما يضيق به الصدر بلاء...

باكروا بالصدقة فإن البلاء لا يتخطى الصدقة

الحمد لله
ثلاثة أعمال لا تدخل الموازين يوم
القيامة لعظمها :

- الصبر
قال تعالى :
{إِنَّمَا يُوَفَّى الصَّابِرُونَ أَجْرَهُمْ بِغَيْرِ حِسَابٍ}
»»لم يحدد الأجر

- العفو عن الناس
قال تعالى:
{ فَمَنْ عَفَا وَأَصْلَحَ فَأَجْرُهُ عَلَى اللَّهِ }
»»لم يحدد الأجر

- الصيام
عن أبي هريرة رضي الله عنه قال
قال رسول الله صلى الله عليه وسلم :
( قال الله عز وجل كل عمل ابن
آدم له إلا الصوم فإنه لي وأنا
أجزي به ) رواه الشيخان
»»لم يحدد الأجر

وينادي مُنادٍ يوم البعث: أين الذين
أجرهم على الله ؟
فـيقبل الصابرون والصائمون والعافين
عن الناس ..

فيا أغلى ما أملك ...

- صوموا / واصبروا / واصفحوا

جعلني الله وإياكم ممن ينادى عليهم
بـ هذا النداء

لما كان موسى يسري ليلاً
متجهاً إلى النار يلتمس شهاباً قبساً . .
لم يدر بخُلده وهو يسمع أنفاسه المتعبة أنه متجهٌ ليسمع صوت رب العالمين 
فَثِق بربك 

طرح إبراهيم ولده الوحيد 
واستلّ سكينه ليذبحه ..
وإسماعيل يردد : افعل ما تؤمر
وكِلاهما لا يعلم أن كبشاً يُربى بالجنة من 500 عام تجهيزاً لهذه اللحظة 
فَثِق بربك 

لما دعا نوح ربه :
" أني مغلوب فانتصر"
لم يخطر بباله أن الله سيغرق البشرية لأجله 
وأن سكان العالم سيفنون إلا هو ومن معه في السفينة 
فَثِق بربك 

جاع موسى وصراخه يملأ القصر لا يقبل المراضع الكل مشغول به
آسية . . المراضع . . الحرس . . 
كل هذه التعقيدات لأجل قلب امرأة خلف النهر مشتاقة لولدها رحمة ولطفاً من رب العالمين لها ولإبنها 
فَثِق بربك 

أطبقت الظلمات
على يونس . . واشتدت الهموم . . فلما اعتذر ونادى :
( لا إله إلا أنت سبحانك إني كنت من الظالمين )
قال الله تعالى : فاستجبنا له ونجيناه من الغم 
فَثِق بربك 

مستلقٍ عليه الصلاه والسلام في فراشه حزيناً ماتت زوجته وعمه . . واشتدت عليه الهموم . .
فيأمر ربه جبريل أن يعرج به إليه يرفعه للسماء . . فيسليه بالأنبياء ويخفف عنه بالملائكة 
فَثِق بربك 

لما أخرج الله يوسف من السجن لم يرسل صاعقة تخلع باب السجن . . ولم يأمر جدران السجن فتتصدّع . . بل أرسل رؤيا تتسلل في هدوء الليل لخيال الملك وهو نائم 
فَثِق بربك 

ثق بربك 
وارفع أكف الخضوع والتضرع واعلم أن فوق سبع سماوات
رب حكيم كريم 

ما لنا غيرك يا اللّہُ

نحن قوم إذا ضاقت بنا الدنيا 
اتسعت لنا السماء فكيف نيأس
 
اللهم زدنا بك ثقة واجعلنا من المتوكلين عليك

 اللهم اجعلها صدقة جارية عني وعن والديّ وأهلي وأمواتنا وعن كل من يرسلها

دع رسالة مثل هذه تدور بين الناس وخذ أجرها ، لأن الدنيا فانية.</body>
    </message>
  </messages>
</conversation>
