<?xml version="1.0" encoding="UTF-8"?>
<conversation id="CHT_ARZ_20120814.0002" medium="CHT" donated="true">
  <messages>
    <message id="m0000" time="2012-08-14 19:01:58 UTC" participant="139275">
      <body>dofooooo</body>
    </message>
    <message id="m0001" time="2012-08-14 19:02:02 UTC" participant="139275">
      <body>dodooo</body>
    </message>
    <message id="m0002" time="2012-08-14 19:26:05 UTC" participant="139558">
      <body>Wa7shtenxyy</body>
    </message>
    <message id="m0003" time="2012-08-14 19:26:18 UTC" participant="139275">
      <body>w enyyyy gedn</body>
    </message>
    <message id="m0004" time="2012-08-14 19:26:35 UTC" participant="139275">
      <body>a7sn 7aga enk gety 3ala elbta3 da</body>
    </message>
    <message id="m0005" time="2012-08-14 20:31:01 UTC" participant="139558">
      <body>7abebtyyyy</body>
    </message>
    <message id="m0006" time="2012-08-14 20:32:15 UTC" participant="139558">
      <body></body>
    </message>
    <message id="m0007" time="2012-08-14 20:32:38 UTC" participant="139558">
      <body>A7la 7aga elbeta3</body>
    </message>
    <message id="m0008" time="2012-08-14 20:33:09 UTC" participant="139558">
      <body>Bas Ana haftar delwa2tyy</body>
    </message>
    <message id="m0009" time="2012-08-14 20:33:31 UTC" participant="139558">
      <body>Wa Agelek tany</body>
    </message>
    <message id="m0010" time="2012-08-14 22:52:36 UTC" participant="139558">
      <body>Entyy benäss</body>
    </message>
  </messages>
</conversation>
