<?xml version="1.0" encoding="UTF-8"?>
<conversation id="CHT_ARZ_20121205.0001" medium="CHT" donated="true">
  <messages>
    <message id="m0000" participant="138325" time="2012-12-05 20:30:55 UTC">
      <body>Yyooyyoo</body>
    </message>
    <message id="m0001" participant="138112" time="2012-12-05 20:58:15 UTC">
      <body>Mono</body>
    </message>
    <message id="m0002" participant="138112" time="2012-12-05 20:58:20 UTC">
      <body>*momo</body>
    </message>
    <message id="m0003" participant="138325" time="2012-12-05 20:58:34 UTC">
      <body/>
    </message>
    <message id="m0004" participant="138325" time="2012-12-05 20:58:54 UTC">
      <body>7alwa el pic awii❤</body>
    </message>
    <message id="m0005" participant="138112" time="2012-12-05 20:59:09 UTC">
      <body>Pic eh???</body>
    </message>
    <message id="m0006" participant="138325" time="2012-12-05 20:59:23 UTC">
      <body>El anty 7atha</body>
    </message>
    <message id="m0007" participant="138112" time="2012-12-05 21:00:23 UTC">
      <body>Ahhh:)</body>
    </message>
    <message id="m0008" participant="138112" time="2012-12-05 21:00:27 UTC">
      <body>3'ayartaha!</body>
    </message>
    <message id="m0009" participant="138112" time="2012-12-05 21:00:31 UTC">
      <body>Kda 7lw?</body>
    </message>
    <message id="m0010" participant="138325" time="2012-12-05 21:00:52 UTC">
      <body>Ah deh 7alwa bardoo</body>
    </message>
    <message id="m0011" participant="138112" time="2012-12-05 21:01:02 UTC">
      <body>Okay☺</body>
    </message>
    <message id="m0012" participant="138325" time="2012-12-05 21:01:15 UTC">
      <body>Anty gamila ua yooyoo</body>
    </message>
    <message id="m0013" participant="138112" time="2012-12-05 21:02:45 UTC">
      <body>Eh?</body>
    </message>
    <message id="m0014" participant="138112" time="2012-12-05 21:03:05 UTC">
      <body>Ua yooyoo?</body>
    </message>
    <message id="m0015" participant="138325" time="2012-12-05 21:05:10 UTC">
      <body>Ya</body>
    </message>
    <message id="m0016" participant="138112" time="2012-12-05 21:05:25 UTC">
      <body>La2</body>
    </message>
    <message id="m0017" participant="138112" time="2012-12-05 21:05:41 UTC">
      <body>Mat2olish youyou or yuyu or yooyoo di tany</body>
    </message>
    <message id="m0018" participant="138325" time="2012-12-05 21:05:45 UTC">
      <body>Howa a el la2</body>
    </message>
    <message id="m0019" participant="138112" time="2012-12-05 21:05:45 UTC">
      <body>Bakraha</body>
    </message>
    <message id="m0020" participant="138325" time="2012-12-05 21:06:08 UTC">
      <body>Ana 3'altan 3ala shan badl3ek</body>
    </message>
    <message id="m0021" participant="138325" time="2012-12-05 21:06:14 UTC">
      <body/>
    </message>
    <message id="m0022" participant="138112" time="2012-12-05 21:06:17 UTC">
      <body>Ana dala3i Lola</body>
    </message>
    <message id="m0023" participant="138325" time="2012-12-05 21:06:33 UTC">
      <body>Hahahhahaha</body>
    </message>
    <message id="m0024" participant="138112" time="2012-12-05 21:06:40 UTC">
      <body>:D</body>
    </message>
    <message id="m0025" participant="138325" time="2012-12-05 22:00:06 UTC">
      <body>No school 2moro</body>
    </message>
    <message id="m0026" participant="138112" time="2012-12-05 22:43:00 UTC">
      <body>Ahhhhhh:D</body>
    </message>
    <message id="m0027" participant="138325" time="2012-12-06 16:49:50 UTC">
      <body>Ya lolaaa❤</body>
    </message>
    <message id="m0028" participant="138325" time="2012-12-06 16:49:53 UTC">
      <body>:D</body>
    </message>
    <message id="m0029" participant="138112" time="2012-12-06 17:03:09 UTC">
      <body>Ehhh</body>
    </message>
    <message id="m0030" participant="138325" time="2012-12-06 17:03:39 UTC">
      <body>3amla a</body>
    </message>
    <message id="m0031" participant="138112" time="2012-12-06 17:03:59 UTC">
      <body>Kwayesa!!!</body>
    </message>
  </messages>
</conversation>
