<?xml version="1.0" encoding="UTF-8"?>
<conversation id="CHT_ARZ_20130507.0001" medium="CHT" donated="true">
  <messages>
    <message id="m0001" time="2013-05-07 20:11:32 UTC" participant="139319">
      <body>&lt;media omitted&gt;</body>
    </message>
    <message id="m0002" time="2013-05-07 20:20:04 UTC" participant="139206">
      <body>hahahahahahhahahahahhahahahahahaha</body>
    </message>
    <message id="m0003" time="2013-05-07 20:20:07 UTC" participant="139206">
      <body>sora modhka</body>
    </message>
    <message id="m0004" time="2013-05-07 20:20:18 UTC" participant="139319">
      <body>Bs 7lwa awiii☺</body>
    </message>
    <message id="m0005" time="2013-05-07 20:20:24 UTC" participant="139319">
      <body>W hya shklha 7lw</body>
    </message>
    <message id="m0006" time="2013-05-07 20:20:54 UTC" participant="139206">
      <body>hahahhahahahaha</body>
    </message>
    <message id="m0007" time="2013-05-07 20:21:02 UTC" participant="139206">
      <body>mn el marat el kalilaa</body>
    </message>
    <message id="m0009" time="2013-05-08 18:02:05 UTC" participant="139319">
      <body>Ririii</body>
    </message>
    <message id="m0011" time="2013-05-08 18:02:30 UTC" participant="139319">
      <body>Eh elakhbar?</body>
    </message>
    <message id="m0013" time="2013-05-08 18:03:04 UTC" participant="139319">
      <body>Gamela</body>
    </message>
    <message id="m0014" time="2013-05-08 18:03:23 UTC" participant="139206">
      <body>ana f toastry shr3 fouad bazaker</body>
    </message>
    <message id="m0015" time="2013-05-08 18:03:43 UTC" participant="139319">
      <body>Ehh da alah feh plate to7fa nfsy feh</body>
    </message>
    <message id="m0016" time="2013-05-08 18:03:54 UTC" participant="139319">
      <body>Etlobeeh :D</body>
    </message>
    <message id="m0018" time="2013-05-08 18:04:01 UTC" participant="139319">
      <body>M3 meen</body>
    </message>
    <message id="m0019" time="2013-05-08 18:04:03 UTC" participant="139206">
      <body>hahahhahahahaha</body>
    </message>
    <message id="m0020" time="2013-05-08 18:04:07 UTC" participant="139206">
      <body>khalas talaby</body>
    </message>
    <message id="m0021" time="2013-05-08 18:04:12 UTC" participant="139206">
      <body>raghda w zoz</body>
    </message>
    <message id="m0022" time="2013-05-08 18:04:30 UTC" participant="139319">
      <body>L2 hahahaha</body>
    </message>
    <message id="m0024" time="2013-05-08 18:15:11 UTC" participant="139206">
      <body>hahahahahhaahhaah</body>
    </message>
    <message id="m0025" time="2013-05-09 02:34:44 UTC" participant="139319">
      <body>Ririii</body>
    </message>
    <message id="m0026" time="2013-05-09 02:35:00 UTC" participant="139319">
      <body>&lt;media omitted&gt;</body>
    </message>
    <message id="m0027" time="2013-05-09 02:35:04 UTC" participant="139319">
      <body>Fahmeny :D</body>
    </message>
    <message id="m0028" time="2013-05-09 02:38:21 UTC" participant="139206">
      <body>hahahahhaha</body>
    </message>
    <message id="m0029" time="2013-05-09 02:38:24 UTC" participant="139206">
      <body>bossi</body>
    </message>
    <message id="m0032" time="2013-05-09 02:41:25 UTC" participant="139319">
      <body>Ghazouly shared this</body>
    </message>
    <message id="m0033" time="2013-05-09 02:41:53 UTC" participant="139206">
      <body>oppaaaa</body>
    </message>
    <message id="m0034" time="2013-05-09 02:41:55 UTC" participant="139206">
      <body>ahhhh</body>
    </message>
    <message id="m0035" time="2013-05-09 02:42:04 UTC" participant="139206">
      <body>maho wadh eno msh ty2hq</body>
    </message>
    <message id="m0036" time="2013-05-09 02:42:07 UTC" participant="139206">
      <body>hahaha</body>
    </message>
    <message id="m0037" time="2013-05-09 02:42:10 UTC" participant="139319">
      <body>Khales</body>
    </message>
    <message id="m0038" time="2013-05-09 02:42:15 UTC" participant="139319">
      <body>Mas2lthush?</body>
    </message>
    <message id="m0039" time="2013-05-09 02:42:30 UTC" participant="139206">
      <body>la lessa not mw</body>
    </message>
    <message id="m0040" time="2013-05-09 02:42:36 UTC" participant="139206">
      <body>msh aiza a push bim</body>
    </message>
    <message id="m0042" time="2013-05-09 02:42:46 UTC" participant="139206">
      <body>hwa haygyy yhki lwhdo isa</body>
    </message>
    <message id="m0043" time="2013-05-09 02:42:56 UTC" participant="139319">
      <body>Yabntyyy push eh da 7yey7y 3dy</body>
    </message>
    <message id="m0044" time="2013-05-09 02:43:13 UTC" participant="139206">
      <body>beace hagrb bokra :D</body>
    </message>
    <message id="m0045" time="2013-05-09 02:43:16 UTC" participant="139206">
      <body>haahhha</body>
    </message>
    <message id="m0046" time="2013-05-09 02:43:22 UTC" participant="139319">
      <body>Awyaa b2a</body>
    </message>
    <message id="m0047" time="2013-05-09 02:43:32 UTC" participant="139206">
      <body>ana hanam nw msh adra lw sahia fagr call me plzzz</body>
    </message>
    <message id="m0048" time="2013-05-09 02:43:32 UTC" participant="139319">
      <body>Enty eh akhbarek?</body>
    </message>
    <message id="m0049" time="2013-05-09 02:43:37 UTC" participant="139319">
      <body>Msh basaly</body>
    </message>
    <message id="m0050" time="2013-05-09 02:43:44 UTC" participant="139206">
      <body>okaii</body>
    </message>
    <message id="m0051" time="2013-05-09 02:43:44 UTC" participant="139319">
      <body/>
    </message>
    <message id="m0052" time="2013-05-09 02:43:50 UTC" participant="139206">
      <body>bokra hahkilk isa kolo</body>
    </message>
    <message id="m0053" time="2013-05-09 02:43:53 UTC" participant="139206">
      <body>mwahhj</body>
    </message>
    <message id="m0054" time="2013-05-09 02:43:56 UTC" participant="139206">
      <body>ahhahahahahahahhaha</body>
    </message>
    <message id="m0055" time="2013-05-09 02:44:02 UTC" participant="139206">
      <body>mwahhh walahi wahshtiniio</body>
    </message>
    <message id="m0056" time="2013-05-09 02:44:11 UTC" participant="139319">
      <body>W enty awiiiiii wlahyy</body>
    </message>
    <message id="m0057" time="2013-05-09 02:44:17 UTC" participant="139319">
      <body>Nity</body>
    </message>
    <message id="m0058" time="2013-05-09 02:44:20 UTC" participant="139319">
      <body/>
    </message>
  </messages>
</conversation>
