<?xml version="1.0" encoding="UTF-8"?>
<conversation id="CHT_ARZ_20130418.0000" medium="CHT" donated="true">
  <messages>
    <message id="m0000" participant="138324" time="2013-04-18 19:06:16 UTC">
      <body>Rohto?</body>
    </message>
    <message id="m0001" participant="138112" time="2013-04-18 19:22:14 UTC">
      <body>Ana lesa 7alan sa7ya</body>
    </message>
    <message id="m0002" participant="138324" time="2013-04-18 19:25:05 UTC">
      <body>Haha kont motakeda</body>
    </message>
    <message id="m0003" participant="138112" time="2013-04-18 19:25:29 UTC">
      <body>Hahahaa</body>
    </message>
    <message id="m0004" participant="138112" time="2013-04-18 19:25:34 UTC">
      <body>Bt3mly eh</body>
    </message>
    <message id="m0005" participant="138324" time="2013-04-18 19:27:31 UTC">
      <body>Wala haga wenty</body>
    </message>
    <message id="m0006" participant="138112" time="2013-04-18 19:27:52 UTC">
      <body>Wala haga bardo lesa ma2omtsh</body>
    </message>
    <message id="m0007" participant="138112" time="2013-04-18 19:27:59 UTC">
      <body>Catherine lesa 3andek</body>
    </message>
    <message id="m0008" participant="138324" time="2013-04-18 19:29:29 UTC">
      <body>Ah bayta maaya</body>
    </message>
    <message id="m0009" participant="138324" time="2013-04-18 19:29:31 UTC">
      <body>Heya w piyala</body>
    </message>
    <message id="m0012" participant="138324" time="2013-04-18 19:43:54 UTC">
      <body>Haha</body>
    </message>
    <message id="m0013" participant="138324" time="2013-04-18 19:58:35 UTC">
      <body>Mesh hatnzli?</body>
    </message>
    <message id="m0014" participant="138112" time="2013-04-18 19:59:19 UTC">
      <body>La2 msh adra wel sa3a 8</body>
    </message>
    <message id="m0015" participant="138112" time="2013-04-18 19:59:33 UTC">
      <body>Halbes w haroo7 f sa3a</body>
    </message>
    <message id="m0016" participant="138324" time="2013-04-18 20:06:21 UTC">
      <body>Umm</body>
    </message>
    <message id="m0017" participant="138324" time="2013-04-18 20:06:32 UTC">
      <body>Matgely yala</body>
    </message>
    <message id="m0018" participant="138112" time="2013-04-18 20:06:49 UTC">
      <body>Hahaha nefsi walahi 3ashan 2a2telek bos</body>
    </message>
    <message id="m0019" participant="138324" time="2013-04-18 20:07:04 UTC">
      <body>hahaha ana ayza posa</body>
    </message>
    <message id="m0021" participant="138112" time="2013-04-18 20:07:14 UTC">
      <body>Mate2la2ish</body>
    </message>
    <message id="m0022" participant="138324" time="2013-04-18 20:13:36 UTC">
      <body>Hahaha</body>
    </message>
    <message id="m0023" participant="138324" time="2013-04-18 20:21:32 UTC">
      <body>&lt;media omitted&gt;</body>
    </message>
    <message id="m0024" participant="138324" time="2013-04-18 20:22:06 UTC">
      <body>&lt;media omitted&gt;</body>
    </message>
    <message id="m0025" participant="138324" time="2013-04-18 20:23:13 UTC">
      <body>&lt;media omitted&gt;</body>
    </message>
    <message id="m0026" participant="138112" time="2013-04-18 20:24:57 UTC">
      <body>Hahaha cute</body>
    </message>
    <message id="m0027" participant="138112" time="2013-04-18 20:25:24 UTC">
      <body>&lt;media omitted&gt;</body>
    </message>
    <message id="m0029" participant="138324" time="2013-04-19 15:12:54 UTC">
      <body>&lt;media omitted&gt;</body>
    </message>
    <message id="m0030" participant="138112" time="2013-04-19 15:16:22 UTC">
      <body>Good morning eh bas el sa3a 3:20 hahahaha</body>
    </message>
    <message id="m0031" participant="138112" time="2013-04-19 15:16:26 UTC">
      <body>:**</body>
    </message>
    <message id="m0032" participant="138324" time="2013-04-19 15:32:28 UTC">
      <body>Haaha bensbli ana :p</body>
    </message>
    <message id="m0033" participant="138112" time="2013-04-19 15:33:00 UTC">
      <body>Hahahaha ye5rebetek</body>
    </message>
    <message id="m0034" participant="138112" time="2013-04-19 15:33:08 UTC">
      <body>Sahrana bt3mli eh</body>
    </message>
    <message id="m0036" participant="138112" time="2013-04-19 15:34:02 UTC">
      <body>Ehhhhh</body>
    </message>
    <message id="m0037" participant="138324" time="2013-04-19 15:47:38 UTC">
      <body>Eh</body>
    </message>
    <message id="m0038" participant="138324" time="2013-04-19 15:47:47 UTC">
      <body>Mesh mesadaa?</body>
    </message>
    <message id="m0039" participant="138324" time="2013-04-19 15:48:33 UTC">
      <body>Hatrohi bokra?</body>
    </message>
    <message id="m0040" participant="138112" time="2013-04-19 15:56:14 UTC">
      <body>Hahahaha la2 konti betel3abi n3a Catherine w piyala</body>
    </message>
    <message id="m0041" participant="138112" time="2013-04-19 15:56:17 UTC">
      <body>Ah isa</body>
    </message>
    <message id="m0043" participant="138324" time="2013-04-19 16:15:58 UTC">
      <body>Mesh arfa lessa</body>
    </message>
    <message id="m0044" participant="138112" time="2013-04-19 16:26:25 UTC">
      <body>la t3ali</body>
    </message>
    <message id="m0045" participant="138324" time="2013-04-19 16:30:35 UTC">
      <body>Isa</body>
    </message>
  </messages>
</conversation>
