<?xml version="1.0" encoding="UTF-8"?>
<conversation id="CHT_ARZ_20130327.0005" medium="CHT" donated="true">
  <messages>
    <message id="m0000" time="2013-03-27 00:12:49 UTC" participant="139275">
      <body>eh tayeb mesh 3ayza t2oli 7aga le Ye7ia?</body>
    </message>
    <message id="m0001" time="2013-03-27 00:14:23 UTC" participant="139275">
      <body>:)</body>
    </message>
    <message id="m0002" time="2013-03-27 00:14:30 UTC" participant="139275">
      <body>Allah yeslmk ya rb</body>
    </message>
    <message id="m0003" time="2013-03-27 00:15:00 UTC" participant="139567">
      <body>3yza a2olo 7agat kteeeeeeeer</body>
    </message>
    <message id="m0004" time="2013-03-27 00:15:01 UTC" participant="139275">
      <body>ana 2olt ashof 7'alto t2lana 3alena leh</body>
    </message>
    <message id="m0005" time="2013-03-27 00:15:04 UTC" participant="139275">
      <body>:D</body>
    </message>
    <message id="m0006" time="2013-03-27 00:15:10 UTC" participant="139567">
      <body>Bs msh 3rfa akalmk by2oly wrong no.</body>
    </message>
    <message id="m0007" time="2013-03-27 00:15:15 UTC" participant="139567">
      <body>Fa kalmt maha</body>
    </message>
    <message id="m0008" time="2013-03-27 00:15:59 UTC" participant="139567">
      <body>Alf 7amdelah 3la salamtak ya nonniiiiii</body>
    </message>
    <message id="m0009" time="2013-03-27 00:16:20 UTC" participant="139567">
      <body>Geh nawar el donia yeya7 7abib 5altooo</body>
    </message>
    <message id="m0010" time="2013-03-27 00:16:29 UTC" participant="139275">
      <body>byfsl kterrr</body>
    </message>
    <message id="m0011" time="2013-03-27 00:16:49 UTC" participant="139275">
      <body>w ana mesh b22dr a2om ash7eno</body>
    </message>
    <message id="m0012" time="2013-03-27 00:17:17 UTC" participant="139275">
      <body>w msh b2dr arod 3ala 7d kaman</body>
    </message>
    <message id="m0013" time="2013-03-27 00:17:18 UTC" participant="139567">
      <body>Abadan wlahy a7eeh ana maska nafsy bl 3fya eny agelko aslun :D</body>
    </message>
    <message id="m0015" time="2013-03-27 00:17:30 UTC" participant="139567">
      <body>W msh 3rfa telefonk malo </body>
    </message>
    <message id="m0016" time="2013-03-27 00:18:12 UTC" participant="139275">
      <body>ya. bnty 3amleya w keda</body>
    </message>
    <message id="m0017" time="2013-03-27 00:18:33 UTC" participant="139275">
      <body>fa gesmy t3ban w 7arkty ma7doda</body>
    </message>
    <message id="m0018" time="2013-03-27 00:18:47 UTC" participant="139275">
      <body>w mesh banam bntzam ajed</body>
    </message>
    <message id="m0019" time="2013-03-27 00:18:49 UTC" participant="139567">
      <body>Leh enty t3bana wla eh ?</body>
    </message>
    <message id="m0020" time="2013-03-27 00:18:58 UTC" participant="139275">
      <body>fa aked kol da ta3bny</body>
    </message>
    <message id="m0021" time="2013-03-27 00:19:20 UTC" participant="139567">
      <body>Eh da bgd ?!!</body>
    </message>
    <message id="m0022" time="2013-03-27 00:19:26 UTC" participant="139567">
      <body>Malek fiky eh ???</body>
    </message>
    <message id="m0023" time="2013-03-27 00:21:14 UTC" participant="139567">
      <body>Salamtek ya mamiiiii</body>
    </message>
    <message id="m0024" time="2013-03-27 00:21:20 UTC" participant="139567">
      <body>Wallah w kabarteenaaaa</body>
    </message>
    <message id="m0025" time="2013-03-27 00:21:32 UTC" participant="139567">
      <body>3mla eh m3 yeya7 b2a ?</body>
    </message>
    <message id="m0026" time="2013-03-27 00:21:35 UTC" participant="139567">
      <body/>
    </message>
  </messages>
</conversation>
