<?xml version="1.0" encoding="UTF-8"?>
<conversation id="CHT_ARZ_20130317.0006" medium="CHT" donated="true">
  <messages>
    <message id="m0001" time="2013-03-17 01:31:43 UTC" participant="139562">
      <body>7asa en ana msh hastana lil arba3</body>
    </message>
    <message id="m0002" time="2013-03-17 01:31:43 UTC" participant="139562">
      <body/>
    </message>
    <message id="m0004" time="2013-03-17 23:07:19 UTC" participant="139275">
      <body>klmtk 3ala el bet enhrda konty naymaa</body>
    </message>
    <message id="m0005" time="2013-03-17 23:07:28 UTC" participant="139275">
      <body>plz tamnene 3alekeeee</body>
    </message>
  </messages>
</conversation>
