<?xml version="1.0" encoding="UTF-8"?>
<conversation id="CHT_ARZ_20120528.0001" medium="CHT" donated="true">
  <messages>
    <message id="m0000" time="2012-05-28 13:07:58 UTC" participant="139275">
      <body>nodaaa</body>
    </message>
    <message id="m0001" time="2012-05-28 13:08:21 UTC" participant="139275">
      <body>wa7shtene :(</body>
    </message>
    <message id="m0002" time="2012-05-28 13:08:42 UTC" participant="139275">
      <body>72k 3alya embare7 tol el yom fl sha2a</body>
    </message>
    <message id="m0003" time="2012-05-28 13:08:50 UTC" participant="139275">
      <body>w m3rftsh aklmk</body>
    </message>
    <message id="m0004" time="2012-05-28 13:26:35 UTC" participant="139275">
      <body>aho mashya el7amdo leallah</body>
    </message>
    <message id="m0005" time="2012-05-28 13:27:10 UTC" participant="139275">
      <body>2reft mn kol 7aga elsra7a</body>
    </message>
    <message id="m0006" time="2012-05-28 13:27:21 UTC" participant="139275">
      <body>enty ale 3mla eh?</body>
    </message>
    <message id="m0007" time="2012-05-28 13:27:33 UTC" participant="139275">
      <body>w eh 7ewar enk tstany da?</body>
    </message>
    <message id="m0008" time="2012-05-28 13:30:09 UTC" participant="139564">
      <body>Leh bs erfty mn ehh</body>
    </message>
    <message id="m0009" time="2012-05-28 13:32:10 UTC" participant="139275">
      <body>yala el7amdo leallah</body>
    </message>
    <message id="m0010" time="2012-05-28 14:26:00 UTC" participant="139564">
      <body>Nvm</body>
    </message>
    <message id="m0011" time="2012-05-28 14:26:08 UTC" participant="139564">
      <body>3mla eh</body>
    </message>
  </messages>
</conversation>
