<?xml version="1.0" encoding="UTF-8"?>
<conversation id="CHT_ARZ_20130326.0002" medium="CHT" donated="true">
  <messages>
    <message id="m0000" time="2013-03-26 13:21:00 UTC" participant="139376">
      <body>يويو   </body>
    </message>
    <message id="m0001" time="2013-03-26 13:22:00 UTC" participant="139376">
      <body>&lt;Media omitted&gt;</body>
    </message>
    <message id="m0002" time="2013-03-26 14:27:00 UTC" participant="139547">
      <body></body>
    </message>
    <message id="m0003" time="2013-03-26 14:27:00 UTC" participant="139547">
      <body>الله اكبر عليه</body>
    </message>
    <message id="m0004" time="2013-03-26 14:39:00 UTC" participant="139547">
      <body>كتكوت كتكوتتت مبيهزرش </body>
    </message>
    <message id="m0005" time="2013-03-26 14:40:00 UTC" participant="139547">
      <body></body>
    </message>
    <message id="m0006" time="2013-03-26 14:40:00 UTC" participant="139547">
      <body>ربنا يحفظه</body>
    </message>
    <message id="m0007" time="2013-03-26 16:03:00 UTC" participant="139376">
      <body></body>
    </message>
  </messages>
</conversation>
