<?xml version="1.0" encoding="UTF-8"?>
<conversation id="CHT_ARZ_20130424.0005" medium="CHT" donated="true">
  <messages>
    <message id="m0000" time="2013-04-24 14:31:00 UTC" participant="139230">
      <body>والد صاحبتنا مربض ولسه طالع من المستشفى امبارح وانا كلمتها امبارح وسالت  عليها</body>
    </message>
    <message id="m0001" time="2013-04-24 20:46:00 UTC" participant="139683">
      <body>كلمتها مرتين و تلبفونها غير مناح</body>
    </message>
    <message id="m0002" time="2013-04-24 21:05:00 UTC" participant="139230">
      <body>هي قالت لي انه شكله حيدخل المستشفى تاني</body>
    </message>
    <message id="m0003" time="2013-04-24 21:06:00 UTC" participant="139230">
      <body>عموما انتي كده عملتب اللي عليكي</body>
    </message>
    <message id="m0004" time="2013-04-24 21:06:00 UTC" participant="139230">
      <body>ربنا يشفيهولها يا رب</body>
    </message>
    <message id="m0005" time="2013-04-24 22:23:00 UTC" participant="139230">
      <body>عملتي ايه امبارح؟؟</body>
    </message>
    <message id="m0006" time="2013-04-24 22:56:00 UTC" participant="139683">
      <body>قالوا لي حيححاولوا يتصرفوا</body>
    </message>
    <message id="m0007" time="2013-04-24 22:56:00 UTC" participant="139230">
      <body>طيب كويس</body>
    </message>
    <message id="m0008" time="2013-04-24 22:56:00 UTC" participant="139683">
      <body>Rbna ysahl b2a</body>
    </message>
    <message id="m0009" time="2013-04-24 22:56:00 UTC" participant="139230">
      <body>ربنا يسهل وانتي حاولي تخلصي</body>
    </message>
  </messages>
</conversation>
