<?xml version="1.0" encoding="UTF-8"?>
<conversation id="CHT_ARZ_20130102.0003" medium="CHT" donated="true">
  <messages>
    <message id="m0000" participant="138325" time="2013-01-02 17:47:34 UTC">
      <body>7atro7i SP bata3et nada ?</body>
    </message>
    <message id="m0001" participant="138325" time="2013-01-02 18:23:21 UTC">
      <body>??</body>
    </message>
    <message id="m0002" participant="138112" time="2013-01-02 19:15:36 UTC">
      <body>Lahh</body>
    </message>
  </messages>
</conversation>
