<?xml version="1.0" encoding="UTF-8"?>
<conversation id="CHT_ARZ_20130413.0000" medium="CHT" donated="true">
  <messages>
    <message id="m0000" participant="138324" time="2013-04-13 21:12:40 UTC">
      <body>Yara</body>
    </message>
    <message id="m0001" participant="138112" time="2013-04-13 21:13:31 UTC">
      <body>Hi</body>
    </message>
    <message id="m0002" participant="138324" time="2013-04-13 21:14:12 UTC">
      <body>3amla eh??</body>
    </message>
    <message id="m0003" participant="138112" time="2013-04-13 21:17:02 UTC">
      <body>Kwayesa el7, you?</body>
    </message>
    <message id="m0004" participant="138324" time="2013-04-13 21:26:37 UTC">
      <body>Elh</body>
    </message>
    <message id="m0005" participant="138112" time="2013-04-13 21:30:16 UTC">
      <body>3ashan mat2olish en Ana el mesh bas2al</body>
    </message>
    <message id="m0009" participant="138324" time="2013-04-13 21:31:47 UTC">
      <body>Sorry bas begad ayam di mesh tayaa haga</body>
    </message>
    <message id="m0010" participant="138112" time="2013-04-13 21:31:59 UTC">
      <body>Leh f eh</body>
    </message>
    <message id="m0014" participant="138112" time="2013-04-13 21:34:01 UTC">
      <body>Mafish gedeed maaya</body>
    </message>
    <message id="m0015" participant="138112" time="2013-04-13 21:34:08 UTC">
      <body>Nadeem 3amal eh</body>
    </message>
    <message id="m0016" participant="138112" time="2013-04-13 21:34:17 UTC">
      <body>Howa shahr msh 3ada 5las</body>
    </message>
    <message id="m0017" participant="138324" time="2013-04-13 21:34:25 UTC">
      <body>bentkhanaa kol youm</body>
    </message>
    <message id="m0019" participant="138112" time="2013-04-13 21:34:36 UTC">
      <body>Leh</body>
    </message>
    <message id="m0020" participant="138324" time="2013-04-13 21:34:41 UTC">
      <body>gay by2oli hayegy 25 5</body>
    </message>
    <message id="m0021" participant="138324" time="2013-04-13 21:34:52 UTC">
      <body>te3ebt fashkh men howar da begad</body>
    </message>
    <message id="m0022" participant="138112" time="2013-04-13 21:35:31 UTC">
      <body>Tayeb kwayes</body>
    </message>
    <message id="m0023" participant="138112" time="2013-04-13 21:35:39 UTC">
      <body>Howa by3ml eh yaani msh fahma</body>
    </message>
    <message id="m0024" participant="138324" time="2013-04-13 21:35:40 UTC">
      <body>kwayes ezay</body>
    </message>
    <message id="m0025" participant="138324" time="2013-04-13 21:35:53 UTC">
      <body>da mesafer men shahr 3</body>
    </message>
    <message id="m0026" participant="138112" time="2013-04-13 21:36:37 UTC">
      <body>Aywa bas at least 7agaz w 3aref hynzl emta</body>
    </message>
    <message id="m0027" participant="138324" time="2013-04-13 21:40:16 UTC">
      <body>Momken yekon ay kalam</body>
    </message>
    <message id="m0029" participant="138112" time="2013-04-13 21:40:52 UTC">
      <body>La msh bethaya2li</body>
    </message>
    <message id="m0030" participant="138324" time="2013-04-13 21:41:08 UTC">
      <body>Ana mesh mabsouta khales</body>
    </message>
    <message id="m0031" participant="138112" time="2013-04-13 21:42:18 UTC">
      <body>Mafish 7ad feena mabsoot el yomen dol</body>
    </message>
    <message id="m0032" participant="138112" time="2013-04-13 21:42:26 UTC">
      <body>Leh magetish el 5amis</body>
    </message>
    <message id="m0033" participant="138324" time="2013-04-13 21:43:53 UTC">
      <body>Kan andi farah</body>
    </message>
    <message id="m0035" participant="138112" time="2013-04-13 21:44:09 UTC">
      <body>La2</body>
    </message>
    <message id="m0036" participant="138112" time="2013-04-13 21:44:15 UTC">
      <body>3adi yaani</body>
    </message>
    <message id="m0037" participant="138112" time="2013-04-13 21:44:23 UTC">
      <body>Nefsi a3ml haga gdeeda</body>
    </message>
    <message id="m0038" participant="138324" time="2013-04-13 21:44:35 UTC">
      <body>We ana walahy</body>
    </message>
    <message id="m0039" participant="138324" time="2013-04-13 21:44:41 UTC">
      <body>Nefsi ammel haga fun</body>
    </message>
  </messages>
</conversation>
