<?xml version="1.0" encoding="UTF-8"?>
<conversation id="CHT_ARZ_20130211.0000" medium="CHT" donated="true">
  <messages>
    <message id="m0000" participant="138327" time="2013-02-11 13:33:55 UTC">
      <body>Rege3tyy</body>
    </message>
    <message id="m0001" participant="138112" time="2013-02-11 14:55:52 UTC">
      <body>Ahh</body>
    </message>
    <message id="m0002" participant="138327" time="2013-02-11 14:56:33 UTC">
      <body>3amla ehh x</body>
    </message>
    <message id="m0003" participant="138112" time="2013-02-11 15:03:48 UTC">
      <body>Kwayesa, w u?</body>
    </message>
    <message id="m0004" participant="138327" time="2013-02-11 15:04:00 UTC">
      <body>Kois el7</body>
    </message>
    <message id="m0005" participant="138112" time="2013-02-11 15:05:16 UTC">
      <body>Bt3mel eh</body>
    </message>
    <message id="m0006" participant="138112" time="2013-02-11 15:05:18 UTC">
      <body>Feenak</body>
    </message>
    <message id="m0007" participant="138327" time="2013-02-11 15:05:29 UTC">
      <body>Nazel l gym w 3andi dars</body>
    </message>
    <message id="m0008" participant="138327" time="2013-02-11 15:05:41 UTC">
      <body>W ba3diin baro7 l ahwa ma3 nas sohaby men barra l school</body>
    </message>
    <message id="m0009" participant="138327" time="2013-02-11 15:05:50 UTC">
      <body>Ana ba2ali 3 weeks 3al routine da :D</body>
    </message>
    <message id="m0010" participant="138327" time="2013-02-11 15:05:56 UTC">
      <body>Enty fenek</body>
    </message>
    <message id="m0012" participant="138327" time="2013-02-11 15:06:11 UTC">
      <body>:D</body>
    </message>
    <message id="m0013" participant="138112" time="2013-02-11 15:06:16 UTC">
      <body>Ana kont f sharm w rege3t w roht enaharda el madrasa</body>
    </message>
    <message id="m0014" participant="138327" time="2013-02-11 15:06:22 UTC">
      <body>Et3aawedt manty konty mesafra w saybany</body>
    </message>
    <message id="m0015" participant="138112" time="2013-02-11 15:06:52 UTC">
      <body>Saybak? Hahaha</body>
    </message>
    <message id="m0016" participant="138112" time="2013-02-11 15:06:57 UTC">
      <body>Ezay yaani</body>
    </message>
    <message id="m0017" participant="138327" time="2013-02-11 15:07:29 UTC">
      <body>Saferty w sebteeni :(</body>
    </message>
    <message id="m0019" participant="138327" time="2013-02-11 15:08:47 UTC">
      <body>Ana bahazar :D enty ma3andekeesh ay sense hezaar</body>
    </message>
  </messages>
</conversation>
