<?xml version="1.0" encoding="UTF-8"?>
<conversation id="CHT_ARZ_20121231.0001" medium="CHT" donated="true">
  <messages>
    <message id="m0000" participant="138326" time="2012-12-31 06:50:43 UTC">
      <body>Sahya</body>
    </message>
    <message id="m0001" participant="138112" time="2012-12-31 12:00:48 UTC">
      <body>Ahhh</body>
    </message>
    <message id="m0002" participant="138326" time="2012-12-31 13:40:55 UTC">
      <body>3amla eh</body>
    </message>
    <message id="m0003" participant="138112" time="2012-12-31 13:41:22 UTC">
      <body>Kwayesa, w enta?</body>
    </message>
    <message id="m0004" participant="138326" time="2012-12-31 13:41:44 UTC">
      <body>Tamam</body>
    </message>
    <message id="m0005" participant="138326" time="2012-12-31 13:41:59 UTC">
      <body>Hat3mely eh elnhrda</body>
    </message>
    <message id="m0006" participant="138112" time="2012-12-31 13:42:19 UTC">
      <body>Mesh 3arfa lesa :D enta ht3mel eh</body>
    </message>
    <message id="m0007" participant="138326" time="2012-12-31 13:43:14 UTC">
      <body>Mesh 3arrf bardo .. Elmafroud kont arouh club 35 Bas fakast</body>
    </message>
    <message id="m0008" participant="138112" time="2012-12-31 13:43:32 UTC">
      <body>Leh</body>
    </message>
    <message id="m0009" participant="138326" time="2012-12-31 13:44:10 UTC">
      <body>Malesh mazag arouh ma3a elnas ely kont harou7 ma3ahom</body>
    </message>
    <message id="m0010" participant="138112" time="2012-12-31 13:44:59 UTC">
      <body>Mmm</body>
    </message>
    <message id="m0011" participant="138326" time="2012-12-31 13:45:28 UTC">
      <body>3aiz ashofek</body>
    </message>
    <message id="m0012" participant="138112" time="2012-12-31 13:51:10 UTC">
      <body>Enta dayman bet2ool keda</body>
    </message>
    <message id="m0013" participant="138326" time="2012-12-31 13:51:40 UTC">
      <body>Enty fadya emta tayeb ?</body>
    </message>
    <message id="m0015" participant="138326" time="2012-12-31 13:52:29 UTC">
      <body>Ashofek elnhrda ?</body>
    </message>
    <message id="m0016" participant="138112" time="2012-12-31 13:53:54 UTC">
      <body>El naharda Ana 5arga</body>
    </message>
    <message id="m0017" participant="138326" time="2012-12-31 14:03:24 UTC">
      <body>Tayeb khalas shofy emta w 2olely</body>
    </message>
    <message id="m0018" participant="138326" time="2012-12-31 14:03:38 UTC">
      <body>Hatrohy fein elnahrda ;)</body>
    </message>
    <message id="m0019" participant="138112" time="2012-12-31 14:03:49 UTC">
      <body>Okay tab sanya bas brb</body>
    </message>
    <message id="m0020" participant="138326" time="2012-12-31 14:04:08 UTC">
      <body>Tyt</body>
    </message>
    <message id="m0021" participant="138326" time="2012-12-31 16:40:14 UTC">
      <body>Naseteny ?</body>
    </message>
    <message id="m0022" participant="138112" time="2012-12-31 22:49:51 UTC">
      <body>Lahh estana</body>
    </message>
    <message id="m0023" participant="138112" time="2013-01-01 04:43:50 UTC">
      <body>Ahmed</body>
    </message>
    <message id="m0024" participant="138326" time="2013-01-01 11:10:21 UTC">
      <body>Aywa</body>
    </message>
  </messages>
</conversation>
