<?xml version="1.0" encoding="UTF-8"?>
<conversation id="CHT_ARZ_20130210.0002" medium="CHT" donated="true">
  <messages>
    <message id="m0000" time="2013-02-10 19:39:00 UTC" participant="139548">
      <body>اديني نزلتو اهو اخيرا"</body>
    </message>
    <message id="m0001" time="2013-02-10 19:40:00 UTC" participant="139376">
      <body>اخيرا</body>
    </message>
    <message id="m0002" time="2013-02-10 19:40:00 UTC" participant="139376">
      <body>يا ويلكم يت ولكم  </body>
    </message>
    <message id="m0003" time="2013-02-11 11:13:00 UTC" participant="139548">
      <body>ابتداتي الطبيخ ولا لسه</body>
    </message>
    <message id="m0004" time="2013-02-11 11:15:00 UTC" participant="139376">
      <body>صباح الفل الاول</body>
    </message>
    <message id="m0005" time="2013-02-11 11:15:00 UTC" participant="139376">
      <body></body>
    </message>
    <message id="m0006" time="2013-02-11 11:16:00 UTC" participant="139548">
      <body>صباح الخير يا جميل</body>
    </message>
    <message id="m0007" time="2013-02-11 11:17:00 UTC" participant="139548">
      <body></body>
    </message>
    <message id="m0008" time="2013-02-11 11:17:00 UTC" participant="139376">
      <body>حتطبخي ايه النهاردة</body>
    </message>
    <message id="m0009" time="2013-02-11 11:17:00 UTC" participant="139376">
      <body>؟؟</body>
    </message>
    <message id="m0010" time="2013-02-11 11:17:00 UTC" participant="139376">
      <body>ايه الضحكة الصفرة دي؟؟</body>
    </message>
    <message id="m0011" time="2013-02-11 11:18:00 UTC" participant="139548">
      <body>انا بستهبل في الموضوع ده بقالي كده تلات او ربع اسابيع</body>
    </message>
    <message id="m0012" time="2013-02-11 11:18:00 UTC" participant="139376">
      <body>لا والله</body>
    </message>
    <message id="m0013" time="2013-02-11 11:18:00 UTC" participant="139376">
      <body>ليه كده؟؟</body>
    </message>
    <message id="m0014" time="2013-02-11 11:19:00 UTC" participant="139548">
      <body>بس عايزه اطبخ النهرده اصلي حسه اني زودتها شوية</body>
    </message>
    <message id="m0015" time="2013-02-11 11:19:00 UTC" participant="139548">
      <body/>
    </message>
    <message id="m0016" time="2013-02-11 11:19:00 UTC" participant="139376">
      <body></body>
    </message>
    <message id="m0017" time="2013-02-11 11:19:00 UTC" participant="139376">
      <body>طب كنتي مقضيها ازاي؟؟</body>
    </message>
    <message id="m0018" time="2013-02-11 11:20:00 UTC" participant="139548">
      <body>مبقدرش اقرب من اللحوم او الخضار</body>
    </message>
    <message id="m0019" time="2013-02-11 11:20:00 UTC" participant="139376">
      <body>علشان الحمل ؟؟</body>
    </message>
    <message id="m0020" time="2013-02-11 11:21:00 UTC" participant="139548">
      <body>حماتتي ربنا يخليها كانت عملالي اكل كتير وبنسخن منه وكمان كنا مقديتها دليفري</body>
    </message>
    <message id="m0021" time="2013-02-11 11:21:00 UTC" participant="139376">
      <body>ربنن يخليها يارب</body>
    </message>
    <message id="m0022" time="2013-02-11 11:22:00 UTC" participant="139376">
      <body>هي عاملة ايه دلوقتي؟</body>
    </message>
    <message id="m0023" time="2013-02-11 11:22:00 UTC" participant="139548">
      <body>بس انا مقضيها سندوتشات جبنه وسعات بيتزا</body>
    </message>
    <message id="m0024" time="2013-02-11 11:22:00 UTC" participant="139548">
      <body>اه</body>
    </message>
    <message id="m0025" time="2013-02-11 11:22:00 UTC" participant="139548">
      <body>اه</body>
    </message>
    <message id="m0026" time="2013-02-11 11:23:00 UTC" participant="139548">
      <body>الحمدلله بقت احسن كتير</body>
    </message>
    <message id="m0027" time="2013-02-11 11:23:00 UTC" participant="139376">
      <body>الحمد لله</body>
    </message>
    <message id="m0028" time="2013-02-11 11:30:00 UTC" participant="139548">
      <body>خلاص انا عرفت حعمل اه حجبلهم سمك و جمبري واعملهم شوية رز وسلاطه وخلاص</body>
    </message>
    <message id="m0029" time="2013-02-11 11:31:00 UTC" participant="139548">
      <body>انتي بقى حتعملي اه؟</body>
    </message>
    <message id="m0030" time="2013-02-11 11:43:00 UTC" participant="139548">
      <body>احمد كان عندهم معرض مدارس انترناشونال في الشغل الناس دي بتستهبل قوي</body>
    </message>
    <message id="m0032" time="2013-02-11 11:47:00 UTC" participant="139548">
      <body>انتو عندكو المصريف كده بردو؟</body>
    </message>
    <message id="m0033" time="2013-02-11 11:54:00 UTC" participant="139376">
      <body>40 الف؟؟</body>
    </message>
    <message id="m0034" time="2013-02-11 11:54:00 UTC" participant="139376">
      <body>انا قريت صح مش كده</body>
    </message>
    <message id="m0035" time="2013-02-11 11:56:00 UTC" participant="139548">
      <body>بتبتدي ب30الف وتفضل تزيد كل سنه لحد متوصل ل40الف هما مديين احمد جدول كده</body>
    </message>
    <message id="m0036" time="2013-02-11 11:57:00 UTC" participant="139548">
      <body>حتي خيرت الشاطر عامل مدرسه اسمها جنى دان نفس المصاريف دي</body>
    </message>
    <message id="m0037" time="2013-02-11 11:57:00 UTC" participant="139376">
      <body>هي هي هي</body>
    </message>
    <message id="m0038" time="2013-02-11 11:58:00 UTC" participant="139376">
      <body>متخيله من خيرت الشاطر ايه</body>
    </message>
    <message id="m0039" time="2013-02-11 11:58:00 UTC" participant="139376">
      <body>انا علياء مرات اسلام أخو محمد</body>
    </message>
    <message id="m0040" time="2013-02-11 11:58:00 UTC" participant="139548">
      <body>والبرتش سكوول بردو</body>
    </message>
    <message id="m0041" time="2013-02-11 11:58:00 UTC" participant="139376">
      <body>ليها صاحبتها شغاله قي مدارس الشاطر دي</body>
    </message>
    <message id="m0042" time="2013-02-11 11:58:00 UTC" participant="139376">
      <body>بتقولي ماديين اوي اوي</body>
    </message>
    <message id="m0044" time="2013-02-11 12:00:00 UTC" participant="139376">
      <body>مممم</body>
    </message>
    <message id="m0045" time="2013-02-11 12:00:00 UTC" participant="139376">
      <body>بس الفكرة حلوة وجديدة</body>
    </message>
    <message id="m0046" time="2013-02-11 12:00:00 UTC" participant="139548">
      <body>انا لو كانت برتش كنت دخلت عمر فيها على طوول</body>
    </message>
    <message id="m0047" time="2013-02-11 12:01:00 UTC" participant="139376">
      <body/>
    </message>
    <message id="m0048" time="2013-02-11 12:01:00 UTC" participant="139376">
      <body>الحلو ما يكملش</body>
    </message>
    <message id="m0049" time="2013-02-11 12:02:00 UTC" participant="139548">
      <body>عشان نفسي في حاجه تهتم بالاخلاق عشان هنا عندنا المدارس الانترتاشونال بيسيبو العيال كده فري خالص</body>
    </message>
    <message id="m0050" time="2013-02-11 12:02:00 UTC" participant="139376">
      <body>مشكله والله المدارس الانترناشونال دي</body>
    </message>
    <message id="m0051" time="2013-02-11 12:03:00 UTC" participant="139548">
      <body>تلاقيهم مأنتمين و هما في ابتدائي والمدرسين سيبنهم كده على راحتهم</body>
    </message>
    <message id="m0052" time="2013-02-11 12:03:00 UTC" participant="139376">
      <body>الواحد يربي في البيت والمدرسة تبوظ</body>
    </message>
    <message id="m0053" time="2013-02-11 12:03:00 UTC" participant="139376">
      <body>هي هي هي</body>
    </message>
    <message id="m0054" time="2013-02-11 12:03:00 UTC" participant="139376">
      <body>انا الواد حسين بيحب واحده اسمها جوجو</body>
    </message>
    <message id="m0055" time="2013-02-11 12:04:00 UTC" participant="139376">
      <body>المهم جوجو دي اسمها الحقيقي ايه؟؟</body>
    </message>
    <message id="m0056" time="2013-02-11 12:04:00 UTC" participant="139548">
      <body>ها ها ها ها</body>
    </message>
    <message id="m0057" time="2013-02-11 12:04:00 UTC" participant="139548">
      <body>اه؟؟؟</body>
    </message>
    <message id="m0058" time="2013-02-11 12:05:00 UTC" participant="139376">
      <body>رجاء  </body>
    </message>
    <message id="m0059" time="2013-02-11 12:05:00 UTC" participant="139548">
      <body>يلهوي</body>
    </message>
    <message id="m0060" time="2013-02-11 12:05:00 UTC" participant="139376">
      <body>جي من اسبوع كده يقولي انا بوست جوجو  </body>
    </message>
    <message id="m0061" time="2013-02-11 12:05:00 UTC" participant="139548">
      <body>يا فرحتك يا مها</body>
    </message>
    <message id="m0062" time="2013-02-11 12:06:00 UTC" participant="139376">
      <body>علي كان بيحب فايزة  </body>
    </message>
    <message id="m0063" time="2013-02-11 12:06:00 UTC" participant="139376">
      <body>يس فايزة كانت ايرانية وكانت قمر بصراحة</body>
    </message>
    <message id="m0064" time="2013-02-11 12:07:00 UTC" participant="139548">
      <body>دانتي ولادك حبيبه بقى على كده</body>
    </message>
    <message id="m0065" time="2013-02-11 12:07:00 UTC" participant="139376">
      <body>بس علي عندهم بيفصلوا البنات عن الولاد اول ما يدخلوا ابتدائي</body>
    </message>
    <message id="m0066" time="2013-02-11 12:07:00 UTC" participant="139548">
      <body>طاب ربما يستر علينا بقى</body>
    </message>
    <message id="m0067" time="2013-02-11 12:07:00 UTC" participant="139376">
      <body>حسين لسه مش عارفة نظان المدرسة ايإ</body>
    </message>
    <message id="m0068" time="2013-02-11 12:08:00 UTC" participant="139548">
      <body>طاب كويس انا نفسي في حاجه كده</body>
    </message>
    <message id="m0069" time="2013-02-11 12:09:00 UTC" participant="139376">
      <body>ربنا يكون في عونك والله</body>
    </message>
    <message id="m0070" time="2013-02-11 12:09:00 UTC" participant="139548">
      <body>بس المشكله ان أغلب المدارس الانترناشونال الاسلامي عندما اصحبها إخوان وده لا يمكن ابدا"</body>
    </message>
    <message id="m0071" time="2013-02-11 12:09:00 UTC" participant="139376">
      <body>المدارس دي هم والله</body>
    </message>
    <message id="m0072" time="2013-02-11 12:10:00 UTC" participant="139376">
      <body>اخوان ؟؟!!</body>
    </message>
    <message id="m0073" time="2013-02-11 12:10:00 UTC" participant="139376">
      <body>هي ناقصة اصلها</body>
    </message>
    <message id="m0074" time="2013-02-11 12:10:00 UTC" participant="139548">
      <body>عشان كده انا طالع من عيني التركي دي</body>
    </message>
    <message id="m0075" time="2013-02-11 12:10:00 UTC" participant="139376">
      <body>وأنا كمان</body>
    </message>
    <message id="m0076" time="2013-02-11 12:10:00 UTC" participant="139548">
      <body>اسلاميه ومش متشددين ومش اخوان</body>
    </message>
    <message id="m0077" time="2013-02-11 12:11:00 UTC" participant="139376">
      <body>حلوة جدا طبعإ</body>
    </message>
    <message id="m0078" time="2013-02-11 12:11:00 UTC" participant="139376">
      <body>صلي استهخارة فيها</body>
    </message>
    <message id="m0079" time="2013-02-11 12:12:00 UTC" participant="139548">
      <body>انشاء الله لما عمر ينطق الاول ياما لا حيخش دي ولا دي وحيعد جمب امو</body>
    </message>
    <message id="m0080" time="2013-02-11 12:13:00 UTC" participant="139548">
      <body>ادعيلو يا مها متنسيش</body>
    </message>
    <message id="m0081" time="2013-02-11 12:13:00 UTC" participant="139376">
      <body></body>
    </message>
    <message id="m0082" time="2013-02-11 12:13:00 UTC" participant="139376">
      <body>حاضر والله</body>
    </message>
    <message id="m0083" time="2013-02-11 12:14:00 UTC" participant="139548">
      <body>ها حتطبخلهم اه؟</body>
    </message>
    <message id="m0084" time="2013-02-11 12:15:00 UTC" participant="139548">
      <body>احمد قالي خلي السمك بكره لسه فاضل اكل من بتاع عمتو</body>
    </message>
    <message id="m0085" time="2013-02-11 12:15:00 UTC" participant="139376">
      <body>كوسة بشاميل عقبال املتك </body>
    </message>
    <message id="m0086" time="2013-02-11 12:15:00 UTC" participant="139376">
      <body>قشطة</body>
    </message>
    <message id="m0087" time="2013-02-11 12:15:00 UTC" participant="139376">
      <body>كويس انها جت منه</body>
    </message>
    <message id="m0088" time="2013-02-11 12:20:00 UTC" participant="139376">
      <body>معندكيش صورة جديدة لعمر</body>
    </message>
    <message id="m0089" time="2013-02-11 12:21:00 UTC" participant="139376">
      <body>انا بقالي سنتين مشفتهوش</body>
    </message>
    <message id="m0090" time="2013-02-11 12:21:00 UTC" participant="139548">
      <body>طاب يا جميل بالهنا والشفا</body>
    </message>
    <message id="m0091" time="2013-02-11 12:24:00 UTC" participant="139548">
      <body>لا ده بيطلع عينا عشان نصورو اول ميلاقينا مشاغلين الكاميرا وعايزين نصورو يقوم ماشي وساييني</body>
    </message>
    <message id="m0092" time="2013-02-11 12:24:00 UTC" participant="139376">
      <body></body>
    </message>
    <message id="m0093" time="2013-02-11 12:24:00 UTC" participant="139548">
      <body>اما تيجي تبقي تشوفيه بقى ان شاء الله</body>
    </message>
    <message id="m0094" time="2013-02-11 12:24:00 UTC" participant="139376">
      <body>ان شاء الله</body>
    </message>
    <message id="m0095" time="2013-02-11 12:25:00 UTC" participant="139548">
      <body>انتي جايه شهر 4انشاء الله؟؟</body>
    </message>
    <message id="m0096" time="2013-02-11 12:26:00 UTC" participant="139376">
      <body>الشهر الجاي خلاص ان شاء الله</body>
    </message>
    <message id="m0097" time="2013-02-11 12:27:00 UTC" participant="139548">
      <body>طاب كويس عشان تبقي مع امنيه انشاء الله</body>
    </message>
    <message id="m0098" time="2013-02-11 12:27:00 UTC" participant="139376">
      <body>اه ان شاء الله</body>
    </message>
    <message id="m0099" time="2013-02-11 12:28:00 UTC" participant="139548">
      <body>هي انشاء الله حتجيب ولد ولا بنت؟</body>
    </message>
    <message id="m0100" time="2013-02-11 12:29:00 UTC" participant="139376">
      <body>ولد ان شاء الله</body>
    </message>
    <message id="m0101" time="2013-02-11 12:29:00 UTC" participant="139548">
      <body>ان شاء الله</body>
    </message>
    <message id="m0102" time="2013-02-11 12:30:00 UTC" participant="139548">
      <body>هو انتو يا مها جيل بنات وجيل ولاد</body>
    </message>
    <message id="m0103" time="2013-02-11 12:30:00 UTC" participant="139376">
      <body/>
    </message>
    <message id="m0104" time="2013-02-11 12:30:00 UTC" participant="139376">
      <body>الظاهر كده</body>
    </message>
    <message id="m0105" time="2013-02-11 12:30:00 UTC" participant="139548">
      <body>على العوم ابقي هاتلنا انتي البنوته ان شاء الله</body>
    </message>
    <message id="m0106" time="2013-02-11 12:31:00 UTC" participant="139376">
      <body>لا مي ان شاء الله</body>
    </message>
    <message id="m0107" time="2013-02-11 12:31:00 UTC" participant="139548">
      <body>هي مي حامل؟؟؟</body>
    </message>
    <message id="m0108" time="2013-02-11 12:33:00 UTC" participant="139376">
      <body>لا</body>
    </message>
    <message id="m0109" time="2013-02-11 12:33:00 UTC" participant="139376">
      <body>ياريت</body>
    </message>
    <message id="m0110" time="2013-02-11 12:33:00 UTC" participant="139376">
      <body>انا قصدي لما ربنا يكرمها ان شاء الله تجيب بنت</body>
    </message>
    <message id="m0111" time="2013-02-11 12:34:00 UTC" participant="139548">
      <body>طاب انشاء الله ربنا يكرمها قريي قوليلها دي منى اعدت اربع سنين</body>
    </message>
    <message id="m0112" time="2013-02-11 12:34:00 UTC" participant="139548">
      <body>وعملت كل حاجه وفي الاخر ربنا كرمني في شهر مكنتش عامله حسابو اصلا"</body>
    </message>
    <message id="m0113" time="2013-02-11 12:35:00 UTC" participant="139548">
      <body>وكمان المره دي مكنتش فامله حسابي خالص</body>
    </message>
    <message id="m0114" time="2013-02-11 12:36:00 UTC" participant="139548">
      <body>كنت ناويه افكر لما عمر يكمل 3 او 4 سنين</body>
    </message>
    <message id="m0115" time="2013-02-11 12:39:00 UTC" participant="139548">
      <body>بس يا ستي ان شاء الله ربنا يكرمها باللي تحبه ليكون جوزها عايز ولد في الاول اصل الرجاله كده تفكرهم غريب</body>
    </message>
    <message id="m0116" time="2013-02-11 12:47:00 UTC" participant="139376">
      <body>ربنا ان شاء الله حيكرمها</body>
    </message>
    <message id="m0117" time="2013-02-11 12:47:00 UTC" participant="139376">
      <body>انا عشمي في ربنا كبير</body>
    </message>
    <message id="m0118" time="2013-02-11 12:50:00 UTC" participant="139548">
      <body>ان شاء الله قريب</body>
    </message>
    <message id="m0119" time="2013-02-11 12:50:00 UTC" participant="139376">
      <body>ان شاء الله</body>
    </message>
    <message id="m0120" time="2013-02-11 12:53:00 UTC" participant="139548">
      <body>انتي عارفه يا مها انا كنت حاجزت خلاص في مركز و كنت حعمل حقن مجهري وكان فاضلنا شهر عشان معاد الحجز وسيحان الله الحمل حصل في الشهر ده منغير مخطي عتبة المركز أصلا"</body>
    </message>
    <message id="m0121" time="2013-02-11 12:55:00 UTC" participant="139376">
      <body>سبحان الله </body>
    </message>
    <message id="m0122" time="2013-02-11 12:55:00 UTC" participant="139376">
      <body>مي ان شاء الله حتعمله</body>
    </message>
    <message id="m0123" time="2013-02-11 13:00:00 UTC" participant="139548">
      <body>ان شاء الله رينا يكرمها قيها على طول</body>
    </message>
    <message id="m0124" time="2013-02-11 13:00:00 UTC" participant="139376">
      <body>يارب ان شاء الله</body>
    </message>
    <message id="m0125" time="2013-02-11 13:02:00 UTC" participant="139548">
      <body>بس اهم حاجه تكون ساعتها نفسيتها مرتاحه وتحاول متوترش نفسها و تسبها على الله عشان العامل النفسي اهم حاجه في الموضوع ده</body>
    </message>
    <message id="m0126" time="2013-02-11 13:02:00 UTC" participant="139376">
      <body>مهم فعلا</body>
    </message>
    <message id="m0127" time="2013-02-11 13:02:00 UTC" participant="139548">
      <body>اصل انا عملت ريسيرش جامد في الموضوع ده ساعتها</body>
    </message>
    <message id="m0128" time="2013-02-11 13:04:00 UTC" participant="139548">
      <body>روحي شوفي حسين بقى و بوصيهولي</body>
    </message>
    <message id="m0129" time="2013-02-11 13:05:00 UTC" participant="139376">
      <body>أنتي عارفة ماهي عاملتها وفشلت</body>
    </message>
    <message id="m0130" time="2013-02-11 13:21:00 UTC" participant="139548">
      <body>عادي ما في ناس كتيير بتعملها كذا مره قبل ما تنجح المهم الصبر والتفاؤل</body>
    </message>
    <message id="m0131" time="2013-02-11 13:22:00 UTC" participant="139376">
      <body>ربنا معاها يارب</body>
    </message>
    <message id="m0132" time="2013-02-11 13:22:00 UTC" participant="139376">
      <body>بتصعب عليا ماهي والل</body>
    </message>
    <message id="m0133" time="2013-02-11 13:22:00 UTC" participant="139376">
      <body>بس دي غاليه ان الواحد يعملها كذا مرة</body>
    </message>
    <message id="m0134" time="2013-02-11 13:23:00 UTC" participant="139548">
      <body>مهي بتبقى على فترات</body>
    </message>
    <message id="m0135" time="2013-02-11 13:23:00 UTC" participant="139548">
      <body>وان شاء الله ربنا يكرم ماهي كمان</body>
    </message>
    <message id="m0136" time="2013-02-11 13:23:00 UTC" participant="139376">
      <body>يارب</body>
    </message>
    <message id="m0137" time="2013-02-11 13:24:00 UTC" participant="139376">
      <body>تبقي تدعلهم هما الاتنين كده</body>
    </message>
    <message id="m0138" time="2013-02-11 13:24:00 UTC" participant="139548">
      <body>اكيد ان شاء الله</body>
    </message>
    <message id="m0139" time="2013-02-11 13:25:00 UTC" participant="139548">
      <body>و ابقي قولي لأمنيه تدعلها وهي بتولد بيقولو الدعوة في الوقت ده مجابه بإذن الله</body>
    </message>
    <message id="m0140" time="2013-02-11 13:26:00 UTC" participant="139376">
      <body>مجابه فعلا انا مجرباها</body>
    </message>
    <message id="m0141" time="2013-02-12 11:33:00 UTC" participant="139548">
      <body>انا قولت مها حتصبح عليه لكن ولا عبرتيني</body>
    </message>
    <message id="m0142" time="2013-02-12 12:07:00 UTC" participant="139376">
      <body>دايما ظلماني</body>
    </message>
    <message id="m0143" time="2013-02-12 12:07:00 UTC" participant="139376">
      <body>النت كان فاصل يا مفترية</body>
    </message>
    <message id="m0144" time="2013-02-12 13:10:00 UTC" participant="139548">
      <body>خلاص يا ستي حقك عليه</body>
    </message>
    <message id="m0145" time="2013-02-12 13:11:00 UTC" participant="139376">
      <body>انتي على طول قطر كده </body>
    </message>
    <message id="m0146" time="2013-02-12 13:17:00 UTC" participant="139376">
      <body>أخبارك ايه؟؟</body>
    </message>
    <message id="m0147" time="2013-02-12 13:18:00 UTC" participant="139548">
      <body>الحمد لله</body>
    </message>
    <message id="m0148" time="2013-02-12 13:19:00 UTC" participant="139548">
      <body>مانتي عرفاني بقى حاجه مش جديده عليكي يعني</body>
    </message>
    <message id="m0149" time="2013-02-12 13:19:00 UTC" participant="139376">
      <body>مقولتليش مريم عامله ايه في تقديم المدارس؟؟</body>
    </message>
    <message id="m0150" time="2013-02-12 13:20:00 UTC" participant="139376">
      <body>انا قلت يمكن الجواز وعمر غيروكي</body>
    </message>
    <message id="m0151" time="2013-02-12 13:20:00 UTC" participant="139376">
      <body>بس الظاهر مافيش فايدة فيكي  </body>
    </message>
    <message id="m0152" time="2013-02-12 13:32:00 UTC" participant="139548">
      <body>الحمد لله عملت انترفيو في مدرسة اسمها جرين هايتس ونجحت فيه بس لسه مستنين تنسيق السن و فاضلها مدرستان كمان</body>
    </message>
    <message id="m0153" time="2013-02-12 13:33:00 UTC" participant="139376">
      <body>ربنا معاها يارب</body>
    </message>
    <message id="m0154" time="2013-02-12 13:33:00 UTC" participant="139376">
      <body>ومعاكي</body>
    </message>
    <message id="m0155" time="2013-02-12 13:33:00 UTC" participant="139376">
      <body>ومع كل امهات مصر الصراحة</body>
    </message>
    <message id="m0156" time="2013-02-12 13:34:00 UTC" participant="139548">
      <body>اه بجد حاجه صعبه قوي ربنا يعديها على خير</body>
    </message>
    <message id="m0157" time="2013-02-12 13:34:00 UTC" participant="139376">
      <body>يارب ان شاء الله</body>
    </message>
    <message id="m0158" time="2013-02-12 13:36:00 UTC" participant="139548">
      <body>اه اخبار منى صحيح عملت اه في القضيه اللي رفعاها</body>
    </message>
    <message id="m0159" time="2013-02-12 13:36:00 UTC" participant="139376">
      <body>لسه مخدتش حكم</body>
    </message>
    <message id="m0160" time="2013-02-12 13:37:00 UTC" participant="139376">
      <body>كل شوية تتأجل</body>
    </message>
    <message id="m0161" time="2013-02-12 13:37:00 UTC" participant="139376">
      <body>على نص مارس ان شاؤ الله</body>
    </message>
    <message id="m0162" time="2013-02-12 13:37:00 UTC" participant="139548">
      <body>ربنا معها</body>
    </message>
    <message id="m0163" time="2013-02-12 13:37:00 UTC" participant="139376">
      <body>يارب</body>
    </message>
    <message id="m0164" time="2013-02-12 13:37:00 UTC" participant="139376">
      <body>ده ذل والله</body>
    </message>
    <message id="m0165" time="2013-02-12 13:38:00 UTC" participant="139548">
      <body>اه هو يا بنتي الشحططه في المحاكم دي حاجه سهله</body>
    </message>
    <message id="m0166" time="2013-02-12 13:38:00 UTC" participant="139376">
      <body>ده قرف</body>
    </message>
    <message id="m0167" time="2013-02-12 13:39:00 UTC" participant="139548">
      <body>منه لله السبب هو عايش حياته و سيبها هي تتشحطط ببنتها</body>
    </message>
    <message id="m0168" time="2013-02-12 13:40:00 UTC" participant="139548">
      <body>ربنا يعوضها خير</body>
    </message>
    <message id="m0169" time="2013-02-12 13:40:00 UTC" participant="139376">
      <body>اه والله</body>
    </message>
    <message id="m0170" time="2013-02-12 13:41:00 UTC" participant="139376">
      <body>ولا بيسأل على بنته ولا بيبعت لها فلوس ولا أي حاجة</body>
    </message>
    <message id="m0171" time="2013-02-12 13:42:00 UTC" participant="139548">
      <body>يابنتي اكيد ربنا مش حيسيبو</body>
    </message>
    <message id="m0172" time="2013-02-12 13:42:00 UTC" participant="139376">
      <body>اكيد طبعا</body>
    </message>
    <message id="m0173" time="2013-02-12 13:44:00 UTC" participant="139548">
      <body>كلمتي نيللي؟؟</body>
    </message>
    <message id="m0174" time="2013-02-12 13:45:00 UTC" participant="139376">
      <body>لا لسه</body>
    </message>
    <message id="m0175" time="2013-02-12 13:45:00 UTC" participant="139376">
      <body>مش بعرف اكلمها في نص الاسبوع علشان بتنام بدري</body>
    </message>
    <message id="m0176" time="2013-02-12 13:45:00 UTC" participant="139376">
      <body>بستني ليون الاجازة</body>
    </message>
    <message id="m0177" time="2013-02-12 13:46:00 UTC" participant="139376">
      <body>كلميها قوللها مها بتقولك خلي عندك دم وعبريها</body>
    </message>
    <message id="m0178" time="2013-02-12 13:46:00 UTC" participant="139548">
      <body>حاضر</body>
    </message>
    <message id="m0179" time="2013-02-12 13:53:00 UTC" participant="139548">
      <body>هو علي يكون خلص مدرسة على الشهر الجي؟</body>
    </message>
    <message id="m0180" time="2013-02-12 13:57:00 UTC" participant="139376">
      <body>لا</body>
    </message>
    <message id="m0181" time="2013-02-12 13:57:00 UTC" participant="139376">
      <body>لسه في شهر 6</body>
    </message>
    <message id="m0182" time="2013-02-12 13:58:00 UTC" participant="139548">
      <body>أمال حتيجي ازاي الشهر اللي جاي؟؟</body>
    </message>
    <message id="m0183" time="2013-02-12 14:00:00 UTC" participant="139376">
      <body>علي مدرسته نظامها 3ترمات</body>
    </message>
    <message id="m0184" time="2013-02-12 14:00:00 UTC" participant="139376">
      <body>ففي شهر 3حيكون اجازة الترم التاني</body>
    </message>
    <message id="m0185" time="2013-02-12 14:01:00 UTC" participant="139548">
      <body>اه طايب بياخد اجازه اد اه؟؟</body>
    </message>
    <message id="m0186" time="2013-02-12 14:02:00 UTC" participant="139376">
      <body>هو اجازته اسبوع وأنا حستعبط في اسبوع كمان </body>
    </message>
    <message id="m0187" time="2013-02-12 14:04:00 UTC" participant="139548">
      <body>اه ده يعني انتي حتعدي اسبوعين بس</body>
    </message>
    <message id="m0188" time="2013-02-12 14:05:00 UTC" participant="139376">
      <body>نعم</body>
    </message>
    <message id="m0189" time="2013-02-12 14:05:00 UTC" participant="139548">
      <body>ادي البنخده من المدارس و أرف المدارس</body>
    </message>
    <message id="m0190" time="2013-02-12 14:05:00 UTC" participant="139376">
      <body>اه والله</body>
    </message>
    <message id="m0191" time="2013-02-12 14:05:00 UTC" participant="139376">
      <body>عكننة</body>
    </message>
    <message id="m0192" time="2013-02-12 14:06:00 UTC" participant="139548">
      <body>طاب حتيجي امتى انشاء الله عشان أعرف ألحقك المره دي</body>
    </message>
    <message id="m0193" time="2013-02-12 14:07:00 UTC" participant="139376">
      <body>من 20-3 ل 5-4</body>
    </message>
    <message id="m0194" time="2013-02-12 14:08:00 UTC" participant="139548">
      <body>طاب ربنا يسهل بقى واعرف اجيلك المره دي</body>
    </message>
    <message id="m0195" time="2013-02-12 14:13:00 UTC" participant="139548">
      <body>وايتديتي بقى اللف بتاع كل سنه ولا لسه</body>
    </message>
    <message id="m0196" time="2013-02-12 14:27:00 UTC" participant="139376">
      <body>اه الحمد لله</body>
    </message>
    <message id="m0198" time="2013-02-12 14:46:00 UTC" participant="139548">
      <body>اصلو زميل احمد جوزي فالشغل</body>
    </message>
    <message id="m0199" time="2013-02-12 14:47:00 UTC" participant="139376">
      <body>انا معرفش انه اخواني</body>
    </message>
    <message id="m0200" time="2013-02-12 14:47:00 UTC" participant="139376">
      <body>انا معرفهوش شخصيا بس كان كاتب كلام كويس</body>
    </message>
    <message id="m0201" time="2013-02-12 14:48:00 UTC" participant="139376">
      <body>انا بعمل لأي حد فولو بيكون كاتب كلام كويس ومش بيهمني توجهاته ايه</body>
    </message>
    <message id="m0202" time="2013-02-12 14:48:00 UTC" participant="139376">
      <body>انا بحب اعرف اراء الناس</body>
    </message>
    <message id="m0203" time="2013-02-12 14:50:00 UTC" participant="139548">
      <body>يا شيخه بقولك إخوان إزاي يعني كاتب كلام كويس</body>
    </message>
    <message id="m0204" time="2013-02-12 14:50:00 UTC" participant="139376">
      <body>حتى لو كاتب كلام خايب</body>
    </message>
    <message id="m0205" time="2013-02-12 14:50:00 UTC" participant="139548">
      <body>اصل إخوان وكويس متتحطش في جملة واحدة</body>
    </message>
    <message id="m0206" time="2013-02-12 14:50:00 UTC" participant="139376">
      <body>بحب اشوفهم بيفكروا ازاي </body>
    </message>
    <message id="m0207" time="2013-02-12 14:52:00 UTC" participant="139548">
      <body>طاب انا بقى بطلت اقرى وإتفرج على توك شو اصلي بعيد عنك مزتي خلاص اتفقعت</body>
    </message>
    <message id="m0208" time="2013-02-12 14:52:00 UTC" participant="139376">
      <body>انا بقالي سنه ونص بطلت التوك شو</body>
    </message>
    <message id="m0209" time="2013-02-12 14:52:00 UTC" participant="139548">
      <body>و معنديش حاجه تاني عشان تتفقع</body>
    </message>
    <message id="m0210" time="2013-02-12 14:52:00 UTC" participant="139376">
      <body>مبقتش بستحمل اسمع صوتهم</body>
    </message>
    <message id="m0211" time="2013-02-12 14:53:00 UTC" participant="139376">
      <body>بس ممكن اقري كلمتين على الماشي ميضرش</body>
    </message>
    <message id="m0212" time="2013-02-12 14:54:00 UTC" participant="139548">
      <body>لا أنا بقى عندي بيضر قوي</body>
    </message>
    <message id="m0213" time="2013-02-12 14:55:00 UTC" participant="139376">
      <body></body>
    </message>
    <message id="m0215" time="2013-02-12 14:56:00 UTC" participant="139376">
      <body></body>
    </message>
    <message id="m0216" time="2013-02-12 14:57:00 UTC" participant="139548">
      <body>هي تقولو الحاجه عالفاس و هو يرض على طوول</body>
    </message>
    <message id="m0217" time="2013-02-12 14:57:00 UTC" participant="139548">
      <body>ربنا يهنيهم</body>
    </message>
    <message id="m0218" time="2013-02-12 14:57:00 UTC" participant="139376">
      <body></body>
    </message>
    <message id="m0219" time="2013-02-12 14:57:00 UTC" participant="139376">
      <body>الله يخليكي</body>
    </message>
    <message id="m0220" time="2013-02-12 21:05:00 UTC" participant="139548">
      <body>انا كلمت نيللي على فكره و وصلتلها رسالتك</body>
    </message>
    <message id="m0221" time="2013-02-13 11:29:00 UTC" participant="139548">
      <body>صباح الخير يا قمر اديني انا اللي ابتديت اهو</body>
    </message>
    <message id="m0222" time="2013-02-13 11:30:00 UTC" participant="139376">
      <body>هي هي هي</body>
    </message>
    <message id="m0223" time="2013-02-13 11:31:00 UTC" participant="139376">
      <body>ناس مبتجيش غير بالعين الحمرا</body>
    </message>
    <message id="m0224" time="2013-02-13 11:31:00 UTC" participant="139376">
      <body>صباح الفل</body>
    </message>
    <message id="m0225" time="2013-02-13 11:31:00 UTC" participant="139376">
      <body>كلمت نيللي امبارح  </body>
    </message>
    <message id="m0226" time="2013-02-13 11:31:00 UTC" participant="139548">
      <body>لا دي مش عين حمرا ده كرم أخلاق</body>
    </message>
    <message id="m0227" time="2013-02-13 11:32:00 UTC" participant="139376">
      <body>ماشي يا مؤدبة</body>
    </message>
    <message id="m0228" time="2013-02-13 11:32:00 UTC" participant="139548">
      <body>بجد طاب كويس</body>
    </message>
    <message id="m0229" time="2013-02-13 11:32:00 UTC" participant="139376">
      <body>ده أنا ضحكت ضحك</body>
    </message>
    <message id="m0230" time="2013-02-13 11:33:00 UTC" participant="139548">
      <body>اشمعنا يعني</body>
    </message>
    <message id="m0231" time="2013-02-13 11:33:00 UTC" participant="139376">
      <body>كنت فرحانه فيها أوي  </body>
    </message>
    <message id="m0232" time="2013-02-13 11:33:00 UTC" participant="139376">
      <body>شريرة أنا</body>
    </message>
    <message id="m0233" time="2013-02-13 11:35:00 UTC" participant="139548">
      <body>فرحانه فيها ليه حرام عليكي دانا كنت فرحانه لنور اهي بدل ماهي عماله تقول على العياب كلهم اخويا وأختي</body>
    </message>
    <message id="m0234" time="2013-02-13 11:35:00 UTC" participant="139548">
      <body>العيال</body>
    </message>
    <message id="m0235" time="2013-02-13 11:35:00 UTC" participant="139376">
      <body>علشان كانت كل شوية تقول لأ لأ</body>
    </message>
    <message id="m0236" time="2013-02-13 11:36:00 UTC" participant="139548">
      <body>اهو كله بأمر ربنا مش بمزاجنا</body>
    </message>
    <message id="m0237" time="2013-02-13 11:36:00 UTC" participant="139376">
      <body>اهو ربنا اداها على دماغها</body>
    </message>
    <message id="m0238" time="2013-02-13 11:37:00 UTC" participant="139376">
      <body>بس والله صعبانة عليا</body>
    </message>
    <message id="m0239" time="2013-02-13 11:37:00 UTC" participant="139376">
      <body>أنا عارفة ان نيللي صحتها على أدها</body>
    </message>
    <message id="m0240" time="2013-02-13 11:37:00 UTC" participant="139548">
      <body>اه يا بنتي العنف اللي انتي فيه ده ليه بس على دماغها</body>
    </message>
    <message id="m0241" time="2013-02-13 11:38:00 UTC" participant="139548">
      <body>يسلام امال لو حامل في توءم مثلا" كانت عملت اه؟؟</body>
    </message>
    <message id="m0242" time="2013-02-13 11:39:00 UTC" participant="139376">
      <body>ربنا معاها</body>
    </message>
    <message id="m0243" time="2013-02-13 11:40:00 UTC" participant="139548">
      <body>ربنا معانا جميعا"</body>
    </message>
    <message id="m0244" time="2013-02-13 11:41:00 UTC" participant="139376">
      <body>اه والله</body>
    </message>
    <message id="m0245" time="2013-02-13 11:41:00 UTC" participant="139376">
      <body>لنتي في الكام يا منى؟؟</body>
    </message>
    <message id="m0246" time="2013-02-13 11:42:00 UTC" participant="139548">
      <body>مشاء الله حلو قوي الرسمه بتاعت حسين ان شاء الله يطلع فنان زي مامتو</body>
    </message>
    <message id="m0247" time="2013-02-13 11:42:00 UTC" participant="139376">
      <body></body>
    </message>
    <message id="m0248" time="2013-02-13 11:49:00 UTC" participant="139376">
      <body>ده رسمها على الحيطة </body>
    </message>
    <message id="m0249" time="2013-02-13 11:49:00 UTC" participant="139376">
      <body>بس عجبتي </body>
    </message>
    <message id="m0250" time="2013-02-13 11:49:00 UTC" participant="139548">
      <body>عادي مكل الفنانين كده</body>
    </message>
    <message id="m0251" time="2013-02-13 11:50:00 UTC" participant="139376">
      <body></body>
    </message>
    <message id="m0252" time="2013-02-13 12:12:00 UTC" participant="139548">
      <body>طيخلهم اه النهرده</body>
    </message>
    <message id="m0253" time="2013-02-13 12:13:00 UTC" participant="139376">
      <body>كباب حلة ورز</body>
    </message>
    <message id="m0254" time="2013-02-13 12:13:00 UTC" participant="139376">
      <body>وانتي؟؟</body>
    </message>
    <message id="m0255" time="2013-02-13 12:14:00 UTC" participant="139548">
      <body>حطلب سمك وحعمل رز</body>
    </message>
    <message id="m0256" time="2013-02-13 12:14:00 UTC" participant="139376">
      <body>بالهناء والشفاء</body>
    </message>
    <message id="m0257" time="2013-02-13 12:16:00 UTC" participant="139548">
      <body>وانتو كمان بالهنا والشفا</body>
    </message>
    <message id="m0258" time="2013-02-13 12:16:00 UTC" participant="139376">
      <body>الله يهنيكي</body>
    </message>
    <message id="m0259" time="2013-02-13 12:16:00 UTC" participant="139548">
      <body>عندك حسين لمض زي مريم ولا مؤدب</body>
    </message>
    <message id="m0260" time="2013-02-13 12:16:00 UTC" participant="139376">
      <body>مش لمض ومش مؤؤدب</body>
    </message>
    <message id="m0261" time="2013-02-13 12:17:00 UTC" participant="139548">
      <body>بابا بيكلمها امبارح تقولو انت بتتكلم ليه دلوقتي احنا بنتفرج على فاطمه</body>
    </message>
    <message id="m0262" time="2013-02-13 12:17:00 UTC" participant="139376">
      <body>هي هي هي</body>
    </message>
    <message id="m0263" time="2013-02-13 12:18:00 UTC" participant="139548">
      <body>وتروح افله السماعه في وشو</body>
    </message>
    <message id="m0264" time="2013-02-13 12:18:00 UTC" participant="139376">
      <body>طفلة بتتفرج على فاطمة مستنية منها ايه بس </body>
    </message>
    <message id="m0265" time="2013-02-13 12:19:00 UTC" participant="139376">
      <body>وانتي بتتفرجي على فاطمة انتي كمان؟؟</body>
    </message>
    <message id="m0266" time="2013-02-13 12:19:00 UTC" participant="139548">
      <body>سعات لما بلقيها قدامي</body>
    </message>
    <message id="m0267" time="2013-02-13 12:25:00 UTC" participant="139548">
      <body>بقلك صحيح انا عايزه اجيب غسالة طباق اه رأيك تبقى عمليه ولا لأ</body>
    </message>
    <message id="m0268" time="2013-02-13 12:39:00 UTC" participant="139376">
      <body>بصي ماما عندها واحدة</body>
    </message>
    <message id="m0269" time="2013-02-13 12:39:00 UTC" participant="139376">
      <body>بتقولي عمليه اوي ومريحة</body>
    </message>
    <message id="m0270" time="2013-02-13 12:40:00 UTC" participant="139376">
      <body>ومرات عمي كمان بتشكر فيها اوي</body>
    </message>
    <message id="m0271" time="2013-02-13 12:40:00 UTC" participant="139376">
      <body>وأصحاب امي كمان</body>
    </message>
    <message id="m0272" time="2013-02-13 12:40:00 UTC" participant="139548">
      <body>طاب هي جايبه انهي حجم اصلي بفكر اجيب الحجم المتوسط</body>
    </message>
    <message id="m0273" time="2013-02-13 12:41:00 UTC" participant="139548">
      <body>اصل الكبيره كانت عندنا وكنا بنكسل نستخدمها</body>
    </message>
    <message id="m0274" time="2013-02-13 12:42:00 UTC" participant="139376">
      <body>انا مش عارفإ حجمها ايه بس هي محطوطة فوق الرخامة</body>
    </message>
    <message id="m0275" time="2013-02-13 12:43:00 UTC" participant="139376">
      <body>الكبيرة دي عايزة عيله كبيرة وعزايم</body>
    </message>
    <message id="m0276" time="2013-02-13 12:43:00 UTC" participant="139548">
      <body>دي تبقى الصغيره</body>
    </message>
    <message id="m0277" time="2013-02-13 12:43:00 UTC" participant="139376">
      <body>بس انا مش بحب الغسالات دي</body>
    </message>
    <message id="m0278" time="2013-02-13 12:43:00 UTC" participant="139548">
      <body>ليه هوستك غسل المواعين</body>
    </message>
    <message id="m0279" time="2013-02-13 12:44:00 UTC" participant="139548">
      <body>هويتك</body>
    </message>
    <message id="m0280" time="2013-02-13 12:45:00 UTC" participant="139548">
      <body>انا أكتر حاجه بكرها</body>
    </message>
    <message id="m0281" time="2013-02-13 12:48:00 UTC" participant="139376">
      <body>لا طبعا مش هوايتي</body>
    </message>
    <message id="m0282" time="2013-02-13 12:48:00 UTC" participant="139376">
      <body>بس هي مش بتغسل لا الحلل ولا الصواني</body>
    </message>
    <message id="m0283" time="2013-02-13 12:49:00 UTC" participant="139376">
      <body>والاطباق قبل ما دخلها لازم اكون مسحها كويس اوي</body>
    </message>
    <message id="m0284" time="2013-02-13 12:49:00 UTC" participant="139376">
      <body>ولو مش ممسوحة كويس بتتطلع مش نضيفة</body>
    </message>
    <message id="m0285" time="2013-02-13 12:49:00 UTC" participant="139548">
      <body>لأ الأنواع الجديده بتغسلهم التيفال و الاستنلس</body>
    </message>
    <message id="m0286" time="2013-02-13 12:49:00 UTC" participant="139376">
      <body>والله</body>
    </message>
    <message id="m0287" time="2013-02-13 12:49:00 UTC" participant="139376">
      <body>طب حلوة دي</body>
    </message>
    <message id="m0288" time="2013-02-13 12:50:00 UTC" participant="139376">
      <body>بتاعت ماما اطباق ومعالق و كوبايات بس</body>
    </message>
    <message id="m0289" time="2013-02-13 12:50:00 UTC" participant="139548">
      <body>مهو عشان كده أحمد عمال يحبطني و يقولي مش عمليه</body>
    </message>
    <message id="m0290" time="2013-02-13 12:50:00 UTC" participant="139548">
      <body>عشان الحجم الصغير</body>
    </message>
    <message id="m0291" time="2013-02-13 12:59:00 UTC" participant="139548">
      <body>بكره عندكم أجازه نوين على فسحه ولا حتقدوها مزاكره</body>
    </message>
    <message id="m0292" time="2013-02-13 13:00:00 UTC" participant="139376">
      <body>مذاكرة ايه بس</body>
    </message>
    <message id="m0293" time="2013-02-13 13:00:00 UTC" participant="139376">
      <body>ده احنا لسه مخلصين امتحانات</body>
    </message>
    <message id="m0294" time="2013-02-13 13:01:00 UTC" participant="139548">
      <body>طاب كويس اتفسحو بقى</body>
    </message>
    <message id="m0295" time="2013-02-13 13:04:00 UTC" participant="139548">
      <body>انا ان شاء الله عايزه اودي عمر جنينة الحيونات اصلو بيحب الحيونات قوي</body>
    </message>
    <message id="m0296" time="2013-02-13 13:04:00 UTC" participant="139376">
      <body>الله</body>
    </message>
    <message id="m0297" time="2013-02-13 13:04:00 UTC" participant="139376">
      <body>بس دي بعيده اوي عليكم</body>
    </message>
    <message id="m0298" time="2013-02-13 13:06:00 UTC" participant="139548">
      <body>معشان كده بقالي شهر عايزه اوديه وأروح مكسله فقول لأحمد خليها الاسبوع اللي جاي وتعالى نوديه النادي و خلاص</body>
    </message>
    <message id="m0299" time="2013-02-13 13:07:00 UTC" participant="139376">
      <body>ده انتي توديه بتاعت أسكندرية اسهل </body>
    </message>
    <message id="m0300" time="2013-02-13 13:08:00 UTC" participant="139548">
      <body>لا مش للدرجادي</body>
    </message>
  </messages>
</conversation>
