<?xml version="1.0" encoding="UTF-8"?>
<conversation id="CHT_ARZ_20130102.0001" medium="CHT" donated="true">
  <messages>
    <message id="m0000" participant="138315" time="2013-01-02 03:12:36 UTC">
      <body>Heyyy</body>
    </message>
    <message id="m0001" participant="138112" time="2013-01-02 03:12:49 UTC">
      <body>Ezayak?</body>
    </message>
    <message id="m0002" participant="138112" time="2013-01-02 03:12:52 UTC">
      <body>Lesa sa7y haha</body>
    </message>
    <message id="m0003" participant="138315" time="2013-01-02 03:13:11 UTC">
      <body>Ahh , zah2an hahahahaha</body>
    </message>
    <message id="m0004" participant="138112" time="2013-01-02 03:13:26 UTC">
      <body>Ana kaman awyyyyy</body>
    </message>
    <message id="m0005" participant="138112" time="2013-01-02 03:13:32 UTC">
      <body>Kont hanam delwa2ty haha</body>
    </message>
    <message id="m0006" participant="138315" time="2013-01-02 03:13:43 UTC">
      <body>Tayb ta3li nenam hahahaha</body>
    </message>
    <message id="m0007" participant="138315" time="2013-01-02 03:13:47 UTC">
      <body>We bokra natalk</body>
    </message>
    <message id="m0008" participant="138112" time="2013-01-02 03:15:09 UTC">
      <body>Okay :D</body>
    </message>
  </messages>
</conversation>
