<?xml version="1.0" encoding="UTF-8"?>
<conversation id="CHT_ARZ_20121224.0000" medium="CHT" donated="true">
  <messages>
    <message id="m0000" participant="138112" time="2012-12-24 10:21:43 UTC">
      <body>Adel</body>
    </message>
    <message id="m0001" participant="138307" time="2012-12-24 10:22:30 UTC">
      <body>Yara</body>
    </message>
    <message id="m0002" participant="138112" time="2012-12-24 10:22:49 UTC">
      <body>Good morning</body>
    </message>
    <message id="m0003" participant="138307" time="2012-12-24 10:23:16 UTC">
      <body>Sb7 el 5er</body>
    </message>
    <message id="m0004" participant="138112" time="2012-12-24 10:24:03 UTC">
      <body>Saba7 el noor! Ht3mlo eh</body>
    </message>
    <message id="m0005" participant="138112" time="2012-12-24 10:24:16 UTC">
      <body>Etkalemt m3 yomna</body>
    </message>
    <message id="m0006" participant="138307" time="2012-12-24 10:25:53 UTC">
      <body>Hnnzl 3ala 3 isa</body>
    </message>
    <message id="m0007" participant="138112" time="2012-12-24 10:26:42 UTC">
      <body>Okay nroo7 costa el gamb nady el ahli</body>
    </message>
    <message id="m0008" participant="138307" time="2012-12-24 10:27:23 UTC">
      <body>Okka</body>
    </message>
    <message id="m0009" participant="138307" time="2012-12-25 09:43:52 UTC">
      <body>Yaraa</body>
    </message>
    <message id="m0010" participant="138307" time="2012-12-25 09:43:58 UTC">
      <body>Nty sa7ya!!!</body>
    </message>
  </messages>
</conversation>
