<?xml version="1.0" encoding="UTF-8"?>
<conversation id="CHT_ARZ_20130416.0006" medium="CHT" donated="true">
  <messages>
    <message id="m0000" time="2013-04-16 15:35:00 UTC" participant="139230">
      <body>nanousa , ana mesh 3awza as2alek malek bas kont 3awza atamen 3aleki</body>
    </message>
    <message id="m0001" time="2013-04-16 15:55:00 UTC" participant="139705">
      <body>2na kowayesa el7amdoallah ya 7abebty ed3eely bas</body>
    </message>
    <message id="m0002" time="2013-04-16 15:56:00 UTC" participant="139230">
      <body>fee eh?? Banottek  kwayessa??</body>
    </message>
    <message id="m0003" time="2013-04-16 15:57:00 UTC" participant="139705">
      <body>2ywa 7abebty 27na kowayeseen bas fi showayet 3ak keda we rabena yesaweeha men 3ando IsA</body>
    </message>
    <message id="m0004" time="2013-04-16 16:21:00 UTC" participant="139230">
      <body>inshallah kheir</body>
    </message>
    <message id="m0005" time="2013-04-16 16:22:00 UTC" participant="139705">
      <body>ya Rab</body>
    </message>
    <message id="m0006" time="2013-04-16 16:24:00 UTC" participant="139230">
      <body>3ala fekrA 25 APRIL agaza</body>
    </message>
    <message id="m0007" time="2013-04-16 16:25:00 UTC" participant="139705">
      <body>ya salam</body>
    </message>
    <message id="m0008" time="2013-04-16 16:25:00 UTC" participant="139230">
      <body>w min 1 may l monday 6 may agaza bardo</body>
    </message>
    <message id="m0009" time="2013-04-16 16:25:00 UTC" participant="139705">
      <body>el hamdullelah</body>
    </message>
    <message id="m0010" time="2013-04-16 20:55:00 UTC" participant="139705">
      <body>momken teb3ateely nemret wa7da sa7betna</body>
    </message>
    <message id="m0011" time="2013-04-16 22:40:00 UTC" participant="139230">
      <body>sorry el whatsapp msg lessa waslani,ab3atha walla gebteha?</body>
    </message>
    <message id="m0012" time="2013-04-16 22:44:00 UTC" participant="139705">
      <body>Eb3ateeha</body>
    </message>
    <message id="m0013" time="2013-04-16 22:44:00 UTC" participant="139230">
      <body>7ader</body>
    </message>
    <message id="m0014" time="2013-04-16 22:48:00 UTC" participant="139705">
      <body>shokran</body>
    </message>
    <message id="m0015" time="2013-04-16 22:48:00 UTC" participant="139230">
      <body>el 3afw ya nanosa</body>
    </message>
    <message id="m0016" time="2013-04-16 22:48:00 UTC" participant="139705">
      <body>rabena yekhalliki</body>
    </message>
    <message id="m0017" time="2013-04-16 22:49:00 UTC" participant="139230">
      <body>3ala eeh bas?</body>
    </message>
  </messages>
</conversation>
