<?xml version="1.0" encoding="UTF-8"?>
<conversation id="CHT_ARZ_20130406.0004" medium="CHT" donated="true">
  <messages>
    <message id="m0000" time="2013-04-06 14:08:55 UTC" participant="139134">
      <body>b2olkbeij</body>
    </message>
    <message id="m0001" time="2013-04-06 14:09:28 UTC" participant="139591">
      <body>A ya riri</body>
    </message>
    <message id="m0002" time="2013-04-06 14:09:29 UTC" participant="139134">
      <body>ana aiza nruh ne surprise her f beitha belil todayw nbat</body>
    </message>
    <message id="m0003" time="2013-04-06 14:10:02 UTC" participant="139591">
      <body>Abat noway</body>
    </message>
    <message id="m0004" time="2013-04-06 14:10:06 UTC" participant="139591">
      <body>3ndy work bokra bdry</body>
    </message>
    <message id="m0005" time="2013-04-06 14:10:09 UTC" participant="139591">
      <body>We sa3b awi</body>
    </message>
    <message id="m0006" time="2013-04-06 14:10:14 UTC" participant="139591">
      <body>Mmkn arou7laha beleel 3ady</body>
    </message>
    <message id="m0007" time="2013-04-06 14:10:24 UTC" participant="139134">
      <body>tybb.  helwwww</body>
    </message>
    <message id="m0008" time="2013-04-06 14:13:38 UTC" participant="139591">
      <body>Enty fin</body>
    </message>
    <message id="m0009" time="2013-04-06 14:13:51 UTC" participant="139134">
      <body>homee</body>
    </message>
    <message id="m0010" time="2013-04-06 14:14:15 UTC" participant="139591">
      <body>Okk</body>
    </message>
    <message id="m0011" time="2013-04-06 14:14:35 UTC" participant="139134">
      <body>uu</body>
    </message>
    <message id="m0012" time="2013-04-06 14:14:42 UTC" participant="139134">
      <body>ana ryha nady</body>
    </message>
    <message id="m0013" time="2013-04-06 14:15:19 UTC" participant="139591">
      <body>Kan 3ndy work</body>
    </message>
    <message id="m0014" time="2013-04-06 14:15:22 UTC" participant="139591">
      <body>We lsa m5alas</body>
    </message>
    <message id="m0015" time="2013-04-06 14:15:33 UTC" participant="139591">
      <body>Rime ana hatgaenn sara we tarek 3altoul m3 b3d bgd :d</body>
    </message>
    <message id="m0016" time="2013-04-06 14:15:40 UTC" participant="139591">
      <body>We gat odamy kont w2efa m3 3reiby</body>
    </message>
    <message id="m0017" time="2013-04-06 14:15:42 UTC" participant="139134">
      <body>yayyy</body>
    </message>
    <message id="m0018" time="2013-04-06 14:15:47 UTC" participant="139134">
      <body>yaaa oommmyyyy</body>
    </message>
    <message id="m0019" time="2013-04-06 14:15:48 UTC" participant="139591">
      <body>We ra7et sa2laaa hwa feen tareekk</body>
    </message>
    <message id="m0020" time="2013-04-06 14:15:53 UTC" participant="139591">
      <body>Estafztny gdn bgd y3ny</body>
    </message>
    <message id="m0021" time="2013-04-06 14:16:00 UTC" participant="139134">
      <body>wahyattt diiiiniii</body>
    </message>
    <message id="m0022" time="2013-04-06 14:16:06 UTC" participant="139591">
      <body>Ana msh moktn3a enaha pure friendship m3rfsh le</body>
    </message>
    <message id="m0023" time="2013-04-06 14:16:22 UTC" participant="139134">
      <body>aywaaaa mmkn tkun asdaha tghzyk so dont let ger</body>
    </message>
    <message id="m0024" time="2013-04-06 14:16:31 UTC" participant="139591">
      <body>Aywa we tghezny lee</body>
    </message>
    <message id="m0025" time="2013-04-06 14:16:37 UTC" participant="139591">
      <body>Law homa mfiush benhom 7agaaa</body>
    </message>
    <message id="m0026" time="2013-04-06 14:16:38 UTC" participant="139134">
      <body>la tektn3i</body>
    </message>
    <message id="m0027" time="2013-04-06 14:16:39 UTC" participant="139591">
      <body>??</body>
    </message>
    <message id="m0028" time="2013-04-06 14:16:47 UTC" participant="139134">
      <body>la2</body>
    </message>
    <message id="m0029" time="2013-04-06 14:17:05 UTC" participant="139134">
      <body>ymkn</body>
    </message>
    <message id="m0030" time="2013-04-06 14:17:08 UTC" participant="139591">
      <body>Tayeb hatghzny leee ??</body>
    </message>
    <message id="m0031" time="2013-04-06 14:17:40 UTC" participant="139134">
      <body>just hya keda</body>
    </message>
    <message id="m0032" time="2013-04-06 14:37:42 UTC" participant="139591">
      <body>Gatt we makash lel so2al ay lazma aslan</body>
    </message>
    <message id="m0033" time="2013-04-06 14:37:44 UTC" participant="139591">
      <body>We aywa el mohem bas tarek fin</body>
    </message>
    <message id="m0034" time="2013-04-06 14:37:47 UTC" participant="139591">
      <body>A el estfzaz da</body>
    </message>
    <message id="m0035" time="2013-04-06 14:39:01 UTC" participant="139134">
      <body>hahahahhahaha</body>
    </message>
    <message id="m0036" time="2013-04-06 14:39:15 UTC" participant="139134">
      <body>mmkn da ykun ashan tedy2k</body>
    </message>
    <message id="m0037" time="2013-04-06 14:42:39 UTC" participant="139591">
      <body>We tdy2ny le</body>
    </message>
    <message id="m0038" time="2013-04-06 14:42:40 UTC" participant="139591">
      <body>Hya mlha we maly aslan</body>
    </message>
    <message id="m0039" time="2013-04-06 14:47:39 UTC" participant="139134">
      <body>ahhh fhnaaa</body>
    </message>
    <message id="m0040" time="2013-04-06 14:48:48 UTC" participant="139591">
      <body>Hya law wa7da hwa bel nsblha 3ady hathtam le t3asbny?</body>
    </message>
    <message id="m0041" time="2013-04-06 15:01:47 UTC" participant="139591">
      <body>Hatganen</body>
    </message>
    <message id="m0042" time="2013-04-06 15:23:43 UTC" participant="139134">
      <body>wahyattt omi 3ady</body>
    </message>
    <message id="m0043" time="2013-04-06 15:23:49 UTC" participant="139134">
      <body>lama aashufk hafhnk isa</body>
    </message>
    <message id="m0044" time="2013-04-06 15:23:56 UTC" participant="139591">
      <body>Tayeeb</body>
    </message>
    <message id="m0045" time="2013-04-06 15:23:58 UTC" participant="139591">
      <body>:(</body>
    </message>
    <message id="m0046" time="2013-04-06 15:24:01 UTC" participant="139134">
      <body>tell 3o2da w reem abt today</body>
    </message>
    <message id="m0048" time="2013-04-06 15:24:14 UTC" participant="139591">
      <body>Men gay menko?</body>
    </message>
    <message id="m0049" time="2013-04-06 15:24:21 UTC" participant="139134">
      <body>ana so farhahahahhaah</body>
    </message>
    <message id="m0050" time="2013-04-06 15:24:43 UTC" participant="139591">
      <body>Meen hayeegy?</body>
    </message>
    <message id="m0051" time="2013-04-06 15:24:55 UTC" participant="139134">
      <body>msh arfa hashuf w a2olk</body>
    </message>
    <message id="m0052" time="2013-04-06 15:34:15 UTC" participant="139591">
      <body>Ok</body>
    </message>
    <message id="m0053" time="2013-04-06 19:54:45 UTC" participant="139591">
      <body>Riri?</body>
    </message>
    <message id="m0055" time="2013-04-06 23:32:25 UTC" participant="139591">
      <body>Enty fin?</body>
    </message>
    <message id="m0056" time="2013-04-07 11:41:07 UTC" participant="139591">
      <body>Rirrii</body>
    </message>
    <message id="m0057" time="2013-04-07 11:41:22 UTC" participant="139134">
      <body>babby</body>
    </message>
    <message id="m0058" time="2013-04-07 11:41:31 UTC" participant="139591">
      <body>3amla aa</body>
    </message>
    <message id="m0059" time="2013-04-07 11:41:37 UTC" participant="139134">
      <body>am gddd</body>
    </message>
    <message id="m0060" time="2013-04-07 11:42:04 UTC" participant="139591">
      <body>Kan malek yesterday? :((</body>
    </message>
    <message id="m0061" time="2013-04-08 01:30:42 UTC" participant="139134">
      <body>i luff u</body>
    </message>
    <message id="m0062" time="2013-04-08 01:34:26 UTC" participant="139591">
      <body>Me moree walahi bgddd</body>
    </message>
    <message id="m0065" time="2013-04-08 01:35:00 UTC" participant="139134">
      <body>ughh</body>
    </message>
    <message id="m0066" time="2013-04-08 01:35:04 UTC" participant="139591">
      <body>Malek ? :(</body>
    </message>
    <message id="m0067" time="2013-04-08 01:35:09 UTC" participant="139134">
      <body>ya habibiiiiiiii</body>
    </message>
    <message id="m0068" time="2013-04-08 01:35:13 UTC" participant="139134">
      <body>:((((</body>
    </message>
    <message id="m0069" time="2013-04-08 01:35:18 UTC" participant="139134">
      <body>enty gamilaaa awiii</body>
    </message>
    <message id="m0070" time="2013-04-08 01:35:23 UTC" participant="139134">
      <body>w bahibokoo enot awyy bgd</body>
    </message>
    <message id="m0071" time="2013-04-08 01:35:42 UTC" participant="139591">
      <body/>
    </message>
    <message id="m0072" time="2013-04-08 01:35:48 UTC" participant="139591">
      <body>We7naa awi</body>
    </message>
    <message id="m0073" time="2013-04-08 01:35:52 UTC" participant="139134">
      <body>bokra neetklm isa</body>
    </message>
    <message id="m0074" time="2013-04-08 01:35:53 UTC" participant="139591">
      <body>Kan shklk ygnen 2dy</body>
    </message>
    <message id="m0075" time="2013-04-08 01:35:55 UTC" participant="139134">
      <body>akid gaya bady</body>
    </message>
    <message id="m0076" time="2013-04-08 01:35:58 UTC" participant="139134">
      <body>bgd ?!</body>
    </message>
    <message id="m0077" time="2013-04-08 01:36:05 UTC" participant="139591">
      <body>Ok bas matbmnish za3alana plzz</body>
    </message>
    <message id="m0078" time="2013-04-08 01:36:06 UTC" participant="139134">
      <body>ala ma2aliah haga</body>
    </message>
    <message id="m0079" time="2013-04-08 01:36:14 UTC" participant="139134">
      <body>hdrrrrr dwwww</body>
    </message>
    <message id="m0080" time="2013-04-08 01:36:15 UTC" participant="139591">
      <body>Ys harou7 nady isa riada b2a shewaya kfaya akl</body>
    </message>
    <message id="m0081" time="2013-04-08 01:36:24 UTC" participant="139591">
      <body>Hahaaha 23ma :D</body>
    </message>
    <message id="m0082" time="2013-04-08 01:36:28 UTC" participant="139134">
      <body>yesssss</body>
    </message>
    <message id="m0083" time="2013-04-08 01:36:34 UTC" participant="139134">
      <body>aywaaaa</body>
    </message>
    <message id="m0084" time="2013-04-08 01:36:36 UTC" participant="139134">
      <body>tyb</body>
    </message>
    <message id="m0085" time="2013-04-08 01:36:46 UTC" participant="139134">
      <body>aba ryha kick boxing</body>
    </message>
    <message id="m0086" time="2013-04-08 01:36:50 UTC" participant="139134">
      <body>830</body>
    </message>
    <message id="m0087" time="2013-04-08 01:36:56 UTC" participant="139134">
      <body>then hagru track isa</body>
    </message>
    <message id="m0088" time="2013-04-08 01:37:02 UTC" participant="139134">
      <body>mmkn mmkn agy sakah batn</body>
    </message>
    <message id="m0089" time="2013-04-08 01:37:24 UTC" participant="139591">
      <body>Mashy update mEe</body>
    </message>
    <message id="m0090" time="2013-04-08 01:37:34 UTC" participant="139134">
      <body>lkii</body>
    </message>
    <message id="m0091" time="2013-04-08 01:37:41 UTC" participant="139134">
      <body>teftkri nana enbstet ?</body>
    </message>
    <message id="m0092" time="2013-04-08 01:39:54 UTC" participant="139591">
      <body>Yss 7assaaha etbastet</body>
    </message>
    <message id="m0093" time="2013-04-08 01:45:48 UTC" participant="139134">
      <body>uayyyyyy</body>
    </message>
  </messages>
</conversation>
