<?xml version="1.0" encoding="UTF-8"?>
<conversation id="CHT_ARZ_20130320.0003" medium="CHT" donated="true">
  <messages>
    <message id="m0000" participant="138112" time="2013-03-20 21:50:36 UTC">
      <body>Hateegi bokra</body>
    </message>
    <message id="m0001" participant="138324" time="2013-03-21 14:59:52 UTC">
      <body>Enti fein</body>
    </message>
    <message id="m0002" participant="138112" time="2013-03-21 15:06:37 UTC">
      <body>3and el set bta3t el dress</body>
    </message>
    <message id="m0003" participant="138324" time="2013-03-22 11:21:53 UTC">
      <body>W baaden baa haha</body>
    </message>
    <message id="m0004" participant="138112" time="2013-03-22 11:43:35 UTC">
      <body>Hahaha e7na benel3ab wala eh</body>
    </message>
    <message id="m0005" participant="138112" time="2013-03-22 11:43:47 UTC">
      <body>Estani haftar and ill call you</body>
    </message>
    <message id="m0008" participant="138324" time="2013-03-23 11:45:17 UTC">
      <body>&lt;media omitted&gt;</body>
    </message>
    <message id="m0009" participant="138112" time="2013-03-23 11:50:10 UTC">
      <body>Men 3'eri ya rouchi :(</body>
    </message>
    <message id="m0010" participant="138324" time="2013-03-23 13:24:46 UTC">
      <body>Shofti</body>
    </message>
    <message id="m0011" participant="138324" time="2013-03-23 17:03:09 UTC">
      <body>Enti fein</body>
    </message>
    <message id="m0012" participant="138112" time="2013-03-23 17:50:09 UTC">
      <body>Fel bet</body>
    </message>
    <message id="m0013" participant="138324" time="2013-03-23 17:50:35 UTC">
      <body>Mesh betsaali alaya leeh ya beidaaaa</body>
    </message>
    <message id="m0014" participant="138112" time="2013-03-23 17:51:25 UTC">
      <body>Rawaht men el madrasa o3'm 3laya w lesa 7alan sa7ya hahaha</body>
    </message>
    <message id="m0015" participant="138324" time="2013-03-23 17:51:51 UTC">
      <body>Rohti?</body>
    </message>
    <message id="m0016" participant="138112" time="2013-03-23 17:52:07 UTC">
      <body>Feen?</body>
    </message>
    <message id="m0018" participant="138112" time="2013-03-23 17:52:13 UTC">
      <body>Ah</body>
    </message>
    <message id="m0020" participant="138324" time="2013-03-23 17:52:22 UTC">
      <body>Ah maknsh fe had sah?</body>
    </message>
    <message id="m0021" participant="138112" time="2013-03-23 17:52:38 UTC">
      <body>Ah makansh f 7ad</body>
    </message>
    <message id="m0022" participant="138112" time="2013-03-23 17:52:55 UTC">
      <body>Bas Ana w Edward w Youssef</body>
    </message>
    <message id="m0023" participant="138324" time="2013-03-23 17:53:02 UTC">
      <body>Omal rohti tehabbey eh</body>
    </message>
    <message id="m0024" participant="138112" time="2013-03-23 17:53:03 UTC">
      <body>3ashan nzaker physics</body>
    </message>
    <message id="m0025" participant="138324" time="2013-03-23 17:54:38 UTC">
      <body>Ahh</body>
    </message>
    <message id="m0026" participant="138324" time="2013-03-23 17:54:45 UTC">
      <body>w sho el akhbar</body>
    </message>
    <message id="m0027" participant="138112" time="2013-03-23 17:55:23 UTC">
      <body>El mr. 3amalena review ta2riban sa3a w nos han2afel el test </body>
    </message>
    <message id="m0028" participant="138112" time="2013-03-23 17:55:53 UTC">
      <body>W mr. Raymond nafs el kalam</body>
    </message>
    <message id="m0029" participant="138324" time="2013-03-23 17:56:12 UTC">
      <body>Ya welad kalb</body>
    </message>
    <message id="m0030" participant="138324" time="2013-03-23 17:56:25 UTC">
      <body>Tub eihhhhh</body>
    </message>
    <message id="m0031" participant="138324" time="2013-03-23 17:56:32 UTC">
      <body>mafish haga aleina</body>
    </message>
    <message id="m0032" participant="138112" time="2013-03-23 17:56:51 UTC">
      <body>Eh?</body>
    </message>
    <message id="m0034" participant="138324" time="2013-03-23 17:57:22 UTC">
      <body>Mosta3da leh eh</body>
    </message>
    <message id="m0035" participant="138112" time="2013-03-23 17:58:53 UTC">
      <body>Ya maganeen ento el etneeeen</body>
    </message>
    <message id="m0036" participant="138324" time="2013-03-23 17:59:03 UTC">
      <body>Hahahaha</body>
    </message>
    <message id="m0037" participant="138324" time="2013-03-23 17:59:16 UTC">
      <body>Tub mesh hats3dina</body>
    </message>
    <message id="m0038" participant="138112" time="2013-03-23 17:59:51 UTC">
      <body>Hahaha</body>
    </message>
    <message id="m0039" participant="138112" time="2013-03-23 17:59:55 UTC">
      <body>Ah</body>
    </message>
    <message id="m0042" participant="138112" time="2013-03-23 18:01:00 UTC">
      <body>Hatganenoooooni</body>
    </message>
    <message id="m0043" participant="138324" time="2013-03-23 18:01:13 UTC">
      <body>Begeby ataa</body>
    </message>
    <message id="m0044" participant="138324" time="2013-03-23 18:01:56 UTC">
      <body>matgeby</body>
    </message>
    <message id="m0045" participant="138112" time="2013-03-23 18:02:06 UTC">
      <body>Ageeb eh ya bet</body>
    </message>
    <message id="m0046" participant="138324" time="2013-03-23 18:23:16 UTC">
      <body>Ataaaaaa</body>
    </message>
    <message id="m0049" participant="138324" time="2013-03-23 18:46:32 UTC">
      <body>Bossa ya roh mami</body>
    </message>
    <message id="m0050" participant="138112" time="2013-03-23 18:46:58 UTC">
      <body>Haaa</body>
    </message>
    <message id="m0051" participant="138324" time="2013-03-23 18:47:08 UTC">
      <body>haaa eh?</body>
    </message>
    <message id="m0052" participant="138112" time="2013-03-23 18:47:55 UTC">
      <body>Ahhh</body>
    </message>
    <message id="m0054" participant="138112" time="2013-03-23 18:48:11 UTC">
      <body>3ayza bosa men bo2ek</body>
    </message>
    <message id="m0055" participant="138324" time="2013-03-23 19:13:51 UTC">
      <body>Ah please</body>
    </message>
    <message id="m0057" participant="138324" time="2013-03-23 20:04:18 UTC">
      <body>Harawah w akaalemek hayato</body>
    </message>
    <message id="m0059" participant="138324" time="2013-03-24 09:26:02 UTC">
      <body>&lt;media omitted&gt;</body>
    </message>
    <message id="m0060" participant="138324" time="2013-03-24 09:26:09 UTC">
      <body>&lt;media omitted&gt;</body>
    </message>
    <message id="m0061" participant="138324" time="2013-03-24 09:26:20 UTC">
      <body>Ana already afalt fatha eli fo2 di</body>
    </message>
    <message id="m0062" participant="138324" time="2013-03-24 09:50:26 UTC">
      <body>&lt;media omitted&gt;</body>
    </message>
    <message id="m0063" participant="138324" time="2013-03-24 09:50:28 UTC">
      <body>&lt;media omitted&gt;</body>
    </message>
    <message id="m0064" participant="138112" time="2013-03-24 09:51:23 UTC">
      <body>Fiha silver, maynf3sh</body>
    </message>
    <message id="m0065" participant="138324" time="2013-03-24 09:51:54 UTC">
      <body>Da silver ya 3amya</body>
    </message>
    <message id="m0066" participant="138112" time="2013-03-24 09:53:13 UTC">
      <body>Omal eh :D</body>
    </message>
    <message id="m0067" participant="138324" time="2013-03-24 09:54:51 UTC">
      <body>Howa medy ala oxede aslan</body>
    </message>
    <message id="m0068" participant="138324" time="2013-03-24 09:54:58 UTC">
      <body>W mesh bayen</body>
    </message>
    <message id="m0070" participant="138112" time="2013-03-24 10:00:37 UTC">
      <body>Msh arfa 7asa silver awy</body>
    </message>
    <message id="m0071" participant="138112" time="2013-03-24 10:00:53 UTC">
      <body>W ah heya aletli hahaha Ana lesa afla maaha bardo</body>
    </message>
    <message id="m0072" participant="138324" time="2013-03-24 10:01:10 UTC">
      <body>Haha altlk eh</body>
    </message>
    <message id="m0073" participant="138112" time="2013-03-24 10:57:57 UTC">
      <body>Enti feen</body>
    </message>
    <message id="m0074" participant="138324" time="2013-03-24 11:08:06 UTC">
      <body>Abbas akas</body>
    </message>
    <message id="m0075" participant="138324" time="2013-03-24 11:08:10 UTC">
      <body>Akad*</body>
    </message>
    <message id="m0077" participant="138324" time="2013-03-24 13:16:59 UTC">
      <body>&lt;media omitted&gt;</body>
    </message>
    <message id="m0078" participant="138112" time="2013-03-24 17:13:56 UTC">
      <body>Rawahti</body>
    </message>
    <message id="m0079" participant="138324" time="2013-03-24 17:27:37 UTC">
      <body>Ahh fokek men arabi</body>
    </message>
    <message id="m0080" participant="138324" time="2013-03-24 17:27:41 UTC">
      <body>Zakry eng</body>
    </message>
    <message id="m0081" participant="138112" time="2013-03-24 17:28:11 UTC">
      <body>Msh hynfa3</body>
    </message>
    <message id="m0082" participant="138324" time="2013-03-24 17:28:22 UTC">
      <body>ya benti fe exam bokra</body>
    </message>
    <message id="m0083" participant="138112" time="2013-03-24 17:28:28 UTC">
      <body>Mami bet2oli lel etnatati mesh hatel3'i el dars</body>
    </message>
    <message id="m0084" participant="138112" time="2013-03-24 17:28:47 UTC">
      <body>W ba3deen howa hayege aslan delwa2ty 5alas</body>
    </message>
    <message id="m0085" participant="138324" time="2013-03-24 17:47:46 UTC">
      <body>tayeb lama tekhlsi baa</body>
    </message>
    <message id="m0086" participant="138112" time="2013-03-24 17:48:21 UTC">
      <body>Marshy</body>
    </message>
    <message id="m0087" participant="138112" time="2013-03-24 17:48:28 UTC">
      <body>*mashy</body>
    </message>
    <message id="m0088" participant="138112" time="2013-03-24 17:48:34 UTC">
      <body>Ana b5alas 7:30</body>
    </message>
    <message id="m0089" participant="138324" time="2013-03-24 17:49:02 UTC">
      <body>khalsy khaly had yebaatlk el quotes</body>
    </message>
    <message id="m0091" participant="138112" time="2013-03-24 20:37:25 UTC">
      <body>Rochane enti maaki ketab el vocab</body>
    </message>
    <message id="m0092" participant="138324" time="2013-03-24 20:37:33 UTC">
      <body>Ah</body>
    </message>
    <message id="m0093" participant="138112" time="2013-03-24 20:38:04 UTC">
      <body>7ala f?</body>
    </message>
    <message id="m0094" participant="138112" time="2013-03-24 20:38:14 UTC">
      <body>Momken tsawareeli lessons 9-13</body>
    </message>
    <message id="m0095" participant="138324" time="2013-03-24 20:38:39 UTC">
      <body>Lama arawah hab3tlk</body>
    </message>
    <message id="m0096" participant="138324" time="2013-03-24 20:38:44 UTC">
      <body>Ana mesh. F beit</body>
    </message>
    <message id="m0097" participant="138112" time="2013-03-24 20:39:01 UTC">
      <body>Lesa 3and mamato?</body>
    </message>
    <message id="m0098" participant="138324" time="2013-03-24 20:39:44 UTC">
      <body>Laa</body>
    </message>
    <message id="m0099" participant="138112" time="2013-03-24 20:45:33 UTC">
      <body>Malek?</body>
    </message>
    <message id="m0100" participant="138324" time="2013-03-24 20:46:12 UTC">
      <body>Nadeem arfni</body>
    </message>
    <message id="m0101" participant="138112" time="2013-03-24 20:46:24 UTC">
      <body>Leh</body>
    </message>
    <message id="m0102" participant="138112" time="2013-03-24 20:46:26 UTC">
      <body>F eh</body>
    </message>
    <message id="m0103" participant="138324" time="2013-03-24 20:49:34 UTC">
      <body>Hahkilk lamaa arawah</body>
    </message>
    <message id="m0104" participant="138112" time="2013-03-24 20:49:44 UTC">
      <body>Mashy</body>
    </message>
    <message id="m0105" participant="138324" time="2013-03-24 20:50:44 UTC">
      <body/>
    </message>
    <message id="m0106" participant="138324" time="2013-03-25 11:27:05 UTC">
      <body>&lt;media omitted&gt;</body>
    </message>
  </messages>
</conversation>
