<?xml version="1.0" encoding="UTF-8"?>
<conversation id="CHT_ARZ_20130206.0003" medium="CHT" donated="true">
  <messages>
    <message id="m0000" time="2013-02-06 18:41:00 UTC" participant="139376">
      <body>مبروك على البطيخة  </body>
    </message>
    <message id="m0001" time="2013-02-06 18:42:00 UTC" participant="139376">
      <body></body>
    </message>
    <message id="m0002" time="2013-02-06 19:07:00 UTC" participant="139547">
      <body>ههه</body>
    </message>
    <message id="m0003" time="2013-02-06 19:07:00 UTC" participant="139547">
      <body>الله يبارك فيكى</body>
    </message>
    <message id="m0004" time="2013-02-06 19:07:00 UTC" participant="139547">
      <body>اتفضلى معانا</body>
    </message>
    <message id="m0005" time="2013-02-06 19:08:00 UTC" participant="139547">
      <body></body>
    </message>
    <message id="m0006" time="2013-02-06 19:08:00 UTC" participant="139376">
      <body>طلعت حلوة المهم؟</body>
    </message>
    <message id="m0007" time="2013-02-06 19:08:00 UTC" participant="139547">
      <body>اه والله</body>
    </message>
    <message id="m0008" time="2013-02-06 19:08:00 UTC" participant="139547">
      <body>الحمد لله</body>
    </message>
    <message id="m0009" time="2013-02-06 19:08:00 UTC" participant="139376">
      <body>طب الحمد لله</body>
    </message>
    <message id="m0010" time="2013-02-06 19:08:00 UTC" participant="139547">
      <body></body>
    </message>
    <message id="m0011" time="2013-02-06 19:08:00 UTC" participant="139547">
      <body>عملت عيش محمص و جبنه و كلت منها</body>
    </message>
    <message id="m0012" time="2013-02-06 19:08:00 UTC" participant="139547">
      <body></body>
    </message>
    <message id="m0013" time="2013-02-06 19:08:00 UTC" participant="139376">
      <body>ملكيش حجة بقه</body>
    </message>
    <message id="m0014" time="2013-02-06 19:08:00 UTC" participant="139376">
      <body>اولدي بقه</body>
    </message>
    <message id="m0015" time="2013-02-06 19:09:00 UTC" participant="139376">
      <body>هو النونو هو الي ملهوش حجة</body>
    </message>
    <message id="m0016" time="2013-02-06 19:09:00 UTC" participant="139376">
      <body>لبيتي كل طلاباته  </body>
    </message>
    <message id="m0017" time="2013-02-06 19:10:00 UTC" participant="139547">
      <body>ماما قالتلى كده برضه</body>
    </message>
    <message id="m0018" time="2013-02-06 19:10:00 UTC" participant="139376">
      <body></body>
    </message>
    <message id="m0019" time="2013-02-06 19:10:00 UTC" participant="139547">
      <body></body>
    </message>
  </messages>
</conversation>
