<?xml version="1.0" encoding="UTF-8"?>
<conversation id="CHT_ARZ_20130423.0000" medium="CHT" donated="true">
  <messages>
    <message id="m0001" time="2013-04-23 13:31:28 UTC" participant="139508">
      <body>fi today wala eih</body>
    </message>
    <message id="m0002" time="2013-04-23 13:31:54 UTC" participant="139540">
      <body>Ahhh enty hafza?</body>
    </message>
    <message id="m0003" time="2013-04-23 13:32:04 UTC" participant="139508">
      <body>aywaann isaa</body>
    </message>
    <message id="m0004" time="2013-04-23 13:32:22 UTC" participant="139540">
      <body>Tybbb good  4 30 bzbt isA okay?</body>
    </message>
    <message id="m0006" time="2013-04-23 13:32:38 UTC" participant="139508">
      <body>isaa</body>
    </message>
  </messages>
</conversation>
