<?xml version="1.0" encoding="UTF-8"?>
<conversation id="CHT_ARZ_20130417.0004" medium="CHT" donated="true">
  <messages>
    <message id="m0000" time="2013-04-17 13:36:00 UTC" participant="139548">
      <body>صباح الخير يا قمر و حمدالله على السلامه</body>
    </message>
    <message id="m0001" time="2013-04-17 13:36:00 UTC" participant="139548">
      <body>ولو انها متأخره</body>
    </message>
    <message id="m0002" time="2013-04-17 18:11:00 UTC" participant="139376">
      <body>الله يسلمك</body>
    </message>
    <message id="m0003" time="2013-04-17 18:11:00 UTC" participant="139376">
      <body>أخبارك ايه؟؟</body>
    </message>
    <message id="m0004" time="2013-04-17 18:24:00 UTC" participant="139548">
      <body>عامله اه؟؟</body>
    </message>
    <message id="m0005" time="2013-04-17 18:26:00 UTC" participant="139548">
      <body>كان نفسي اشوفك بس اجازتك صغيرة وقلت اكيد حتكوني مشغولة مع امنيه</body>
    </message>
    <message id="m0006" time="2013-04-17 18:26:00 UTC" participant="139376">
      <body>اه فعلا</body>
    </message>
    <message id="m0007" time="2013-04-17 18:27:00 UTC" participant="139376">
      <body>كنا مشغولين معاها جامد</body>
    </message>
    <message id="m0008" time="2013-04-17 18:47:00 UTC" participant="139548">
      <body>و هي عمله اه دلوقتي؟؟</body>
    </message>
    <message id="m0009" time="2013-04-17 18:49:00 UTC" participant="139376">
      <body>احسن الحمد لله</body>
    </message>
  </messages>
</conversation>
