<?xml version="1.0" encoding="UTF-8"?>
<conversation id="CHT_ARZ_20130217.0000" medium="CHT" donated="true">
  <messages>
    <message id="m0000" participant="138319" time="2013-02-17 20:52:42 UTC">
      <body>Yara</body>
    </message>
    <message id="m0001" participant="138112" time="2013-02-17 20:56:07 UTC">
      <body>Andrew</body>
    </message>
    <message id="m0002" participant="138112" time="2013-02-17 20:56:22 UTC">
      <body>Maradetsh whyyy</body>
    </message>
    <message id="m0003" participant="138319" time="2013-02-17 20:56:58 UTC">
      <body>Kont bal3b sry :D</body>
    </message>
    <message id="m0004" participant="138319" time="2013-02-17 20:57:11 UTC">
      <body>Kol dah 10 min</body>
    </message>
    <message id="m0005" participant="138112" time="2013-02-17 20:58:36 UTC">
      <body>Asl ba3d Keda kalt then kan 3andi dars w ba3d Keda 3amalt homework and I completely forgot!! Sorry :(</body>
    </message>
    <message id="m0006" participant="138112" time="2013-02-17 20:58:38 UTC">
      <body>:*</body>
    </message>
    <message id="m0007" participant="138112" time="2013-02-17 20:58:43 UTC">
      <body>Btl3ab eh</body>
    </message>
    <message id="m0008" participant="138319" time="2013-02-17 20:59:22 UTC">
      <body>Buggy bta3 wa7ed sa7bna</body>
    </message>
    <message id="m0009" participant="138112" time="2013-02-17 20:59:41 UTC">
      <body>Hahahaha okk</body>
    </message>
    <message id="m0010" participant="138319" time="2013-02-17 21:00:22 UTC">
      <body>:D</body>
    </message>
    <message id="m0011" participant="138112" time="2013-02-17 21:00:37 UTC">
      <body>Ezayakk</body>
    </message>
    <message id="m0012" participant="138319" time="2013-02-17 21:01:28 UTC">
      <body>Kolo 7lw wanty</body>
    </message>
    <message id="m0013" participant="138112" time="2013-02-17 21:02:18 UTC">
      <body>Kwayesa el7</body>
    </message>
    <message id="m0014" participant="138112" time="2013-02-17 21:02:25 UTC">
      <body>3amalt eh enaharda</body>
    </message>
    <message id="m0015" participant="138319" time="2013-02-17 21:04:09 UTC">
      <body>Lama s7eet kalmtk bas wa b3d kda nzlt</body>
    </message>
    <message id="m0016" participant="138112" time="2013-02-17 21:05:26 UTC">
      <body>Feen</body>
    </message>
    <message id="m0017" participant="138112" time="2013-02-17 21:05:30 UTC">
      <body>Saye3</body>
    </message>
    <message id="m0018" participant="138319" time="2013-02-17 21:05:57 UTC">
      <body>Cruze</body>
    </message>
    <message id="m0019" participant="138112" time="2013-02-17 21:06:51 UTC">
      <body>Mmm cool</body>
    </message>
    <message id="m0020" participant="138319" time="2013-02-18 18:40:06 UTC">
      <body>Mozaaa</body>
    </message>
    <message id="m0021" participant="138112" time="2013-02-18 18:53:14 UTC">
      <body>Mozzzz</body>
    </message>
    <message id="m0023" participant="138112" time="2013-02-18 18:55:35 UTC">
      <body>Ha text you lama arawah</body>
    </message>
    <message id="m0024" participant="138319" time="2013-02-18 19:58:30 UTC">
      <body>Eshta</body>
    </message>
    <message id="m0027" participant="138319" time="2013-02-18 20:46:21 UTC">
      <body>Kolo fol wanty</body>
    </message>
    <message id="m0028" participant="138112" time="2013-02-18 20:47:43 UTC">
      <body>Kolo kwayes el7, bt3mel ehh</body>
    </message>
    <message id="m0029" participant="138319" time="2013-02-18 20:47:59 UTC">
      <body>Wala 7aga wanty</body>
    </message>
    <message id="m0030" participant="138112" time="2013-02-18 20:55:19 UTC">
      <body>Lesa merawaha w ta3bana fsh5</body>
    </message>
    <message id="m0031" participant="138112" time="2013-02-18 20:55:28 UTC">
      <body>3andi soda3 w 3ayza anam</body>
    </message>
    <message id="m0032" participant="138319" time="2013-02-19 00:28:51 UTC">
      <body>Alf slama bbe :* ab2y tamnini bokra</body>
    </message>
    <message id="m0033" participant="138112" time="2013-02-19 18:31:29 UTC">
      <body>Nayem meta5ar Keda lehh</body>
    </message>
    <message id="m0034" participant="138319" time="2013-02-19 18:39:16 UTC">
      <body>Kont sahran m3 wa7ed sa7by</body>
    </message>
    <message id="m0035" participant="138112" time="2013-02-19 18:43:20 UTC">
      <body>Feeen</body>
    </message>
    <message id="m0036" participant="138319" time="2013-02-19 18:43:38 UTC">
      <body>Rehab</body>
    </message>
    <message id="m0037" participant="138112" time="2013-02-19 18:44:21 UTC">
      <body>Mmm ok</body>
    </message>
    <message id="m0038" participant="138112" time="2013-02-19 18:44:34 UTC">
      <body>Enty nazel school tany Monday?</body>
    </message>
    <message id="m0039" participant="138319" time="2013-02-19 18:44:51 UTC">
      <body>School eh</body>
    </message>
    <message id="m0040" participant="138112" time="2013-02-19 18:48:58 UTC">
      <body>GUC</body>
    </message>
    <message id="m0041" participant="138319" time="2013-02-19 18:49:27 UTC">
      <body>El sbt :D</body>
    </message>
    <message id="m0042" participant="138112" time="2013-02-19 18:50:08 UTC">
      <body>W ehna hanenzl emta b2aaa</body>
    </message>
    <message id="m0043" participant="138319" time="2013-02-19 18:50:28 UTC">
      <body>2oli la nfsk :D</body>
    </message>
    <message id="m0044" participant="138112" time="2013-02-19 18:50:47 UTC">
      <body>As2al yomna tayeb wla eh</body>
    </message>
    <message id="m0045" participant="138112" time="2013-02-19 18:51:05 UTC">
      <body>Wla ento msh betetkalemo aslann</body>
    </message>
    <message id="m0046" participant="138112" time="2013-02-19 18:51:18 UTC">
      <body>Wla eh, mana msh arfa haga</body>
    </message>
    <message id="m0047" participant="138319" time="2013-02-19 18:52:05 UTC">
      <body>Yomna meen 5las b2a</body>
    </message>
    <message id="m0048" participant="138112" time="2013-02-19 18:52:31 UTC">
      <body>Eh?</body>
    </message>
    <message id="m0049" participant="138319" time="2013-02-19 18:53:14 UTC">
      <body>Hwa eh el eh :D</body>
    </message>
    <message id="m0050" participant="138112" time="2013-02-19 18:53:25 UTC">
      <body>Msh fahma</body>
    </message>
    <message id="m0052" participant="138112" time="2013-02-19 18:55:54 UTC">
      <body>La2 2ool</body>
    </message>
    <message id="m0053" participant="138319" time="2013-02-19 18:56:07 UTC">
      <body>7lwa el sora with green bikini dy ;)</body>
    </message>
    <message id="m0054" participant="138319" time="2013-02-19 18:56:33 UTC">
      <body>5lass 7war yomna</body>
    </message>
    <message id="m0055" participant="138112" time="2013-02-19 18:56:54 UTC">
      <body>Yaani eh 5las 7ewar yomna</body>
    </message>
    <message id="m0056" participant="138112" time="2013-02-19 18:57:03 UTC">
      <body>Sora eh haha</body>
    </message>
    <message id="m0057" participant="138319" time="2013-02-19 18:57:39 UTC">
      <body>5laaas ferksh</body>
    </message>
    <message id="m0058" participant="138112" time="2013-02-19 18:57:59 UTC">
      <body>La2 2oli</body>
    </message>
    <message id="m0059" participant="138112" time="2013-02-19 18:58:05 UTC">
      <body>Msh baheb keda</body>
    </message>
    <message id="m0060" participant="138112" time="2013-02-19 18:58:16 UTC">
      <body>Howa eh el 7asal</body>
    </message>
    <message id="m0061" participant="138319" time="2013-02-19 18:58:37 UTC">
      <body>Msh bt7by eh ba2olk ferksh</body>
    </message>
    <message id="m0062" participant="138112" time="2013-02-19 18:59:13 UTC">
      <body>Yaani eh ferksh</body>
    </message>
    <message id="m0063" participant="138112" time="2013-02-19 18:59:28 UTC">
      <body>Ana msh fahma haga</body>
    </message>
    <message id="m0064" participant="138319" time="2013-02-19 18:59:52 UTC">
      <body>5las frkshna</body>
    </message>
    <message id="m0065" participant="138112" time="2013-02-19 19:00:31 UTC">
      <body>Howa ento konto mestsa7been? Howa eh el farkeshna hahaha</body>
    </message>
    <message id="m0066" participant="138319" time="2013-02-19 19:01:45 UTC">
      <body>Manty msh 3ayza tfhami eh el 3'baa2</body>
    </message>
    <message id="m0067" participant="138319" time="2013-02-19 19:01:48 UTC">
      <body>Dah</body>
    </message>
    <message id="m0068" participant="138319" time="2013-02-19 19:02:09 UTC">
      <body>5laas ana msh bat2ha</body>
    </message>
    <message id="m0070" participant="138112" time="2013-02-19 19:03:03 UTC">
      <body>Hahahaha leh, ento Aslan msh betekalemo</body>
    </message>
    <message id="m0071" participant="138319" time="2013-02-19 19:16:24 UTC">
      <body>aywa 5las msh bntklm</body>
    </message>
    <message id="m0072" participant="138112" time="2013-02-19 19:18:00 UTC">
      <body>Yaani mat2darosh to5rogo as friends? Ata3to 5aless?</body>
    </message>
    <message id="m0073" participant="138112" time="2013-02-19 19:18:41 UTC">
      <body>Yaani law 5aragna men 3'erha mesh hatfre2 maaha Aslan?</body>
    </message>
    <message id="m0074" participant="138319" time="2013-02-19 19:56:50 UTC">
      <body>Yara ntklm later 3shan ana msh fady nw</body>
    </message>
    <message id="m0075" participant="138112" time="2013-02-20 18:52:51 UTC">
      <body>Kol da msh fady</body>
    </message>
    <message id="m0076" participant="138319" time="2013-02-21 13:54:46 UTC">
      <body>Manty mardtish 3laya s3tha</body>
    </message>
    <message id="m0077" participant="138112" time="2013-02-21 15:07:14 UTC">
      <body>Tab hat3mel eh today</body>
    </message>
    <message id="m0078" participant="138319" time="2013-02-21 15:30:49 UTC">
      <body>Msh 3arf</body>
    </message>
    <message id="m0079" participant="138112" time="2013-02-21 15:31:42 UTC">
      <body>Enta msh 3ayez tenzl m3 yomn?</body>
    </message>
    <message id="m0080" participant="138319" time="2013-02-21 16:49:04 UTC">
      <body>La2 tab3n</body>
    </message>
    <message id="m0081" participant="138319" time="2013-02-21 17:40:10 UTC">
      <body>3abita</body>
    </message>
    <message id="m0083" participant="138112" time="2013-02-21 17:40:33 UTC">
      <body>Kalb</body>
    </message>
    <message id="m0084" participant="138319" time="2013-02-21 17:41:16 UTC">
      <body>La bgd :D</body>
    </message>
    <message id="m0085" participant="138319" time="2013-02-21 17:44:08 UTC">
      <body>Anty 3abita :D</body>
    </message>
    <message id="m0087" participant="138319" time="2013-02-21 17:44:58 UTC">
      <body>27kily 3n nfsak</body>
    </message>
    <message id="m0088" participant="138319" time="2013-02-21 17:45:09 UTC">
      <body>Wa 7awly tkdby 3laia</body>
    </message>
    <message id="m0089" participant="138112" time="2013-02-21 17:45:30 UTC">
      <body>Ehhhh??? Haha</body>
    </message>
    <message id="m0090" participant="138112" time="2013-02-21 17:45:32 UTC">
      <body>Leh</body>
    </message>
    <message id="m0091" participant="138112" time="2013-02-21 17:45:48 UTC">
      <body>And mobile 6% w msh adra a2oom</body>
    </message>
    <message id="m0092" participant="138112" time="2013-02-21 17:45:52 UTC">
      <body>Ageeb el charger</body>
    </message>
    <message id="m0093" participant="138112" time="2013-02-21 17:45:55 UTC">
      <body>:(</body>
    </message>
    <message id="m0095" participant="138319" time="2013-02-21 17:46:17 UTC">
      <body>So hayfsal haha</body>
    </message>
    <message id="m0097" participant="138319" time="2013-02-21 17:55:29 UTC">
      <body>Hat3mli eh engzy</body>
    </message>
    <message id="m0098" participant="138112" time="2013-02-21 17:56:57 UTC">
      <body>Matnarfeznish Ana oltelak</body>
    </message>
    <message id="m0099" participant="138319" time="2013-02-21 17:57:48 UTC">
      <body>2olty eh</body>
    </message>
    <message id="m0100" participant="138112" time="2013-02-21 17:58:26 UTC">
      <body>Oltelak en 3andi birthday</body>
    </message>
    <message id="m0101" participant="138112" time="2013-02-21 17:58:49 UTC">
      <body>W en Rochane 2aletli law msh haro7 a5rog m3aha</body>
    </message>
    <message id="m0102" participant="138112" time="2013-02-21 17:59:00 UTC">
      <body>Msh e7na etkalemma -__-</body>
    </message>
    <message id="m0103" participant="138319" time="2013-02-21 18:00:44 UTC">
      <body>Mashy ya yara</body>
    </message>
    <message id="m0104" participant="138112" time="2013-02-22 12:01:45 UTC">
      <body>Sehet</body>
    </message>
  </messages>
</conversation>
