<?xml version="1.0" encoding="UTF-8"?>
<conversation id="CHT_ARZ_20121226.0001" medium="CHT" donated="true">
  <messages>
    <message id="m0000" participant="138310" time="2012-12-26 18:01:08 UTC">
      <body>Hello :D</body>
    </message>
    <message id="m0001" participant="138112" time="2012-12-26 18:03:22 UTC">
      <body>Hi:)</body>
    </message>
    <message id="m0002" participant="138310" time="2012-12-26 18:04:44 UTC">
      <body>3mla eh</body>
    </message>
    <message id="m0003" participant="138112" time="2012-12-26 18:04:58 UTC">
      <body>Kwayesa el7, enta 3amel eh??</body>
    </message>
    <message id="m0004" participant="138310" time="2012-12-26 18:05:09 UTC">
      <body>Tmam :D</body>
    </message>
    <message id="m0005" participant="138112" time="2012-12-26 18:05:19 UTC">
      <body>Ehhh fenak</body>
    </message>
    <message id="m0006" participant="138310" time="2012-12-26 18:05:36 UTC">
      <body>Fel beet :D</body>
    </message>
    <message id="m0007" participant="138112" time="2012-12-26 18:06:30 UTC">
      <body>Bt3mel eh</body>
    </message>
    <message id="m0008" participant="138310" time="2012-12-26 18:06:44 UTC">
      <body>Wala 7aga tv w net</body>
    </message>
    <message id="m0009" participant="138310" time="2012-12-26 18:08:55 UTC">
      <body>W7shany walahy :D</body>
    </message>
    <message id="m0010" participant="138310" time="2012-12-26 18:09:00 UTC">
      <body>3ayz ashoofek</body>
    </message>
    <message id="m0011" participant="138112" time="2012-12-26 18:54:21 UTC">
      <body>Enta kaman walahi!!</body>
    </message>
    <message id="m0012" participant="138310" time="2012-12-26 18:56:53 UTC">
      <body>Gaya sp nada ?</body>
    </message>
    <message id="m0013" participant="138112" time="2012-12-26 21:32:52 UTC">
      <body>Ahhh isa enta raye7?</body>
    </message>
    <message id="m0014" participant="138310" time="2012-12-26 23:15:29 UTC">
      <body>Ah isa</body>
    </message>
    <message id="m0015" participant="138112" time="2012-12-27 18:10:50 UTC">
      <body>Tab hashoofak isa</body>
    </message>
    <message id="m0016" participant="138310" time="2012-12-27 18:11:15 UTC">
      <body>Isa</body>
    </message>
    <message id="m0017" participant="138112" time="2012-12-27 19:13:27 UTC">
      <body>:D</body>
    </message>
  </messages>
</conversation>
