<?xml version="1.0" encoding="UTF-8"?>
<conversation id="CHT_ARZ_20130325.0004" medium="CHT" donated="true">
  <messages>
    <message id="m0000" time="2013-03-25 15:26:07 UTC" participant="139275">
      <body>&lt;media omitted&gt;</body>
    </message>
    <message id="m0001" time="2013-03-25 15:57:20 UTC" participant="139558">
      <body>ماشاء الله</body>
    </message>
    <message id="m0002" time="2013-03-25 15:57:27 UTC" participant="139558">
      <body>الله أكبر</body>
    </message>
    <message id="m0003" time="2013-03-25 15:57:43 UTC" participant="139558">
      <body>ربنا يباركلكوا فيه و يحميه يا رب</body>
    </message>
    <message id="m0004" time="2013-03-25 15:57:49 UTC" participant="139558">
      <body/>
    </message>
    <message id="m0005" time="2013-03-25 15:57:54 UTC" participant="139558">
      <body/>
    </message>
  </messages>
</conversation>
