<?xml version="1.0" encoding="UTF-8"?>
<conversation id="CHT_ARZ_20130315.0000" medium="CHT" donated="true">
  <messages>
    <message id="m0000" participant="138112" time="2013-03-15 12:25:11 UTC">
      <body>Hana</body>
    </message>
    <message id="m0001" participant="138112" time="2013-03-15 12:25:25 UTC">
      <body>Elbesi</body>
    </message>
    <message id="m0002" participant="138112" time="2013-03-15 12:26:12 UTC">
      <body>Ana w mami hanelbes delwa2ti w ha2olak wana nazla men el bet</body>
    </message>
    <message id="m0003" participant="138112" time="2013-03-15 12:26:22 UTC">
      <body>Eshtaaa?</body>
    </message>
    <message id="m0004" participant="138317" time="2013-03-15 12:37:13 UTC">
      <body>Eshtaa 7bbtty</body>
    </message>
    <message id="m0005" participant="138112" time="2013-03-15 13:17:05 UTC">
      <body>Ana nazla men el bet now</body>
    </message>
    <message id="m0006" participant="138317" time="2013-03-15 13:19:30 UTC">
      <body>Okaii</body>
    </message>
    <message id="m0007" participant="138112" time="2013-03-15 13:26:34 UTC">
      <body>Ana t7t</body>
    </message>
    <message id="m0010" participant="138317" time="2013-03-16 10:00:00 UTC">
      <body>3amlaa ehh?</body>
    </message>
    <message id="m0011" participant="138112" time="2013-03-16 10:00:22 UTC">
      <body>Kwayesa el7, enti 3amla eh</body>
    </message>
    <message id="m0012" participant="138317" time="2013-03-16 10:01:16 UTC">
      <body>Gdd el77, I love your whatsapp photo msA</body>
    </message>
  </messages>
</conversation>
