<?xml version="1.0" encoding="UTF-8"?>
<conversation id="CHT_ARZ_20120818.0006" medium="CHT" donated="true">
  <messages>
    <message id="m0000" time="2012-08-18 17:06:44 UTC" participant="139275">
      <body>&lt;media omitted&gt;</body>
    </message>
    <message id="m0001" time="2012-08-18 17:08:18 UTC" participant="139275">
      <body>allaaaah shokraaan</body>
    </message>
    <message id="m0002" time="2012-08-18 18:12:54 UTC" participant="139566">
      <body>Kol sana w enty taiba waslny el sanfor da </body>
    </message>
    <message id="m0003" time="2012-08-18 18:13:23 UTC" participant="139566">
      <body>5ody ftar bokra aho</body>
    </message>
    <message id="m0004" time="2012-08-18 18:14:10 UTC" participant="139566">
      <body></body>
    </message>
  </messages>
</conversation>
