<?xml version="1.0" encoding="UTF-8"?>
<conversation id="CHT_ARZ_20130121.0000" medium="CHT" donated="true">
  <messages>
    <message id="m0000" participant="138325" time="2013-01-21 22:43:15 UTC">
      <body>Yoooyoooo</body>
    </message>
    <message id="m0001" participant="138112" time="2013-01-21 22:59:53 UTC">
      <body>Ahlan</body>
    </message>
    <message id="m0002" participant="138325" time="2013-01-21 23:00:21 UTC">
      <body>Ya yooyoo anty wa7ashtini</body>
    </message>
    <message id="m0003" participant="138325" time="2013-01-21 23:00:24 UTC">
      <body/>
    </message>
    <message id="m0004" participant="138112" time="2013-01-21 23:03:35 UTC">
      <body>Ana esmy Yara</body>
    </message>
    <message id="m0005" participant="138325" time="2013-01-21 23:04:05 UTC">
      <body>Badl3ek ya yara fe a</body>
    </message>
    <message id="m0006" participant="138325" time="2013-01-21 23:04:07 UTC">
      <body/>
    </message>
    <message id="m0007" participant="138112" time="2013-01-21 23:05:12 UTC">
      <body>La2 Yara</body>
    </message>
    <message id="m0008" participant="138325" time="2013-01-21 23:05:35 UTC">
      <body>Tyb mashi</body>
    </message>
    <message id="m0009" participant="138325" time="2013-01-21 23:05:43 UTC">
      <body>Ana 3'altan</body>
    </message>
    <message id="m0010" participant="138112" time="2013-01-21 23:06:29 UTC">
      <body>Momo :*</body>
    </message>
    <message id="m0011" participant="138325" time="2013-01-21 23:08:32 UTC">
      <body>El bosa deh bal rouge ?</body>
    </message>
    <message id="m0012" participant="138325" time="2013-01-21 23:08:35 UTC">
      <body/>
    </message>
    <message id="m0013" participant="138112" time="2013-01-21 23:15:02 UTC">
      <body>La2</body>
    </message>
    <message id="m0014" participant="138325" time="2013-01-21 23:15:17 UTC">
      <body/>
    </message>
    <message id="m0015" participant="138325" time="2013-01-21 23:15:25 UTC">
      <body>Zakartyy ??</body>
    </message>
    <message id="m0016" participant="138112" time="2013-01-21 23:16:01 UTC">
      <body>Ahhhh:D</body>
    </message>
    <message id="m0018" participant="138325" time="2013-01-21 23:16:32 UTC">
      <body>Ana 3ayaz anam</body>
    </message>
    <message id="m0019" participant="138112" time="2013-01-21 23:16:47 UTC">
      <body>Nam!</body>
    </message>
    <message id="m0020" participant="138325" time="2013-01-21 23:17:23 UTC">
      <body>7azkar shwya kman</body>
    </message>
    <message id="m0023" participant="138325" time="2013-01-21 23:20:24 UTC">
      <body>❤</body>
    </message>
    <message id="m0024" participant="138112" time="2013-01-21 23:24:52 UTC">
      <body>Hahahaha ahhhh:D</body>
    </message>
    <message id="m0025" participant="138325" time="2013-01-21 23:25:12 UTC">
      <body>Anty gamila</body>
    </message>
    <message id="m0026" participant="138325" time="2013-01-21 23:25:16 UTC">
      <body/>
    </message>
    <message id="m0027" participant="138112" time="2013-01-21 23:42:18 UTC">
      <body>:*</body>
    </message>
    <message id="m0028" participant="138325" time="2013-01-22 00:05:11 UTC">
      <body>❤</body>
    </message>
    <message id="m0029" participant="138325" time="2013-01-22 00:25:17 UTC">
      <body>Namty ?</body>
    </message>
    <message id="m0030" participant="138112" time="2013-01-22 00:25:35 UTC">
      <body>La2</body>
    </message>
    <message id="m0031" participant="138325" time="2013-01-22 00:27:48 UTC">
      <body>Bat3maly a ?</body>
    </message>
    <message id="m0032" participant="138112" time="2013-01-22 00:29:27 UTC">
      <body>Bazaker vocab</body>
    </message>
    <message id="m0033" participant="138325" time="2013-01-22 15:16:35 UTC">
      <body>Yooyoo</body>
    </message>
    <message id="m0034" participant="138325" time="2013-01-22 15:48:16 UTC">
      <body>Yoyo</body>
    </message>
    <message id="m0035" participant="138112" time="2013-01-22 15:49:07 UTC">
      <body>Eh</body>
    </message>
    <message id="m0036" participant="138325" time="2013-01-22 15:49:35 UTC">
      <body>Rawa7ty?</body>
    </message>
    <message id="m0037" participant="138112" time="2013-01-22 15:49:52 UTC">
      <body>Ah</body>
    </message>
    <message id="m0038" participant="138325" time="2013-01-22 15:50:13 UTC">
      <body>Wa7ashtinii </body>
    </message>
    <message id="m0039" participant="138325" time="2013-01-22 15:50:19 UTC">
      <body/>
    </message>
    <message id="m0040" participant="138112" time="2013-01-22 15:50:33 UTC">
      <body>Matkalemnish</body>
    </message>
    <message id="m0041" participant="138325" time="2013-01-22 15:50:45 UTC">
      <body>Lah ?</body>
    </message>
    <message id="m0042" participant="138325" time="2013-01-22 15:50:53 UTC">
      <body/>
    </message>
    <message id="m0043" participant="138112" time="2013-01-22 15:52:00 UTC">
      <body>Kda</body>
    </message>
    <message id="m0045" participant="138325" time="2013-01-22 15:58:31 UTC">
      <body>Yaraa</body>
    </message>
    <message id="m0046" participant="138325" time="2013-01-22 15:58:33 UTC">
      <body/>
    </message>
    <message id="m0047" participant="138112" time="2013-01-22 15:59:53 UTC">
      <body>Begad eskot</body>
    </message>
    <message id="m0048" participant="138325" time="2013-01-22 18:22:33 UTC">
      <body>Yaraa</body>
    </message>
    <message id="m0049" participant="138325" time="2013-01-22 18:22:37 UTC">
      <body>Fe a ba2a?</body>
    </message>
    <message id="m0050" participant="138112" time="2013-01-22 18:44:30 UTC">
      <body>Mafish</body>
    </message>
    <message id="m0051" participant="138325" time="2013-01-22 18:45:45 UTC">
      <body>2afshty 3alya lah ?</body>
    </message>
    <message id="m0052" participant="138112" time="2013-01-22 18:46:21 UTC">
      <body>Ta3bana</body>
    </message>
    <message id="m0053" participant="138325" time="2013-01-22 18:46:49 UTC">
      <body>Salmtek ya baby ya gamila❤</body>
    </message>
    <message id="m0054" participant="138112" time="2013-01-22 18:55:38 UTC">
      <body>Momken mat2olsh el kalam da Begad mostafeZ</body>
    </message>
    <message id="m0055" participant="138325" time="2013-01-22 18:56:17 UTC">
      <body>Sorry 3ala shan batklm ma3aki</body>
    </message>
    <message id="m0056" participant="138112" time="2013-01-22 18:59:24 UTC">
      <body>La2 asdy 3la baby w gamila w youyou</body>
    </message>
    <message id="m0057" participant="138112" time="2013-01-22 18:59:36 UTC">
      <body>Etkalem ma3aya tabi3i</body>
    </message>
    <message id="m0058" participant="138325" time="2013-01-22 19:00:05 UTC">
      <body>Ana bahzar ma3aki 3ala fakra !!!</body>
    </message>
    <message id="m0059" participant="138112" time="2013-01-22 19:04:40 UTC">
      <body>Mana 3arfa bas hezar mostafez</body>
    </message>
    <message id="m0061" participant="138112" time="2013-01-22 19:06:27 UTC">
      <body>Matz3alsh, Ana f mood w7esh msh asdi</body>
    </message>
  </messages>
</conversation>
