<?xml version="1.0" encoding="UTF-8"?>
<conversation id="CHT_ARZ_20130418.0004" medium="CHT" donated="true">
  <messages>
    <message id="m0000" time="2013-04-18 07:58:00 UTC" participant="139275">
      <body>انا جاية المستشفى النهارد ان شاء الله</body>
    </message>
    <message id="m0001" time="2013-04-18 07:59:00 UTC" participant="139577">
      <body>emta</body>
    </message>
    <message id="m0002" time="2013-04-18 08:00:00 UTC" participant="139577">
      <body>sarah htegy el sa3a kam</body>
    </message>
    <message id="m0003" time="2013-04-18 08:22:00 UTC" participant="139275">
      <body>بصي</body>
    </message>
    <message id="m0004" time="2013-04-18 08:22:00 UTC" participant="139275">
      <body>هو يمكن 11</body>
    </message>
    <message id="m0005" time="2013-04-18 08:22:00 UTC" participant="139275">
      <body>لأن مستنية فم يخلص</body>
    </message>
    <message id="m0006" time="2013-04-18 08:22:00 UTC" participant="139275">
      <body>هانشره و انزل ان شاء الله</body>
    </message>
    <message id="m0007" time="2013-04-18 08:23:00 UTC" participant="139577">
      <body>loooolll</body>
    </message>
    <message id="m0008" time="2013-04-18 08:23:00 UTC" participant="139577">
      <body>7ader</body>
    </message>
    <message id="m0009" time="2013-04-18 08:23:00 UTC" participant="139275">
      <body>:D</body>
    </message>
    <message id="m0010" time="2013-04-18 08:23:00 UTC" participant="139275">
      <body>مش لازم اعيشك معايا :)))</body>
    </message>
    <message id="m0011" time="2013-04-18 08:24:00 UTC" participant="139577">
      <body>saa7</body>
    </message>
    <message id="m0012" time="2013-04-18 08:24:00 UTC" participant="139577">
      <body>kda</body>
    </message>
    <message id="m0014" time="2013-04-18 11:17:00 UTC" participant="139275">
      <body>Ana lessa nazla :D</body>
    </message>
    <message id="m0015" time="2013-04-18 11:17:00 UTC" participant="139275">
      <body>Ma3lesh enty 3rfa me and plans dunt mix :D</body>
    </message>
  </messages>
</conversation>
