<?xml version="1.0" encoding="UTF-8"?>
<conversation id="CHT_ARZ_20130120.0001" medium="CHT" donated="true">
  <messages>
    <message id="m0000" participant="138328" time="2013-01-20 11:36:46 UTC">
      <body>Yaraaa</body>
    </message>
    <message id="m0001" participant="138112" time="2013-01-20 17:42:18 UTC">
      <body>Yesss</body>
    </message>
    <message id="m0002" participant="138328" time="2013-01-20 17:48:57 UTC">
      <body>L2a 5las :d</body>
    </message>
    <message id="m0003" participant="138328" time="2013-01-20 17:49:02 UTC">
      <body>B3thalk men bdrii</body>
    </message>
    <message id="m0005" participant="138112" time="2013-01-20 20:21:59 UTC">
      <body>Fauna el math?</body>
    </message>
    <message id="m0006" participant="138328" time="2013-01-20 20:22:48 UTC">
      <body>Mwaaaa nvm</body>
    </message>
    <message id="m0007" participant="138328" time="2013-01-20 20:22:49 UTC">
      <body>Y3ni eih</body>
    </message>
    <message id="m0009" participant="138328" time="2013-01-20 20:27:09 UTC">
      <body>Nooo :D</body>
    </message>
    <message id="m0010" participant="138112" time="2013-01-20 20:51:25 UTC">
      <body>Ya lahwy:D</body>
    </message>
    <message id="m0011" participant="138112" time="2013-01-20 20:51:35 UTC">
      <body>Hanrooh f dahya</body>
    </message>
    <message id="m0012" participant="138328" time="2013-01-20 20:52:00 UTC">
      <body>Enty yahbebty msh konty lesa f dars :D :D</body>
    </message>
    <message id="m0013" participant="138112" time="2013-01-20 20:52:42 UTC">
      <body>Ah bas mashara7sh kol haga makansh f wa2t. Akeed msh hayeshra7li quarter kolaha f sa3a w nos haha</body>
    </message>
    <message id="m0014" participant="138328" time="2013-01-20 20:52:58 UTC">
      <body>:d :d ahahahahahahahah</body>
    </message>
    <message id="m0015" participant="138328" time="2013-01-20 20:53:03 UTC">
      <body>Tayb what will we do</body>
    </message>
    <message id="m0016" participant="138112" time="2013-01-20 20:53:49 UTC">
      <body>Ana haroo7 lel mr. el sob7</body>
    </message>
    <message id="m0017" participant="138328" time="2013-01-20 20:54:22 UTC">
      <body>Nrou7looo :d</body>
    </message>
    <message id="m0018" participant="138328" time="2013-01-20 20:54:34 UTC">
      <body>Na3mel ai hga bas anga7</body>
    </message>
    <message id="m0019" participant="138112" time="2013-01-20 20:55:15 UTC">
      <body>5alas nerohlo</body>
    </message>
    <message id="m0021" participant="138112" time="2013-01-21 19:00:46 UTC">
      <body>Enti Kwayesa delwa2ty</body>
    </message>
    <message id="m0022" participant="138328" time="2013-01-21 19:01:14 UTC">
      <body>Wlahi knt lesa hb3tlkkkkkk :D</body>
    </message>
    <message id="m0023" participant="138328" time="2013-01-21 19:01:18 UTC">
      <body>Yess babe ahsann shwaiaa</body>
    </message>
    <message id="m0024" participant="138328" time="2013-01-21 19:01:25 UTC">
      <body>Lesa wa5daa dawa men shwaiaaa</body>
    </message>
    <message id="m0025" participant="138328" time="2013-01-21 19:01:36 UTC">
      <body>Wa awel lma rwa7t bardo 5at dawa</body>
    </message>
    <message id="m0026" participant="138112" time="2013-01-21 19:02:27 UTC">
      <body>Tayeb el7, weselti el bet men 3'er fedi7a? Haha</body>
    </message>
    <message id="m0027" participant="138328" time="2013-01-21 20:53:54 UTC">
      <body>Ahahahahahahahaha ahhhh :d</body>
    </message>
    <message id="m0028" participant="138328" time="2013-01-21 20:54:02 UTC">
      <body>M3lish babe nmt wana bklimk</body>
    </message>
    <message id="m0030" participant="138328" time="2013-01-21 20:55:39 UTC">
      <body>MwAaaaa</body>
    </message>
  </messages>
</conversation>
