<?xml version="1.0" encoding="UTF-8"?>
<conversation id="CHT_ARZ_20130510.0005" medium="CHT" donated="true">
  <messages>
    <message id="m0001" time="2013-05-10 22:11:00 UTC" participant="139230">
      <body>امين يا رب</body>
    </message>
    <message id="m0002" time="2013-05-10 22:12:00 UTC" participant="139230">
      <body>عاملة ايه؟؟؟</body>
    </message>
    <message id="m0003" time="2013-05-10 22:12:00 UTC" participant="139230">
      <body>خلاص بكره اخر يوم حاولي تروقي شوية</body>
    </message>
    <message id="m0004" time="2013-05-10 22:14:00 UTC" participant="139681">
      <body>الحمدللة انتي عاملة اية قولي لي عملتي اية.في التحليل نتيجة اية</body>
    </message>
    <message id="m0005" time="2013-05-10 22:15:00 UTC" participant="139230">
      <body>النتيجة حتطلع يوم الثلاثاء ان شاء الله</body>
    </message>
    <message id="m0006" time="2013-05-10 22:15:00 UTC" participant="139681">
      <body>انشاء اللة خير
22:15, 10 May - Abc:انشاء الله</body>
    </message>
    <message id="m0007" time="2013-05-10 22:15:00 UTC" participant="139230">
      <body>الله</body>
    </message>
    <message id="m0008" time="2013-05-10 22:15:00 UTC" participant="139681">
      <body>ربنا يطمنا عليكي</body>
    </message>
    <message id="m0009" time="2013-05-10 22:16:00 UTC" participant="139230">
      <body>وعليكي</body>
    </message>
    <message id="m0010" time="2013-05-10 22:17:00 UTC" participant="139681">
      <body>امين يا رب</body>
    </message>
    <message id="m0011" time="2013-05-11 11:52:00 UTC" participant="139230">
      <body>howa belal wasal??? ahmed lessa magash,</body>
    </message>
    <message id="m0012" time="2013-05-11 11:53:00 UTC" participant="139230">
      <body>dol mekhallasin men 11</body>
    </message>
    <message id="m0013" time="2013-05-11 12:15:00 UTC" participant="139681">
      <body>لا بلال ليسة موصلش</body>
    </message>
    <message id="m0014" time="2013-05-11 12:16:00 UTC" participant="139681">
      <body>اظاهر الاتوبيس حيطلع 12بردوا</body>
    </message>
    <message id="m0015" time="2013-05-11 12:18:00 UTC" participant="139230">
      <body>ahmed lessa wasel</body>
    </message>
    <message id="m0016" time="2013-05-11 12:18:00 UTC" participant="139681">
      <body>بلال جة دلؤتي اهوا</body>
    </message>
    <message id="m0017" time="2013-05-11 12:19:00 UTC" participant="139230">
      <body>elhamdullelah</body>
    </message>
    <message id="m0018" time="2013-05-11 12:19:00 UTC" participant="139681">
      <body>عاملة اية</body>
    </message>
    <message id="m0019" time="2013-05-11 12:20:00 UTC" participant="139681">
      <body>انتي فلة ليسة صح</body>
    </message>
    <message id="m0020" time="2013-05-11 12:23:00 UTC" participant="139230">
      <body>فلة تخلص يوم الاربعاء</body>
    </message>
    <message id="m0021" time="2013-05-11 12:24:00 UTC" participant="139681">
      <body>انشاء الله بالنجاح</body>
    </message>
    <message id="m0022" time="2013-05-11 12:24:00 UTC" participant="139230">
      <body>ااسالي بلال ع الامتحان كده</body>
    </message>
    <message id="m0023" time="2013-05-11 12:25:00 UTC" participant="139681">
      <body>قالي كويس يا ماما</body>
    </message>
    <message id="m0024" time="2013-05-11 12:25:00 UTC" participant="139230">
      <body>احمد مش عارفة افهم منه المسالة</body>
    </message>
    <message id="m0025" time="2013-05-11 12:25:00 UTC" participant="139681">
      <body>لية احمد قالك حاجة</body>
    </message>
    <message id="m0026" time="2013-05-11 12:26:00 UTC" participant="139230">
      <body>لا بيقول الامتحان سهل</body>
    </message>
    <message id="m0027" time="2013-05-11 12:27:00 UTC" participant="139230">
      <body>بس مش فاهمة المسالة كانت + ولا    times</body>
    </message>
    <message id="m0028" time="2013-05-11 12:33:00 UTC" participant="139681">
      <body>انهي مسالة</body>
    </message>
    <message id="m0029" time="2013-05-11 12:33:00 UTC" participant="139230">
      <body>الطويلة</body>
    </message>
    <message id="m0030" time="2013-05-11 12:34:00 UTC" participant="139230">
      <body>كان بيسال دفع كام</body>
    </message>
    <message id="m0031" time="2013-05-11 12:36:00 UTC" participant="139681">
      <body>timesهو بيقولي كدة مع اني مش فاهمة منة حاجة</body>
    </message>
    <message id="m0032" time="2013-05-11 12:37:00 UTC" participant="139230">
      <body>ahmed bey2oli 3amalha times</body>
    </message>
    <message id="m0033" time="2013-05-11 12:38:00 UTC" participant="139230">
      <body>bas ana mesh fahma , ana fahmaha plus</body>
    </message>
    <message id="m0034" time="2013-05-11 12:38:00 UTC" participant="139230">
      <body>tayeb rabena yostor</body>
    </message>
    <message id="m0036" time="2013-05-11 22:39:00 UTC" participant="139230">
      <body>eh el resala di??</body>
    </message>
    <message id="m0037" time="2013-05-11 22:42:00 UTC" participant="139681">
      <body>افتحيها</body>
    </message>
    <message id="m0038" time="2013-05-11 22:43:00 UTC" participant="139681">
      <body>دي روعه</body>
    </message>
    <message id="m0039" time="2013-05-11 22:43:00 UTC" participant="139230">
      <body>ba2raha aho</body>
    </message>
    <message id="m0040" time="2013-05-11 22:43:00 UTC" participant="139230">
      <body>fe3lan 7elwa</body>
    </message>
    <message id="m0041" time="2013-05-11 22:48:00 UTC" participant="139230">
      <body>gamila gedan</body>
    </message>
  </messages>
</conversation>
