<?xml version="1.0" encoding="UTF-8"?>
<conversation id="CHT_ARZ_20130101.0000" medium="CHT" donated="true">
  <messages>
    <message id="m0000" participant="138112" time="2013-01-01 20:15:43 UTC">
      <body>Enta feen</body>
    </message>
    <message id="m0001" participant="138306" time="2013-01-01 20:16:47 UTC">
      <body>So3deya</body>
    </message>
    <message id="m0002" participant="138306" time="2013-01-01 20:16:51 UTC">
      <body>:D</body>
    </message>
    <message id="m0003" participant="138112" time="2013-01-01 20:16:55 UTC">
      <body>Alf salama</body>
    </message>
    <message id="m0004" participant="138306" time="2013-01-01 20:17:23 UTC">
      <body>Hahah :D</body>
    </message>
    <message id="m0005" participant="138112" time="2013-01-01 20:20:01 UTC">
      <body>Hahaha mabsoot?</body>
    </message>
    <message id="m0006" participant="138306" time="2013-01-02 09:44:06 UTC">
      <body>Ah el 7amdolelah :D</body>
    </message>
  </messages>
</conversation>
