<?xml version="1.0" encoding="UTF-8"?>
<conversation id="CHT_ARZ_20130128.0000" medium="CHT" donated="true">
  <messages>
    <message id="m0000" participant="138112" time="2013-01-28 19:55:16 UTC">
      <body>Ezayak</body>
    </message>
    <message id="m0001" participant="138327" time="2013-01-28 19:55:31 UTC">
      <body>Ana tamam el7 wenty ??</body>
    </message>
    <message id="m0002" participant="138112" time="2013-01-28 19:55:43 UTC">
      <body>Zah2ana w ta3bana</body>
    </message>
    <message id="m0003" participant="138327" time="2013-01-28 19:55:56 UTC">
      <body>Leeh malek ??</body>
    </message>
    <message id="m0004" participant="138112" time="2013-01-28 19:56:04 UTC">
      <body>Malish</body>
    </message>
    <message id="m0005" participant="138112" time="2013-01-28 19:56:08 UTC">
      <body>Bt3mel eh</body>
    </message>
    <message id="m0006" participant="138327" time="2013-01-28 19:56:40 UTC">
      <body>Et5ane2t ma3 omi</body>
    </message>
    <message id="m0007" participant="138327" time="2013-01-28 19:56:44 UTC">
      <body>W nezeltt</body>
    </message>
    <message id="m0008" participant="138112" time="2013-01-28 19:56:44 UTC">
      <body>Leh</body>
    </message>
    <message id="m0009" participant="138327" time="2013-01-28 19:56:49 UTC">
      <body>Magnoona</body>
    </message>
    <message id="m0010" participant="138327" time="2013-01-28 19:56:59 UTC">
      <body>3amal tehaza2 feya w heya 3'altana</body>
    </message>
    <message id="m0011" participant="138327" time="2013-01-28 19:57:11 UTC">
      <body>Omt sayebha w mashi 3ashan ma2elesh adaby 3aleeha</body>
    </message>
    <message id="m0013" participant="138327" time="2013-01-28 19:58:14 UTC">
      <body>Heya ma3 nafsaha kda</body>
    </message>
    <message id="m0014" participant="138327" time="2013-01-28 19:58:34 UTC">
      <body>Enty malek 3ayana ?? Walla ta3abana feeki haga ??</body>
    </message>
    <message id="m0015" participant="138112" time="2013-01-28 19:58:45 UTC">
      <body>Ana Kwayesa</body>
    </message>
    <message id="m0016" participant="138112" time="2013-01-28 19:58:56 UTC">
      <body>Yaani eh m3a nafsaha</body>
    </message>
    <message id="m0017" participant="138112" time="2013-01-28 19:59:02 UTC">
      <body>Begad 3amalt eh</body>
    </message>
    <message id="m0018" participant="138327" time="2013-01-28 20:00:58 UTC">
      <body>Walahii ma3amalt hagaa</body>
    </message>
    <message id="m0019" participant="138327" time="2013-01-28 20:01:09 UTC">
      <body>Heya fag2a bassetly</body>
    </message>
    <message id="m0020" participant="138327" time="2013-01-28 20:01:15 UTC">
      <body>A3adet te2oli ya fashel</body>
    </message>
    <message id="m0021" participant="138327" time="2013-01-28 20:01:25 UTC">
      <body>W enta saye3</body>
    </message>
    <message id="m0022" participant="138327" time="2013-01-28 20:01:29 UTC">
      <body>W 3amala tet5ane2</body>
    </message>
    <message id="m0023" participant="138112" time="2013-01-28 20:02:13 UTC">
      <body>Akeed 3andaha 7a2</body>
    </message>
    <message id="m0024" participant="138112" time="2013-01-28 20:02:23 UTC">
      <body>Enta bt3mel eh f 7yatak</body>
    </message>
    <message id="m0025" participant="138327" time="2013-01-28 20:02:59 UTC">
      <body>Mashi bs da heya lewahdaha kda</body>
    </message>
    <message id="m0026" participant="138327" time="2013-01-28 20:03:04 UTC">
      <body>Ana ma3amaltelhash haga</body>
    </message>
    <message id="m0027" participant="138112" time="2013-01-28 20:04:09 UTC">
      <body>Momken bardo</body>
    </message>
    <message id="m0028" participant="138327" time="2013-01-28 20:05:09 UTC">
      <body>Heya lewahdaha kda</body>
    </message>
    <message id="m0029" participant="138112" time="2013-01-28 20:05:33 UTC">
      <body>5alas</body>
    </message>
    <message id="m0030" participant="138112" time="2013-01-28 20:05:36 UTC">
      <body>Erga3</body>
    </message>
    <message id="m0031" participant="138327" time="2013-01-28 20:08:15 UTC">
      <body>Arga3 a3mel eh</body>
    </message>
    <message id="m0032" participant="138112" time="2013-01-28 20:08:31 UTC">
      <body>Da betak</body>
    </message>
    <message id="m0033" participant="138327" time="2013-01-28 20:09:08 UTC">
      <body>Aywa mana harga3 belil</body>
    </message>
    <message id="m0034" participant="138112" time="2013-01-28 20:09:54 UTC">
      <body>Yeb2a saye3</body>
    </message>
    <message id="m0035" participant="138112" time="2013-01-28 20:10:01 UTC">
      <body>3andaha 7a2</body>
    </message>
    <message id="m0036" participant="138327" time="2013-01-28 20:10:20 UTC">
      <body>Mashy ana saye3 hatfre2laha f ehh</body>
    </message>
    <message id="m0037" participant="138112" time="2013-01-28 20:10:50 UTC">
      <body>Ebnaha w bet5af 3alek w keda, bey2olo yaani</body>
    </message>
    <message id="m0038" participant="138327" time="2013-01-28 20:11:09 UTC">
      <body>:D</body>
    </message>
    <message id="m0040" participant="138112" time="2013-01-28 20:13:38 UTC">
      <body>Hahahaha ahhhh:*</body>
    </message>
    <message id="m0041" participant="138327" time="2013-01-28 20:14:03 UTC">
      <body>:* bete3meli eh</body>
    </message>
    <message id="m0043" participant="138327" time="2013-01-28 20:15:42 UTC">
      <body>A3ed :D</body>
    </message>
    <message id="m0044" participant="138112" time="2013-01-28 20:30:23 UTC">
      <body>Feen</body>
    </message>
    <message id="m0045" participant="138112" time="2013-01-28 20:30:25 UTC">
      <body>M3a meen</body>
    </message>
    <message id="m0046" participant="138327" time="2013-01-28 20:30:38 UTC">
      <body>Share3 lewahdi :D</body>
    </message>
    <message id="m0047" participant="138327" time="2013-01-28 20:30:41 UTC">
      <body>Roht ahwa</body>
    </message>
    <message id="m0048" participant="138112" time="2013-01-28 20:31:12 UTC">
      <body>Ahwa baladi?</body>
    </message>
    <message id="m0049" participant="138327" time="2013-01-28 20:31:26 UTC">
      <body>Ahh :D</body>
    </message>
    <message id="m0050" participant="138327" time="2013-01-28 20:31:36 UTC">
      <body>Heya mesh baladi awyy</body>
    </message>
    <message id="m0051" participant="138327" time="2013-01-28 20:31:42 UTC">
      <body>Heya ahwa 3adeya :D gedan</body>
    </message>
    <message id="m0052" participant="138112" time="2013-01-28 20:38:03 UTC">
      <body>Hahahaha mashy</body>
    </message>
    <message id="m0053" participant="138327" time="2013-01-28 20:40:17 UTC">
      <body>:*</body>
    </message>
    <message id="m0054" participant="138327" time="2013-01-28 21:45:08 UTC">
      <body>W ehhh x</body>
    </message>
    <message id="m0055" participant="138112" time="2013-01-28 21:51:00 UTC">
      <body>W eh</body>
    </message>
    <message id="m0056" participant="138112" time="2013-01-28 21:51:06 UTC">
      <body>Bt3mel eh</body>
    </message>
    <message id="m0057" participant="138327" time="2013-01-28 21:52:12 UTC">
      <body>Emad gali 3al ahwa w rayhiin beto</body>
    </message>
    <message id="m0058" participant="138327" time="2013-01-28 21:53:14 UTC">
      <body>Wenty ?? x</body>
    </message>
    <message id="m0059" participant="138112" time="2013-01-28 21:53:24 UTC">
      <body>Mmmm</body>
    </message>
    <message id="m0060" participant="138112" time="2013-01-28 21:53:26 UTC">
      <body>Wala haga</body>
    </message>
    <message id="m0061" participant="138112" time="2013-01-28 21:53:31 UTC">
      <body>Zah2ana</body>
    </message>
    <message id="m0062" participant="138327" time="2013-01-28 22:08:00 UTC">
      <body>Leeh kda</body>
    </message>
    <message id="m0063" participant="138112" time="2013-01-28 22:18:55 UTC">
      <body>A3da lwa7di 24/7 3ayez eh</body>
    </message>
    <message id="m0064" participant="138327" time="2013-01-28 22:20:53 UTC">
      <body>Tab manty mosh betenzeli :(</body>
    </message>
    <message id="m0065" participant="138112" time="2013-01-28 22:21:24 UTC">
      <body>Anzel a3mel eh w Ana bel manzar da</body>
    </message>
    <message id="m0066" participant="138112" time="2013-01-28 22:21:33 UTC">
      <body>Ana 3aysha f ekte2ab</body>
    </message>
    <message id="m0067" participant="138112" time="2013-01-28 22:21:58 UTC">
      <body>Ana Aslan b2ali kteer manzltsh</body>
    </message>
    <message id="m0068" participant="138112" time="2013-01-28 22:22:06 UTC">
      <body>Msh tay2a 7ad</body>
    </message>
    <message id="m0069" participant="138327" time="2013-01-28 22:22:10 UTC">
      <body>Tab maha5dek anazelek x</body>
    </message>
    <message id="m0070" participant="138327" time="2013-01-28 22:22:17 UTC">
      <body>Leeh kda :S</body>
    </message>
    <message id="m0071" participant="138112" time="2013-01-28 22:22:50 UTC">
      <body>Ana msh tay2a nafsi Aslan haha</body>
    </message>
    <message id="m0072" participant="138327" time="2013-01-28 22:23:11 UTC">
      <body>Leeh :S</body>
    </message>
    <message id="m0073" participant="138327" time="2013-01-28 22:23:17 UTC">
      <body>3awza tetkalemi f haga</body>
    </message>
    <message id="m0074" participant="138112" time="2013-01-28 22:25:15 UTC">
      <body>La2</body>
    </message>
    <message id="m0075" participant="138327" time="2013-01-28 22:25:25 UTC">
      <body>:S</body>
    </message>
    <message id="m0076" participant="138112" time="2013-01-28 22:31:15 UTC">
      <body>Hante7er haha</body>
    </message>
    <message id="m0077" participant="138327" time="2013-01-28 22:31:32 UTC">
      <body>La2</body>
    </message>
    <message id="m0078" participant="138327" time="2013-01-28 22:31:35 UTC">
      <body>Don't walahii</body>
    </message>
    <message id="m0079" participant="138327" time="2013-01-28 22:31:41 UTC">
      <body>Momken tetkalemi ma3ayaa ???</body>
    </message>
    <message id="m0080" participant="138112" time="2013-01-28 22:32:03 UTC">
      <body>Akeed msh ha3mel Keda yaani haram fsh5</body>
    </message>
    <message id="m0081" participant="138327" time="2013-01-28 22:32:18 UTC">
      <body>Mana 3aref :D</body>
    </message>
    <message id="m0082" participant="138327" time="2013-01-28 22:32:24 UTC">
      <body>Akeed mesh hate3meli kda</body>
    </message>
    <message id="m0083" participant="138327" time="2013-01-28 22:32:36 UTC">
      <body>Etkalemi walahii 3adi</body>
    </message>
    <message id="m0084" participant="138327" time="2013-01-28 22:32:41 UTC">
      <body>Olili malek :*</body>
    </message>
    <message id="m0085" participant="138112" time="2013-01-28 22:32:44 UTC">
      <body>Atkalem a2ool eh</body>
    </message>
    <message id="m0086" participant="138327" time="2013-01-28 22:33:04 UTC">
      <body>Olili ehh l meday2ek :D</body>
    </message>
    <message id="m0087" participant="138327" time="2013-01-28 22:33:22 UTC">
      <body>Law mesh 3awza tetkalemi on what's app momken akalemek ama arawah :* w netkalem</body>
    </message>
    <message id="m0088" participant="138112" time="2013-01-28 22:33:57 UTC">
      <body>Msh 3ayza atkalem 5alas besara7a</body>
    </message>
    <message id="m0089" participant="138327" time="2013-01-28 22:34:06 UTC">
      <body>:S</body>
    </message>
    <message id="m0090" participant="138327" time="2013-01-28 22:34:14 UTC">
      <body>Leeh tyb</body>
    </message>
    <message id="m0091" participant="138327" time="2013-01-28 22:34:32 UTC">
      <body>Walahii lama l wahed yeb2a medaye2 w yehki l had betb2a ahsan</body>
    </message>
    <message id="m0092" participant="138327" time="2013-01-28 22:34:40 UTC">
      <body>Badal matefdali mokta2eba kda</body>
    </message>
    <message id="m0095" participant="138327" time="2013-01-28 22:36:30 UTC">
      <body>Think kda</body>
    </message>
    <message id="m0096" participant="138327" time="2013-01-28 22:36:35 UTC">
      <body>123 meday2nii</body>
    </message>
    <message id="m0097" participant="138112" time="2013-01-28 22:36:53 UTC">
      <body>Ana msh bafakar Keda</body>
    </message>
    <message id="m0098" participant="138112" time="2013-01-28 22:37:27 UTC">
      <body>Ana kol lama 7ad y2oli haga adaye2 aktar yaani msh mesta7mela ay haga wehsha men 7ad 7ata law hezar</body>
    </message>
    <message id="m0099" participant="138327" time="2013-01-28 22:38:05 UTC">
      <body>:S</body>
    </message>
    <message id="m0103" participant="138112" time="2013-01-29 11:49:29 UTC">
      <body>Kareem</body>
    </message>
    <message id="m0104" participant="138327" time="2013-01-29 11:49:51 UTC">
      <body>Yaraaaa &lt;3</body>
    </message>
    <message id="m0105" participant="138327" time="2013-01-29 11:49:55 UTC">
      <body>Ezaiek</body>
    </message>
    <message id="m0106" participant="138112" time="2013-01-29 11:50:36 UTC">
      <body>Msh Kwayesa</body>
    </message>
    <message id="m0107" participant="138112" time="2013-01-29 11:50:50 UTC">
      <body>Enta feen</body>
    </message>
    <message id="m0108" participant="138327" time="2013-01-29 11:51:15 UTC">
      <body>Leeh feh ehh :S</body>
    </message>
    <message id="m0109" participant="138327" time="2013-01-29 11:51:21 UTC">
      <body>Ana gay 3and l skool</body>
    </message>
    <message id="m0110" participant="138112" time="2013-01-29 11:52:44 UTC">
      <body>Ana msh fel madrasa</body>
    </message>
    <message id="m0111" participant="138327" time="2013-01-29 11:52:59 UTC">
      <body>Tab atesel beeki ??</body>
    </message>
    <message id="m0112" participant="138112" time="2013-01-29 11:53:08 UTC">
      <body>Msh adra atkalem</body>
    </message>
    <message id="m0113" participant="138327" time="2013-01-29 11:53:23 UTC">
      <body>Tab olili henna malek ?</body>
    </message>
    <message id="m0114" participant="138112" time="2013-01-29 12:27:22 UTC">
      <body>Aywa ya Kareem</body>
    </message>
    <message id="m0116" participant="138327" time="2013-01-29 12:27:47 UTC">
      <body>Kont bashoof malek</body>
    </message>
    <message id="m0117" participant="138327" time="2013-01-29 12:45:37 UTC">
      <body>Malek ba</body>
    </message>
    <message id="m0118" participant="138327" time="2013-01-30 00:56:56 UTC">
      <body>Yaraa</body>
    </message>
    <message id="m0119" participant="138112" time="2013-01-30 15:45:38 UTC">
      <body>Kareem</body>
    </message>
    <message id="m0120" participant="138327" time="2013-01-30 15:46:21 UTC">
      <body>Yaraaa</body>
    </message>
    <message id="m0121" participant="138112" time="2013-01-30 15:47:12 UTC">
      <body>3amla eh</body>
    </message>
    <message id="m0122" participant="138327" time="2013-01-30 15:47:39 UTC">
      <body>Kois el7 enty 3amla ehh x</body>
    </message>
    <message id="m0123" participant="138112" time="2013-01-30 15:48:19 UTC">
      <body>Ana Kwayesa el7</body>
    </message>
    <message id="m0124" participant="138327" time="2013-01-30 15:49:18 UTC">
      <body>Ba2ety ahsan walla lssa meday2a :(</body>
    </message>
    <message id="m0125" participant="138112" time="2013-01-30 16:27:17 UTC">
      <body>Ahsan el7</body>
    </message>
    <message id="m0128" participant="138112" time="2013-01-30 16:29:01 UTC">
      <body>:*</body>
    </message>
  </messages>
</conversation>
