<?xml version="1.0" encoding="UTF-8"?>
<conversation id="CHT_ARZ_20130327.0001" medium="CHT" donated="true">
  <messages>
    <message id="m0000" participant="138112" time="2013-03-27 18:30:07 UTC">
      <body>5argeen emta</body>
    </message>
    <message id="m0001" participant="138324" time="2013-03-27 18:30:50 UTC">
      <body>Oulty le catherine?</body>
    </message>
    <message id="m0002" participant="138112" time="2013-03-27 18:40:55 UTC">
      <body>Enti ma2oltelesh a2olaha</body>
    </message>
    <message id="m0003" participant="138112" time="2013-03-27 18:41:07 UTC">
      <body>Ento tayeb 5argeen el sa3a kam</body>
    </message>
    <message id="m0005" participant="138324" time="2013-03-27 18:41:31 UTC">
      <body>Ana oultlk 4 marat</body>
    </message>
    <message id="m0007" participant="138324" time="2013-03-27 18:41:40 UTC">
      <body>Ehna nazlin khalas</body>
    </message>
    <message id="m0008" participant="138112" time="2013-03-27 19:12:11 UTC">
      <body>Ana omi aslan msh mwaf2a tnazelni w 7alfa 3alaya law magebtsh 7agat el prom enaharda en heya msh hatnzl m3aya bokra</body>
    </message>
    <message id="m0009" participant="138112" time="2013-03-27 19:13:10 UTC">
      <body>Ana el dress el blue bta3i mesh 5alsan w lesa m7taga ageeb el omasha w el tatriz bta3o</body>
    </message>
    <message id="m0010" participant="138112" time="2013-03-27 23:02:59 UTC">
      <body>&lt;media omitted&gt;</body>
    </message>
    <message id="m0011" participant="138324" time="2013-03-27 23:04:06 UTC">
      <body>Helwa fashkh</body>
    </message>
    <message id="m0012" participant="138324" time="2013-03-27 23:05:08 UTC">
      <body>Tohfa</body>
    </message>
    <message id="m0013" participant="138112" time="2013-03-27 23:28:52 UTC">
      <body>Ahhh</body>
    </message>
    <message id="m0014" participant="138324" time="2013-03-27 23:31:01 UTC">
      <body>Hatelbsi anhy dress baa</body>
    </message>
    <message id="m0015" participant="138112" time="2013-03-27 23:35:00 UTC">
      <body>Wala da wla da et3amalo</body>
    </message>
    <message id="m0016" participant="138112" time="2013-03-27 23:35:03 UTC">
      <body>Msh arfa lesa</body>
    </message>
    <message id="m0017" participant="138324" time="2013-03-28 17:09:30 UTC">
      <body>Hat3mli eh today</body>
    </message>
    <message id="m0018" participant="138112" time="2013-03-28 17:33:31 UTC">
      <body>Ana b2ali men el sa3a 11 a3da 3ala 2id el set</body>
    </message>
    <message id="m0019" participant="138112" time="2013-03-28 17:33:37 UTC">
      <body>El bt3mli el dresses</body>
    </message>
    <message id="m0020" participant="138324" time="2013-03-28 17:33:52 UTC">
      <body>Tub we eg</body>
    </message>
    <message id="m0021" participant="138324" time="2013-03-28 17:33:52 UTC">
      <body>Eh</body>
    </message>
    <message id="m0022" participant="138324" time="2013-03-28 17:33:57 UTC">
      <body>Khelso??</body>
    </message>
    <message id="m0023" participant="138112" time="2013-03-28 17:34:21 UTC">
      <body>Hahahaha la2</body>
    </message>
    <message id="m0025" participant="138324" time="2013-03-28 17:34:33 UTC">
      <body>Leh</body>
    </message>
    <message id="m0026" participant="138112" time="2013-03-28 18:11:47 UTC">
      <body>3ashan f sho3'l kteer heya kanet me2agela</body>
    </message>
    <message id="m0027" participant="138324" time="2013-03-28 18:29:59 UTC">
      <body>Tub w hatfdaly andek leghyt belel??</body>
    </message>
    <message id="m0028" participant="138112" time="2013-03-28 19:05:37 UTC">
      <body>La7af mat5alad</body>
    </message>
    <message id="m0029" participant="138112" time="2013-03-28 19:05:43 UTC">
      <body>*s</body>
    </message>
    <message id="m0030" participant="138324" time="2013-03-28 19:06:02 UTC">
      <body>Tayb</body>
    </message>
    <message id="m0031" participant="138112" time="2013-03-28 19:13:28 UTC">
      <body>Enti gebti kol 7aga 5alas??</body>
    </message>
  </messages>
</conversation>
