<?xml version="1.0" encoding="UTF-8"?>
<conversation id="CHT_ARZ_20130224.0004" medium="CHT" donated="true">
  <messages>
    <message id="m0000" time="2013-02-24 01:46:02 UTC" participant="139275">
      <body>heey</body>
    </message>
    <message id="m0001" time="2013-02-24 01:46:40 UTC" participant="139275">
      <body>bosy ana eftkrt heya kant btbos 3ala ketab life of pi</body>
    </message>
    <message id="m0002" time="2013-02-24 01:47:20 UTC" participant="149434">
      <body>hey</body>
    </message>
    <message id="m0003" time="2013-02-24 01:47:59 UTC" participant="149434">
      <body>ah sa7</body>
    </message>
    <message id="m0004" time="2013-02-25 00:22:21 UTC" participant="149434">
      <body>naniiiiiii</body>
    </message>
  </messages>
</conversation>

