<?xml version="1.0" encoding="UTF-8"?>
<conversation id="CHT_ARZ_20130328.0000" medium="CHT" donated="true">
  <messages>
    <message id="m0000" participant="138112" time="2013-03-28 23:10:03 UTC">
      <body>Rana</body>
    </message>
    <message id="m0001" participant="138112" time="2013-03-28 23:10:07 UTC">
      <body>7elw?</body>
    </message>
    <message id="m0002" participant="138112" time="2013-03-28 23:10:21 UTC">
      <body>&lt;media omitted&gt;</body>
    </message>
    <message id="m0003" participant="138112" time="2013-03-28 23:10:25 UTC">
      <body>&lt;media omitted&gt;</body>
    </message>
    <message id="m0004" participant="138308" time="2013-03-29 21:22:28 UTC">
      <body>Heyyy</body>
    </message>
    <message id="m0005" participant="138308" time="2013-03-29 21:22:28 UTC">
      <body>Yaraaaa</body>
    </message>
    <message id="m0006" participant="138308" time="2013-03-29 21:22:28 UTC">
      <body>You look gorgeous</body>
    </message>
    <message id="m0007" participant="138308" time="2013-03-29 21:22:28 UTC">
      <body>Masha2allah 7abeebty</body>
    </message>
  </messages>
</conversation>
