<?xml version="1.0" encoding="UTF-8"?>
<conversation id="CHT_ARZ_20130411.0003" medium="CHT" donated="true">
  <messages>
    <message id="m0000" time="2013-04-11 17:48:36 UTC" participant="139558">
      <body>&lt;media omitted&gt;</body>
    </message>
    <message id="m0001" time="2013-04-11 17:49:17 UTC" participant="139558">
      <body>جاتلها الصفرة حبيبتي و حطوها في الجهاز ده عشان نسبتها عاليا</body>
    </message>
    <message id="m0002" time="2013-04-11 17:49:23 UTC" participant="139558">
      <body/>
    </message>
    <message id="m0003" time="2013-04-11 18:14:15 UTC" participant="139275">
      <body>حبيبتي عادي</body>
    </message>
    <message id="m0004" time="2013-04-11 18:14:43 UTC" participant="139275">
      <body>كل العيال كده</body>
    </message>
    <message id="m0005" time="2013-04-11 18:15:02 UTC" participant="139275">
      <body>يحيى كان عنده الصفرا برضو متقلقيش</body>
    </message>
    <message id="m0006" time="2013-04-11 18:18:44 UTC" participant="139558">
      <body>اه انا عارفة بس بتقطعلي قلبي كل ما يجوا يشكوها و تصوت من الوجع</body>
    </message>
    <message id="m0007" time="2013-04-11 18:18:53 UTC" participant="139558">
      <body>عشان ياخدوا منها دم</body>
    </message>
    <message id="m0008" time="2013-04-11 18:19:04 UTC" participant="139558">
      <body>الصبح اخدوا من راسها</body>
    </message>
    <message id="m0009" time="2013-04-11 19:51:57 UTC" participant="139275">
      <body>يا حبيبة قلبي :(</body>
    </message>
    <message id="m0010" time="2013-04-12 17:28:44 UTC" participant="139275">
      <body>dodo</body>
    </message>
    <message id="m0011" time="2013-04-12 17:28:53 UTC" participant="139275">
      <body>عاملين ايه انهاردة؟</body>
    </message>
    <message id="m0012" time="2013-04-13 11:18:38 UTC" participant="139558">
      <body>ازيك يا أمنية</body>
    </message>
    <message id="m0013" time="2013-04-13 11:19:08 UTC" participant="139558">
      <body>إحنا كويسين الحمد لله</body>
    </message>
    <message id="m0014" time="2013-04-13 11:19:33 UTC" participant="139558">
      <body>الحمد لله النسبة قلت و طلعوها من الجهاز</body>
    </message>
  </messages>
</conversation>
