<?xml version="1.0" encoding="UTF-8"?>
<conversation id="CHT_ARZ_20130214.0001" medium="CHT" donated="true">
  <messages>
    <message id="m0000" participant="138112" time="2013-02-14 18:58:27 UTC">
      <body>Rodiii</body>
    </message>
    <message id="m0001" participant="138112" time="2013-02-14 22:03:36 UTC">
      <body>Rawahti</body>
    </message>
    <message id="m0002" participant="138323" time="2013-02-14 22:07:26 UTC">
      <body>Aha :d</body>
    </message>
    <message id="m0003" participant="138323" time="2013-02-14 22:07:30 UTC">
      <body>Wenty?</body>
    </message>
    <message id="m0004" participant="138112" time="2013-02-14 22:08:51 UTC">
      <body>Ahhh men zaman haha</body>
    </message>
    <message id="m0005" participant="138323" time="2013-02-14 22:10:09 UTC">
      <body>Ah sa7 :D</body>
    </message>
    <message id="m0006" participant="138323" time="2013-02-14 22:10:18 UTC">
      <body>Ebasaty?</body>
    </message>
    <message id="m0007" participant="138112" time="2013-02-14 22:16:14 UTC">
      <body>Ah :)</body>
    </message>
    <message id="m0008" participant="138323" time="2013-02-14 22:17:56 UTC">
      <body>Wana awy :*</body>
    </message>
    <message id="m0010" participant="138323" time="2013-02-14 22:18:31 UTC">
      <body>Msh hankalm? :P</body>
    </message>
    <message id="m0011" participant="138112" time="2013-02-14 22:18:46 UTC">
      <body>Hanekalem bas sanya</body>
    </message>
    <message id="m0012" participant="138112" time="2013-02-14 22:18:54 UTC">
      <body>Badi lel otat adweya</body>
    </message>
    <message id="m0013" participant="138323" time="2013-02-14 22:20:13 UTC">
      <body>Ya3eny</body>
    </message>
    <message id="m0014" participant="138323" time="2013-02-14 22:20:18 UTC">
      <body>Malhom</body>
    </message>
    <message id="m0015" participant="138112" time="2013-02-14 22:31:17 UTC">
      <body>Kolohom 3ayaneen</body>
    </message>
    <message id="m0016" participant="138323" time="2013-02-14 22:37:01 UTC">
      <body>Ya3eny</body>
    </message>
    <message id="m0017" participant="138323" time="2013-02-14 22:37:10 UTC">
      <body>3andohom eh</body>
    </message>
    <message id="m0018" participant="138112" time="2013-02-14 22:51:45 UTC">
      <body>Estana tayeb sanya</body>
    </message>
    <message id="m0019" participant="138323" time="2013-02-14 22:53:41 UTC">
      <body>Tyb</body>
    </message>
    <message id="m0020" participant="138112" time="2013-02-15 00:32:11 UTC">
      <body>5alastttt</body>
    </message>
    <message id="m0021" participant="138323" time="2013-02-15 00:33:18 UTC">
      <body>Ahlan :D</body>
    </message>
    <message id="m0022" participant="138112" time="2013-02-15 00:35:28 UTC">
      <body>Hi :*</body>
    </message>
    <message id="m0023" participant="138112" time="2013-02-15 00:35:36 UTC">
      <body>Mamtek reg3ettt</body>
    </message>
    <message id="m0024" participant="138323" time="2013-02-15 00:41:28 UTC">
      <body>Ah dlwa2ty :D</body>
    </message>
    <message id="m0025" participant="138112" time="2013-02-15 01:21:26 UTC">
      <body>Ana banammmm</body>
    </message>
    <message id="m0026" participant="138323" time="2013-02-15 01:26:57 UTC">
      <body>Y7ra2ekk :D</body>
    </message>
    <message id="m0028" participant="138112" time="2013-02-15 09:48:33 UTC">
      <body>Love you</body>
    </message>
    <message id="m0029" participant="138112" time="2013-02-15 11:06:32 UTC">
      <body>T3ali nrooh el rehab</body>
    </message>
    <message id="m0030" participant="138112" time="2013-02-15 11:06:35 UTC">
      <body>Yala</body>
    </message>
    <message id="m0031" participant="138112" time="2013-02-15 11:06:40 UTC">
      <body>Eshy</body>
    </message>
    <message id="m0032" participant="138323" time="2013-02-15 12:55:26 UTC">
      <body>Emta? :D</body>
    </message>
    <message id="m0033" participant="138323" time="2013-02-15 12:55:30 UTC">
      <body>Yabet</body>
    </message>
    <message id="m0034" participant="138323" time="2013-02-15 12:55:42 UTC">
      <body>Ana kman ba7bek :*</body>
    </message>
    <message id="m0035" participant="138112" time="2013-02-15 13:25:19 UTC">
      <body>Betrody meta5ar :(</body>
    </message>
    <message id="m0036" participant="138112" time="2013-02-15 13:25:32 UTC">
      <body>Ba3d ma te5alasi emta7anat</body>
    </message>
    <message id="m0037" participant="138323" time="2013-02-15 13:29:33 UTC">
      <body>Lsa sa7ya :D</body>
    </message>
    <message id="m0038" participant="138323" time="2013-02-15 13:29:52 UTC">
      <body>Momken nro7 el arba3</body>
    </message>
    <message id="m0039" participant="138112" time="2013-02-15 13:31:48 UTC">
      <body>Maynf3sh el 5amis</body>
    </message>
    <message id="m0040" participant="138323" time="2013-02-15 13:34:39 UTC">
      <body>Hashof</body>
    </message>
    <message id="m0041" participant="138323" time="2013-02-15 13:34:52 UTC">
      <body>Momken 3amtan</body>
    </message>
    <message id="m0042" participant="138112" time="2013-02-15 13:37:43 UTC">
      <body>Okay :*</body>
    </message>
  </messages>
</conversation>
